id,ground_truth,low_t_generation,accuracy,n_generations,cluster_assignment_entropy,question,p_true,LLM_verdict,DSE_threshold,DSE_b_entropy,category_dse
train::100,['6'],0.,0.0,"['0.', '0.', '1.', '1.', '0.', '5.', '4.', '2.', '2.', '0.']",1.4708084763221112,How many stripes in total?,,False,0.8140452349615311,1,incorrect_low
train::105,['3'],3.,1.0,"['3.', '3.', '3.', '3.', '3.', '3.', '3.', '2.', '3.', '3.']",0.3250829733914482,how many lights are there?,,True,0.8140452349615311,0,correct_high
train::107,['lightning'],Lightning bolt.,1.0,"['Lightning bolt.', 'Snowflake.', 'Lightning bolt.', 'Lightning bolt.', 'Lightning bolt.', 'Lightning bolt.', 'Lightning bolt.', 'Lightning bolt.', 'Lightning bolt.', 'Lightning bolt.']",0.3250829733914482,What weather symbol is on the black part of the ski?,,True,0.8140452349615311,0,correct_high
train::108,['4'],3.,0.0,"['3.', '3.', '4.', '4.', '3.', '4.', '4.', '3.', '3.', '4.']",0.6931471805599453,How many people in this photo are wearing sunglasses?,,False,0.8140452349615311,0,incorrect_high
train::109,['4'],4.,1.0,"['5.', '6.', '5.', '4.', '0.', '4.', '6.', '4.', '4.', '4.']",1.2206072645530173,How many coffee cups are there?,,True,0.8140452349615311,1,correct_low
train::113,['england'],England.,1.0,"['England.', 'England.', 'England.', 'England.', 'England.', 'England.', 'England.', 'England.', 'England.', 'England.']",-0.0,What country is on the bear's shirt?,,True,0.8140452349615311,0,correct_high
train::114,['2'],3.,0.0,"['4.', '2.', '4.', '4.', '3.', '4.', '3.', '3.', '4.', '3.']",0.9433483923290392,how many pieces of meat?,,False,0.8140452349615311,1,incorrect_low
train::117,['flowers'],Flowers.,1.0,"['Daisies.', 'Flowers.', 'Flowers.', 'Flowers.', 'Daisies.', 'Flowers.', 'Flowers.', 'Flowers.', 'Flowers.', 'Flowers.']",0.5004024235381879,what is on the blanket?,,True,0.8140452349615311,0,correct_high
train::119,['12:13'],12:05.,0.0,"['3:00.', '10:05.', '1:53.', '11:35.', '11:28.', '12:30.', '11:32.', '11:23.', '11:53.', '3:24.']",2.302585092994045,What is the exact time?,,False,0.8140452349615311,1,incorrect_low
train::121,['6200'],1820.,0.0,"['320.', '1520.', '020.', '820.', '4920.', '20.', '320.', '820.', '1520.', '520.']",1.7480673485460894,what number is on the bottom left of the bus?,,False,0.8140452349615311,1,incorrect_low
train::125,['32'],1.,0.0,"['1.', '4.', '4.', '1.', '4.', '6.', '2.', '1.', '1.', '8.']",1.4184836619456564,What is the third number in the series of four numbers on the black rectangular sign?,,False,0.8140452349615311,1,incorrect_low
train::127,['taxed'],I'm.,0.0,"[""I'm."", ""I'med."", ""I'm."", 'Fed.', ""I'med."", ""I'm."", ""I'm."", ""I'm."", 'Fed.', ""I'm.""]",0.5004024235381879,What's the first word on the sign?,,False,0.8140452349615311,0,incorrect_high
train::131,['3'],2.,0.0,"['3.', '2.', '2.', '3.', '2.', '0.', '2.', '1.', '2.', '2.']",1.0888999753452235,how many people are sitting on a motorcycle?,,False,0.8140452349615311,1,incorrect_low
train::133,['honda'],Blowhorn.,0.0,"['None.', 'Blow horn.', 'No brand.', 'Blowhorn.', 'No brand.', 'Blowhorn.', 'Cargill.', 'No brand.', 'No brand.', 'No brand.']",0.8979457248567797,what vehicle brand is on the sign?,,False,0.8140452349615311,1,incorrect_low
train::139,['2'],2.,1.0,"['2.', '2.', '2.', '2.', '2.', '2.', '2.', '2.', '2.', '2.']",-0.0,How many of the bird's wings are outstretched?,,True,0.8140452349615311,0,correct_high
train::140,['century'],Century.,1.0,"['Century.', 'Century.', 'Century.', 'Century.', 'Century.', 'Century.', 'Century.', 'Century.', 'Century.', 'Century.']",-0.0,What is the first word in red on the emblem?,,True,0.8140452349615311,0,correct_high
train::141,['2'],4.,0.0,"['5.', '4.', '4.', '4.', '5.', '4.', '4.', '4.', '4.', '4.']",0.5004024235381879,how many paws are visible?,,False,0.8140452349615311,0,incorrect_high
train::142,['15'],4.,0.0,"['3.', '6.', '6.', '9.', '4.', '4.', '4.', '4.', '5.', '6.']",1.4184836619456562,How many icons are on the laptop's screen?,,False,0.8140452349615311,1,incorrect_low
train::144,['logitech'],Logitech.,1.0,"['Logitech.', 'Logitech.', 'Logitech.', 'Logitech.', 'Logitech.', 'Logitech.', 'Mac.', 'Logitech.', 'Logitech.', 'Logitech.']",0.3250829733914482,what brand of mouse?,,True,0.8140452349615311,0,correct_high
train::146,['3'],3.,1.0,"['3.', '3.', '3.', '3.', '3.', '3.', '3.', '3.', '3.', '3.']",-0.0,Around how many sides of the coffee table are there seats?,,True,0.8140452349615311,0,correct_high
train::148,['3'],3.,1.0,"['3.', '3.', '2.', '3.', '3.', '3.', '4.', '3.', '3.', '2.']",0.8018185525433372,How many cars and bikes are in the photo total?,,True,0.8140452349615311,0,correct_high
train::149,['bottom'],Top.,0.0,"['Top.', 'Top.', 'Top.', 'Top.', 'Top.', 'Top.', 'Top.', 'Top.', 'Top.', 'Top.']",-0.0,Is the button to open the microwave on the bottom or top of the panel on the right?,,False,0.8140452349615311,0,incorrect_high
train::154,['p'],P.,1.0,"['P.', 'P.', 'P.', 'P.', 'P.', 'P.', 'P.', 'P.', 'P.', 'P.']",-0.0,What is the last white letter on the sign?,,True,0.8140452349615311,0,correct_high
train::156,['2'],0.,0.0,"['2.', '0.', '5.', '4.', '2.', '2.', '0.', '0.', '0.', '0.']",1.1682824501765623,How many child locks can you see on the cabinets?,,False,0.8140452349615311,1,incorrect_low
train::160,['3'],0.,0.0,"['1.', '0.', '1.', '0.', '0.', '0.', '0.', '0.', '0.', '0.']",0.5004024235381879,how many leaves are on the branch on the bottom right of the image?,,False,0.8140452349615311,0,incorrect_high
train::162,['4'],12.,0.0,"['20.', '12.', '20.', '0.', '24.', '14.', '6.', '11.', '13.', '6.']",2.025326220770068,How many donuts on the top rack?,,False,0.8140452349615311,1,incorrect_low
train::165,['sitting'],Skateboarding.,0.0,"['Skateboarding.', 'Skateboarding.', 'Skateboarding.', 'Skateboarding.', 'Skateboarding.', 'Skateboarding.', 'Skateboarding.', 'Skateboarding.', 'Skateboarding.', 'Skateboarding.']",-0.0,What is the boy in the background doing?,,False,0.8140452349615311,0,incorrect_high
train::174,['sitting'],Walking.,0.0,"['Standing.', 'Sitting.', 'Walking.', 'Sitting.', 'Walking.', 'Walking.', 'Walking.', 'Sitting.', 'Walking.', 'Bending down.']",1.1682824501765623,What is the woman that is closest to the camera doing?,,False,0.8140452349615311,1,incorrect_low
train::181,['teacups'],Glasses.,0.0,"['Glasses.', 'Glasses.', 'Vases.', 'Cups.', 'Glasses.', 'Glasses.', 'Glasses.', 'Glasses.', 'Glases.', 'Glasses.']",0.639031859650177,What objects make up the numbers on the clock?,,False,0.8140452349615311,0,incorrect_high
train::185,['1'],0.,0.0,"['2.', '2.', '3.', '0.', '1.', '2.', '2.', '2.', '0.', '0.']",1.1682824501765623,How many buttons are on the baby's shirt?,,False,0.8140452349615311,1,incorrect_low
train::188,['snow'],Skis.,0.0,"['Boot.', 'Skis.', 'Skis.', 'Skis.', 'Skis.', 'Snow.', 'Skis.', 'Ski.', 'Snow.', 'Skis.']",0.8018185525433373,What is on the bottom of the skiers foot?,,False,0.8140452349615311,0,incorrect_high
train::189,['7'],4.,0.0,"['4.', '4.', '4.', '4.', '3.', '5.', '4.', '4.', '5.', '4.']",0.8018185525433373,how many knobs on the stove,,False,0.8140452349615311,0,incorrect_high
train::190,['fire hydrant'],Fire hydrant.,1.0,"['Fire hydrant.', 'Fire hydrant.', 'Fire hydrant.', 'Hydrant.', 'Fire hydrant.', 'Fire hydrant.', 'Fire hydrant.', 'Hydrant.', 'Fire hydrant.', 'Fire hydrant.']",0.5004024235381879,What is this man grabbing on to?,,True,0.8140452349615311,0,correct_high
train::193,['hostages'],Hostages.,1.0,"['Hostages.', 'Hostages.', 'Hostages.', 'Hostages.', 'Hostages.', 'Hostages.', 'Hostages.', 'Hostages.', 'Hostages.', 'Hostages.']",-0.0,What does the black sign in the middle top of the building on the left say?,,True,0.8140452349615311,0,correct_high
train::196,['1'],1.,1.0,"['1.', '1.', '1.', '1.', '1.', '1.', '1.', '2.', '1.', '1.']",0.3250829733914482,How many street signs are shown?,,True,0.8140452349615311,0,correct_high
train::199,['7'],10.,0.0,"['8.', '10.', '8.', '9.', '9.', '6.', '12.', '13.', '10.', '14.']",1.8866967846580784,How many stories are shown?,,False,0.8140452349615311,1,incorrect_low
train::20,['death'],Delta.,0.0,"['Tty.', 'Sota.', ""Can't tell."", 'Delta.', 'Barely.', 'Bdff.', 'No fear.', 'Dc.', 'Let it fly.', 'Obey.']",2.302585092994045,what is the saying on cap?,,False,0.8140452349615311,1,incorrect_low
train::202,['1'],3.,0.0,"['6.', '7.', '3.', '2.', '0.', '3.', '6.', '1.', '1.', '4.']",1.8866967846580784,How many red circles on the curtain have a white spot in the middle?,,False,0.8140452349615311,1,incorrect_low
train::204,['left'],Right.,0.0,"['Left.', 'Left.', 'Left.', 'Left.', 'Left.', 'Left.', 'Left.', 'Right.', 'Right.', 'Left.']",0.5004024235381879,What hand is the kid touching the apple with?,,False,0.8140452349615311,0,incorrect_high
train::205,['1'],2.,0.0,"['1.', '2.', '2.', '2.', '2.', '2.', '2.', '2.', '2.', '1.']",0.5004024235381879,How many tusks can you see?,,False,0.8140452349615311,0,incorrect_high
train::207,['thumbs up'],Peace.,0.0,"['Waving.', 'Peace.', 'Peace.', 'Peace.', 'Peace.', 'Peace.', 'Peace.', 'Peace.', 'Peace.', 'Peace.']",0.3250829733914482,What gesture is the man in blue giving?,,False,0.8140452349615311,0,incorrect_high
train::213,['3'],2.,0.0,"['2.', '4.', '2.', '0.', '3.', '2.', '1.', '2.', '2.', '2.']",1.2275294114572126,How many pillows are there?,,False,0.8140452349615311,1,incorrect_low
train::215,['fish'],Fish.,1.0,"['Fish.', 'Fish.', 'Nothing.', 'Fish.', 'Fish.', 'Fish.', 'Fish.', 'Fish.', 'Fish.', 'Fish.']",0.3250829733914482,What is in the bear's mouth?,,True,0.8140452349615311,0,correct_high
train::220,['4'],3.,0.0,"['3.', '3.', '3.', '3.', '8.', '3.', '3.', '6.', '3.', '3.']",0.639031859650177,how many windows on the left building?,,False,0.8140452349615311,0,incorrect_high
train::222,['12:00'],12:00.,1.0,"['11:20.', '2:20.', '1:55.', '3:00.', '11:25.', '3:10.', '1:40.', '11:10.', '11:50.', '2:40.']",2.302585092994045,what time does the clock show?,,True,0.8140452349615311,1,correct_low
train::226,['2'],2.,1.0,"['2.', '2.', '2.', '2.', '2.', '2.', '2.', '2.', '2.', '2.']",-0.0,How many eyes can you see?,,True,0.8140452349615311,0,correct_high
train::227,['flag'],Flag.,1.0,"['Flag.', 'Flag.', 'Flag.', 'Flag.', 'Flag.', '_flags_.', 'Flags.', 'Flags.', 'Flag.', 'Flags.']",0.6730116670092565,What is hanging on the rope?,,True,0.8140452349615311,0,correct_high
train::23,['diagonal'],Vertical.,0.0,"['Diagonal.', 'Diagonal.', 'Horizontal.', 'Vertical.', 'Vertical.', 'Horizontal.', 'Diagonal.', 'Vertical.', 'Horizontal.', 'Horizontal.']",1.0888999753452238,Which direction are the stripes on the tie?,,False,0.8140452349615311,1,incorrect_low
train::232,['n23456'],N23458.,0.0,"['N2345g.', 'N23456.', 'N23456.', 'N23458.', 'N23456.', 'N2345g.', 'N2345b.', 'I23458.', 'N2345g.', 'N2345g.']",1.4184836619456564,what is written  the vehicle ?,,False,0.8140452349615311,1,incorrect_low
train::237,['6'],4.,0.0,"['6.', '4.', '3.', '4.', '6.', '5.', '6.', '6.', '6.', '4.']",1.1682824501765623,How many framed pieces are on the left wall?,,False,0.8140452349615311,1,incorrect_low
train::24,['0'],0.,1.0,"['0.', '1.', '1.', '0.', '0.', '1.', '1.', '0.', '0.', '0.']",0.6730116670092565,How many chickens are there?,,True,0.8140452349615311,0,correct_high
train::248,['telegraph'],Telegraph.,1.0,"['Telegraph.', 'Telegraph.', 'Telegraph.', 'Telegraph.', 'Telegraph.', 'Telegraph.', 'Telegraph.', 'Telegraph.', 'Telegraph.', 'Telegraph.']",-0.0,What does the lettering on the building to the left of the horse say?,,True,0.8140452349615311,0,correct_high
train::249,['up'],Up.,1.0,"['Up.', 'Up.', 'Up.', 'Up.', 'Left.', 'Up.', 'Right.', 'Up.', 'Up.', 'Up.']",0.639031859650177,What direction is the bear looking?,,True,0.8140452349615311,0,correct_high
train::253,['157'],19.,0.0,"['15.', '699.', '75.', '398.', '82.', '391.', '50.', '169.', '74.', '92.']",2.302585092994045,what number is on the tag?,,False,0.8140452349615311,1,incorrect_low
train::254,['2'],1.,0.0,"['2.', '1.', '1.', '2.', '1.', '3.', '1.', '2.', '2.', '2.']",0.9433483923290392,How many pens are present?,,False,0.8140452349615311,1,incorrect_low
train::255,['carpet'],Tile.,0.0,"['Tile.', 'Tile.', 'Tile.', 'Linoleum.', 'Tile.', 'Tile.', 'Carpet.', 'Tile.', 'Carpet.', 'Linoleum.']",0.9502705392332348,what kind of flooring is in the dining room,,False,0.8140452349615311,1,incorrect_low
train::256,['unanswerable'],Pothos.,0.0,"['Pothos.', 'Pothos.', 'English.', 'Pothos.', 'Pothos.', 'Pothos.', 'Pothos.', 'Pothos.', 'Pothos.', 'Pothos.']",0.3250829733914482,What type of ivy vine is hanging from the top of the image?,,False,0.8140452349615311,0,incorrect_high
train::260,['veil'],Veil.,1.0,"['Veil.', 'Veil.', 'Veil.', 'Veil.', 'Veil.', 'Veil.', 'Veil.', 'Veil.', 'Veil.', 'Veil.']",-0.0,What is the woman wearing on her head?,,True,0.8140452349615311,0,correct_high
train::264,['zodiac signs'],People.,0.0,"['Clocks.', 'People.', 'People.', 'People.', 'Pope.', 'People.', 'People.', 'People.', 'People.', 'Time.']",0.9404479886553264,What do the figures on the middle clock face represent?,,False,0.8140452349615311,1,incorrect_low
train::265,['tomatoes'],Tomatoes,1.0,"['Tomatoes', 'Tomatoes', 'Tomatoes', 'Tomatoes', 'Tomatoes', 'Tomatoes', 'Tomatoes.', 'Tomatoes', 'Tomatoes.', 'Tomatoes.']",-0.0,"Which one of the following is NOT pictured here: tomatoes, knife or carrots?",,True,0.8140452349615311,0,correct_high
train::266,['excavator'],Excavator.,1.0,"['Backhoe.', 'Excavator.', 'Excavator.', 'Excavator.', 'Crane.', 'Excavator.', 'Excavator.', 'Excavator.', 'Excavator.', 'Excavator.']",0.639031859650177,What is that machine with the big scoop called?,,True,0.8140452349615311,0,correct_high
train::267,['water bottle'],Water bottle.,1.0,"['Water bottle.', 'Water bottle.', 'Water bottle.', 'Water bottle.', 'Water bottle.', 'Water bottle.', 'Water bottle.', 'Water bottle.', 'Water bottle.', 'Water bottle.']",-0.0,What object in the green backpack has an orange circle printed on it?,,True,0.8140452349615311,0,correct_high
train::269,['nothing'],Hat.,0.0,"['Hat.', 'Bike.', 'Jacket.', 'Jacket.', 'Jacket.', 'Jacket.', 'Jacket.', 'Bike.', 'Hat.', 'Bike.']",1.0296530140645737,What is hanging on the coatrack?,,False,0.8140452349615311,1,incorrect_low
train::272,['steel city'],Steel.,1.0,"['Steel city.', 'Steel.', 'Steel.', 'Steel.', 'Bostic.', 'Steel.', 'Steel.', 'Sterling.', 'Steel city.', 'Steel.']",0.639031859650177,What is the nickname of the city the Harley Davidson dealership is in?,,True,0.8140452349615311,0,correct_high
train::273,['sonada'],Samsonite.,0.0,"['Samsonite.', 'Samsonite.', 'Samsonite.', 'Samsonite.', 'Victorinox.', 'Sony.', 'Samsonite.', 'Samsonite.', 'Samsonite.', 'Samsonite.']",0.639031859650177,What brand is the suitcase?,,False,0.8140452349615311,0,incorrect_high
train::277,['5'],6.,0.0,"['12.', '7.', '0.', '0.', '8.', '6.', '5.', '8.', '6.', '6.']",1.6957425341696346,How many potatoes are there?,,False,0.8140452349615311,1,incorrect_low
train::28,['4'],6.,0.0,"['8.', '5.', '5.', '12.', '5.', '6.', '6.', '10.', '8.', '7.']",1.6957425341696346,How many sheep are visibly standing?,,False,0.8140452349615311,1,incorrect_low
train::280,['3'],2.,0.0,"['Two.', 'Two.', '3.', 'Two.', '2.', '4.', 'Two.', 'Two.', '3.', '2.']",0.8018185525433372,how many wheels are visible,,False,0.8140452349615311,0,incorrect_high
train::281,['right'],Right.,1.0,"['Right.', 'Right.', 'Right.', 'Right.', 'Right.', 'Right.', 'Right.', 'Right.', 'Right.', 'Right.']",-0.0,Is the brown horse on the left or right of the image?,,True,0.8140452349615311,0,correct_high
train::282,['writing'],Typing.,0.0,"['Writing.', 'Typing.', 'Typing.', 'Typing.', 'Typing.', 'Typing.', 'Typing.', 'Writing.', 'Typing.', 'Writing.']",0.6108643020548935,Is the person typing or writing?,,False,0.8140452349615311,0,incorrect_high
train::286,['sun'],Star.,0.0,"['Star.', 'Star.', 'Star.', 'Star.', 'Star.', 'Star.', 'Cross.', 'Tristen.', 'Triangle.', 'Heart.']",1.2275294114572126,What is the top tattoo on her arm?,,False,0.8140452349615311,1,incorrect_low
train::288,['1'],0.,0.0,"['1.', '1.', '0.', '0.', '1.', '0.', '1.', '0.', '1.', '0.']",0.6931471805599453,how many people are there?,,False,0.8140452349615311,0,incorrect_high
train::289,['a'],P.,0.0,"['M.', 'Pnk.', 'P.', 'B.', 'M.', 'L.', 'P.', 'P.', 'B.', 'H.']",1.6957425341696346,What letter is on the red hat?,,False,0.8140452349615311,1,incorrect_low
train::29,['10'],6.,0.0,"['6.', '4.', '6.', '6.', '4.', '0.', '6.', '12.', '12.', '6.']",1.2206072645530175,How many chocolate muffins?,,False,0.8140452349615311,1,incorrect_low
train::291,['970 ml'],330ml.,0.0,"['33 cl.', '33cl.', 'Beer.', '225 ml.', '220ml.', '325ml.', '2 liters.', '225.', '12 ounces.', '330 ml.']",2.163955656882057,How much fluid comes in the bottle?,,False,0.8140452349615311,1,incorrect_low
train::293,['6'],6.,1.0,"['9.', '6.', '6.', '7.', '5.', '6.', '6.', '5.', '6.', '7.']",1.2206072645530175,How many people are present in this photo,,True,0.8140452349615311,1,correct_low
train::294,['skateboard'],Car.,0.0,"['Train.', 'Train.', 'Car.', 'Car.', 'Car.', 'Car.', 'Car.', 'Train.', 'Car.', 'Car.']",0.6108643020548935,What is the cake modeled after?,,False,0.8140452349615311,0,incorrect_high
train::296,['supreme'],Pepperoni.,0.0,"['Pepperoni.', 'Meat.', 'Sausage.', 'Cheese.', 'Cheese.', 'Pepperoni.', 'Pepperoni.', 'Meat lovers.', 'Pepperoni.', 'Meat lovers.']",1.4708084763221114,What type of pizza is the man eating?,,False,0.8140452349615311,1,incorrect_low
train::299,['red'],Red.,1.0,"['Red.', 'Red.', 'Blue.', 'Red and white.', 'Red.', 'Red.', 'White.', 'Black.', 'Red.', 'Red.']",1.2275294114572126,What color is the plate with the noodles on the bottom right?,,True,0.8140452349615311,1,correct_low
train::3,['c'],G.,0.0,"['G.', 'G.', 'G.', 'C.', 'C.', 'G.', 'G.', 'G.', 'G.', 'G.']",0.5004024235381879,What's the first letter of the brand name on the box?,,False,0.8140452349615311,0,incorrect_high
train::300,['left'],Right.,0.0,"['Right.', 'Right.', 'Right.', 'Right.', 'Right.', 'Right.', 'Right.', 'Right.', 'Right.', 'Left.']",0.3250829733914482,Is the right or left foot of the larger zebra in front?,,False,0.8140452349615311,0,incorrect_high
train::301,['86430'],86420.,0.0,"['86430.', '86420.', '86420.', '86420.', '86420.', '86420.', '86420.', '36430.', '86430.', '86430.']",0.8979457248567797,What is the number on the train?,,False,0.8140452349615311,1,incorrect_low
train::302,['board'],Tail.,0.0,"['Tail.', 'Tail.', 'Board.', 'Tail.', 'Deck.', 'Tail.', 'Tail.', 'Tail.', 'Tail.', 'Deck.']",0.8018185525433373,What is the part of the skateboard he is on called?,,False,0.8140452349615311,0,incorrect_high
train::304,['2'],1.,0.0,"['1.', '1.', '2.', '1.', '5.', '2.', '1.', '2.', '2.', '2.']",0.9433483923290392,How many corners on top of the yellow sign in the foreground?,,False,0.8140452349615311,1,incorrect_low
train::305,['black'],White.,0.0,"['White.', 'White.', 'White.', 'White.', 'Green.', 'White.', 'Yellow.', 'White.', 'White.', 'Gray.']",0.9404479886553264,What color is the logo on the tennis player's socks?,,False,0.8140452349615311,1,incorrect_low
train::311,['3'],12.,0.0,"['7', '7.', '7', '8.', '8', 'There are seven donuts right above the ""Durian"" sign.', '8', '6.', '7.', '8']",0.9433483923290392,"How many donuts are right above the ""Durian"" sign?",,False,0.8140452349615311,1,incorrect_low
train::315,['watching'],Flying kite.,0.0,"['Flying kite.', 'Flying kite.', 'Flying kite.', 'Flying kite.', 'Flying kite.', 'Flying kite.', 'Flying kite.', 'Flying kite.', 'Flying kite.', 'Flying kite.']",-0.0,What is the guy on the left doing?,,False,0.8140452349615311,0,incorrect_high
train::321,['baseball cap'],Sun hat.,0.0,"['Straw.', 'Straw.', 'Sun hat.', 'Bucket.', 'Sun hat.', 'Bucket hat.', 'Sun hat.', 'Fedora.', 'Fedora.', 'Sun hat.']",1.3321790402101223,What type of hat is the girl with the white sandals wearing?,,False,0.8140452349615311,1,incorrect_low
train::326,['2'],2.,1.0,"['2.', '2.', '3.', '3.', '2.', '2.', '2.', '2.', '3.', '2.']",0.6108643020548935,How many people appear to be working?,,True,0.8140452349615311,0,correct_high
train::327,['01'],21.,0.0,"['Nbc.', '21.', '21.', '41.', 'Xl.', '61.', '61.', '21.', 'Sci.', '13.']",1.834371970281624,what channel is the tv set to?,,False,0.8140452349615311,1,incorrect_low
train::33,['red'],Red.,1.0,"['Red.', 'Red.', 'White.', 'Red.', 'Red.', 'Black.', 'Red.', 'Red.', 'Blue.', 'Red.']",0.9404479886553264,What color is the guitar?,,True,0.8140452349615311,1,correct_low
train::331,['1'],2.,0.0,"['1.', '1.', '1.', '1.', '5.', '4.', '2.', '2.', '2.', '3.']",1.4184836619456564,how many stems can you see?,,False,0.8140452349615311,1,incorrect_low
train::332,['full'],Empty.,0.0,"['Empty.', 'Empty.', 'Empty.', 'Empty.', 'Empty.', 'Empty.', 'Empty.', 'Full.', 'Empty.', 'Empty.']",0.3250829733914482,Is the bathtub empty or full?,,False,0.8140452349615311,0,incorrect_high
train::333,['2'],4.,0.0,"['4.', '5.', '7.', '4.', '2.', '4.', '4.', '0.', '2.', '4.']",1.3592367006650063,How many utensils are on the stovetop?,,False,0.8140452349615311,1,incorrect_low
train::335,['3'],3.,1.0,"['6.', '3.', '5.', '6.', '4.', '6.', '5.', '5.', '5.', '3.']",1.2798542258336676,How many whiskers on each side on the depiction of the animal on front of the bus?,,True,0.8140452349615311,1,correct_low
train::337,['green'],Green.,1.0,"['Green.', 'Green.', 'There is no orange box.', 'Green.', 'No orange box.', 'Black.', 'Black.', 'White.', 'There is no orange box.', 'Green.']",1.2798542258336674,What color box is on the orange box?,,True,0.8140452349615311,1,correct_low
train::338,['2'],2.,1.0,"['3.', '1.', '2.', '1.', '3.', '3.', '4.', '6.', 'Two.', '3.']",1.4708084763221112,How many power poles are there?,,True,0.8140452349615311,1,correct_low
train::339,['schweppes'],Schweppes.,1.0,"['Schweppes.', 'Schweppes.', 'Schweppes.', 'Schweppes.', 'Schweppes.', 'Schweppes.', 'Schweppes.', 'Schweppes.', 'Schweppes.', 'Schweppes.']",-0.0,What brand is advertised?,,True,0.8140452349615311,0,correct_high
train::343,['left'],Left.,1.0,"['Left.', 'Left.', 'Left.', 'Left.', 'Left.', 'Right.', 'Left.', 'Left.', 'Left.', 'Left.']",0.3250829733914482,Under which arm is the taller man holding his surfboard?,,True,0.8140452349615311,0,correct_high
train::345,['behind surfboard'],Against wall.,0.0,"['Leaning against wall.', 'Nowhere.', 'Against wall.', 'Against wall.', 'Against wall.', 'Against the wall.', 'Against rock wall.', 'Against fence.', 'Against wall.', 'Against fence.']",1.0888999753452238,Where is the bicycle in this image?,,False,0.8140452349615311,1,incorrect_low
train::35,['18'],10.,0.0,"['8.', '11.', '4.', '10.', '5.', '15.', '6.', '3.', '10.', '5.']",2.025326220770068,How many pieces of fruit are on the plate?,,False,0.8140452349615311,1,incorrect_low
train::350,['2'],1.,0.0,"['2.', '1.', '1.', '1.', '1.', '1.', '2.', '2.', '1.', '2.']",0.6730116670092565,how many bottles of perfume are in view?,,False,0.8140452349615311,0,incorrect_high
train::351,['basket'],Magazines.,0.0,"['Books.', 'Magazines.', 'Magazines.', 'Cd.', 'Magazines.', 'Magazines.', 'Magazines.', 'Books.', 'Cds.', 'Magazines.']",0.9502705392332348,what is on the first shelf of the table?,,False,0.8140452349615311,1,incorrect_low
train::353,['chair'],Chair.,1.0,"['Chair.', 'Chair.', 'Chair.', 'Chair.', 'Chair.', 'Chair.', 'Chair.', 'Chair.', 'Chair.', 'Chair.']",-0.0,on what piece of furniture is the laptop resting on?,,True,0.8140452349615311,0,correct_high
train::357,['2'],2.,1.0,"['2.', '2.', '2.', '2.', '2.', '2.', '2.', '2.', '2.', '2.']",-0.0,how many snowboards aren't touching the ground?,,True,0.8140452349615311,0,correct_high
train::360,['2'],3.,0.0,"['3.', '2.', '3.', '3.', '3.', '4.', '3.', '4.', '3.', '3.']",0.8018185525433373,how many green vegetables are there?,,False,0.8140452349615311,0,incorrect_high
train::361,['bird'],Bird.,1.0,"['Bird.', 'Bird.', 'Sticker.', 'Bird.', 'Bird.', 'Bird.', 'Sticker.', 'Bird.', 'Bird.', 'Sticker.']",0.6108643020548935,What is perched on the fin of his surfboard?,,True,0.8140452349615311,0,correct_high
train::362,['cellphone'],Phone.,0.0,"['Phone.', 'Camera.', 'Phone.', 'Camera.', 'Phone.', 'Phone.', 'Phone.', 'Phone.', 'Phone.', 'Cell phone.']",0.8018185525433372,What is in the case in the photo?,,True,0.8140452349615311,0,correct_high
train::365,['collar'],Collar.,1.0,"['Collar.', 'Collar.', 'Collar.', 'Collar.', 'Collar.', 'Collar.', 'Collar.', 'Collar.', 'Collar.', 'Collar.']",-0.0,what is the red object?,,True,0.8140452349615311,0,correct_high
train::366,['xtreme gulp'],Gwp.,0.0,"['Gatorade.', 'Gulp.', 'GATORADE.', 'Gwp.', 'Gwp.', 'Gup.', 'Gwps.', 'Gwp.', 'Gwp.', 'Gwp.']",0.5004024235381879,What is written on the red cup?,,False,0.8140452349615311,0,incorrect_high
train::368,['1'],2.,0.0,"['1.', '2.', '2.', '2.', '2.', '2.', '2.', '2.', '2.', '2.']",0.3250829733914482,How many giraffe tails are visible here?,,False,0.8140452349615311,0,incorrect_high
train::369,['3'],3.,1.0,"['3.', '3.', '3.', '2.', '2.', '2.', '3.', '2.', '3.', '2.']",0.6931471805599453,how many on the field have something on their head?,,True,0.8140452349615311,0,correct_high
train::37,['2'],2.,1.0,"['2.', '2.', '2.', '2.', '2.', '2.', '2.', '2.', '2.', '2.']",-0.0,how many eyes squinting?,,True,0.8140452349615311,0,correct_high
train::375,['10:08'],12:15.,0.0,"['4:50.', '7:44.', '4:52.', '12.15.', '2:10.', '11:42.', '11:54.', '1:32.', '2:37.', '3:28.']",2.302585092994045,what is the time on the clock?,,False,0.8140452349615311,1,incorrect_low
train::376,"['red, white, and black']","Red, white, black.",1.0,"['White, orange, and black.', 'Red white black.', 'White, orange, black.', 'Red, white, black.', 'Red white and black.', 'Gray, red, white.', 'White, red, and black.', 'Red, black, white.', 'Red, white, black.', 'Black white red.']",1.0888999753452235,What three colors are the kite?,,True,0.8140452349615311,1,correct_low
train::378,['4'],3.,0.0,"['4.', '3.', '3.', '4.', '3.', '3.', '3.', '4.', '3.', '3.']",0.6108643020548935,How many tiaras are visible?,,False,0.8140452349615311,0,incorrect_high
train::383,['2'],2.,1.0,"['2.', '2.', '2.', '2.', '2.', '2.', '2.', '2.', '2.', '2.']",-0.0,How many men are wearing head pieces?,,True,0.8140452349615311,0,correct_high
train::387,['5'],3.,0.0,"['2.', '4.', '3.', '3.', '3.', '3.', '7.', '6.', '2.', '5.']",1.6094379124341005,How many animals are visible?,,False,0.8140452349615311,1,incorrect_low
train::388,['1'],1.,1.0,"['1.', '1.', '1.', '1.', '1.', '2.', '1.', '1.', '2.', '1.']",0.5004024235381879,How many people wearing blue jacket?,,True,0.8140452349615311,0,correct_high
train::389,['pineapple'],Plaid.,0.0,"['Checkered.', 'Checkered.', 'Plaid.', 'Plaid.', 'Checkered.', 'Plaid.', 'Plaid.', 'Checkered.', 'Plaid.', 'Plaid.']",0.6730116670092565,what pattern is on the clothes under the cat?,,False,0.8140452349615311,0,incorrect_high
train::390,['2'],1.,0.0,"['1.', '2.', '1.', '1.', '1.', '1.', '1.', '1.', '1.', '1.']",0.3250829733914482,How many visible ears in the photo?,,False,0.8140452349615311,0,incorrect_high
train::391,['4'],2.,0.0,"['3.', '3.', '2.', '2.', '2.', '2.', '2.', '2.', '2.', '3.']",0.6108643020548935,How many lights are there in the picture?,,False,0.8140452349615311,0,incorrect_high
train::393,['blue'],Blue.,1.0,"['Blue.', 'Blue.', 'Blue.', 'Blue.', 'Blue.', 'Blue.', 'Blue.', 'Blue.', 'Blue.', 'Blue.']",-0.0,What color is the sponge?,,True,0.8140452349615311,0,correct_high
train::395,['left'],Left.,1.0,"['Right.', 'Left.', 'Left.', 'Left.', 'Left.', 'Left.', 'Left.', 'Right.', 'Left.', 'Left.']",0.5004024235381879,"Which side of the image does the arrow right below the word ""west"" point to?",,True,0.8140452349615311,0,correct_high
train::396,['cigarette'],Bananas.,0.0,"['Bananas.', 'Bananas.', 'Bananas.', 'Bananas.', 'Beer.', 'Bananas.', 'Bananas.', 'Bananas.', 'Bananas.', 'Bananas.']",0.3250829733914482,What is the man in the striped shirt holding in his left hand?,,False,0.8140452349615311,0,incorrect_high
train::397,['5'],11.,0.0,"['8.', '4.', '8.', '4.', '11.', '6.', '7.', '5.', '4.', '8.']",1.6434177197931796,How many tiles at lease partially visible in the row between the two soap dispensers?,,False,0.8140452349615311,1,incorrect_low
train::4,['ripples'],Ripples.,1.0,"['Ripples.', 'Ripples.', 'Ripples.', 'Ripples.', 'Ripples.', 'Ripples.', 'Ripples.', 'Ripples.', 'Ripples.', 'Ripples.']",-0.0,"What is the bird causing, in the water?",,True,0.8140452349615311,0,correct_high
train::40,['4'],2.,0.0,"['3.', '3.', '2.', '2.', '2.', '3.', '3.', '2.', '2.', '2.']",0.6730116670092565,How many corners of the coffee table are visible?,,False,0.8140452349615311,0,incorrect_high
train::400,['brushing teeth'],Brushing teeth.,1.0,"['Brushing teeth.', 'Brushing teeth.', 'Holding toothbrush.', 'Holding phone.', 'Texting.', 'Brushing teeth.', 'Eating.', 'Brushing his teeth.', 'Playing wii.', 'Brushing teeth.']",1.2275294114572126,What is he doing with his right hand.,,True,0.8140452349615311,1,correct_low
train::401,['7'],7.,1.0,"['7.', '7.', '7.', '7.', '7.', '7.', '7.', '7.', '7.', '7.']",-0.0,What number is on the back of the shirt of the player on the left?,,True,0.8140452349615311,0,correct_high
train::403,['cheese'],None.,0.0,"['None.', 'None.', 'None.', 'None.', 'None.', 'None.', 'None.', 'None.', 'None.', 'None.']",-0.0,What type of food is in the drawer?,,False,0.8140452349615311,0,incorrect_high
train::405,['3'],2.,0.0,"['2.', '2.', '1.', '5.', '2.', '3.', '2.', '3.', '3.', '3.']",1.1935496040981333,How many women are wearing a ring?,,False,0.8140452349615311,1,incorrect_low
train::406,['3'],3.,1.0,"['3.', '3.', '3.', '3.', '3.', '3.', '3.', '3.', '3.', '3.']",-0.0,How many people can be seen in the picture?,,True,0.8140452349615311,0,correct_high
train::407,['shoes'],Shoes.,1.0,"['Shorts.', 'Skirt.', 'Skirt.', 'Skirt.', 'Shoes.', 'Shoes.', 'Shoes.', 'Dress.', 'Shoes.', 'Skirt.']",1.1935496040981333,What item of clothing is touching the ground?,,True,0.8140452349615311,1,correct_low
train::408,['umbrella and shirt'],Umbrella and shirt.,1.0,"['Umbrella and shirt.', 'Umbrella and bag.', 'Umbrella and bag.', 'Umbrella and sweatshirt.', 'Umbrella and bag.', 'Umbrella and shirt.', 'Umbrella bag.', 'Umbrella and bag.', 'Umbrella and bag.', 'Umbrella and shirt.']",0.8979457248567797,What 2 items have stripes?,,True,0.8140452349615311,1,correct_low
train::409,['2'],0.,0.0,"['2.', '2.', '2.', '0.', '3.', '0.', '3.', '0.', '0.', '2.']",1.0549201679861442,how many yellow buttons are on the remotes?,,False,0.8140452349615311,1,incorrect_low
train::41,['4'],3.,0.0,"['3.', '4.', '3.', '2.', '3.', '3.', '2.', '3.', '4.', '1.']",1.2206072645530173,What is the number of plants?,,False,0.8140452349615311,1,incorrect_low
train::410,['ramp'],Skateboarder.,0.0,"['Bench.', 'Bench.', 'Cement blocks.', 'Skateboard.', 'Skateboarder.', 'Skateboarder.', 'Skateboarder.', 'Skateboarder.', 'Skateboarder.', 'Skateboarder.']",1.0888999753452235,what is in the road?,,False,0.8140452349615311,1,incorrect_low
train::412,['2'],2.,1.0,"['3.', '3.', '1.', '2.', '2.', '1.', '3.', '4.', '3.', '2.']",1.2798542258336674,How many baby elephants?,,True,0.8140452349615311,1,correct_low
train::414,['3'],3.,1.0,"['3.', '3.', '3.', '4.', '2.', '4.', '3.', '3.', '4.', '3.']",0.8979457248567797,How many surfboards are there?,,True,0.8140452349615311,1,correct_low
train::417,['2'],0.,0.0,"['0.', '0.', '0.', '0.', '0.', '0.', '0.', '1.', '0.', '0.']",0.3250829733914482,How many holes are visible in the paper held by the man on the right?,,False,0.8140452349615311,0,incorrect_high
train::421,['segway'],Segway.,1.0,"['Scooter.', 'Segway.', 'Segway.', 'Segway.', 'Segway.', 'Scooter.', 'Segway.', 'Segway.', 'Segway.', 'Segway.']",0.5004024235381879,what are the security guards feet propped up on?,,True,0.8140452349615311,0,correct_high
train::424,['3'],2.,0.0,"['3.', '2.', '2.', '2.', '2.', '4.', '2.', '3.', '2.', '2.']",0.8018185525433372,How many people are wearing white shorts in this picture?,,False,0.8140452349615311,0,incorrect_high
train::428,['1'],1.,1.0,"['1.', '3.', '1.', '1.', '1.', '2.', '1.', '3.', '1.', '1.']",0.8018185525433372,How many of these objects should one drink from?,,True,0.8140452349615311,0,correct_high
train::429,['yellow'],Yellow.,1.0,"['Yellow.', 'Yellow.', 'Yellow.', 'Yellow.', 'Yellow.', 'Yellow.', 'Yellow.', 'Yellow.', 'Yellow.', 'Yellow.']",-0.0,What color is the bird's tracking legband?,,True,0.8140452349615311,0,correct_high
train::432,['cat'],Cat.,1.0,"['Cat', 'Cat.', 'Cat.', 'Cat.', 'Cat', 'Cat', 'Cat', 'Cat.', 'Cat.', 'Cat']",-0.0,"Which one of the following is NOT pictured here: sled, cat or bear?",,True,0.8140452349615311,0,correct_high
train::435,['toy story'],Toy story.,1.0,"['Toy story.', 'Toy story.', 'Toy story.', 'Toy story.', 'Toy story.', 'Toy story.', 'Toy story.', 'Toy story.', 'Toy story.', 'Toy story.']",-0.0,What is the name of the movie franchise depicted on the kite?,,True,0.8140452349615311,0,correct_high
train::436,['w'],W.,1.0,"['W.', 'W.', 'W.', 'W.', 'W.', 'W.', 'W.', 'W.', 'W.', 'W.']",-0.0,What letter in on the man's jacket?,,True,0.8140452349615311,0,correct_high
train::438,['6'],6.,1.0,"['7.', '6.', '5.', '5.', '5.', '7.', '5.', '6.', '6.', '6.']",1.0549201679861442,How many visible persons in the photo?,,True,0.8140452349615311,1,correct_low
train::439,['4'],4.,1.0,"['5.', '4.', '4.', '3.', '5.', '5.', '5.', '5.', '3.', '3.']",1.0296530140645737,How many non-meat ingredients does this have?,,True,0.8140452349615311,1,correct_low
train::44,['blue'],White.,0.0,"['Black.', 'Black.', 'White.', 'White.', 'White.', 'White.', 'White.', 'White.', 'White.', 'White.']",0.5004024235381879,What color shirt does the person fartherest to the left have on?,,False,0.8140452349615311,0,incorrect_high
train::442,['3'],1.,0.0,"['1.', '3.', '1.', '1.', '6.', '4.', '7.', '6.', '2.', '2.']",1.6957425341696346,How many boats have a red stripe on the bottom?,,False,0.8140452349615311,1,incorrect_low
train::448,['left'],Right.,0.0,"['Left.', 'Right.', 'Right.', 'Left.', 'Left.', 'Left.', 'Right.', 'Right.', 'Left.', 'Right.']",0.6931471805599453,Is the Sun more to the man flying the kites left or his right?,,False,0.8140452349615311,0,incorrect_high
train::449,['0'],0.,1.0,"['2.', '1.', '2.', '0.', '0.', '1.', '0.', '0.', '0.', '0.']",0.9502705392332348,How many hot dogs are in the photo?,,True,0.8140452349615311,1,correct_low
train::450,['5'],5.,1.0,"['8.', '6.', '5.', '7.', '6.', '7.', '8.', '5.', '6.', '5.']",1.366158847569202,How many food items are on the plate?,,True,0.8140452349615311,1,correct_low
train::451,['2'],2.,1.0,"['2.', '1.', '1.', '1.', '2.', '1.', '1.', '2.', '2.', '2.']",0.6931471805599453,How many trains can be seen (either fully or partially)?,,True,0.8140452349615311,0,correct_high
train::452,['black'],Red.,0.0,"['Pink.', 'Black.', 'Red.', 'Red.', 'Brown.', 'Red.', 'Red.', 'Red.', 'Pink.', 'Red.']",1.0888999753452235,What color glasses does the woman at the end of the table have on?,,False,0.8140452349615311,1,incorrect_low
train::453,['3'],2.,0.0,"['3.', '2.', '3.', '2.', '2.', '2.', '2.', '2.', '2.', '2.']",0.5004024235381879,How many carrots are there?,,False,0.8140452349615311,0,incorrect_high
train::457,['down'],Up.,0.0,"['Up.', 'Down.', 'Down.', 'Down.', 'Up.', 'Up.', 'Up.', 'Down.', 'Down.', 'Down.']",0.6730116670092565,Are the handle bars up or down?,,False,0.8140452349615311,0,incorrect_high
train::462,['4'],2.,0.0,"['3.', '3.', '1.', '1.', '2.', '3.', '3.', '2.', '2.', '2.']",1.0549201679861442,How many paws of the bear can be seen?,,False,0.8140452349615311,1,incorrect_low
train::463,['9'],7.,0.0,"['9.', '7.', '10.', '8.', '9.', '8.', '6.', '7.', '10.', '10.']",1.5571130980576455,How many toliets are in this image?,,False,0.8140452349615311,1,incorrect_low
train::468,['united kingdom'],England.,0.0,"['Britain.', 'England.', 'England.', 'Great britain.', 'England.', 'England.', 'British.', 'UK.', 'Great britain.', 'England.']",0.6108643020548935,What country design is displayed on the umbrella?,,True,0.8140452349615311,0,correct_high
train::471,['left'],Left.,1.0,"['Left.', 'Right.', 'Right.', 'Left.', 'Left.', 'Left.', 'Right.', 'Right.', 'Forward.', 'Left.']",0.9433483923290392,In what direction are the cows looking?,,True,0.8140452349615311,1,correct_low
train::472,['c'],D.,0.0,"['D.', 'L.', 'D.', 'G.', 'G.', 'D.', 'D.', 'D.', 'G.', 'D.']",0.8979457248567798,what is the first letter on the title of the building?,,False,0.8140452349615311,1,incorrect_low
train::473,['black'],White.,0.0,"['White.', 'White.', 'White.', 'White.', 'White.', 'White.', 'White.', 'White.', 'White.', 'White.']",-0.0,Are there more white objects or more black objects in the picture?,,False,0.8140452349615311,0,incorrect_high
train::475,['wyborowa'],Wyborowa.,1.0,"['Wyborowa.', 'Wyborowa.', 'Wyborowa.', 'Wyborowa.', 'Wyborowa.', 'Wyborowa.', 'Wyborowa.', 'Wyborowa.', 'Wyborowa.', 'Wyborowa.']",-0.0,What do the yellow words above the bar say?,,True,0.8140452349615311,0,correct_high
train::478,['2009'],2009.,1.0,"['2009.', '2009.', '2009.', '2009.', '2009.', '2009.', '2009.', '2009.', '2009.', '2009.']",-0.0,What year is on the bottom?,,True,0.8140452349615311,0,correct_high
train::480,['4'],2.,0.0,"['2.', '3.', '2.', '2.', '3.', 'Two.', '3.', '5.', '4.', '2.']",1.1682824501765623,How many cabinet doors are below the sink?,,False,0.8140452349615311,1,incorrect_low
train::481,['american'],Liberty.,0.0,"['Liberty.', 'Spalding.', 'KBERLY.', 'Liberty.', 'Berks.', 'Keberry.', 'Dale.', 'Liberty.', 'Harberts.', 'Liberty.']",1.6094379124341005,What word appears on the emblem that is on the sleeve of the player on the right?,,False,0.8140452349615311,1,incorrect_low
train::483,['5'],4.,0.0,"['5.', '5.', '6.', '3.', '5.', '3.', '3.', '5.', '4.', '5.']",1.1682824501765623,How many pillows are on the bed?,,False,0.8140452349615311,1,incorrect_low
train::485,['10'],12.,0.0,"['12.', '10.', '12.', '12.', '11.', '9.', '10.', '10.', '10.', '10.']",1.1682824501765623,How many different pictures are in the collage?,,False,0.8140452349615311,1,incorrect_low
train::486,['left'],Left.,1.0,"['Left.', 'Left.', 'Right.', 'Left.', 'Left.', 'Right.', 'Left.', 'Right.', 'Right.', 'Right.']",0.6931471805599453,Is the shelving left or right of the sink?,,True,0.8140452349615311,0,correct_high
train::487,['rd'],RD.,1.0,"['Rd.', 'Rd.', 'Fd.', 'RD.', 'RD.', 'RD.', 'RD.', 'RD.', 'Fd.', 'RD.']",0.5004024235381879,What are the last two letters on the bottom green sign?,,True,0.8140452349615311,0,correct_high
train::488,['right'],Right.,1.0,"['Left.', 'Left.', 'Right.', 'Right.', 'Right.', 'Left.', 'Right.', 'Left.', 'Left.', 'Right.']",0.6931471805599453,The man on which side looks taller?,,True,0.8140452349615311,0,correct_high
train::489,['orange'],Red.,0.0,"['Red.', 'Yellow.', 'Red.', 'Red.', 'Yellow.', 'Red.', 'Yellow.', 'Yellow.', 'Red.', 'Yellow.']",0.6931471805599453,What bright color is on the turn signal of the white car?,,False,0.8140452349615311,0,incorrect_high
train::493,['319459'],377405.,0.0,"['454113.', '485412.', '394515.', '375967.', '482916.', '345901.', '377443.', '314842.', '485630.', '345861.']",2.302585092994045,What 6 digit number can be seen on the back of the train?,,False,0.8140452349615311,1,incorrect_low
train::494,['towards'],Away.,0.0,"['Away.', 'Away.', 'Away.', 'Away.', 'Away.', 'Away.', 'Away.', 'Away.', 'Away.', 'Away.']",-0.0,Is the child facing towards or away from the TV?,,False,0.8140452349615311,0,incorrect_high
train::495,['business lounge'],Business lounge.,1.0,"['Business lounge.', 'Business lounge.', 'Business lounge.', 'Business lounge.', 'Business lounge.', 'Business lounge.', 'Business lounge.', 'Business lounge.', 'Business lounge.', 'Business lounge.']",-0.0,What does the yellow sign read?,,True,0.8140452349615311,0,correct_high
train::496,['bicycle'],Bus.,0.0,"['Bus.', 'Bus.', 'Bus.', 'Bus.', 'Bus.', 'Bus.', 'Bus.', 'Bus.', 'Car.', 'Bus.']",0.3250829733914482,what is the vechile in front of the dogs?,,False,0.8140452349615311,0,incorrect_high
train::497,['mouth'],Tail.,0.0,"['Head.', 'Head.', 'Tail.', 'tail.', 'Mane.', 'Tail.', 'Tail.', 'Mane.', 'Tail.', 'Tail.']",0.9502705392332348,"Other than its feet, what part of the zebra is touching the ground?",,False,0.8140452349615311,1,incorrect_low
train::499,['lion'],Lion.,1.0,"['Lion.', 'Lion.', 'Lion.', 'Lion.', 'Lion.', 'Tiger.', 'Lion.', 'Lion.', 'Lion.', 'Lion.']",0.3250829733914482,What animal is in the picture?,,True,0.8140452349615311,0,correct_high
train::501,['white'],Red.,0.0,"['Orange.', 'Red.', 'Red.', 'Red.', 'Red.', 'White.', 'White.', 'Red.', 'White.', 'Red.']",0.8979457248567798,what color is the field of the sticker on the metal pole behind the fire hydrant?,,False,0.8140452349615311,1,incorrect_low
train::514,['2013'],2013.,1.0,"['2013.', '2013.', '2013.', '2013.', '2013.', '2013.', '2013.', '2013.', '2013.', '2013.']",-0.0,In what year was this photo copyrighted?,,True,0.8140452349615311,0,correct_high
train::515,['metal'],Metal.,1.0,"['Metal.', 'Dining.', 'Cafeteria.', 'Metal.', 'Patio.', 'Metal.', 'Metal.', 'Metal.', 'Metal.', 'Metal.']",0.9404479886553264,What kind of table is this plate on?,,True,0.8140452349615311,1,correct_low
train::516,['traffic lights'],Traffic lights.,1.0,"['Traffic lights.', 'Stop lights.', 'Traffic lights.', 'Light.', 'Traffic lights.', 'Traffic lights.', 'Traffic lights.', 'Traffic lights.', 'Traffic lights.', 'Traffic lights.']",0.639031859650177,What are the people on the utility truck working on?,,True,0.8140452349615311,0,correct_high
train::525,['6'],3.,0.0,"['2.', '4.', '3.', '3.', '3.', '3.', '3.', '3.', '4.', '3.']",0.8018185525433373,how many big and medium white clumps?,,False,0.8140452349615311,0,incorrect_high
train::529,['1'],0.,0.0,"['0.', '1.', '1.', '0.', '1.', '0.', '0.', '0.', '1.', '0.']",0.6730116670092565,how many garbage cans are visible?,,False,0.8140452349615311,0,incorrect_high
train::531,['right'],Left.,0.0,"['Left.', 'Left.', 'Right.', 'Left.', 'Left.', 'Left.', 'Right.', 'Left.', 'Downhill.', 'Downhill.']",0.9502705392332348,What direction are the arrows on the banner pointing towards?,,False,0.8140452349615311,1,incorrect_low
train::532,['3'],2.,0.0,"['2.', '2.', '2.', '2.', '2.', '3.', '2.', '2.', '4.', '2.']",0.639031859650177,how many bags is the woman crossing the street carrying?,,False,0.8140452349615311,0,incorrect_high
train::534,['police'],Cowboy.,0.0,"['Butcher.', 'Security guard.', 'Photographer.', 'Crossing guard.', 'Crossing guard.', 'Firefighter.', 'Cowboy.', 'Construction.', 'Police.', 'Police officer.']",2.163955656882057,What is the job of the person on the right?,,False,0.8140452349615311,1,incorrect_low
train::536,['yellow'],Red.,0.0,"['Red.', 'Red.', 'Red.', 'Red.', 'Red.', 'Red.', 'Red.', 'Red.', 'Red.', 'Red.']",-0.0,What color is the last section of the kite's tail?,,False,0.8140452349615311,0,incorrect_high
train::537,['3'],2.,0.0,"['0.', '2.', '2.', '2.', '2.', '2.', '2.', '2.', '3.', '3.']",0.8018185525433373,How many people are in the car on the bottle label?,,False,0.8140452349615311,0,incorrect_high
train::539,['bridge'],Castle.,0.0,"['Arc.', 'Arches.', 'Tree.', 'Tower.', 'Arches.', 'Eiffel tower.', 'Tree.', 'Windmill.', 'Castle.', 'Train.']",2.025326220770068,What type of structure is on the poster behind the girl in the striped shirt?,,False,0.8140452349615311,1,incorrect_low
train::541,['1750'],1750.,1.0,"['1750.', '1750.', '1750.', '1750.', '1750.', '1750.', '1750.', '1750.', '1750.', '1750.']",-0.0,What is the numbers under the RD?,,True,0.8140452349615311,0,correct_high
train::542,['bagel'],Bagel.,1.0,"['Bagel.', 'Bagel.', 'Bagel.', 'Donut.', 'Bagel.', 'Sandwich.', 'Donut.', 'Donut.', 'Bagel.', 'Bagel.']",0.8979457248567797,What is on the plate?,,True,0.8140452349615311,1,correct_low
train::545,['leaves'],Maple leaves.,1.0,"['Maple leaf.', 'Maps.', 'Maple leaves.', 'Maple leaf.', 'Maple leaf.', 'Maple leaves.', 'Maple leaves.', 'Maple leaves.', 'Maple leaf.', 'Maple leaves.']",0.3250829733914482,What is pictured on the front pillows?,,True,0.8140452349615311,0,correct_high
train::546,['green'],Green.,1.0,"['Green.', 'Green.', 'Yellow.', 'Green.', 'Green.', 'Green.', 'Green.', 'Green.', 'Green.', 'Green.']",0.3250829733914482,what neon color is on the boots?,,True,0.8140452349615311,0,correct_high
train::547,['left'],Left.,1.0,"['Left.', 'Left.', 'Right.', 'Left.', 'Left.', 'Left.', 'Left.', 'Left.', 'Left.', 'Left.']",0.3250829733914482,Is the hat to the right or left of the bench from this perspective?,,True,0.8140452349615311,0,correct_high
train::548,['12'],5.,0.0,"['12.', '6.', '5.', '6.', '9.', '4.', '6.', '2.', '4.', '3.']",1.834371970281624,How many vehicles are visible?,,False,0.8140452349615311,1,incorrect_low
train::55,['left'],Left.,1.0,"['Left.', 'Left.', 'Left.', 'Right.', 'Left.', 'Left.', 'Right.', 'Right.', 'Left.', 'Left.']",0.6108643020548935,Is the real remote on the left or the right?,,True,0.8140452349615311,0,correct_high
train::551,['blue'],White.,0.0,"['White.', 'White.', 'White.', 'White.', 'White.', 'White.', 'White.', 'Red.', 'Red.', 'White.']",0.5004024235381879,What color is the blanket behind the girl?,,False,0.8140452349615311,0,incorrect_high
train::552,['2'],2.,1.0,"['2.', '2.', '2.', '2.', '2.', '1.', '2.', '1.', '1.', '0.']",0.8979457248567797,How many cats are sleeping?,,True,0.8140452349615311,1,correct_low
train::553,['4'],3.,0.0,"['2.', '4.', '3.', '4.', '3.', '3.', '3.', '3.', '4.', '3.']",0.8979457248567797,How many pieces are peeled away from the fruit?,,False,0.8140452349615311,1,incorrect_low
train::555,['funnel cake'],Funnel cake.,1.0,"['Funnel cake.', 'Funnel cake.', 'Funnel cake.', 'Funnel cake.', 'Funnel cake.', 'Funny cake.', 'Funnel cake.', 'Funnel cake.', 'Funny cake.', 'Funnel cake.']",0.5004024235381879,what is $3.99?,,True,0.8140452349615311,0,correct_high
train::556,['skinny'],Skinny.,1.0,"['Skinny.', 'Skinny.', 'Skinny.', 'Skinny.', 'Skinny.', 'Skinny.', 'Skinny.', 'Skinny.', 'Skinny.', 'Skinny.']",-0.0,Is this vase skinny or wide?,,True,0.8140452349615311,0,correct_high
train::569,['red and green'],Yellow.,0.0,"['Yellow.', 'Yellow.', 'Red.', 'Orange.', 'Yellow.', 'Yellow.', 'Yellow.', 'Yellow.', 'Yellow.', 'Yellow.']",0.639031859650177,What color is the tennis ball?,,False,0.8140452349615311,0,incorrect_high
train::57,['1'],0.,0.0,"['0.', '0.', '0.', '1.', '0.', '0.', '0.', '0.', '0.', '0.']",0.3250829733914482,how many clear glasses are next to the phone?,,False,0.8140452349615311,0,incorrect_high
train::571,['unanswerable'],Peanut butter.,0.0,"['Peanut butter.', 'Peanut butter.', 'Peanut butter.', 'Peanut butter.', 'Peanut butter.', 'Jam.', 'Peanut butter.', 'Peanut butter.', 'Peanut butter.', 'Peanut butter.']",0.3250829733914482,what kind of food was in the bread?,,False,0.8140452349615311,0,incorrect_high
train::572,['1'],2.,0.0,"['4.', '2.', '2.', '2.', '3.', '4.', '3.', '3.', '3.', '2.']",1.0549201679861442,How many towels are pink?,,False,0.8140452349615311,1,incorrect_low
train::573,['knife'],Knife.,1.0,"['Plate.', 'Knife.', 'Plate.', 'Knife.', 'Knife.', 'Knife.', 'Knife.', 'Knife.', 'Knife.', 'Knife.']",0.5004024235381879,What is next to the fork?,,True,0.8140452349615311,0,correct_high
train::574,['954'],10.,0.0,"['705.', '8.', '31.', '12.', 'No number shown.', '01.', '79.', '18.', '77.', '7.']",2.302585092994045,What number is shown on the display of the red and white bus?,,False,0.8140452349615311,1,incorrect_low
train::577,['white'],White.,1.0,"['White.', 'White.', 'White.', 'White.', 'White.', 'White.', 'White.', 'White.', 'White.', 'Blue.']",0.3250829733914482,What color is the writing on the frisbee?,,True,0.8140452349615311,0,correct_high
train::582,['paula'],Paula.,1.0,"['Paul.', 'Paula.', 'Paulan.', 'Paulan.', 'Pauls.', 'Paulam.', 'Paulan.', 'Paulan.', 'Paula.', 'Paula.']",1.4184836619456564,What is the first 5 letters of the beer?,,True,0.8140452349615311,1,correct_low
train::583,['left'],Left.,1.0,"['Left.', 'Left.', 'Right.', 'Left.', 'Right.', 'Right.', 'Right.', 'Left.', 'Right.', 'Right.']",0.6730116670092565,Which side are drivers sitting in their vehicles?,,True,0.8140452349615311,0,correct_high
train::585,['9'],10.,0.0,"['10.', '5.', '8.', '10.', '10.', '8.', '10.', '10.', '10.', '10.']",0.8018185525433373,How many fingers are fully visible?,,False,0.8140452349615311,0,incorrect_high
train::588,['atari'],Atari.,1.0,"['Atari.', 'Atari.', 'Atari.', 'Atari.', 'Atari.', 'Atari.', 'Atari.', 'Atari.', 'Atari.', 'Atari.']",-0.0,What video game system is on the tv?,,True,0.8140452349615311,0,correct_high
train::59,['mayo'],Mustard.,0.0,"['Mustard.', 'Mustard.', 'Mustard.', 'Mustard.', 'Mustard.', 'Mustard.', 'Mustard.', 'Mustard.', 'Mustard.', 'Mustard.']",-0.0,What condiment is in the bottle with the lid open?,,False,0.8140452349615311,0,incorrect_high
train::590,['0'],0.,1.0,"['0.', '1.', '0.', '2.', '1.', '0.', '0.', '2.', '1.', '0.']",1.0296530140645737,How many visible fangs in the photo?,,True,0.8140452349615311,1,correct_low
train::598,['vd 526 200'],Vd 526 zbo.,1.0,"['Vd 526200.', '7022.', 'Vd 526 zbo.', 'Vd 526 200.', 'Vd 526 zho.', 'Vd 526200.', '526200.', '526 zdk.', 'Vd 526 200.', 'Vd 526 zbo.']",1.6094379124341005,What is the number plate of the car that is on the right side?,,False,0.8140452349615311,1,incorrect_low
train::6,['white'],White.,1.0,"['White.', 'White.', 'White.', 'White.', 'White.', 'White.', 'White.', 'Gray.', 'White.', 'White.']",0.3250829733914482,What is the color of the pillowcase?,,True,0.8140452349615311,0,correct_high
train::600,['n'],V.,0.0,"['V.', 'V.', 'Nike.', 'V.', 'Vans.', 'V.', 'Nike.', 'Nike.', 'S.', 'Nike.']",1.193549604098133,What letter is on the boy's shoes?,,False,0.8140452349615311,1,incorrect_low
train::601,['2'],2.,1.0,"['2.', '3.', '2.', '3.', '3.', '3.', '2.', '3.', '2.', '2.']",0.6931471805599453,How many pillows are on the couch on the left?,,True,0.8140452349615311,0,correct_high
train::602,['nothing'],Chopsticks.,0.0,"['Chopsticks.', 'Chopsticks.', 'Chopsticks.', 'Chopsticks.', 'Chopsticks.', 'Chopsticks.', 'Chopsticks.', 'Chopsticks.', 'Chopsticks.', 'Chopsticks.']",-0.0,what is in the man's left hand?,,False,0.8140452349615311,0,incorrect_high
train::604,['lg'],Lg.,1.0,"['Lg.', 'Lg.', 'Lg.', 'Lg.', 'Lg.', 'Lg.', 'Lg.', 'Lg.', 'Lg.', 'Lg.']",-0.0,What brand is the laptop?,,True,0.8140452349615311,0,correct_high
train::605,['blue'],Blue.,1.0,"['Blue.', 'Blue.', 'Blue.', 'Blue.', 'Blue.', 'Blue.', 'Blue.', 'Blue.', 'Blue.', 'Blue.']",-0.0,What color is the siren light on the left of this picture?,,True,0.8140452349615311,0,correct_high
train::608,['back'],Front.,0.0,"['Front.', 'Front.', 'Front.', 'Back.', 'Back.', 'Front.', 'Back.', 'Back.', 'Front.', 'Front.']",0.6730116670092565,"Which pair of hooves are close together, back or front?",,False,0.8140452349615311,0,incorrect_high
train::609,['1'],1.,1.0,"['1.', '1.', '1.', '2.', '1.', '1.', '1.', '0.', '1.', '2.']",0.8018185525433372,How many hats can be seen in this image?,,True,0.8140452349615311,0,correct_high
train::613,['elephant'],Elephant.,1.0,"['Elephant.', 'Elephant.', 'Elephant.', 'Elephant.', 'Elephant.', 'Elephant.', 'Elephant.', 'Elephant.', 'Elephant.', 'Elephant.']",-0.0,what is chasing the dog?,,True,0.8140452349615311,0,correct_high
train::614,['crockpot'],Container.,0.0,"['Jar.', 'Container.', 'Cookie jar.', 'Canister.', 'Container.', 'Canister.', 'Cookie jar.', 'Container.', 'Container.', 'Canister.']",0.8018185525433373,What is on the counter to the left of the refrigerator?,,False,0.8140452349615311,0,incorrect_high
train::617,['nobody'],Polar bear.,0.0,"['Bear.', 'Polar bear.', 'Bear.', 'Polar bear.', 'Polar bear.', 'Polar bear.', 'Bear.', 'Polar bear.', 'Polar bear.', 'Polar bear.']",0.6108643020548935,Who is asleep?,,False,0.8140452349615311,0,incorrect_high
train::620,['2'],5.,0.0,"['3.', '5.', '2.', '5.', '5.', '4.', '3.', '5.', '5.', '5.']",1.0888999753452235,How many toes of the big elephant are visible?,,False,0.8140452349615311,1,incorrect_low
train::621,['2'],2.,1.0,"['2.', '2.', '2.', '0.', '2.', '4.', '3.', '6.', '4.', '2.']",1.3592367006650063,How many draw handles are on the tv stand?,,True,0.8140452349615311,1,correct_low
train::623,['2'],4.,0.0,"['3.', '4.', '4.', '3.', '2.', '4.', '4.', '4.', '4.', '3.']",0.8979457248567797,How many total legs of the women can be seen?,,False,0.8140452349615311,1,incorrect_low
train::624,['7'],3.,0.0,"['0.', '2.', '5.', '12.', '4.', '0.', '2.', '2.', '2.', '5.']",1.4708084763221112,How many small gold rings are on her shoes?,,False,0.8140452349615311,1,incorrect_low
train::625,['wine'],Beer.,0.0,"['Tea.', 'Beer.', 'Beer.', 'Beer.', 'Smoothie.', 'Beer.', 'Soda.', 'Milk.', 'Beer.', 'Beer.']",1.2275294114572126,What type of drink is shown on the mat in front of the refrigerator?,,False,0.8140452349615311,1,incorrect_low
train::626,['white'],Black.,0.0,"['White.', 'Green.', 'White.', 'White.', 'Black.', 'Brown.', 'Black.', 'Silver.', 'Gold.', 'Black.']",1.6434177197931796,what color is the umbrella pole?,,False,0.8140452349615311,1,incorrect_low
train::627,['woman'],No.,0.0,"['Woman.', 'No.', 'Woman.', 'Man.', 'No.', 'Woman.', 'No.', 'Woman.', 'No.', 'No.']",0.9433483923290392,does the man or woman look sadder?,,False,0.8140452349615311,1,incorrect_low
train::63,['3'],4.,0.0,"['4.', '5.', '4.', '4.', '4.', '12.', '9.', '6.', '6.', '4.']",1.3592367006650063,How many ceiling lights can you see?,,False,0.8140452349615311,1,incorrect_low
train::633,['7:00'],12:00.,0.0,"['1:10.', '2:05.', '9:43.', '2:20.', '6:00.', '4:00.', '5:50.', '12:15.', '5:00.', '5:45.']",2.302585092994045,What time is it?,,False,0.8140452349615311,1,incorrect_low
train::634,['peppers'],Pepper.,0.0,"['Pepper.', 'Peppers.', 'Red pepper.', 'Red peppers.', 'Peppers.', 'Peppers.', 'Peppers.', 'Pepper.', 'Peppers.', 'Pepper.']",0.5004024235381879,What vegetable tops the pizza?,,True,0.8140452349615311,0,correct_high
train::635,['96'],96.,1.0,"['96.', '96.', '96.', '96.', '96.', '96.', '96.', '96.', '96.', '96.']",-0.0,What number is in front of the word Burbank on the bus?,,True,0.8140452349615311,0,correct_high
train::636,['bikes'],Parking.,0.0,"['Bikes.', 'Parking.', 'Bikes.', 'Bicycles.', 'Parking.', 'Parking.', 'Bicycles.', 'Stopping cars.', 'Bike.', 'Bicycles.']",0.8979457248567797,what are the silver metal racks used for ?,,True,0.8140452349615311,1,correct_low
train::638,['5'],4.,0.0,"['2.', '2.', '2.', '2.', '4.', '2.', '4.', '1.', '4.', '4.']",0.9433483923290392,How many windows are visible in the front of the clock tower?,,False,0.8140452349615311,1,incorrect_low
train::639,['converse'],Sneakers.,0.0,"['Sneakers.', 'Sneakers.', 'Sneakers.', 'Tennis shoes.', 'Sneakers.', 'Sneakers.', 'Sneakers.', 'Sneakers.', 'Sneakers.', 'Sneakers.']",0.3250829733914482,What kind of shoes is he wearing?,,True,0.8140452349615311,0,correct_high
train::640,['train station'],Train station.,1.0,"['Train station.', 'Train station.', 'Train station.', 'Train station.', 'Train station.', 'Train station.', 'Train station.', 'Train station.', 'At train station.', 'Train station.']",-0.0,Is the man looking at a computer at the train station or at the airport?,,True,0.8140452349615311,0,correct_high
train::643,['knife'],Wood.,0.0,"['Knife.', 'Nothing.', 'Wood.', 'Wood.', 'Wood.', 'Wood.', 'Wood.', 'Chopped vegetables.', 'Wood.', 'Knife.']",1.0888999753452235,What is on the cutting board?,,False,0.8140452349615311,1,incorrect_low
train::648,['red'],Yellow.,0.0,"['Pink.', 'Red.', 'Pink.', 'Black.', 'Yellow.', 'Green.', 'Blue.', 'Yellow.', 'Yellow.', 'Green.']",1.6957425341696346,What is the color of the bag on the right side?,,False,0.8140452349615311,1,incorrect_low
train::650,['2'],2.,1.0,"['3.', '2.', '4.', '2.', '1.', '1.', '2.', '1.', '1.', '1.']",1.1682824501765623,how many hangers are on the shower rod,,True,0.8140452349615311,1,correct_low
train::651,['2'],3.,0.0,"['3.', '2.', '2.', '3.', '3.', '3.', '3.', '3.', '3.', '2.']",0.6108643020548935,How many triangles are on the bus?,,False,0.8140452349615311,0,incorrect_high
train::653,['right'],Right.,1.0,"['Right.', 'Right.', 'Wall.', 'Right.', 'Right.', 'Right.', 'Closet.', 'Right.', 'Right.', 'Closet.']",0.8018185525433373,The door is on what part of the room?,,True,0.8140452349615311,0,correct_high
train::654,['broccoli'],Broccoli.,1.0,"['Broccoli.', 'Broccoli.', 'Broccoli.', 'Broccoli.', 'Broccoli.', 'Broccoli.', 'Broccoli.', 'Broccoli.', 'Broccoli.', 'Broccoli.']",-0.0,What vegtables are in this?,,True,0.8140452349615311,0,correct_high
train::656,['2'],3.,0.0,"['5.', '3.', '2.', '3.', '5.', '3.', '4.', '1.', '4.', '3.']",1.4708084763221112,how many wine bottles on the table?,,False,0.8140452349615311,1,incorrect_low
train::66,['face'],Kite.,0.0,"['Kite.', 'Kite.', 'Kite.', 'Kite.', 'Kite.', 'Kite.', 'Kite.', 'Kite.', 'Kite.', 'Kite.']",-0.0,What is the woman touching?,,False,0.8140452349615311,0,incorrect_high
train::663,['10'],4.,0.0,"['3.', '3.', '4.', '5.', '3.', '4.', '4.', '3.', '4.', '4.']",0.9433483923290392,How many total people are in the photo?,,False,0.8140452349615311,1,incorrect_low
train::666,['1'],1.,1.0,"['2.', '1.', '1.', '2.', '2.', '1.', '1.', '2.', '1.', '2.']",0.6931471805599453,How many ears of the stuffed bear are visible?,,True,0.8140452349615311,0,correct_high
train::671,['yellow'],Red.,0.0,"['Green.', 'Red.', 'Green.', 'Pink.', 'Red.', 'Pink.', 'Pink.', 'Green.', 'Green.', 'Green.']",1.0296530140645737,What color is the soap to the left of the sink?,,False,0.8140452349615311,1,incorrect_low
train::676,['water bottle'],Pot.,0.0,"['Bowl.', 'Pot.', 'Bowl.', 'Water bottle.', 'Pot.', 'Bottle.', 'Pots.', 'Pot.', 'Can.', 'Pot.']",1.3592367006650063,whats sitting on the far corner of the table across from the man,,False,0.8140452349615311,1,incorrect_low
train::677,['blue'],Black.,0.0,"['Black.', 'Black.', 'Yellow.', 'Orange.', 'Black.', 'Yellow.', 'Red.', 'Red.', 'Brown.', 'Yellow.']",1.5047882836811908,What color is the lever on the toaster?,,False,0.8140452349615311,1,incorrect_low
train::679,['5'],2.,0.0,"['2.', '2.', '4.', '5.', '2.', '2.', '4.', '5.', '3.', '4.']",1.2798542258336674,How many buttons are visible on the man on the right?,,False,0.8140452349615311,1,incorrect_low
train::682,['blue'],White.,0.0,"['White.', 'White.', 'White.', 'Red.', 'White.', 'Orange.', 'Red.', 'White.', 'White.', 'Red.']",0.8979457248567797,What color is the wrapper on the hand soap?,,False,0.8140452349615311,1,incorrect_low
train::687,['hands'],Hands.,1.0,"['Hands.', 'Hands.', 'Hands.', 'Hands.', 'Hands.', 'Hands.', 'Hands.', 'Hands.', 'Hands.', 'Hands.']",-0.0,What part of your body do you use to control the brakes on the bicycle?,,True,0.8140452349615311,0,correct_high
train::691,['railways'],Link.,0.0,"['Lansing.', 'Limerick.', 'Link.', 'Link.', 'Link.', 'London.', 'Service.', 'Line.', 'Leven.', 'Link.']",1.7480673485460891,what is the second word on the train?,,False,0.8140452349615311,1,incorrect_low
train::692,['0'],4.,0.0,"['3.', '4.', '4.', '4.', '3.', '2.', '7.', '4.', '4.', '3.']",1.1682824501765623,how many buttons are done?,,False,0.8140452349615311,1,incorrect_low
train::696,['1'],1.,1.0,"['1.', '1.', '1.', '1.', '1.', '2.', '1.', '1.', '1.', '1.']",0.3250829733914482,How many rolls of toilet paper are there?,,True,0.8140452349615311,0,correct_high
train::70,['wallet'],Phone.,0.0,"['Phone.', 'Beer.', 'Phone.', 'Pizza.', 'Phone.', 'Phone.', 'Phone.', 'Phone.', 'Cell phone.', 'Phone.']",0.9404479886553264,What is placed next to the glass?,,False,0.8140452349615311,1,incorrect_low
train::701,['c'],C.,1.0,"['C.', 'C.', 'C.', 'C.', 'E.', 'C.', 'C.', 'C.', 'C.', 'C.']",0.3250829733914482,What letter is on the wall?,,True,0.8140452349615311,0,correct_high
train::707,['2013'],2013.,1.0,"['2013.', '2013.', '2013.', '2013.', '2013.', '2013.', '2013.', '2013.', '2013.', '2013.']",-0.0,What year was this photo taken?,,True,0.8140452349615311,0,correct_high
train::711,['7'],4.,0.0,"['4.', '8.', '8.', '5.', '4.', '5.', '4.', '4.', '7.', '5.']",1.2798542258336674,how many  horizontaily  wires of fence?,,False,0.8140452349615311,1,incorrect_low
train::719,['vest'],Sweater.,0.0,"['Sweater.', 'Shirt.', 'Vest.', 'Frisbee.', 'Sweater.', 'Sweater.', 'Coat.', 'Vest.', 'Vest.', 'Sweater.']",1.4184836619456564,What is the dog wearing?,,False,0.8140452349615311,1,incorrect_low
train::721,['surprise'],Surprise.,1.0,"['Surprise.', 'Surprised.', 'Confusion.', 'Happiness.', 'Shock.', 'Dis belief.', 'Surprise.', 'Surprise.', 'Surprise.', 'Surprise.']",0.639031859650177,What expression is the man conveying?,,True,0.8140452349615311,0,correct_high
train::722,['11'],14.,0.0,"['19.', '14.', '14.', '13.', '18.', '15.', '17.', '12.', '16.', '13.']",2.025326220770068,how many total pastries are there?,,False,0.8140452349615311,1,incorrect_low
train::723,['black'],Red.,0.0,"['Red.', 'Red.', 'Pink.', 'Red.', 'Red.', 'Black.', 'Red.', 'Red.', 'Blue.', 'Red.']",0.9404479886553264,What color is his fingernail polish?,,False,0.8140452349615311,1,incorrect_low
train::726,['1'],1.,1.0,"['1.', '1.', '1.', '1.', '1.', '1.', '2.', '4.', '3.', '1.']",0.9404479886553264,how many circular windows are visible?,,True,0.8140452349615311,1,correct_low
train::729,['08.15.2012'],08.15.2012.,1.0,"['08.15.2012.', '08.15.2012.', '08.15.2012.', '08.15.2012.', '08.15.2012.', '08/15/2012.', '08.15.2012.', '08.15.2012.', '08.15.2012.', '08.15.2012.']",-0.0,What is the date of this photo?,,True,0.8140452349615311,0,correct_high
train::731,['232'],432.,0.0,"['422.', '232.', '232.', '288.', '422.', '432.', '344.', '382.', '322.', '232.']",1.834371970281624,What are the last 3 digits written on the gas tank of the motorcycle?,,False,0.8140452349615311,1,incorrect_low
train::74,['e'],S.,0.0,"['C.', 'S.', 'S.', 'S.', 'L.', 'S.', 'S.', 'S.', 'C.', 'S.']",0.8018185525433372,What letter is on the man's hat?,,False,0.8140452349615311,0,incorrect_high
train::742,['plastic'],Wood.,0.0,"['Yarn.', 'Paper.', 'Wool.', 'Fabric.', 'Wood.', 'Paper.', 'Plastic.', 'Glass.', 'Plastic.', 'Paper.']",1.834371970281624,What is the striped object in the upper left made of?,,False,0.8140452349615311,1,incorrect_low
train::743,['2'],1.,0.0,"['3.', '2.', '4.', '0.', '1.', '1.', '1.', '2.', '1.', '1.']",1.3592367006650063,how many teddy bear are standing?,,False,0.8140452349615311,1,incorrect_low
train::745,['3'],1.,0.0,"['1.', '1.', '1.', '1.', '1.', '1.', '1.', '1.', '1.', '1.']",-0.0,How many birds are in the picture?,,False,0.8140452349615311,0,incorrect_high
train::746,['4'],3.,0.0,"['3.', '3.', '3.', '4.', '3.', '3.', '4.', '4.', '3.', '3.']",0.6108643020548935,How many giraffes are there?,,False,0.8140452349615311,0,incorrect_high
train::750,['4'],4.,1.0,"['3.', '4.', '5.', '6.', '5.', '4.', '4.', '8.', '4.', '6.']",1.4708084763221114,how many giraffes are there?,,True,0.8140452349615311,1,correct_low
train::751,['white'],Black.,0.0,"['Black.', 'White.', 'Black.', 'Yellow.', 'White.', 'Blue.', 'Black.', 'Blue.', 'White.', 'White.']",1.2798542258336676,What color is the man's wristband?,,False,0.8140452349615311,1,incorrect_low
train::758,['6'],3.,0.0,"['3.', '3.', '1.', '4.', '6.', '2.', '7.', '3.', '3.', '4.']",1.6094379124341005,How many airplanes are in the scene?,,False,0.8140452349615311,1,incorrect_low
train::759,['10:25'],12:00.,0.0,"['3.', '8:10.', '2:35.', '7:35.', '3:05.', '12:05.', '1:35.', '4:35.', ""2 o'clock."", '12:20.']",2.302585092994045,What time is it on the clock?,,False,0.8140452349615311,1,incorrect_low
train::76,['toshiba'],Dell.,0.0,"['Dell.', 'Dell.', 'Compaq.', 'Dell.', 'Acer.', 'Samsung.', 'Dell.', 'Dell.', 'Sony.', 'Dell.']",1.2275294114572126,Who is the maker of the laptop?,,False,0.8140452349615311,1,incorrect_low
train::760,['1'],1.,1.0,"['1.', '1.', '1.', '1.', '1.', '1.', '1.', '1.', '1.', '1.']",-0.0,What number is visible on the smokestack?,,True,0.8140452349615311,0,correct_high
train::761,['a'],A.,1.0,"['A.', 'A.', 'A.', 'A.', 'A.', 'A.', 'A.', 'A.', 'A.', 'A.']",-0.0,What letter is in the middle of the thing she is holding?,,True,0.8140452349615311,0,correct_high
train::767,['3'],2.,0.0,"['2.', '2.', '2.', '2.', '3.', '2.', '2.', '3.', '2.', '3.']",0.6108643020548935,how many chairs?,,False,0.8140452349615311,0,incorrect_high
train::769,['kimberly'],Kimberly.,1.0,"['Kimberly.', 'Kimberly.', 'KIMBERLY.', 'Kimberly.', 'Kimberly.', 'Kimberly.', 'Kimberly.', 'KIMBERLY.', 'Kimberly.', 'Kimberly.']",-0.0,What is the girl's name written on the uniforms?,,True,0.8140452349615311,0,correct_high
train::770,['500'],500.,1.0,"['500.', '500.', '500.', '500.', '500.', '500.', '500.', '500.', '500.', '500.']",-0.0,What number is on the wall?,,True,0.8140452349615311,0,correct_high
train::772,['2'],1.,0.0,"['2.', '1.', '2.', '2.', '2.', '1.', '1.', '2.', '2.', '1.']",0.6730116670092565,How many benches are there?,,False,0.8140452349615311,0,incorrect_high
train::774,['grey'],Gray.,0.0,"['Gray.', 'Gray.', 'Gray.', 'Gray.', 'Gray.', 'Gray.', 'Blue.', 'Gray.', 'Blue.', 'Gray.']",0.5004024235381879,What color is the chair next to the man working at computer?,,True,0.8140452349615311,0,correct_high
train::779,['9:45'],1:50.,0.0,"['4:00.', '8:55.', '2:00.', '4:05.', '10:10.', '12:00.', '9:35.', '8:05.', '2:15.', '12:25.']",2.302585092994045,what time is it on the clock?,,False,0.8140452349615311,1,incorrect_low
train::78,['49'],1.,0.0,"['8.', '128.', '920.', '601.', '105.', '620.', '303.', '33.', '91.', '55.']",2.302585092994045,What is the number on the bus?,,False,0.8140452349615311,1,incorrect_low
train::781,['8'],7.,0.0,"['5.', '7.', '6.', '6.', '11.', '9.', '7.', '6.', '11.', '7.']",1.5047882836811908,How many pieces of food are in the bowl?,,False,0.8140452349615311,1,incorrect_low
train::782,['love'],Love.,1.0,"['Love', 'Love.', 'Like', 'Love', 'Love', 'Love.', 'Love', 'Love.', 'Love', 'Love.']",0.3250829733914482,What is the missing word in the sentence that is substituted with an image?,,True,0.8140452349615311,0,correct_high
train::784,['triangle'],X.,0.0,"['Cross.', 'Cross.', 'X.', 'N.', 'X.', 'Cross.', 'Heart.', 'Cross.', 'Light.', 'S.']",1.6094379124341,what is the red symbol on the closest poster?,,False,0.8140452349615311,1,incorrect_low
train::786,['north bergen'],North bergen.,1.0,"['North bergen.', 'North bergen.', 'North bergen.', 'North bergen.', 'North bergen.', 'North bergen.', 'North bergen.', 'North bergen.', 'North bergen.', 'North bergen.']",-0.0,where is the bus's destination?,,True,0.8140452349615311,0,correct_high
train::787,['1'],1.,1.0,"['2.', '1.', '3.', '1.', '2.', '4.', '3.', '3.', '1.', '1.']",1.2798542258336674,how many birds' wing are up?,,True,0.8140452349615311,1,correct_low
train::791,['4'],3.,0.0,"['3.', '3.', '3.', '3.', '3.', '3.', '3.', '4.', '4.', '3.']",0.5004024235381879,How many people are there?,,False,0.8140452349615311,0,incorrect_high
train::793,['handle'],Towel rack.,0.0,"['Towel rack.', 'Tissue.', 'Tissue.', 'Tissue holder.', 'Towel rack.', 'Towel dispenser.', 'Pipe.', 'Towel.', 'Tissue.', 'Towel rack.']",1.6434177197931796,What is above the toilet to the right?,,False,0.8140452349615311,1,incorrect_low
train::794,['left'],Left.,1.0,"['Right.', 'Left.', 'Right.', 'Left.', 'Right.', 'Right.', 'Left.', 'Right.', 'Right.', 'Right.']",0.6108643020548935,Which of the cat's paws is on the keyboard?,,True,0.8140452349615311,0,correct_high
train::797,['clowns unlimited'],Brownie.,0.0,"['Flowers.', 'Glow.', 'unknown.', 'Slow.', 'Bounce.', 'Growney.', 'Slow.', 'Drowny.', 'Brown.', 'Gator.']",2.163955656882057,What does the red sign say?,,False,0.8140452349615311,1,incorrect_low
train::80,['ketchup'],Ketchup.,1.0,"['Salsa.', 'Ketchup.', 'Ketchup.', 'Hot sauce.', 'Ketchup.', 'Ketchup.', 'Salsa.', 'Ketchup.', 'Salsa.', 'Jelly.']",1.1682824501765623,What is in the silver cup?,,True,0.8140452349615311,1,correct_low
train::806,['camera'],Camera.,1.0,"['Camera.', 'Camera.', 'Camera.', 'Camera.', 'Camera.', 'Bucket.', 'Camera.', 'Camera.', 'Camera.', 'Camera.']",0.3250829733914482,What is the woman holding,,True,0.8140452349615311,0,correct_high
train::808,['at&t'],At&t.,1.0,"['Walmart.', 'at&t.', 'At&t.', 'At&t.', 'At&t.', 'Walmart.', 'At&T.', 'At&t.', 'Apple.', 'Walmart.']",0.8979457248567797,what phone company is on the device?,,True,0.8140452349615311,1,correct_low
train::81,['1'],0.,0.0,"['0.', '0.', '0.', '0.', '0.', '0.', '0.', '0.', '0.', '0.']",-0.0,how many fence posts are there,,False,0.8140452349615311,0,incorrect_high
train::811,"['green, yellow, black']","Green, black, white.",1.0,"['Green,red,white.', 'Green black white.', 'Black, yellow, and green.', 'Green, black, and white.', 'Green, black, yellow.', 'Green, yellow, blue.', 'Green, black or yellow.', 'Green.', 'Green yellow black.', 'Black green and yellow.']",1.6094379124341,What are the three colors on the skateboard?,,False,0.8140452349615311,1,incorrect_low
train::814,['3'],3.,1.0,"['4.', '2.', '3.', '3.', '3.', '5.', '4.', '3.', '4.', '4.']",1.1935496040981333,How many shirt buttons are in the photo?,,True,0.8140452349615311,1,correct_low
train::816,['nose'],Nose.,1.0,"['Nose.', 'Ears.', 'Nose.', 'Tongue.', 'Ears', 'Nose', 'Ears.', 'Nose.', 'Nose.', 'Ears']",0.9433483923290392,What body part is pierced on the woman?,,True,0.8140452349615311,1,correct_low
train::817,['1'],2.,0.0,"['1.', '2.', '1.', '2.', '2.', '1.', '2.', '1.', '1.', '2.']",0.6931471805599453,How many people have bare shoulders?,,False,0.8140452349615311,0,incorrect_high
train::819,['19'],10.,0.0,"['9.', '13.', '8.', '9.', '9.', '9.', '11.', '9.', '7.', '10.']",1.4978661367769952,How many fingers are visible?,,False,0.8140452349615311,1,incorrect_low
train::82,['2'],1.,0.0,"['1.', '1.', '3.', '1.', '1.', '1.', '1.', '1.', '3.', '2.']",0.8018185525433372,How many stripes are on each cone?,,False,0.8140452349615311,0,incorrect_high
train::822,['victoria'],Victoria.,1.0,"['Victoria.', 'Victoria.', 'Victoria.', 'Victoria.', 'Victoria.', 'Victoria.', 'Victoria.', 'Victoria.', 'Victoria.', 'Victoria.']",-0.0,Can you tell me the bus' destination?,,True,0.8140452349615311,0,correct_high
train::826,['paper'],Ceramic.,0.0,"['Ceramic.', 'Ceramic.', 'Ceramic.', 'Ceramic.', 'Ceramic.', 'Ceramic.', 'Paper.', 'Ceramic.', 'Ceramic.', 'Paper.']",0.5004024235381879,What is the plate made of?,,False,0.8140452349615311,0,incorrect_high
train::83,['heart'],Heart.,1.0,"['Heart.', 'Heart.', 'Heart.', 'Heart.', 'Heart.', 'Heart.', 'Heart.', 'Heart.', 'Heart.', 'Heart.']",-0.0,What shape is the dog's tag?,,True,0.8140452349615311,0,correct_high
train::835,['black and white'],Black and white.,1.0,"['Black and white.', 'Black and white.', 'White.', 'Black and white.', 'White and black.', 'White.', 'Black and white.', 'Black and white.', 'Black and white.', 'White.']",0.8979457248567797,What are the two colors of the front leg of the dog with the blue strap?,,True,0.8140452349615311,1,correct_low
train::839,['unanswerable'],Flowers.,0.0,"['Flowers.', 'Flowers.', 'Flowers.', 'Flowers.', 'Pillow.', 'Flowers.', 'Flowers.', 'Flowers.', 'Flowers.', 'Flowers.']",0.3250829733914482,What is inside of the wall?,,False,0.8140452349615311,0,incorrect_high
train::841,['omnifest'],Omnifest.,1.0,"['Omnifest.', 'Omnifest.', 'Omnifest.', 'Omnifest.', 'Omnifest.', 'Omnifest.', 'Omnifest.', 'Omnifest.', 'Omnifest.', 'Omnifest.']",-0.0,What is the large white word on the bottom of the billboard?,,True,0.8140452349615311,0,correct_high
train::842,['olive'],Olive.,1.0,"['Olive.', 'Olive.', 'Olive.', 'Olive.', 'Black olive.', 'Olive.', 'Olive and cheese.', 'Olive.', 'Cheese and olive.', 'Olive.']",0.8018185525433373,What type of pizza is pictured?,,True,0.8140452349615311,0,correct_high
train::843,['minute maid'],Minute maid.,1.0,"['Minute maid.', 'Minute maid.', 'Minute maid.', 'Minute maid.', 'Minute maid.', 'Minute maid.', 'Minute maid.', 'Minute maid.', 'Minute maid.', 'H minute wien.']",-0.0,What brand is the container on the right?,,True,0.8140452349615311,0,correct_high
train::845,['canada'],Canada.,1.0,"['Canada.', 'No flag.', 'Usa.', 'Canada.', 'Canada.', 'Canada.', 'None.', 'Canada.', 'Canada.', 'Canada.']",0.8018185525433372,what flag is on the vehicle with blue trim?,,True,0.8140452349615311,0,correct_high
train::848,['a'],A.,1.0,"['A.', 'A.', 'A.', 'A.', 'A.', 'A.', 'A.', 'A.', 'A.', 'A.']",-0.0,What is the first letter on the white shirt?>,,True,0.8140452349615311,0,correct_high
train::856,['philips'],Philips.,1.0,"['Philips.', 'Philips.', 'Philips.', 'Philips.', 'Philips.', 'Philips.', 'Philips.', 'Philips.', 'Philips.', 'Philips.']",-0.0,What brand is the phone?,,True,0.8140452349615311,0,correct_high
train::857,['pirates'],Pirates.,1.0,"['Giants.', 'Gators.', 'San francisco.', 'Buccaneers.', 'San diego.', 'Pirates.', 'Unsure.', 'Giants.', 'Pirates.', 'Giants.']",1.834371970281624,What's the name of the team at-bat?,,True,0.8140452349615311,1,correct_low
train::858,['make poverty history'],Make poverty history.,1.0,"['Make poverty history.', 'Make poverty history.', 'Make poverty history.', 'Make poverty history.', 'Make poverty history.', 'Make poverty history.', 'Make poverty history.', 'Make poverty history.', 'Make poverty history.', 'Make poverty history.']",-0.0,What does the man's shirt say?,,True,0.8140452349615311,0,correct_high
train::860,['yellow'],Yellow.,1.0,"['Yellow.', 'Yellow.', 'Yellow.', 'Yellow.', 'Yellow.', 'Yellow.', 'Yellow.', 'Yellow.', 'Yellow.', 'Yellow.']",-0.0,What color pillow is placed next to the cat?,,True,0.8140452349615311,0,correct_high
train::861,['suziesfarm.com'],Suzi'sfarm.com.,0.0,"[""Suzi'sfarmcom."", ""Suzi'sfarm.com."", ""Suzi'sfarm.com."", ""Suzy'sfarm.com."", 'Suzisfarmcom.', ""Suzi'sfarmcom."", ""Suzi'sfarmcom."", ""Suzi'sfarmcom."", ""Suzi'sfarmcom."", ""Suzi'sfarmscom.""]",-0.0,What website is listed on the paper?,,True,0.8140452349615311,0,correct_high
train::862,['brown'],Brown.,1.0,"['Brown.', 'Brown.', 'Brown.', 'Brown.', 'Brown.', 'Brown.', 'Brown.', 'Brown.', 'Brown.', 'Brown.']",-0.0,What is the color of his eyes?,,True,0.8140452349615311,0,correct_high
train::863,['princess'],Hello kitty.,0.0,"['Hello kitty.', 'Duck.', 'Hello kitty.', 'Duck.', 'Hello kitty.', 'Princess.', 'Duck.', 'Dora.', 'Hello kitty.', 'Princess.']",1.2798542258336674,What type of character is on the phone screen?,,False,0.8140452349615311,1,incorrect_low
train::865,['card'],Card.,1.0,"['Card.', 'Card.', 'Gord.', 'Cardio.', 'TOP.', 'Card.', 'GROP.', 'Card.', 'Card.', 'Card.']",1.0888999753452235,what word is next to saison?,,True,0.8140452349615311,1,correct_low
train::868,['2'],2.,1.0,"['2.', '2.', '3.', '2.', '2.', '3.', '2.', '2.', '2.', '2.']",0.5004024235381879,how many valves on the hydrant?,,True,0.8140452349615311,0,correct_high
train::871,['shakers'],Salt and pepper shakers.,0.0,"['Salt and pepper shakers.', 'Pepper and salt shakers.', 'Salt and pepper shakers.', 'Salt and pepper shakers.', 'Salt and pepper shakers.', 'Salt and pepper shakers.', 'Salt and pepper shakers.', 'Salt and pepper shakers.', 'Salt and pepper shakers.', 'Salt and pepper shakers.']",-0.0,What are the two matching objects behind and to the right of the rabbit?,,True,0.8140452349615311,0,correct_high
train::874,['3'],3.,1.0,"['5.', '3.', '3.', '2.', '5.', '3.', '6.', '3.', '3.', '4.']",1.3592367006650063,how many bowls on right wall?,,True,0.8140452349615311,1,correct_low
train::875,['weathervane'],Weather vane.,0.0,"['Weather vane.', 'Weather vane.', 'Weather vane.', 'Weather vane.', 'Weather vane.', 'Weather vane.', 'Weather vane.', 'Clock.', 'Weather vane.', 'Weather vane.']",0.3250829733914482,What is on the top of the building?,,True,0.8140452349615311,0,correct_high
train::876,['pink and red'],Pink and red.,1.0,"['Red and yellow.', 'Red and yellow.', 'Red and green.', 'Pink and red.', 'Pink and yellow.', 'Red and orange.', 'Pink and yellow.', 'Pink and orange.', 'Red/pink.', 'Pink and yellow.']",1.6957425341696346,"not counting the crust, what two non-white colors do you see in this dessert?",,True,0.8140452349615311,1,correct_low
train::879,['purple'],Blue and purple.,1.0,"['White.', 'Blue and black.', 'White.', 'Purple and pink.', 'Blue and white.', 'Two tone.', 'Purple and pink.', 'White.', 'White.', 'Purple and blue.']",1.6094379124341005,What color are the two books behind the cat,,False,0.8140452349615311,1,incorrect_low
train::882,['sniffing'],Sniffing.,1.0,"['Sniffing.', 'Sniffing.', 'Sniffing.', 'Smelling.', 'Smelling.', 'Sniffing.', 'Sniffing.', 'Smelling.', 'Sniffing.', 'sniffing.']",-0.0,What is the dog doing with his nose?,,True,0.8140452349615311,0,correct_high
train::883,['7'],6.,0.0,"['6.', '4.', '4.', '4.', '4.', '5.', '6.', '5.', '5.', '6.']",1.0888999753452238,How many wheels can be seen?,,False,0.8140452349615311,1,incorrect_low
train::890,['black'],Pink.,0.0,"['Pink.', 'Pink.', 'Red.', 'Red.', 'Pink.', 'Red.', 'Pink.', 'Pink.', 'Pink.', 'Pink.']",0.6108643020548935,What color is the spot on the cat's nose?,,False,0.8140452349615311,0,incorrect_high
train::893,['4'],3.,0.0,"['3.', '6.', '4.', '3.', '3.', '3.', '3.', '4.', '3.', '2.']",1.0888999753452235,How many wheels can be seen on the truck?,,False,0.8140452349615311,1,incorrect_low
train::895,['1'],2.,0.0,"['0.', '1.', '2.', '3.', '2.', '3.', '3.', '1.', '2.', '2.']",1.2798542258336676,How many people in the background are wearing glasses?,,False,0.8140452349615311,1,incorrect_low
train::9,['6'],6.,1.0,"['6.', '6.', '6.', '6.', '6.', '6.', '6.', '6.', '6.', '6.']",-0.0,What number is on the horse on the left?,,True,0.8140452349615311,0,correct_high
train::904,['frosting'],Frosting.,1.0,"['Frosting.', 'Frosting.', 'Frosting.', 'Frosting.', 'Frosting.', 'Frosting.', 'Chocolate frosting.', 'Frosting.', 'Frosting.', 'Cream.']",0.639031859650177,what is in the middle of the cake?,,True,0.8140452349615311,0,correct_high
train::906,['0'],0.,1.0,"['0.', '0.', '0.', '0.', '0.', '0.', '0.', '0.', '0.', '0.']",-0.0,How many unicorns are fully visible in the picture?,,True,0.8140452349615311,0,correct_high
train::909,['1'],1.,1.0,"['1.', '1.', '1.', '0.', '1.', '1.', '1.', '1.', '1.', '1.']",0.3250829733914482,How many eyes of the bird can be seen?,,True,0.8140452349615311,0,correct_high
train::911,['buttons'],Buttons.,1.0,"['Buttons.', 'Buttons.', 'Buttons.', 'Buttons.', 'Buttons.', 'Buttons.', 'Buttons.', 'Buttons.', 'Buttons.', 'Buttons.']",-0.0,what white objects are in the shirt collar,,True,0.8140452349615311,0,correct_high
train::913,['zebra'],Zebra.,1.0,"['Animal.', 'Zebra.', 'Zebra.', 'Zebra.', 'Zebra.', 'Zebra.', 'Zebra.', 'Zebra.', 'Zebra.', 'Zebra.']",0.3250829733914482,what print is on blanket on left?,,True,0.8140452349615311,0,correct_high
train::915,['all of them'],2.,0.0,"['All of them.', 'Kids and woman.', 'All.', 'All.', 'Two.', 'Two on right.', '3.', '3.', 'All of them.', '3.']",1.4184836619456564,Which people are wearing jeans?,,False,0.8140452349615311,1,incorrect_low
train::916,['sunflowers'],Daisy.,0.0,"['Daisies.', 'Tulips.', 'Lily.', 'Daisy.', 'Tulips.', 'Tulip.', 'Daisy.', 'Daisy.', 'Daisy.', 'Roses.']",1.1682824501765623,what kind of flowers can be seen?,,False,0.8140452349615311,1,incorrect_low
train::917,['0'],0.,1.0,"['0.', '0.', '0.', '0.', '0.', '0.', '0.', '0.', '0.', '0.']",-0.0,How many gloves are shown?,,True,0.8140452349615311,0,correct_high
train::919,['touchpad'],Touchpad.,1.0,"['Trackpad.', 'Trackpad.', 'Keyboard.', 'Touchpad.', 'Trackpad.', 'Touchpad.', 'Screen.', 'Keyboard.', 'Touchpad.', 'Trackpad.']",1.2798542258336674,What component of the laptop is the cat touching?,,True,0.8140452349615311,1,correct_low
train::92,['3'],1.,0.0,"['2.', '3.', '1.', '3.', '5.', '2.', '1.', '3.', '2.', '2.']",1.2798542258336674,how many people?,,False,0.8140452349615311,1,incorrect_low
train::921,['3'],4.,0.0,"['4.', '4.', '3.', '3.', '0.', '0.', '1.', '3.', '3.', '3.']",1.2206072645530173,how many pillars on holding up the coffee table?,,False,0.8140452349615311,1,incorrect_low
train::924,['2'],2.,1.0,"['2.', '2.', '2.', '2.', '2.', '2.', '2.', '2.', '2.', '2.']",-0.0,How many street lights are therein the image?,,True,0.8140452349615311,0,correct_high
train::925,['clear'],Brown.,0.0,"['Brown.', 'Brown.', 'Brown.', 'Silver.', 'Silver.', 'Black.', 'Brown.', 'Black.', 'Silver.', 'Brown.']",1.0296530140645737,What color is lens used for these spectacles?,,False,0.8140452349615311,1,incorrect_low
train::927,['3'],2.,0.0,"['2.', '2.', '2.', '2.', '2.', '2.', '2.', '2.', '2.', '2.']",-0.0,How many total benches and trash cans?,,False,0.8140452349615311,0,incorrect_high
train::928,['2'],0.,0.0,"['1.', '0.', '0.', '0.', '0.', '0.', '0.', '0.', '0.', '0.']",0.3250829733914482,How many pigs are there?,,False,0.8140452349615311,0,incorrect_high
train::929,['1'],1.,1.0,"['1.', '1.', '1.', '1.', '1.', '1.', '1.', '1.', '1.', '1.']",-0.0,how many eyes are showing on the elephant on the left?,,True,0.8140452349615311,0,correct_high
train::936,['maurice'],Maurice.,1.0,"['Maurice.', 'Maurice.', 'Maurice.', 'Maurice.', 'Maurice.', 'Maurice.', 'Maurice.', 'Maurice.', 'Maurice.', 'Maurice.']",-0.0,what is the first name on the banner?,,True,0.8140452349615311,0,correct_high
train::939,['2'],50.,0.0,"['15.', '50.', '50.', '55.', '50.', '50.', '705.', '15.', '55.', '69.']",1.4708084763221112,what number is to the right of the red light?,,False,0.8140452349615311,1,incorrect_low
train::946,['red'],Red.,1.0,"['Gray.', 'Red.', 'Blue.', 'Gray.', 'Blue.', 'Red.', 'Red.', 'Brown.', 'Blue.', 'Blue.']",1.2798542258336676,What color is the backpack that isn't black?,,True,0.8140452349615311,1,correct_low
train::949,['iron'],Toaster.,0.0,"['Toaster.', 'Toaster.', 'Blender.', 'Shoes.', 'Vacuum.', 'Fan.', 'Toaster.', 'Toaster.', 'Toaster.', 'Toaster.']",1.2275294114572126,What white item with a cord and blue on it is visible in the front a little to the left on the floor area?,,False,0.8140452349615311,1,incorrect_low
train::950,['sun'],Medallion.,0.0,"['Medallion.', 'Medallion.', 'Medallion.', 'Charm.', 'Medallion.', 'Sun.', 'Sekit.', 'Sun.', 'Medallion.', 'Medallion.']",1.0888999753452235,What is the round thing  as part of the necklace?,,False,0.8140452349615311,1,incorrect_low
train::953,['left'],Left.,1.0,"['Left.', 'Left.', 'Right.', 'Left.', 'Left.', 'Left.', 'Left.', 'Left.', 'Left.', 'Left.']",0.3250829733914482,what side of the pier is the buoy on?,,True,0.8140452349615311,0,correct_high
train::956,['1402'],142.,0.0,"['1462.', '142.', '142.', '142.', '142.', '2.', '1462.', '142.', '2.', '1462.']",1.0296530140645737,What is the number of the bus?,,False,0.8140452349615311,1,incorrect_low
train::959,['french horn'],Trumpet.,0.0,"['Trumpet.', 'Bugle.', 'Trumpet.', 'Trumpet.', 'Trumpet.', 'Tambourine.', 'Trumpet.', 'Trumpet.', 'Trumpet.', 'Trumpet.']",0.639031859650177,What instrument is the middle statue playing?,,False,0.8140452349615311,0,incorrect_high
train::96,['blue'],Blue.,1.0,"['Blue.', 'Blue.', 'Blue.', 'Blue.', 'Blue.', 'Blue.', 'Blue.', 'Blue.', 'Blue.', 'Blue.']",-0.0,what color t shirt is the referee wearing?,,True,0.8140452349615311,0,correct_high
train::961,['unanswerable'],Nowhere.,0.0,"['On right.', 'Nowhere.', 'Box.', 'Store.', 'Nowhere.', 'Nowhere.', 'Box.', 'None.', 'Market.', 'Nowhere.']",1.3592367006650063,Where do you see yellow bananas?,,True,0.8140452349615311,1,correct_low
train::967,['5'],4.,0.0,"['8.', '9.', '8.', '3.', '9.', '6.', '8.', '6.', '6.', '9.']",1.313834033192747,How many people are on their phones?,,False,0.8140452349615311,1,incorrect_low
train::968,['2'],2.,1.0,"['2.', '2.', '2.', '2.', '2.', '2.', '2.', '2.', '2.', '2.']",-0.0,How many stuffed animals?,,True,0.8140452349615311,0,correct_high
train::969,['4'],1.,0.0,"['2.', '1.', '2.', '1.', '4.', '1.', '1.', '1.', '1.', '0.']",1.0888999753452235,how many street lights are pictured?,,False,0.8140452349615311,1,incorrect_low
train::972,['canada'],Canada.,1.0,"['Canada.', 'Canada.', 'Canada.', 'Canada.', 'Canada.', 'Canada.', 'Canada.', 'Canada.', 'Ontario.', 'Canada.']",0.3250829733914482,What text is shown on the front of the young boy's jacket?,,True,0.8140452349615311,0,correct_high
train::978,['open'],Open.,1.0,"['Open.', 'Open.', 'Open.', 'Open.', 'Open.', 'Open.', 'Open.', 'Open.', 'Open.', 'Open.']",-0.0,What does the sign on the door say?,,True,0.8140452349615311,0,correct_high
train::980,['left'],Left.,1.0,"['Left.', 'Left.', 'Left.', 'Left.', 'Left.', 'Left.', 'Left.', 'Right.', 'Left.', 'Left.']",0.3250829733914482,Are the majority of cars heading towards the left or right side of the image?,,True,0.8140452349615311,0,correct_high
train::981,['yellow'],Black.,0.0,"['Black.', 'Black.', 'Black.', 'Black.', 'Black.', 'Black.', 'Black.', 'Brown.', 'White.', 'Black.']",0.639031859650177,What coloring is the lettering on the sign on the lefthand side?,,False,0.8140452349615311,0,incorrect_high
train::983,['left'],Right.,0.0,"['Right.', 'Right.', 'Left.', 'Left.', 'Right.', 'Right.', 'Right.', 'Right.', 'Right.', 'Left.']",0.6108643020548935,Which arm does the pitcher use to throw?,,False,0.8140452349615311,0,incorrect_high
train::986,['outside'],Outside.,1.0,"['Outside.', 'Outside.', 'Outside.', 'Inside.', 'Outside.', 'Outside.', 'Outside.', 'Outside.', 'Outside.', 'Inside.']",0.5004024235381879,Is the light in the bathroom coming from the inside or outside?,,True,0.8140452349615311,0,correct_high
train::988,['little'],Mickey.,0.0,"['Happy.', 'Happy.', 'Mickey.', 'Mickey.', 'Mickey.', 'Mickey.', 'Mickey.', 'Mickey.', 'Hello.', 'Happy.']",0.8979457248567797,What is the first word on the circular patch on the child's sleeve?,,False,0.8140452349615311,1,incorrect_low
train::990,['0'],0.,1.0,"['0.', '0.', '0.', '0.', '0.', '0.', '0.', '0.', '0.', '0.']",-0.0,How many black tricycles in this picture?,,True,0.8140452349615311,0,correct_high
validation::1,['black'],Black.,1.0,"['Black.', 'Black.', 'Black.', 'Black.', 'Black.', 'Black.', 'Black.', 'Black.', 'Black.', 'Black.']",-0.0,What color is the crate that the dog is in?,,True,0.8140452349615311,0,correct_high
validation::10,['2'],2.,1.0,"['2.', '2.', '2.', '2.', '2.', '2.', '2.', '2.', '2.', '2.']",-0.0,how many horses?,,True,0.8140452349615311,0,correct_high
validation::100,['black'],White.,0.0,"['White.', 'White.', 'White.', 'White.', 'White.', 'White.', 'White.', 'White.', 'White.', 'White.']",-0.0,What color is the number eight?,,False,0.8140452349615311,0,incorrect_high
validation::1003,['2'],1.,0.0,"['3.', '0.', '1.', '1.', '3.', '2.', '1.', '2.', '2.', '1.']",1.2798542258336676,how many women in the foreground have something on their wrists?,,False,0.8140452349615311,1,incorrect_low
validation::1006,['france'],France.,1.0,"['France.', 'France.', 'France.', 'France.', 'Fra.', 'France.', 'France.', 'France.', 'France.', 'France.']",0.3250829733914482,What country is F. Serra from?,,True,0.8140452349615311,0,correct_high
validation::1010,['big'],Big.,1.0,"['Big.', 'Big.', 'Big.', 'Big.', 'Big.', 'Big.', 'Big.', 'Fun.', 'Big.', 'Bi.']",0.639031859650177,What is the first word on the mug?,,True,0.8140452349615311,0,correct_high
validation::1012,['10'],4.,0.0,"['0.', '11.', '6.', '5.', '6.', '6.', '5.', '8.', '5.', '4.']",1.6434177197931796,How many people photos are on the screen?,,False,0.8140452349615311,1,incorrect_low
validation::1017,['partly cloudy'],Partly cloudy.,1.0,"['Partly cloudy.', 'Partly cloudy.', 'Partly cloudy.', 'Sunny.', 'Partly cloudy.', 'Sunny.', 'Sunny.', 'Partly cloudy.', 'Partly cloudy.', 'Sunny.']",0.6730116670092565,"Is it cloudy, sunny, partly cloudy, or rainy?",,True,0.8140452349615311,0,correct_high
validation::1018,['blue'],Red.,0.0,"['Red.', 'Yellow.', 'Red.', 'Blue.', 'Blue.', 'Red.', 'Yellow.', 'Red.', 'Red.', 'Red.']",0.9502705392332348,what color does the light that is usually green appear?,,False,0.8140452349615311,1,incorrect_low
validation::1019,['nose'],Ear.,0.0,"['Ear.', 'Cheek.', 'Eye.', 'Ear.', 'Eye.', 'Eye.', 'Ear.', 'Cheek.', 'Ear.', 'Ear.']",1.0296530140645737,Which part of the kitty is being touched by the woman's index finger?,,False,0.8140452349615311,1,incorrect_low
validation::1020,['orange'],Orange.,1.0,"['Orange.', 'Orange.', 'Red.', 'Orange.', 'Orange.', 'Orange.', 'Red.', 'Orange.', 'Orange.', 'Orange.']",0.5004024235381879,What color stripe is on the mouse?,,True,0.8140452349615311,0,correct_high
validation::1022,['left'],Both.,0.0,"['Back.', 'Both.', 'Both.', 'Both.', 'Front.', 'Both.', 'Front.', 'Left.', 'Front.', 'Right.']",1.4184836619456564,On which paw can you see the cat's claw?,,False,0.8140452349615311,1,incorrect_low
validation::1024,['1'],1.,1.0,"['1.', '1.', '1.', '1.', '1.', '1.', '1.', '1.', '1.', '2.']",0.3250829733914482,How many lemons are there?,,True,0.8140452349615311,0,correct_high
validation::1030,['m'],M.,1.0,"['M.', 'M.', 'M.', 'M.', 'M.', 'M.', 'M.', 'M.', 'M.', 'M.']",-0.0,What is the first letter on the red banner in the background?,,True,0.8140452349615311,0,correct_high
validation::1032,['7'],8.,0.0,"['8.', '8.', '8.', '8.', '8.', '6.', '8.', '8.', '6.', '6.']",0.6108643020548935,How many arms are in the picture,,False,0.8140452349615311,0,incorrect_high
validation::1034,['2'],2.,1.0,"['3.', '2.', '3.', '4.', '1.', '3.', '2.', '2.', '2.', '3.']",1.193549604098133,how many zebras are in the picture?,,True,0.8140452349615311,1,correct_low
validation::1039,['bridgestone'],Bridgestone.,1.0,"['Bridgestone.', 'Bridgestone.', 'Bridgestone.', 'Bridgestone.', 'Bridgestone.', 'Bridgestone.', 'Bridgestone.', 'Bridgestone.', 'Bridgestone.', 'Bridgestone.']",-0.0,what tire brand on sign?,,True,0.8140452349615311,0,correct_high
validation::104,['amtrak'],Amtrak.,1.0,"['Amtrak.', 'Amtrak.', 'Amtrak.', 'Amtrak.', 'Amtrak.', 'Amtrak.', 'Amtrak.', 'Amtrak.', 'Amtrak.', 'Amtrak.']",-0.0,What company name is on the side?,,True,0.8140452349615311,0,correct_high
validation::1047,['0'],0.,1.0,"['1.', '0.', '1.', '0.', '0.', '0.', '1.', '0.', '0.', '0.']",0.6108643020548935,how many trucks on the bottom right not colored orange?,,True,0.8140452349615311,0,correct_high
validation::1049,['forward'],Right.,0.0,"['Left.', 'Left.', 'Upwards.', 'Towards each other.', 'Up.', 'Left.', 'Left.', 'Right.', 'Up.', 'Up.']",1.193549604098133,In which direction are the people in the image facing?,,False,0.8140452349615311,1,incorrect_low
validation::1051,['2'],2.,1.0,"['6.', '1.', '3.', '2.', '4.', '3.', '4.', '2.', '5.', '3.']",1.6957425341696346,How many people are sitting on large rocks?,,True,0.8140452349615311,1,correct_low
validation::1053,['lettuce'],Spinach.,0.0,"['Lettuce.', 'Spinach.', 'Spinach.', 'Spinach.', 'Spinach.', 'Spinach.', 'Spinach.', 'Spinach.', 'Spinach.', 'Spinach.']",0.3250829733914482,What is the green vegetable?,,True,0.8140452349615311,0,correct_high
validation::1056,['0'],3.,0.0,"['3.', '4.', '10.', '4.', '2.', '4.', '5.', '3.', '5.', '3.']",1.5047882836811908,How many books can be seen on the bottom shelf that is straight down from the camera?,,False,0.8140452349615311,1,incorrect_low
validation::1057,['lenox hill'],Lenox hill.,1.0,"['Lenox hill.', 'Lenox hill.', 'LeRoy hill.', 'Lesox hill.', 'Lenox hill.', 'Lenox hill.', 'Lenox hill.', 'Lexington hill.', 'Lenox hill.', 'Lenox hill.']",0.639031859650177,What hospital's name is on the clock?,,True,0.8140452349615311,0,correct_high
validation::1060,['67'],67.,1.0,"['67.', '67.', '67.', '67.', '67.', '67.', '67.', '67.', '67.', '67.']",-0.0,What are the two digits after 78 on the motorcycle?,,True,0.8140452349615311,0,correct_high
validation::1062,['polvin'],Nothing.,0.0,"[""Can't see it."", 'Welcome.', 'Flag.', 'Nothing.', 'Flag.', 'Not possible.', ""Can't see."", 'Flag.', 'Hard to read.', 'Flag.']",1.4184836619456564,What word is on the blue sign?,,False,0.8140452349615311,1,incorrect_low
validation::1067,['writing'],Writing.,1.0,"['Writing.', 'Drawing.', 'Writing.', 'Writing.', 'Writing.', 'Sitting.', 'Drawing.', 'Sketching.', 'Reading.', 'Sitting.']",1.2798542258336674,What is the person doing?,,True,0.8140452349615311,1,correct_low
validation::1070,['2'],2.,1.0,"['2.', '2.', '1.', '2.', '1.', '1.', '2.', '2.', '2.', '2.']",0.6108643020548935,How many people are shown?,,True,0.8140452349615311,0,correct_high
validation::1074,['fanta'],Soda.,0.0,"['Beer.', 'Soda.', 'Soda.', 'Soda.', 'Root beer.', 'Soda.', 'Soda.', 'root beer.', 'Soda.', 'Soda.']",0.8018185525433373,What type of beverage is on the table?,,True,0.8140452349615311,0,correct_high
validation::108,['left'],Left.,1.0,"['Right.', 'Left.', 'Right.', 'Left.', 'Left.', 'Left.', 'Left.', 'Right.', 'Left.', 'Right.']",0.6730116670092565,"Which arm is the person holding the bag with, their left or their right?",,True,0.8140452349615311,0,correct_high
validation::1080,['black and silver'],Black and silver.,1.0,"['Black and silver.', 'Black.', 'Black and silver.', 'Black and silver.', 'Black and silver.', 'Black and silver.', 'Black and silver.', 'Black.', 'Black and silver.', 'Black and silver.']",0.5004024235381879,what colors are the bike,,True,0.8140452349615311,0,correct_high
validation::1082,['3'],0.,0.0,"['0.', '2.', '0.', '0.', '0.', '0.', '0.', '0.', '0.', '2.']",0.5004024235381879,How many bottles of ketchup do you see?,,False,0.8140452349615311,0,incorrect_high
validation::1086,['2'],2.,1.0,"['2.', '2.', '2.', '2.', '2.', '2.', '2.', '2.', '2.', '2.']",-0.0,how many baskets?,,True,0.8140452349615311,0,correct_high
validation::109,['6'],6.,1.0,"['7.', '6.', '6.', '6.', '7.', '6.', '6.', '7.', '6.', '7.']",0.6730116670092565,How many people can be seen in the room?,,True,0.8140452349615311,0,correct_high
validation::1090,['rocks'],Rocks.,1.0,"['Rocks.', 'Rocks.', 'Rocks.', 'Rocks.', 'Rocks.', 'Rocks.', 'Rocks.', 'Rocks.', 'Rocks.', 'Gorillas.']",0.3250829733914482,What objects are pictured closest to the camera?,,True,0.8140452349615311,0,correct_high
validation::1092,['3'],2.,0.0,"['2.', '3.', '2.', '2.', '2.', '2.', '2.', '2.', '2.', '2.']",0.3250829733914482,How many fingers are touching the wine glass?,,False,0.8140452349615311,0,incorrect_high
validation::1094,['0'],0.,1.0,"['0.', '0.', '2.', '0.', '0.', '0.', '0.', '0.', '0.', '2.']",0.5004024235381879,How many legs are visible?,,True,0.8140452349615311,0,correct_high
validation::1095,['1'],3.,0.0,"['3.', '3.', '3.', '4.', '2.', '2.', '3.', '2.', '3.', '3.']",0.8979457248567798,How many types of dessert food are visible?,,False,0.8140452349615311,1,incorrect_low
validation::1096,['birdcage'],Birdcage.,1.0,"['Birdcage.', 'Birdcage.', 'Birdcage.', 'Birdcage.', 'Birdcage.', 'Birdcage.', 'Birdcage.', 'Birdcage.', 'Birdcage.', 'Birdcage.']",-0.0,What is the object in the table?,,True,0.8140452349615311,0,correct_high
validation::1102,['life up'],E.,0.0,"['Naish.', 'Lifeguard.', 'E.', 'P.', 'Ion.', 'E.', 'R2.', 'F2.', 'Nss.', 'Rs.']",2.163955656882057,What is written on the right side of the surfboard in blue?,,False,0.8140452349615311,1,incorrect_low
validation::1107,['water'],On ground.,0.0,"['On ground.', 'Ground.', 'Ground.', 'On ground.', 'On ground.', 'On ground.', 'On rock.', 'Ground.', 'On ground.', 'In water.']",0.639031859650177,Where are the bear's paws?,,False,0.8140452349615311,0,incorrect_high
validation::1111,['n'],N.,1.0,"['M.', 'T.', 'N.', 'N.', 'A.', 'N.', 'X.', 'N.', 'N.', 'M.']",1.3592367006650063,What letter is on the front of the train?,,True,0.8140452349615311,1,correct_low
validation::1118,['car'],Bus.,0.0,"['Train.', 'Car.', 'Bus.', 'Truck.', 'Car.', 'Helicopter.', 'Truck.', 'Airplane.', 'Car.', 'Bus.']",1.6957425341696346,what vehicle is on the man's shirt?,,False,0.8140452349615311,1,incorrect_low
validation::112,['0'],1.,0.0,"['1.', '1.', '5.', '5.', '5.', '1.', '5.', '5.', '5.', '5.']",0.6108643020548935,What is the number digit with the red cross in it?,,False,0.8140452349615311,0,incorrect_high
validation::1120,['solid'],Solid.,1.0,"['None.', 'Solid.', 'Solid.', 'Solid.', 'Solid.', 'Solid.', 'Solid.', 'Solid.', 'Solid.', 'Solid.']",0.3250829733914482,What pattern is the wall?,,True,0.8140452349615311,0,correct_high
validation::1122,['looking through donuts'],Eating donuts.,0.0,"['Eating donuts.', 'Eating.', 'Eating.', 'Eating.', 'Eating donuts.', 'Eating.', 'Eating.', 'Playing with food.', 'Eating donuts.', 'Eating doughnuts.']",0.9433483923290392,What are the girls doing?,,False,0.8140452349615311,1,incorrect_low
validation::1124,['pink and yellow'],Pink and yellow.,1.0,"['Pink and yellow.', 'Purple and yellow.', 'Yellow and pink.', 'Pink and yellow.', 'Yellow and pink.', 'Pink and yellow.', 'Red and yellow.', 'Pink and yellow.', 'Red and yellow.', 'Red and yellow.']",0.8979457248567798,What 2 colors is the toothbrush?,,True,0.8140452349615311,1,correct_low
validation::1127,['hlowld'],Holo.,0.0,"['Yolo.', 'Holme.', 'Vtc.', 'Hovcd.', 'Hojo.', 'Hol.', 'Wood.', 'Hov.', 'Nlo.', 'Hol.']",1.9730014063936128,What are the letters of the motorcycle's liscense plate?,,False,0.8140452349615311,1,incorrect_low
validation::1129,['spring'],Spring.,1.0,"['Spring.', 'Spring.', 'Spring.', 'Spring.', 'Spring.', 'Spring.', 'Spring.', 'Spring.', 'Spring.', 'Spring.']",-0.0,What season is on the banner?,,True,0.8140452349615311,0,correct_high
validation::113,['wings'],None.,0.0,"['None.', '3', 'Two vertical lines.', 'None.', '4837280', 'None.', 'None.', 'Letter A', 'None.', 'There is no picture on either side of the M.']",1.2275294114572126,What picture is on Either side of the M?,,False,0.8140452349615311,1,incorrect_low
validation::1132,['8'],2.,0.0,"['3.', '2.', '1.', '3.', '1.', '5.', '2.', '1.', '1.', '2.']",1.2798542258336676,How many windows are visible on the upper brick portion of the building?,,False,0.8140452349615311,1,incorrect_low
validation::1133,['3'],2.,0.0,"['3.', '2.', '3.', '2.', '3.', '3.', '3.', '2.', '3.', '3.']",0.6108643020548935,How many animals have a tag?,,False,0.8140452349615311,0,incorrect_high
validation::1135,['sampras'],Sappers.,0.0,"['Sappers matti.', 'Sappers mattin.', 'Sampras.', 'Sapporo.', 'Shawn johnson.', 'Sapporo.', 'Sappers martini.', 'Sappers matter.', 'Rodgers.', 'Sappers.']",1.834371970281624,"What is the top name, on the scoreboard?",,False,0.8140452349615311,1,incorrect_low
validation::1137,['watermelon'],Watermelon.,1.0,"['Watermelon.', 'Watermelon.', 'Watermelon.', 'Watermelon.', 'Watermelon.', 'Watermelon.', 'Watermelon.', 'Watermelon.', 'Watermelon.', 'Watermelon.']",-0.0,What is the woman on the left holding?,,True,0.8140452349615311,0,correct_high
validation::1139,['life not available on tv'],I don't know.,0.0,"['Game.', 'Wii.', ""I don't know."", 'Candy.', ""I don't know."", 'Game.', ""Can't read it."", 'I love my bicycle.', 'Star tours.', ""I don't know.""]",1.834371970281624,What does the man's shirt say?,,False,0.8140452349615311,1,incorrect_low
validation::114,['pink and blue'],Pink and blue.,1.0,"['Pink and blue.', 'Pink and blue.', 'Pink and blue.', 'Blue and red.', 'Pink and blue.', 'Red and blue.', 'Pink and blue.', 'Blue and pink.', 'Pink and blue.', 'Pink and blue.']",0.5004024235381879,What is the color of the two seats?,,True,0.8140452349615311,0,correct_high
validation::1140,['6'],There are four knobs on the stove in this image.,0.0,"['There are four knobs on the stove in this image.', 'There are four knobs on the stove in this image.', 'There are three knobs on the stove.', 'There are 5 knobs on the stove in this image.', 'There are four knobs on the stove in this image.', 'There are three knobs on the stove in this image.', 'There are three knobs on the stove in this image.', 'There are three knobs on the stove in this image.', 'There are three knobs on the stove in this image.', 'There are three knobs on the stove in this image.']",0.8979457248567797,How many knobs are there on the stove in this image?,,False,0.8140452349615311,1,incorrect_low
validation::1142,['birds'],Bird.,0.0,"['Bird.', 'Bird.', 'Bird.', 'Bird.', 'Bird.', 'Bird.', 'Bird.', 'Birds.', 'Birds.', 'Bird.']",-0.0,What other living thing is shown with the giraffes?,,True,0.8140452349615311,0,correct_high
validation::1144,['elephant'],Elephant.,1.0,"['Elephant.', 'Elephant.', 'Elephant.', 'Elephant.', 'Elephant.', 'Elephant.', 'Cat.', 'Elephant.', 'Elephant.', 'Elephant.']",0.3250829733914482,What does the hat look like?,,True,0.8140452349615311,0,correct_high
validation::1147,['angle'],Angle.,1.0,"['Angle.', 'Angle.', 'Angle.', 'Angle.', 'Angle.', 'Angle.', 'Angle.', 'Angle.', 'Angle.', 'Angle.']",-0.0,Is the man standing straight or at an angle?,,True,0.8140452349615311,0,correct_high
validation::1148,['sa883k'],Sa 8831.,0.0,"['Sa 883 k.', 'Sa 883 k.', 'Sa 883 x.', 'Sa 8831.', 'Sa 883 k.', 'Sa 863 h.', 'Sa8881k.', 'Sa 883 h.', 'Sa 883 h.', 'Sa 883 h.']",1.4184836619456564,What is the license plate on the left car?,,False,0.8140452349615311,1,incorrect_low
validation::1152,['left'],Right.,0.0,"['Left.', 'Right.', 'Right.', 'Left.', 'Right.', 'Right.', 'Right.', 'Right.', 'Right.', 'Left.']",0.6108643020548935,Is the person holding the broccoli with their left or right hand?,,False,0.8140452349615311,0,incorrect_high
validation::1157,['263'],124.,0.0,"['224.', '005.', '238.', '261.', '31.', '121.', '156.', '978.', '505.', '048.']",2.302585092994045,What are the 3 numbers on top of the side mirror?,,False,0.8140452349615311,1,incorrect_low
validation::1159,['2'],2.,1.0,"['2.', '2.', '2.', '2.', '2.', '5.', '2.', '2.', '2.', '2.']",0.3250829733914482,How many objects are there in the picture that look like eyes?,,True,0.8140452349615311,0,correct_high
validation::1164,['dog'],Dog.,1.0,"['Dog.', 'Dog.', 'Dog.', 'Person.', 'Dog.', 'Dog.', 'Dog.', 'Dog.', 'Dog.', 'Dog.']",0.3250829733914482,What is behind the horse?,,True,0.8140452349615311,0,correct_high
validation::1167,['5'],2.,0.0,"['3.', '2.', '2.', '2.', '3.', '3.', '2.', '2.', '2.', '3.']",0.6730116670092565,How many lights a visible around the top of the truck?,,False,0.8140452349615311,0,incorrect_high
validation::1173,['yellow'],Red.,0.0,"['Red.', 'Red.', 'Red.', 'Red.', 'Red.', 'Red.', 'Red.', 'Red.', 'Red.', 'Yellow.']",0.3250829733914482,What color is the back of the traffic lights?,,False,0.8140452349615311,0,incorrect_high
validation::1174,['bunny'],Cat.,0.0,"['Cat.', 'Cat.', 'Bear.', 'Chicken.', 'Chicken.', 'Chicken.', 'Cat.', 'Cat.', 'Panda.', 'Turtle.']",1.4184836619456564,What animal is on the front of the green door?,,False,0.8140452349615311,1,incorrect_low
validation::1175,"['white, red, gren, black']","Green, red, white, black.",1.0,"['Green, red, white, black.', 'Red, white, green and black.', 'Green, white, red and yellow.', 'Red green yellow white.', 'Green red white gray.', 'Green, white, red and yellow.', 'Red green yellow white.', 'Red, white, green, black.', 'Red green white and yellow.', 'Green, red, white and black.']",1.2206072645530173,what four colors make up the train?,,False,0.8140452349615311,1,incorrect_low
validation::1178,['blue and white'],Blue and white.,1.0,"['Blue and white.', 'Blue and white.', 'Blue and white.', 'Blue and white.', 'Blue and white.', 'Blue and white.', 'Blue and white.', 'Blue and white.', 'Blue and white.', 'Blue and white.']",-0.0,What two colors are the snowboard shown in this image?,,True,0.8140452349615311,0,correct_high
validation::1181,['3'],2.,0.0,"['2.', '2.', '3.', '3.', '2.', '3.', '2.', '2.', '2.', '3.']",0.6730116670092565,How many cows?,,False,0.8140452349615311,0,incorrect_high
validation::1183,['fsg'],Fs g.,0.0,"['Fs g.', 'Fs g.', 'Fs g.', 'Fsg.', 'Fs g.', 'Fs and g.', 'Fs and g.', 'Fsg.', 'Fsg.', 'Fs g.']",-0.0,"Which letters are featured prominently, hanging from the cross-beam?",,True,0.8140452349615311,0,correct_high
validation::1186,['right'],Right.,1.0,"['Right.', 'Right.', 'Right.', 'Right.', 'Right.', 'Right.', 'Right.', 'Right.', 'Right.', 'Right.']",-0.0,Which side are trees in this picture?,,True,0.8140452349615311,0,correct_high
validation::1187,['to'],Well.,0.0,"['Well.', 'Wishing.', 'Well.', 'Well.', 'Well.', 'Wishing.', 'Well.', 'Well.', 'Wishing.', 'Wishing.']",0.6730116670092565,What is the third word inside the pizza box?,,False,0.8140452349615311,0,incorrect_high
validation::1189,['ulc'],NYFD.,0.0,"['Wnct.', 'Ampri.', 'YNVI.', 'SAF.', 'NYNT.', 'NY.', 'PVD.', 'NYNTP.', 'WA.', 'UNION.']",2.302585092994045,What letters are inside the circle on the hydrant?,,False,0.8140452349615311,1,incorrect_low
validation::1190,['6'],6.,1.0,"['6.', '8.', '8.', '8.', '6.', '10.', '6.', '6.', '8.', '8.']",0.9433483923290392,How many tyres in truck?,,True,0.8140452349615311,1,correct_low
validation::1192,['welcome'],Welcome.,1.0,"['Welcome.', 'Welcome.', 'WELCOME.', 'Welcome.', 'Welcome.', 'Welcome.', 'WELCOME.', 'Welcome.', 'Welcome.', 'Welcome.']",-0.0,What word appears to the left of the sword on the wall?,,True,0.8140452349615311,0,correct_high
validation::1193,['helmets'],Hard hats.,0.0,"['Hard hats.', 'Hard hats.', 'Hard hats.', 'Helmets.', 'Hard hats.', 'Helmets.', 'Hard hats.', 'Hard hats.', 'Hard hats.', 'Hats.']",0.8018185525433372,what are those guys wearing on their heads?,,True,0.8140452349615311,0,correct_high
validation::1194,['3'],3.,1.0,"['3.', '3.', '3.', '3.', '4.', '4.', '3.', '4.', '3.', '3.']",0.6108643020548935,How many types of vegetables are there?,,True,0.8140452349615311,0,correct_high
validation::1196,['atm'],Atm.,1.0,"['ATM.', 'Atm.', 'Atm.', 'Atm.', 'ATM.', 'ATM.', 'ATM.', 'Atm.', 'Atm.', 'Atm.']",-0.0,What does the sign say is inside?,,True,0.8140452349615311,0,correct_high
validation::1197,['1'],1.,1.0,"['1.', '1.', '1.', '1.', '1.', '1.', '1.', '1.', '1.', '1.']",-0.0,How many children are on the sign?,,True,0.8140452349615311,0,correct_high
validation::1199,['200'],200.,1.0,"['200.', '200.', '200 each.', '2000.', '200.', '200.', '0.20.', '200.', '200.', '200.']",0.9404479886553264,how much does the chocolate banana cost?,,True,0.8140452349615311,1,correct_low
validation::120,['brown'],Brown.,1.0,"['Brown.', 'Brown.', 'Black.', 'Brown.', 'Black.', 'Gray.', 'Brown.', 'Black.', 'Brown.', 'Brown.']",0.8979457248567797,what color are the handles on the travel bag?,,True,0.8140452349615311,1,correct_low
validation::1203,['6'],3.,0.0,"['2.', '2.', '2.', '3.', '4.', '2.', '2.', '3.', '3.', '3.']",0.9433483923290392,how many arch windows at the very top?,,False,0.8140452349615311,1,incorrect_low
validation::1205,['6'],5.,0.0,"['6.', '6.', '5.', '4.', '7.', '6.', '7.', '5.', '5.', '8.']",1.5047882836811908,How many railroad tracks are shown in this image?,,False,0.8140452349615311,1,incorrect_low
validation::1208,['5'],10.,0.0,"['7.', '5.', '5.', '0.', '7.', '9.', '6.', '8.', '4.', '9.']",1.8866967846580784,What number is centered beneath the blue square on the man's shirt?,,False,0.8140452349615311,1,incorrect_low
validation::1212,['7'],7.,1.0,"['6.', '6.', '8.', '7.', '8.', '7.', '8.', '7.', '6.', '6.']",1.0888999753452238,How many giraffes are there altogether?,,True,0.8140452349615311,1,correct_low
validation::1214,['pirate'],Pirates.,0.0,"['Pirate.', 'Pirates.', 'Pirates.', 'Pirates.', 'Pirates.', 'Pirates.', 'Pirates.', 'Pirates.', 'PIRATE.', 'Pirates.']",-0.0,What is the first word under the skull on the mug?,,False,0.8140452349615311,0,incorrect_high
validation::122,['black'],Blue.,0.0,"['Blue.', 'Green.', 'Blue.', 'Red.', 'Blue.', 'Blue.', 'Purple.', 'Blue.', 'Black.', 'Purple.']",1.3592367006650063,What color trim does the yellow kite have?,,False,0.8140452349615311,1,incorrect_low
validation::1221,['8:35'],10:08.,0.0,"['3:45.', '6:50.', '1:09.', '12:01.', '1:30.', '10:05.', '3:35.', '3:00.', '12:00.', '10:30.']",2.163955656882057,What time is shown on the clock?,,False,0.8140452349615311,1,incorrect_low
validation::1224,['621'],621.,1.0,"['621.', '621.', '621.', '621.', '621.', '621.', '621.', '621.', '621.', '621.']",-0.0,What three numbers are on the bottom of the bus?,,True,0.8140452349615311,0,correct_high
validation::1225,['white'],White.,1.0,"['White.', 'White.', 'White.', 'White.', 'White.', 'Clear.', 'Clear.', 'Clear.', 'Clear.', 'White.']",0.6730116670092565,What color is the tip of the bottle?,,True,0.8140452349615311,0,correct_high
validation::1226,['black'],White.,0.0,"['White.', 'Pink.', 'White.', 'Black.', 'White.', 'Pink.', 'White.', 'White.', 'Pink.', 'White.']",0.8979457248567797,What color is the cat's chin?,,False,0.8140452349615311,1,incorrect_low
validation::1228,['10:05'],12:00.,0.0,"['1:35.', '4:00.', '11:45.', '6:05.', '2:35.', '4:00.', '4:50.', '11:20.', '12:00.', '4:35.']",2.163955656882057,What time is it?,,False,0.8140452349615311,1,incorrect_low
validation::1229,['3'],2.,0.0,"['0.', '2.', '2.', '2.', '2.', '2.', '2.', '2.', '2.', '3.']",0.639031859650177,How many yellow duck?,,False,0.8140452349615311,0,incorrect_high
validation::1235,['black'],Gray.,0.0,"['Gray.', 'Red.', 'Black.', 'Gray.', 'Black.', 'Gray.', 'Gray.', 'Black.', 'Gray.', 'Gray.']",0.8979457248567798,What color jacket is the man in the middle wearing,,False,0.8140452349615311,1,incorrect_low
validation::1236,['up'],Down.,0.0,"['Down.', 'Down.', 'Down.', 'Down.', 'Down.', 'Down.', 'Down.', 'Down.', 'Down.', 'Down.']",-0.0,Is her hair up or down?,,False,0.8140452349615311,0,incorrect_high
validation::1242,['left'],Right.,0.0,"['Right.', 'Right.', 'Right.', 'Right.', 'Left.', 'Right.', 'Left.', 'Right.', 'Left.', 'Left.']",0.6730116670092565,Which of the woman with the pink umbrella's feet is more visible?,,False,0.8140452349615311,0,incorrect_high
validation::1243,['white'],White.,1.0,"['Silver.', 'White.', 'White.', 'Silver.', 'White.', 'White.', 'Yellow.', 'White.', 'White.', 'White.']",0.8018185525433372,what color is the cordon?,,True,0.8140452349615311,0,correct_high
validation::1244,['32'],0.,0.0,"['0.', '0.', '0.', '2.', '9.', '0.', '0.', '0.', '0.', '0.']",0.639031859650177,What number is on the piece of cardboard in the tub?,,False,0.8140452349615311,0,incorrect_high
validation::1245,['1'],2.,0.0,"['2.', '3.', '2.', '2.', '4.', '1.', '2.', '3.', '2.', '1.']",1.2206072645530175,How man y lights on lamp posts are present in this image?,,False,0.8140452349615311,1,incorrect_low
validation::1248,['crest'],Colgate.,0.0,"['Colgate.', 'Crest.', 'Crest.', 'Colgate.', 'Colgate.', 'Colgate.', 'Crest.', 'Colgate.', 'Crest.', 'Colgate.']",0.6730116670092565,what tooth paste brand can be seen?,,False,0.8140452349615311,0,incorrect_high
validation::1249,['pine'],Land av.,0.0,"['Land av.', 'Cental Ave.', 'Sw 8th st.', 'Land av.', 'Broadway.', 'Salmon.', 'N central ave.', 'Dwald av.', 'Landau blvd.', 'Lakeview av.']",2.163955656882057,what is the street name?,,False,0.8140452349615311,1,incorrect_low
validation::1250,['8'],8.,1.0,"['7.', '9.', '9.', '8.', '12.', '8.', '8.', '8.', '8.', '9.']",1.1682824501765623,How many dessert items are on the plate?,,True,0.8140452349615311,1,correct_low
validation::1251,['1'],10.,0.0,"['6.', '6.', '6.', '6.', '6.', '10.', '4.', '7.', '6.', '12.']",1.2275294114572126,How many people are sitting in the trolley?,,False,0.8140452349615311,1,incorrect_low
validation::1256,['cats'],0.,0.0,"['0.', 'There are no animals in the picture.', 'Birds.', '0.', 'None.', '0.', 'None.', '0.', 'None.', '0.']",0.9433483923290392,what animals are in the picture on the left?,,False,0.8140452349615311,1,incorrect_low
validation::1257,['green and white'],Blue and white.,1.0,"['White and black.', 'Blue and white.', 'Orange and white.', 'Blue and white.', 'Black and white.', 'Blue and white.', 'Black.', 'Blue and red.', 'White and green.', 'Blue and white.']",1.6094379124341,what is the 2 color of the letters on the signage of the building?,,False,0.8140452349615311,1,incorrect_low
validation::1258,['5'],3.,0.0,"['4.', '5.', '3.', '4.', '3.', '2.', '3.', '3.', '1.', '3.']",1.3592367006650063,How many chairs for 1 person are shown?,,False,0.8140452349615311,1,incorrect_low
validation::1259,['kettle'],Nothing.,0.0,"['Kettle.', 'Pot.', 'Nothing.', 'Nothing.', 'Nothing.', 'Pot.', 'Nothing.', 'Nothing.', 'Nothing.', 'Nothing.']",0.8018185525433373,what is on the burner next to the pot?,,False,0.8140452349615311,0,incorrect_high
validation::1261,['7000'],7000.,1.0,"['7000.', '7000.', '7000.', '7000.', '7000.', '7000.', '7000.', '7000.', '7000.', '7000.8.']",0.3250829733914482,What is the number on the mattress?,,True,0.8140452349615311,0,correct_high
validation::1263,['6'],0.,0.0,"['4.', '7.', '0.', '7.', '0.', '0.', '0.', '24.', '0.', '6.']",1.3592367006650063,How many coat hangers are shown,,False,0.8140452349615311,1,incorrect_low
validation::1269,['left'],Right.,0.0,"['Left.', 'Right.', 'Right.', 'Right.', 'Right.', 'Right.', 'Left.', 'Left.', 'Left.', 'Right.']",0.6730116670092565,Which ankle is connected to the surf board?,,False,0.8140452349615311,0,incorrect_high
validation::1272,['1'],0.,0.0,"['0.', '0.', '0.', '0.', '0.', '0.', '0.', '0.', '0.', '0.']",-0.0,How many beer bottles are in the blue box to the left?,,False,0.8140452349615311,0,incorrect_high
validation::1273,['23'],23.,1.0,"['63.', '34.', '23.', '33.', '33.', '33.', '63.', '25.', '33.', '33.']",1.3592367006650063,What number is on the player's uniform?,,True,0.8140452349615311,1,correct_low
validation::1274,['left'],Left.,1.0,"['Left.', 'Left.', 'Left.', 'Left.', 'Left.', 'Left.', 'Right.', 'Left.', 'Right.', 'Left.']",0.5004024235381879,Are majority of the cars going left or right?,,True,0.8140452349615311,0,correct_high
validation::1277,['movies'],Books.,0.0,"['Books.', 'Books.', 'Books.', 'Books.', 'Books.', 'Books.', 'Books.', 'Books.', 'Books.', 'Books.']",-0.0,whats stacked up to the left of the standing speaker,,False,0.8140452349615311,0,incorrect_high
validation::1280,['11'],10.,0.0,"['12.', '11.', '10.', '12.', '12.', '10.', '12.', '10.', '12.', '11.']",1.0296530140645737,How many girls are shown?,,False,0.8140452349615311,1,incorrect_low
validation::1288,['blue shirt'],Blue shirt,1.0,"['Gray shirt', 'Blue shirt', 'Blue shirt', 'Blue shirt', 'Blue shirt', 'Blue shirt', 'Blue shirt', 'Blue shirt', 'White shirt', 'Blue shirt']",0.639031859650177,"Which of the following is she NOT wearing: gray shirt, blue shirt, white shirt?",,True,0.8140452349615311,0,correct_high
validation::1293,['flowers'],Flowers.,1.0,"['Mosaic.', 'Doves.', 'Flowers.', 'Puzzle.', 'Flowers.', 'Flowers.', 'Flowers.', 'Floral.', 'Flowers.', 'Mosaic.']",1.0888999753452235,What design is on the tilework on the walls?,,True,0.8140452349615311,1,correct_low
validation::13,['middle'],Bottom.,0.0,"['Bottom.', 'Bottom.', 'Bottom.', 'Bottom.', 'Bottom.', 'Bottom.', 'Bottom.', 'Bottom.', 'Bottom.', 'Bottom.']",-0.0,what shelf on the silver cart has the least amount of items?,,False,0.8140452349615311,0,incorrect_high
validation::130,['4'],4.,1.0,"['0.', '4.', '4.', '4.', '4.', '6.', '0.', '4.', '3.', '4.']",1.0888999753452235,How many long teeth are showing?,,True,0.8140452349615311,1,correct_low
validation::1302,['left'],Left.,1.0,"['Left.', 'Left.', 'Left.', 'Left.', 'Left.', 'Left.', 'Left.', 'Left.', 'Right.', 'Left.']",0.3250829733914482,Is the taller man to the left or right in the foreground?,,True,0.8140452349615311,0,correct_high
validation::1308,['2'],3.,0.0,"['6.', '4.', '2.', '2.', '2.', '3.', '4.', '2.', '1.', '2.']",1.3592367006650063,How many people are standing up?,,False,0.8140452349615311,1,incorrect_low
validation::1311,['6'],1.,0.0,"['1.', '4.', '3.', '1.', '1.', '3.', '2.', '1.', '5.', '1.']",1.3592367006650063,How many carrots is the person holding up?,,False,0.8140452349615311,1,incorrect_low
validation::1312,['2'],2.,1.0,"['2.', '2.', '3.', '3.', '2.', '2.', '2.', '2.', '2.', '2.']",0.5004024235381879,How many dollops of whip cream are on the plate?,,True,0.8140452349615311,0,correct_high
validation::1314,['2'],2.,1.0,"['2.', '2.', '3.', '3.', '2.', '2.', '2.', '2.', '2.', '2.']",0.5004024235381879,How many total people and animals are visible?,,True,0.8140452349615311,0,correct_high
validation::1315,['10'],10.,1.0,"['9.', '9.', '10.', '11.', '7.', '7.', '6.', '10.', '10.', '8.']",1.6957425341696346,How many people are there?,,True,0.8140452349615311,1,correct_low
validation::1321,['kiss'],Winking.,0.0,"['Kiss.', 'Winking.', 'Surprised.', 'Kissing.', 'Winking.', 'Sad.', 'Blowing a kiss.', 'Kissing.', 'Winking.', 'Winking.']",1.4184836619456564,What kind of face is the woman shown in the top row making?,,False,0.8140452349615311,1,incorrect_low
validation::1323,['glasses'],Bear.,0.0,"['Bear.', 'Bear.', 'Bear.', 'Polar bear.', 'Bear.', 'Bear.', 'Bear.', 'Bear.', 'Hat.', 'Bear.']",0.639031859650177,What is on the man's head?,,False,0.8140452349615311,0,incorrect_high
validation::1324,['female'],Female.,1.0,"['Female.', 'Female.', 'Female.', 'Female.', 'Female.', 'Female.', 'Female.', 'Female.', 'Female.', 'Male.']",0.3250829733914482,Which gender is closest to the kite?,,True,0.8140452349615311,0,correct_high
validation::1326,['0'],0.,1.0,"['0.', '0.', '0.', '0.', '0.', '0.', '1.', '0.', '0.', '0.']",0.3250829733914482,How many glasses of white wine are fully visible?,,True,0.8140452349615311,0,correct_high
validation::133,['left'],Left.,1.0,"['Left.', 'Left.', 'Left.', 'Right.', 'Left.', 'Right.', 'Left.', 'Right.', 'Left.', 'Left.']",0.6108643020548935,Which wrist is she wearing a bracelet on?,,True,0.8140452349615311,0,correct_high
validation::1333,['16'],12.,0.0,"['12.', '24.', '12.', '12.', '12.', '12.', '12.', '12.', '12.', '12.']",0.3250829733914482,How many legs total?,,False,0.8140452349615311,0,incorrect_high
validation::1338,['none'],Right.,0.0,"['None.', '0.', 'Neither.', 'Neither.', 'All.', 'Right.', 'None.', 'Right.', 'Left.', 'Zebra on the right.']",1.1682824501765623,Which zebra has a saddle?,,False,0.8140452349615311,1,incorrect_low
validation::1339,['shoes'],Shoe.,0.0,"['Shorts.', 'Shoe.', 'Shorts.', 'Jeans.', 'Jeans.', 'Jeans.', 'Shoes.', 'Shoe.', 'Shoes.', 'Shoe.']",1.0296530140645737,What article of clothing is nearest the skateboard?,,True,0.8140452349615311,1,correct_low
validation::1341,['black'],Black.,1.0,"['Black.', 'Red.', 'Black.', 'Black.', 'Black.', 'Black.', 'Black.', 'Red.', 'Brown.', 'Black.']",0.8018185525433372,What color is the surfer's clothing between his elbow and wrist?,,True,0.8140452349615311,0,correct_high
validation::1345,['2'],Z.,0.0,"['Z.', 'E.', 'A.', 'C.', '2.', '7.', 'A.', '7.', 'S.', 'Z.']",1.8866967846580784,what is the last character of the license plate on the car to the far left,,False,0.8140452349615311,1,incorrect_low
validation::135,['black and blue'],Blue and black.,1.0,"['Blue and black.', 'Blue and black.', 'Blue and black.', 'Blue and black.', 'Blue and black.', 'Blue and black.', 'Blue and black.', 'Blue and black.', 'Blue and black.', 'Black and blue.']",-0.0,what colors are her shirt,,True,0.8140452349615311,0,correct_high
validation::1353,['2'],0.,0.0,"['0.', '0.', '0.', '0.', '0.', '0.', '0.', '0.', '0.', '0.']",-0.0,how many chains?,,False,0.8140452349615311,0,incorrect_high
validation::1357,['6'],4.,0.0,"['3.', '4.', '4.', '4.', '4.', '5.', '3.', '4.', '5.', '4.']",0.9502705392332348,How many green laptops are there in this scene?,,False,0.8140452349615311,1,incorrect_low
validation::136,['surfboard'],Surfboard.,1.0,"['Surfboard.', 'Parasail.', 'Surfboard.', 'Surfboard.', 'Surfboard.', 'Surfboard.', 'Surfboard.', 'Surfboard.', 'Surfboard.', 'Surfboard.']",0.3250829733914482,What type of equipment does the man in the water have?,,True,0.8140452349615311,0,correct_high
validation::1363,['left'],Right.,0.0,"['Right.', 'Left.', 'Left.', 'Right.', 'Left.', 'Left.', 'Right.', 'Right.', 'Left.', 'Left.']",0.6730116670092565,Which hand is further from the woman's face?,,False,0.8140452349615311,0,incorrect_high
validation::1369,['n'],N.,1.0,"['N.', 'N.', 'N.', 'M.', 'N.', 'Nc.', 'N.', 'N.', 'M.', 'No.']",0.8018185525433372,What is the letter on the train?,,True,0.8140452349615311,0,correct_high
validation::137,['3'],3.,1.0,"['3.', '2.', '2.', '3.', '3.', '3.', '2.', '2.', '2.', '3.']",0.6931471805599453,How many items are located on the mantel?,,True,0.8140452349615311,0,correct_high
validation::1370,['left'],Right.,0.0,"['Left.', 'Right.', 'Right.', 'Right.', 'Right.', 'Right.', 'Left.', 'Left.', 'Left.', 'Left.']",0.6931471805599453,Which foot is closest to the line?,,False,0.8140452349615311,0,incorrect_high
validation::1375,['teddy bear'],Bear.,1.0,"['Bear.', 'Bear.', 'Bear.', 'Car.', 'Bear.', 'Bear.', 'Bear.', 'Dog.', 'Bear.', 'Bear.']",0.639031859650177,What is the shape of the big cake?,,True,0.8140452349615311,0,correct_high
validation::1380,['6'],5.,0.0,"['5.', '5.', '5.', '5.', '5.', '5.', '5.', '5.', '5.', '8.']",0.3250829733914482,How many tile colors are in this picture?,,False,0.8140452349615311,0,incorrect_high
validation::1384,['sherman'],Sherman.,1.0,"['Sherman.', 'Sherman.', 'Sherman.', 'Sherman.', 'Sherman.', 'Sherman.', 'Sherman.', 'Sherman.', 'Sherman.', 'Sherman.']",-0.0,What is Cindy's last name?,,True,0.8140452349615311,0,correct_high
validation::1386,['horn'],Basket.,0.0,"['Bag.', 'Bag.', 'Bag.', 'Bag.', 'Basket.', 'Bag.', 'Basket.', 'Basket.', 'Bag.', 'Basket.']",0.6730116670092565,what is hanging near the man's stomach?,,False,0.8140452349615311,0,incorrect_high
validation::1388,['fork'],Spoon.,0.0,"['Fork.', 'Fork.', 'Spoon.', 'Fork.', 'Spoon.', 'Spoon.', 'Fork.', 'Spoon.', 'Spoon.', 'Spoon.']",0.6730116670092565,What is the woman on the left holding in her right hand?,,False,0.8140452349615311,0,incorrect_high
validation::139,['hachiko'],Nachiko.,0.0,"['Nachiko.', 'Nachiko.', 'Hachiko.', 'Nachiko.', 'Nachiko.', 'Nachiko.', 'Nachiko.', 'Nachiko.', 'Nachiko.', 'Nachiko.']",0.3250829733914482,what is he last name on bus?,,False,0.8140452349615311,0,incorrect_high
validation::1390,['17'],10.,0.0,"['37.', '101.', '710.', 'Not applicable.', '13.', '110.', '101.', '101.', 'Unknown.', 'Not a highway.']",1.9730014063936128,What is the highway number?,,False,0.8140452349615311,1,incorrect_low
validation::1391,['1'],2.,0.0,"['1.', '1.', '2.', '2.', '2.', '2.', '1.', '2.', '1.', '1.']",0.6931471805599453,how many knobs are visible?,,False,0.8140452349615311,0,incorrect_high
validation::1392,['white'],White.,1.0,"['White.', 'White.', 'White.', 'White.', 'White.', 'White.', 'White.', 'White.', 'White.', 'White.']",-0.0,What color is the wristband worn by the man on the left?,,True,0.8140452349615311,0,correct_high
validation::1394,['state'],State.,1.0,"['State.', 'State.', 'Safe.', 'State.', 'STATE.', 'State.', 'STATE.', 'Safe.', 'State.', 'State.']",0.5004024235381879,What is the first word on the red sign?,,True,0.8140452349615311,0,correct_high
validation::1395,['0'],0.,1.0,"['0.', '0.', '0.', '0.', '0.', '0.', '0.', '0.', '2.', '0.']",0.3250829733914482,How many metal forks are on top of the food?,,True,0.8140452349615311,0,correct_high
validation::1398,['1'],2.,0.0,"['2.', '2.', '2.', '2.', '2.', '2.', '2.', '2.', '2.', '2.']",-0.0,How many hands are on the bat?,,False,0.8140452349615311,0,incorrect_high
validation::140,['2'],2.,1.0,"['2.', '2.', '2.', '2.', '2.', '2.', '2.', '2.', '2.', '2.']",-0.0,How many non motorized bikes are there?,,True,0.8140452349615311,0,correct_high
validation::1403,['3'],3.,1.0,"['3.', '3.', '3.', '3.', '3.', '3.', '3.', '3.', '3.', '3.']",-0.0,How many different colored lights are part of the intersection's stoplight?,,True,0.8140452349615311,0,correct_high
validation::1406,['3'],2.,0.0,"['2.', '2.', '2.', '2.', '2.', '2.', '3.', '3.', '2.', '2.']",0.5004024235381879,how many orange cones are next to the parking booth?,,False,0.8140452349615311,0,incorrect_high
validation::1407,['still'],Still.,1.0,"['Still.', 'Still.', 'Still.', 'Moving.', 'Still.', 'Still.', 'Still.', 'Still.', 'Still.', 'Still.']",0.3250829733914482,Is the bus moving or still?,,True,0.8140452349615311,0,correct_high
validation::1408,['wall'],Wall.,1.0,"['Wall.', 'Wall.', 'Wall.', 'Wall.', 'Wall.', 'Cement.', 'Wall.', 'Wall.', 'Wall.', 'Cement.']",0.5004024235381879,What is the skater grinding on top of?,,True,0.8140452349615311,0,correct_high
validation::1409,['unanswerable'],Bag.,0.0,"['Backpack.', 'Towel.', 'Towel.', 'Bag.', 'Bag.', 'Bag.', 'Basket.', 'Garbage can.', 'Cooler.', 'Backpack.']",1.6957425341696344,What is sitting on the ground between the two ball hoppers?,,False,0.8140452349615311,1,incorrect_low
validation::141,['8'],8.,1.0,"['8.', '8.', '4.', '8.', '4.', '8.', '8.', '8.', '8.', '8.']",0.5004024235381879,How many slices of pizza are there?,,True,0.8140452349615311,0,correct_high
validation::1413,['m'],M.,1.0,"['M.', 'M.', 'M.', 'M', 'M.', 'M.', 'M.', 'M.', 'M.', 'M.']",-0.0,What is the first letter of the full-visible word on the tray?,,True,0.8140452349615311,0,correct_high
validation::1414,['a'],E.,0.0,"['E.', 'E.', 'E.', 'D.', 'E.', 'E.', 'E.', 'E.', 'E.', 'E.']",0.3250829733914482,"what is the letter after ""n""?",,False,0.8140452349615311,0,incorrect_high
validation::1418,['plaid'],Checkered.,0.0,"['Checkered.', 'Checkered.', 'Plaid.', 'Checkered.', 'Checkered.', 'Checkered.', 'Checkered.', 'Diamond.', 'Checkered.', 'Checkered.']",0.639031859650177,What pattern is on the chair that is furthest away?,,False,0.8140452349615311,0,incorrect_high
validation::1423,['unanswerable'],Mouse pad.,0.0,"['Clip.', 'Mouse pad.', 'Not sure.', 'Remote.', 'Pillow.', 'Book.', 'Pen.', 'Floor.', 'Pen.', 'Mouse pad.']",2.025326220770068,what is the red object behind the phone?,,False,0.8140452349615311,1,incorrect_low
validation::1425,['2009'],2005.,0.0,"['2004.', '1999.', '2006.', '2009.', '2009.', '2006.', '2005.', '1995.', '2005.', '2007.']",1.8866967846580784,"What ""Best of"" Year was this restaurant a finalist of?",,False,0.8140452349615311,1,incorrect_low
validation::1427,['2'],2.,1.0,"['2.', '3.', '2.', '2.', '0.', '1.', '2.', '2.', '2.', '4.']",1.2275294114572126,How many arms can be seen?,,True,0.8140452349615311,1,correct_low
validation::1428,['hotel'],Hotel.,1.0,"['Hotel.', 'Hotel.', 'Hotel.', 'Hotel.', 'Hotel.', 'Hotel.', 'Hotel.', 'Hotel.', 'Hotel.', 'Hotel.']",-0.0,What is written on the side of the building?,,True,0.8140452349615311,0,correct_high
validation::143,['orange'],Yellow.,0.0,"['Yellow.', 'Yellow.', 'Yellow.', 'Yellow.', 'Yellow.', 'Yellow.', 'White.', 'Yellow.', 'White.', 'Red.']",0.8018185525433372,What color is the sticker on the helmet of the person in the front?,,False,0.8140452349615311,0,incorrect_high
validation::1430,['teal and purple'],Blue and green.,0.0,"['Blue and green.', 'Blue and green.', 'Blue and green.', 'Blue and green.', 'Blue and green.', 'Green and black.', 'Blue green.', 'Blue and green.', 'Blue and green.', 'Blue and green.']",0.639031859650177,what colors are the bag to the left,,False,0.8140452349615311,0,incorrect_high
validation::1432,['left'],Left.,1.0,"['Left.', 'Left.', 'Left.', 'Right.', 'Left.', 'Left.', 'Top.', 'Left.', 'Right.', 'Left.']",0.8018185525433372,Which track is empty?,,True,0.8140452349615311,0,correct_high
validation::1436,['3'],2.,0.0,"['2.', '3.', '2.', '3.', '2.', '2.', '2.', '2.', '2.', '3.']",0.6108643020548935,How many animals are in the photo?,,False,0.8140452349615311,0,incorrect_high
validation::1437,['shortest'],Shortest.,1.0,"['Shortest.', 'Shortest.', 'Shortest.', 'Shortest.', 'Shortest.', 'Shortest.', 'Shortest.', 'Shortest.', 'Shortest.', 'Shortest.']",-0.0,Is the animal on the left the tallest or shortest animal shown?,,True,0.8140452349615311,0,correct_high
validation::1440,['2'],2.,1.0,"['2.', '2.', '2.', '2.', '2.', '2.', '2.', '2.', '2.', '2.']",-0.0,How many colors is the sign?,,True,0.8140452349615311,0,correct_high
validation::1447,['hollister'],Nike.,0.0,"['Nike.', 'Nike.', 'Adidas.', 'Nike.', 'Nike.', 'Nike.', 'Nike.', 'Nike.', 'Unknown.', 'Nike.']",0.639031859650177,What is the brand of the red top the woman is wearing?,,False,0.8140452349615311,0,incorrect_high
validation::1448,['3'],4.,0.0,"['4.', '3.', '3.', '4.', '3.', '3.', '3.', '3.', '4.', '3.']",0.6108643020548935,How many total hands can be seen on the people in the photo?,,False,0.8140452349615311,0,incorrect_high
validation::145,['brown'],Brown.,1.0,"['Black.', 'Brown.', 'Brown.', 'Brown.', 'Brown.', 'Brown.', 'Black.', 'Brown.', 'Brown.', 'Brown.']",0.5004024235381879,what color is the tv stand?,,True,0.8140452349615311,0,correct_high
validation::1450,['4'],4.,1.0,"['5.', '4.', '5.', '4.', '4.', '5.', '4.', '4.', '5.', '4.']",0.6730116670092565,how many bears are visible?,,True,0.8140452349615311,0,correct_high
validation::1453,['people'],Animals.,0.0,"['Animals.', 'People.', 'Animals.', 'Animals.', 'Animals.', 'Animals.', 'Animals.', 'Animals.', 'Animals.', 'Animals.']",0.3250829733914482,Are there fewer animals or people?,,False,0.8140452349615311,0,incorrect_high
validation::1454,['9'],10.,0.0,"['12.', '10.', '8.', '9.', '12.', '11.', '6.', '8.', '7.', '8.']",1.834371970281624,How many people are in the boat?,,False,0.8140452349615311,1,incorrect_low
validation::1460,['wired'],Vibe.,0.0,"['TV guide.', 'The new yorker.', 'Ebony.', 'Rolling stone.', 'Village voice.', 'Village voice.', 'Wire.', 'TV guide.', 'Dwell.', 'TV guide.']",1.834371970281624,what is the magazine name written in green?,,False,0.8140452349615311,1,incorrect_low
validation::1461,['4'],3.,0.0,"['3.', '3.', '3.', '2.', '3.', '3.', '3.', '2.', '3.', '2.']",0.6108643020548935,How many people wearing short-sleeved t-shirts?,,False,0.8140452349615311,0,incorrect_high
validation::1465,['31'],31.,1.0,"['31.', '31.', '31.', '31.', '31.', '31.', '31.', '31.', '31.', '31.']",-0.0,What number is on the front of the train in the upper right hand corner?,,True,0.8140452349615311,0,correct_high
validation::1467,['2'],1.,0.0,"['2.', '2.', '2.', '2.', '1.', '2.', '2.', '1.', '2.', '1.']",0.6108643020548935,How many chairs are in the photo?,,False,0.8140452349615311,0,incorrect_high
validation::147,['4'],0.,0.0,"['0.', '0.', '0.', '0.', '0.', '0.', '0.', '2.', '0.', '0.']",0.3250829733914482,How many people are on the cover of the book?,,False,0.8140452349615311,0,incorrect_high
validation::1470,['lg'],Lg.,1.0,"['Lg.', 'Lg.', 'Lg.', 'Lg.', 'Lg.', 'Lg.', 'Lg.', 'Lg.', 'Lg.', 'Lg.']",-0.0,What brand of refrigerator is this?,,True,0.8140452349615311,0,correct_high
validation::1473,['8'],10.,0.0,"['10.', '10.', '10.', '10.', '10.', '10.', '10.', '10.', '10.', '10.']",-0.0,What number is on the pole above the speed limit sign?,,False,0.8140452349615311,0,incorrect_high
validation::1474,['1'],0.,0.0,"['0.', '0.', '0.', '0.', '0.', '0.', '0.', '0.', '2.', '1.']",0.639031859650177,How many tattooed human hands can we see?,,False,0.8140452349615311,0,incorrect_high
validation::1478,['11:05'],1:53.,0.0,"['1:40.', '2:55.', '1:45.', '10:25.', '1:13.', '4:05.', '3:25.', '11:09.', '11:35.', '3:43.']",2.302585092994045,what time is it?,,False,0.8140452349615311,1,incorrect_low
validation::1479,['1'],0.,0.0,"['0.', '1.', '0.', '1.', '0.', '1.', '1.', '0.', '0.', '1.']",0.6931471805599453,How many pillows are there?,,False,0.8140452349615311,0,incorrect_high
validation::148,['geico'],Geico.,1.0,"['Geico.', 'Geico.', 'Geico.', 'Geico.', 'Geico.', 'Geico.', 'Geico.', 'Geico.', 'Geico.', 'Geico.']",-0.0,What sponsor is visible in the blue section of the wall in the background?,,True,0.8140452349615311,0,correct_high
validation::1481,['1:12'],0.,0.0,"['0.', '0.', '0.', '6:34.', '0.', '9:35.', '2:54.', '6:00.', '0.', '0.']",1.2275294114572126,What time is on the microwave?,,False,0.8140452349615311,1,incorrect_low
validation::1483,['street'],Street.,1.0,"['Street.', 'Street.', 'Street.', 'Street.', 'Street.', 'Street.', 'Street.', 'Street.', 'Street.', 'Street.']",-0.0,what is the middle word on the building to the left?,,True,0.8140452349615311,0,correct_high
validation::1484,['blue'],Silver.,0.0,"['Yellow.', 'Brown.', 'White.', 'Black.', 'Gray.', 'Gray.', 'Gold.', 'Gold.', 'Black and white.', 'Gray.']",1.834371970281624,"The toilet is white, but what color are the toilet paper rolls on the back of the toilet?",,False,0.8140452349615311,1,incorrect_low
validation::1485,['blue'],Orange.,0.0,"['Orange.', 'Orange.', 'Red.', 'Orange.', 'Red.', 'Red.', 'Red.', 'Orange.', 'Orange.', 'Orange.']",0.6730116670092565,What color is the symbol on the home button on the controller?,,False,0.8140452349615311,0,incorrect_high
validation::1486,['garlic'],Garlic.,1.0,"['Garlic.', 'Garlic.', 'Garlic.', 'Garlic.', 'Garlic.', 'Garlic.', 'Garlic.', 'Garlic.', 'Garlic.', 'Garlic.']",-0.0,What are the three small white objects?,,True,0.8140452349615311,0,correct_high
validation::1489,['left'],Right.,0.0,"['Right.', 'Right.', 'Right.', 'Left.', 'Right.', 'Left.', 'Right.', 'Right.', 'Right.', 'Left.']",0.6108643020548935,Is the dog's left eye or right eye more visible?,,False,0.8140452349615311,0,incorrect_high
validation::1491,['black'],Orange.,0.0,"['Black.', 'Orange.', 'Orange.', 'Orange.', 'Orange.', 'Orange.', 'Green.', 'Orange.', 'Orange.', 'Orange.']",0.639031859650177,What color are the shirts the men are wearing?,,False,0.8140452349615311,0,incorrect_high
validation::1492,['miami'],Miami.,1.0,"['Miami.', 'Miami.', 'Miami.', 'Miami.', 'Miami.', 'Miami.', 'Miami.', 'Miami.', 'Miami.', 'Miami.']",-0.0,What city is on the back wall?,,True,0.8140452349615311,0,correct_high
validation::150,['8164'],894.,0.0,"['894.', '894.', '884.', '894.', '6768.', '894.', '894.', '894.', '894.', '884.']",0.8018185525433372,What numbers are on the train?,,False,0.8140452349615311,0,incorrect_high
validation::1501,['left'],Right.,0.0,"['Left.', 'Right.', 'Right.', 'Left.', 'Both.', 'Left.', 'Both.', 'Right.', 'Neither.', 'Right.']",1.2798542258336674,Which of his elbows is the man resting on the table?,,False,0.8140452349615311,1,incorrect_low
validation::1502,['4'],3.,0.0,"['3.', '2.', '2.', '3.', '3.', '3.', '3.', '3.', '2.', '3.']",0.6108643020548935,How many items are sitting directly on the stove?,,False,0.8140452349615311,0,incorrect_high
validation::1503,['left'],Left.,1.0,"['Left.', 'Left.', 'Left.', 'Left.', 'Left.', 'Left.', 'Left.', 'Left.', 'Left.', 'Left.']",-0.0,Is the rock to the right or left of the cow?,,True,0.8140452349615311,0,correct_high
validation::1505,['9'],8.,0.0,"['13.', '8.', '9.', '3.', '7.', '9.', '9.', '8.', '12.', '10.']",1.834371970281624,How man elephants are in the picture,,False,0.8140452349615311,1,incorrect_low
validation::1508,['10'],10.,1.0,"['10.', '9.', '9.', '9.', '10.', '10.', '9.', '10.', '9.', '9.']",0.6730116670092565,How many fingers total are visible?,,True,0.8140452349615311,0,correct_high
validation::1510,['sharp'],Sharp.,1.0,"['Sharp.', 'Sharp.', 'Sharp.', 'Sharp.', 'Sharp.', 'Sharp.', 'Sharp.', 'Sharp.', 'Sharp.', 'Sharp.']",-0.0,What is the brand of the microwave oven?,,True,0.8140452349615311,0,correct_high
validation::1515,['white'],White.,1.0,"['White.', 'White.', 'White.', 'White.', 'White.', 'White.', 'White.', 'White.', 'White.', 'White.']",-0.0,What race is the reader?,,True,0.8140452349615311,0,correct_high
validation::1516,['teapot'],Teapot.,1.0,"['Teapot.', 'Kettle.', 'Cat.', 'Teapot.', 'Pitcher.', 'Candle holders.', 'Vase.', 'Pot.', 'Teapot.', 'Kettle.']",1.834371970281624,What is to the right of the flowers?,,True,0.8140452349615311,1,correct_low
validation::1519,['olive'],Apple.,0.0,"['Apple.', 'Grapes.', 'Apple.', 'Apple.', 'Apple.', 'Apple.', 'Apple.', 'Apple.', 'Apple.', 'Apple.']",0.3250829733914482,What is the fruit that is seen on the cutting board behind the pizza?,,False,0.8140452349615311,0,incorrect_high
validation::152,['yellow'],Yellow.,1.0,"['Yellow.', 'Yellow.', 'Yellow.', 'Yellow.', 'Yellow.', 'Yellow.', 'Yellow.', 'Red.', 'Yellow.', 'Yellow.']",0.3250829733914482,what color is the bucket in his hand?,,True,0.8140452349615311,0,correct_high
validation::1520,['circle'],Circle.,1.0,"['Rectangles.', 'Oval.', 'Oval.', 'Round.', 'Oval.', 'Rectangle.', 'Oval.', 'Circle.', 'Burrow.', 'Half circle.']",1.6094379124341,What shape is carved out in the bottom of the wall behind the Zebras?,,True,0.8140452349615311,1,correct_low
validation::1521,['1973'],2013.,0.0,"['2012.', '2013.', '2013.', '2013.', '2001.', '2015.', '2014.', '2014.', '2014.', '2016.']",1.6434177197931796,What year is on the wineglasses?,,False,0.8140452349615311,1,incorrect_low
validation::1524,['5'],6.,0.0,"['5.', '5.', '7.', '8.', '7.', '7.', '4.', '5.', '6.', '6.']",1.5047882836811908,How many people are standing?,,False,0.8140452349615311,1,incorrect_low
validation::1525,['h'],H.,1.0,"['U.', 'H.', 'H.', 'H.', 'H.', 'H.', 'U.', 'H.', 'H.', 'H.']",0.5004024235381879,What is the letter closest to the clock?,,True,0.8140452349615311,0,correct_high
validation::1526,['tom'],John.,0.0,"['Douglas.', 'John.', 'Herman.', 'Unknown.', 'John.', 'Unknown.', 'Unknown.', 'Toni.', ""It's unclear."", 'Douglas.']",1.4708084763221114,what is the first name of the author of the thick blue book?,,False,0.8140452349615311,1,incorrect_low
validation::1527,['2'],2.,1.0,"['4.', '2.', '4.', '5.', '4.', '2.', '4.', '3.', '2.', '3.']",1.2798542258336676,How many screw heads are visible?,,True,0.8140452349615311,1,correct_low
validation::153,['10'],12.,0.0,"['13.', '13.', '9.', '11.', '9.', '9.', '13.', '9.', '11.', '8.']",1.2798542258336674,How many surfboards are there?,,False,0.8140452349615311,1,incorrect_low
validation::1530,['5'],2.,0.0,"['1.', '1.', '1.', '1.', '2.', '1.', '2.', '1.', '1.', '1.']",0.5004024235381879,How many sheep have blue on their backs?,,False,0.8140452349615311,0,incorrect_high
validation::1533,['taking a photo'],Eating.,0.0,"['Eating.', 'Texting.', 'Texting.', 'Eating.', 'Using cell phone.', 'Eating.', 'Eating.', 'Texting.', 'Eating.', 'Eating.']",0.8979457248567797,What is the man doing?,,False,0.8140452349615311,1,incorrect_low
validation::1538,['3'],2.,0.0,"['3.', '2.', '2.', '2.', '2.', '2.', '2.', '2.', '2.', '3.']",0.5004024235381879,How many train tracks are there?,,False,0.8140452349615311,0,incorrect_high
validation::154,['unanswerable'],Birds.,0.0,"['Bicycle.', 'Bird.', 'Bicycle.', 'Birds.', 'Bicycle.', 'Birds.', 'Pigeons.', 'Bird.', 'Bicycle.', 'Pigeons.']",1.0549201679861442,What is laying on the ground behind the bench?,,False,0.8140452349615311,1,incorrect_low
validation::1543,['blue'],Red.,0.0,"['Red.', 'Red.', 'Red.', 'Blue.', 'Red.', 'Red.', 'Red.', 'Red.', 'Brown.', 'Red.']",0.639031859650177,What other colour is on the right side of the empty white bowl at the front bottom centre-left of the centre section?,,False,0.8140452349615311,0,incorrect_high
validation::1544,['rocks'],Grass.,0.0,"['Weeds.', 'Weeds.', 'Rocks.', 'Trees.', 'Trees.', 'Weeds.', 'Trees.', 'Trees.', 'Moss.', 'Trees.']",1.1682824501765623,what lines the side of the train tracks?,,False,0.8140452349615311,1,incorrect_low
validation::1546,['trolley'],Trolley.,1.0,"['Trolley.', 'Trolley.', 'Trolley.', 'Trolley.', 'Trolley.', 'Trolley.', 'Trolley.', 'Trolley.', 'Trolley.', 'Trolley.']",-0.0,What type is the brown vehicle?,,True,0.8140452349615311,0,correct_high
validation::1547,['right'],Left.,0.0,"['Right.', 'Right.', 'Right.', 'Right.', 'Right.', 'One.', 'Right.', 'Left.', 'Right.', 'Neither.']",0.9404479886553264,Which of the skateboarders hands are visible.,,False,0.8140452349615311,1,incorrect_low
validation::1548,['24'],12.,0.0,"['12 hours.', '12.', '12.', 'Unknown.', '8.', '24.', '12.', '24.', 'Not stated.', 'Unknown.']",1.2798542258336676,How many hours a day is the diner open?,,False,0.8140452349615311,1,incorrect_low
validation::1549,['left'],Left.,1.0,"['Left.', 'Left.', 'Left.', 'Left.', 'Left.', 'Left.', 'Left.', 'Left.', 'Left.', 'Right.']",0.3250829733914482,Is the floor drain to the left or right of the toilet?,,True,0.8140452349615311,0,correct_high
validation::1550,['3'],2.,0.0,"['2.', '2.', '1.', '2.', '3.', '3.', '2.', '2.', '3.', '3.']",0.9433483923290392,How many umbrellas have blue stripes?,,False,0.8140452349615311,1,incorrect_low
validation::1551,['brown'],Green.,0.0,"['Yellow.', 'Green.', 'Orange.', 'Green.', 'Green.', 'Green.', 'Green.', 'Green.', 'Green.', 'Orange.']",0.8018185525433373,What color is the leaf in the sand?,,False,0.8140452349615311,0,incorrect_high
validation::156,['tongs'],Tongs.,1.0,"['Tongs.', 'Tongs.', 'Brush.', 'Tongs.', 'Tongs.', 'Tongs.', 'Tongs.', 'Tongs.', 'Tongs.', 'Tongs.']",0.3250829733914482,What utensil is being used to handle the sausages?,,True,0.8140452349615311,0,correct_high
validation::1563,['2'],0.,0.0,"['6.', '10.', '0.', '0.', '11.', '9.', '6.', '9.', '0.', '0.']",1.4708084763221114,What is the number on the building above the red door?,,False,0.8140452349615311,1,incorrect_low
validation::1565,['carnival'],Carnival.,1.0,"['Carnival.', 'Royal caribbean.', 'Carnival.', 'Carnival.', 'Carnival.', 'Carnival.', 'Carnival.', 'Carnival.', 'Carnival.', 'Carnival.']",0.3250829733914482,What cruise line do the ships belong to?,,True,0.8140452349615311,0,correct_high
validation::1566,['1'],1.,1.0,"['1.', '1.', '1.', '1.', '1.', '1.', '1.', '1.', '1.', '1.']",-0.0,how many birds with long legs?,,True,0.8140452349615311,0,correct_high
validation::1568,['toilet lid'],Stool.,0.0,"['Stool.', 'Stool.', 'Stool.', 'Stool.', 'Stool.', 'Stool.', 'Stool.', 'Stool.', 'Stool.', 'Stool.']",-0.0,what is leaning against the wall on the floor?,,False,0.8140452349615311,0,incorrect_high
validation::1569,['grass'],Grass.,1.0,"['Grass.', 'Grass.', 'Grass.', 'Grass.', 'Grass.', 'Grass.', 'Grass.', 'Grass.', 'Grass.', 'Grass.']",-0.0,What is the sheep laying in?,,True,0.8140452349615311,0,correct_high
validation::157,['white'],White.,1.0,"['White.', 'White.', 'Yellow.', 'Yellow.', 'White.', 'White.', 'White.', 'Yellow.', 'White.', 'White.']",0.6108643020548935,What color is the flower just to the left of the bench?,,True,0.8140452349615311,0,correct_high
validation::1573,['3'],3.,1.0,"['3.', '3.', '3.', '3.', '3.', '4.', '3.', '2.', '2.', '3.']",0.8018185525433373,How many trees are in the foreground?,,True,0.8140452349615311,0,correct_high
validation::1575,['3'],2.,0.0,"['2.', '4.', '2.', '3.', '3.', '2.', '2.', '3.', '2.', '2.']",0.8979457248567798,"Including humans, how many animals are there?",,False,0.8140452349615311,1,incorrect_low
validation::1576,['pink'],Blue.,0.0,"['Blue.', 'Blue.', 'Blue', 'Blue.', 'Blue.', 'Blue.', 'Blue.', 'Blue.', 'Blue.', 'Blue.']",-0.0,What color backpack does the girl with green shoes have?,,False,0.8140452349615311,0,incorrect_high
validation::1579,['3'],3.,1.0,"['3.', '3.', '3.', '3.', '3.', '3.', '3.', '3.', '3.', '3.']",-0.0,how many people are skiing?,,True,0.8140452349615311,0,correct_high
validation::1580,['2'],4.,0.0,"['3.', '2.', '5.', '8.', '4.', '2.', '3.', '3.', '4.', '4.']",1.5047882836811908,how many cabinets are in the vanity?,,False,0.8140452349615311,1,incorrect_low
validation::1582,['3'],2.,0.0,"['3.', '3.', '4.', '5.', '3.', '3.', '2.', '2.', '3.', '2.']",1.1682824501765623,How many pizza boxes in total?,,False,0.8140452349615311,1,incorrect_low
validation::1589,['2'],1.,0.0,"['1.', '1.', '1.', '1.', '1.', '1.', '1.', '1.', '1.', '1.']",-0.0,How many clear containers are there?,,False,0.8140452349615311,0,incorrect_high
validation::1593,['2125'],63725.,0.0,"['39725.', '63705.', '40725.', '40725.', '407685.', '63705.', '2375.', '451725.', '47723.', '63075.']",2.025326220770068,What numbers are written on the yellow carriage of the train?,,False,0.8140452349615311,1,incorrect_low
validation::1594,['1'],1.,1.0,"['1.', '1.', '2.', '2.', '1.', '1.', '1.', '1.', '1.', '1.']",0.5004024235381879,How many wings of the bird can be seen?,,True,0.8140452349615311,0,correct_high
validation::1596,['fence'],Fence.,1.0,"['Fence.', 'Fence.', 'Fence.', 'Fence.', 'Fence.', 'Fence.', 'Fence.', 'Fence.', 'Fence.', 'Fence.']",-0.0,What do the posts in the grass make up?,,True,0.8140452349615311,0,correct_high
validation::1598,['animal'],Animal.,1.0,"['Animal.', 'Animal.', 'Animal.', 'Human.', 'Animal.', 'Animal.', 'Animal.', 'Animal.', 'Animal.', 'Human.']",0.5004024235381879,is it human hair or animal hair?\,,True,0.8140452349615311,0,correct_high
validation::1599,['2'],0.,0.0,"['1.', '1.', '1.', '0.', '1.', '0.', '0.', '0.', '4.', '1.']",0.9433483923290392,How many numbers are top of the boat?,,False,0.8140452349615311,1,incorrect_low
validation::160,['hose'],Toilet paper.,0.0,"['Mirror.', 'Toothbrushes.', 'Soap.', 'Soap.', 'Toilet paper.', 'Sink.', 'Mirror.', 'Cup.', 'Sink.', 'Soap.']",1.6957425341696346,What is next to the toilet mounted on the shelf?,,False,0.8140452349615311,1,incorrect_low
validation::1601,['2'],1.,0.0,"['3.', '1.', '1.', '1.', '1.', '1.', '1.', '1.', '1.', '1.']",0.3250829733914482,How many times is his mouth open?,,False,0.8140452349615311,0,incorrect_high
validation::1606,['101'],101.,1.0,"['10 1.', '101.', '101.', '10 1.', '101.', '101.', '101.', '101.', '101.', '10-1.']",0.6108643020548935,What numbers are on the bus?,,True,0.8140452349615311,0,correct_high
validation::1611,['down'],Up.,0.0,"['Up.', 'Down.', 'Down.', 'Down.', 'Up.', 'Up.', 'Down.', 'Up.', 'Up.', 'Up.']",0.6730116670092565,What direction is the plane flying?,,False,0.8140452349615311,0,incorrect_high
validation::1614,['poop'],Log.,0.0,"['Log.', 'Log.', 'Log.', 'Log.', 'Log.', 'Log.', 'Rocks.', 'Dirt.', 'Rocks.', 'Rocks.']",0.8979457248567797,What's on the ground next to the trunk?,,False,0.8140452349615311,1,incorrect_low
validation::1616,['bag'],Nothing.,0.0,"['Nothing.', 'Nothing.', 'Leash.', 'Nothing.', 'Reigns.', 'Nothing.', 'Hat.', 'Whip.', 'Purse.', 'Reigns.']",1.6094379124341005,What is the person wearing yellow pants holding in their hand?,,False,0.8140452349615311,1,incorrect_low
validation::1617,['canon'],Canon.,1.0,"['Epson.', 'Canon.', 'Canon.', 'Epson.', 'Canon.', 'Canon.', 'Canon.', 'Canon.', 'Canon.', 'Hp.']",0.8018185525433372,What brand is the scanner?,,True,0.8140452349615311,0,correct_high
validation::1623,['3'],1.,0.0,"['1.', '3.', '1.', '2.', '4.', '2.', '3.', '1.', '1.', '2.']",1.2798542258336674,how many tiny white flowers are there?,,False,0.8140452349615311,1,incorrect_low
validation::1626,"['green, orange and white']",Orange and white.,1.0,"['Orange and white.', 'White and orange.', 'Orange and white.', 'Orange and white.', 'White, orange.', 'Orange and white.', 'White and orange.', 'Orange and white.', 'Orange and white.', 'Orange and white.']",-0.0,what colors are the vegetables,,False,0.8140452349615311,0,incorrect_high
validation::1631,['shoe'],Shoe.,1.0,"['Shoe.', 'Shoe.', 'Slipper.', 'Shoe.', 'Shoe.', 'Shoe.', 'Shoe.', 'Shoe.', 'Shoe.', 'Shoe.']",0.3250829733914482,What is the blue vase on the bottom shelf shaped like?,,True,0.8140452349615311,0,correct_high
validation::1635,['56'],56.,1.0,"['56.', '56.', '56.', '56.', '56.', '56.', '56.', '56.', '56.', '56.']",-0.0,what number is on catchers shirt?,,True,0.8140452349615311,0,correct_high
validation::1636,['6'],5.,0.0,"['6.', '7.', '5.', '5.', '6.', '7.', '4.', '6.', '6.', '4.']",1.3321790402101223,how many buttons on the wand?,,False,0.8140452349615311,1,incorrect_low
validation::1637,['4'],4.,1.0,"['4.', '4.', '4.', '4.', '4.', '4.', '5.', '5.', '5.', '5.']",0.6730116670092565,How many people total are under the umbrellas?,,True,0.8140452349615311,0,correct_high
validation::1638,['left'],Right.,0.0,"['Right.', 'Left.', 'Right.', 'Left.', 'Left.', 'Left.', 'Right.', 'Right.', 'Left.', 'Right.']",0.6931471805599453,which hand is nearest to the surfboard?,,False,0.8140452349615311,0,incorrect_high
validation::1639,['washington summit'],Mount washington.,1.0,"['Washington.', 'Mount everest.', 'Washington.', 'Washington.', 'Washington.', 'Washington.', 'Washington.', 'Mount washington.', 'Washington.', 'Washington.']",0.639031859650177,What is the name of this location?,,True,0.8140452349615311,0,correct_high
validation::1645,['4'],2.,0.0,"['2.', '2.', '2.', '3.', '2.', '3.', '2.', '2.', '2.', '2.']",0.5004024235381879,How many colors are there on the right handed man's convention badge?,,False,0.8140452349615311,0,incorrect_high
validation::1646,['banana'],Banana.,1.0,"['Banana.', 'Banana.', 'Banana.', 'Banana.', 'Banana.', 'Banana.', 'Banana.', 'Banana.', 'Banana.', 'Banana.']",-0.0,What is on the phone?,,True,0.8140452349615311,0,correct_high
validation::165,['1'],1.,1.0,"['5.', '1.', '0.', '2.', '2.', '2.', '2.', '1.', '3.', '1.']",1.4184836619456562,How many people are sitting?,,True,0.8140452349615311,1,correct_low
validation::1650,['pineapple'],Oranges.,0.0,"['Oranges.', 'Oranges.', 'Oranges.', 'Oranges.', 'Oranges.', 'Oranges.', 'Oranges.', 'Lemons.', 'Oranges.', 'Oranges.']",0.3250829733914482,What fruit is sitting in the grass?,,False,0.8140452349615311,0,incorrect_high
validation::1651,['girl'],Woman.,0.0,"['Flower.', 'Girl.', 'Cat.', 'A girl.', 'Woman.', 'Person.', 'Person.', 'Cat.', 'girl.', 'Person.']",1.5047882836811908,what is the drawing of above the website banner?,,True,0.8140452349615311,1,correct_low
validation::1652,['ed'],Eat.,0.0,"['Eat.', 'Eat.', 'Eat.', 'Eat.', 'Eat.', 'Eat.', 'Eat.', 'Eat.', 'Eat.', 'Eat.']",-0.0,What is the first word written in the bottom right?,,False,0.8140452349615311,0,incorrect_high
validation::1654,['riding helmet'],Horseback riding.,1.0,"['Horse.', 'Horse.', 'Horse.', 'Helmet.', 'Horseback riding.', 'Sturdy.', 'Horseback riding helmet.', 'Horseback riding helmet.', 'Riding.', 'Horse riding.']",0.9404479886553264,what type of helmet is she wearing?,,True,0.8140452349615311,1,correct_low
validation::1657,['24'],16.,0.0,"['14.', '13.', '40.', '12.', '0.', '6.', 'Many.', '21.', '0.', '16.']",2.163955656882057,What is the total number of screws in the photo?,,False,0.8140452349615311,1,incorrect_low
validation::1658,['camera'],Bag.,0.0,"['Backpack.', 'Bag.', 'Bag.', 'Phone.', 'Papers.', 'Bag.', 'Bag.', 'Bag.', 'Bag.', 'Bag.']",0.9404479886553264,What is in the man's hand?,,False,0.8140452349615311,1,incorrect_low
validation::1659,['grey'],Gray.,0.0,"['Gray.', 'Black.', 'Gray.', 'Gray.', 'Gray.', 'Gray.', 'Gray.', 'Gray.', 'Gray.', 'Gray.']",0.3250829733914482,What color are the pants of the man on the right?,,True,0.8140452349615311,0,correct_high
validation::1666,['cheese'],Cheese.,1.0,"['Tofu.', 'Cheese.', 'Crackers.', 'Bread.', 'Cheese.', 'Cheese.', 'Cheese.', 'Egg.', 'Tofu.', 'Tofu.']",1.4184836619456564,What is next two the banana?,,True,0.8140452349615311,1,correct_low
validation::1667,['4'],2.,0.0,"['2.', '3.', '4.', '6.', '4.', '3.', '6.', '4.', '2.', '3.']",1.366158847569202,"On the box to the right of the train, how many door hinges are present?",,False,0.8140452349615311,1,incorrect_low
validation::1669,['spikes'],Tags.,0.0,"['bones.', '骨头.', 'Studs.', 'Spikes.', 'Bone.', 'Tags.', 'Bones.', 'Spikes.', 'Spikes.', 'Medallion.']",1.193549604098133,What is on the dog's collar?,,False,0.8140452349615311,1,incorrect_low
validation::1671,['0'],1.,0.0,"['1.', '1.', '1.', '1.', '1.', '2.', '1.', '1.', '1.', '0.']",0.639031859650177,How many kittens are present with the adult cat?,,False,0.8140452349615311,0,incorrect_high
validation::1675,['spatula'],Knife.,0.0,"['Knife.', 'Knife.', 'Knife.', 'Spatula.', 'Knife.', 'Knife.', 'Knife.', 'Knife.', 'Knife.', 'Knife.']",0.3250829733914482,What tool is the lady wearing yellow holding?,,False,0.8140452349615311,0,incorrect_high
validation::1676,['2'],2.,1.0,"['2.', '2.', '3.', '2.', '2.', '3.', '2.', '3.', '2.', '3.']",0.6730116670092565,How many blades in the plane's propeller?,,True,0.8140452349615311,0,correct_high
validation::1677,['2'],2.,1.0,"['2.', '2.', '2.', '2.', '2.', '2.', '2.', '2.', '2.', '2.']",-0.0,What is the first number on the top left-hand side of the photo?,,True,0.8140452349615311,0,correct_high
validation::1679,['grey'],Black.,0.0,"['Black.', 'Silver.', 'White.', 'Gray.', 'Gray.', 'Silver.', 'White.', 'White.', 'Black.', 'White.']",1.3321790402101223,What color is the key fob that has no keys on it?,,False,0.8140452349615311,1,incorrect_low
validation::1681,['wires'],Wires.,1.0,"['Wires.', 'Wires.', 'Wires.', 'Wires.', 'Wires.', 'Wires.', 'Wire.', 'Wires.', 'Wires.', 'Wires.']",-0.0,What is coming out of the ceiling?,,True,0.8140452349615311,0,correct_high
validation::1683,['2'],2.,1.0,"['1.', '2.', '2.', '2.', '1.', '5.', '5.', '1.', '4.', '2.']",1.2798542258336674,How many sheep are in the picture?,,True,0.8140452349615311,1,correct_low
validation::1684,['7'],X.,0.0,"['V', 'Iv.', 'X.', 'V.', 'Iv.', 'X.', 'X.', 'ii.', 'X.', 'Iv.']",1.2798542258336676,Which roman numeral is the small hand pointing at?,,False,0.8140452349615311,1,incorrect_low
validation::1685,['5:18'],58.,0.0,"['56.', '58.', '58.', '58.', '59.', '58.', '58.', '58.', '0:58.', '5:06.']",1.2275294114572126,What is the time presented on the microwave?,,False,0.8140452349615311,1,incorrect_low
validation::1686,['train'],Train.,1.0,"['Train.', 'Train.', 'Train.', 'Train.', 'Train.', 'Train.', 'Train.', 'Train.', 'Train.', 'Train.']",-0.0,What is keeping the bus from traveling through the intersection?,,True,0.8140452349615311,0,correct_high
validation::1687,['looking out window'],Standing.,0.0,"['Riding train.', 'Conducting train.', 'Conducting train.', 'Standing.', 'Standing.', 'Sitting in train.', 'Standing.', 'Standing.', 'Leaning.', 'Standing.']",1.3592367006650063,what is the man doing,,False,0.8140452349615311,1,incorrect_low
validation::1689,['3'],2.,0.0,"['2.', '2.', '2.', '2.', '2.', '2.', '2.', '2.', '2.', '2.']",-0.0,How many horses are there?,,False,0.8140452349615311,0,incorrect_high
validation::1690,['8'],8.,1.0,"['6.', '9.', '6.', '8.', '10.', '8.', '9.', '8.', '8.', '8.']",1.2206072645530173,How many handles are on the cabinet?,,True,0.8140452349615311,1,correct_low
validation::1693,['black'],Gray.,0.0,"['Black.', 'Gray.', 'Gray.', 'Gray.', 'Gray.', 'Gray.', 'Blue.', 'Gray.', 'Gray.', 'Black.']",0.8018185525433372,What color is the main color of the material right on top of the elephants' body but below the wooden structures?,,False,0.8140452349615311,0,incorrect_high
validation::1694,['pipe'],Toilet.,0.0,"['Toilet.', 'Tile.', 'Toilet.', 'Tile.', 'Toilet.', 'Towel rack.', 'Mirror.', 'Tile.', 'Towel holder.', 'Toilet.']",1.2798542258336674,what is on the wall to the right side of the picture?,,False,0.8140452349615311,1,incorrect_low
validation::170,['anza and 21st'],Anza and 21st.,1.0,"['Anza and 21st.', 'Anza and 21st.', 'Anza and 21st.', 'Anza and 21 st.', 'Anza and 21st.', 'Anza and 21st.', '21st andanza.', 'Anza and 21st.', 'Anza and 21st.', 'Anza and 21st.']",-0.0,What two streets intersect here?,,True,0.8140452349615311,0,correct_high
validation::1700,['toto'],Toto.,1.0,"['Toile.', 'Toile.', 'Bidet.', 'Water.', 'Ceco.', 'Lid.', 'Toit.', 'Squb.', 'Cosa.', 'Bath.']",2.163955656882057,What four-letter word can be seen on the toilet bowl?,,True,0.8140452349615311,1,correct_low
validation::1703,['left'],Left.,1.0,"['Left.', 'Left.', 'Left.', 'Left.', 'Left.', 'Left.', 'Left.', 'Left.', 'Left.', 'Left.']",-0.0,Which direction is the bird facing?,,True,0.8140452349615311,0,correct_high
validation::1709,['left'],Over mountain.,0.0,"['Right.', 'Unknown.', 'North.', 'North.', 'North.', 'West.', 'Over harbor.', 'Over mountain.', 'Left.', 'North.']",1.7480673485460891,Which way is the plane going?,,False,0.8140452349615311,1,incorrect_low
validation::1710,['stripped'],Solid.,0.0,"['Solid.', 'Solid.', 'Solid.', 'Solid.', 'Solid.', 'Solid.', 'Solid.', 'Solid.', 'Solid.', 'Checkered.']",0.3250829733914482,What pattern are the bear's glasses?,,False,0.8140452349615311,0,incorrect_high
validation::1716,['teddy bear'],Teddy bear.,1.0,"['Pen.', 'Pen.', 'Teddy bear.', 'Pen.', 'Pen.', 'Teddy bear.', 'Teddy bear.', 'Teddy bear.', 'Pen.', 'Teddy bear.']",0.6931471805599453,what is in her right hand?,,True,0.8140452349615311,0,correct_high
validation::1719,['8'],8.,1.0,"['8.', '8.', '8.', '6.', '8.', '8.', '8.', '3.', '8.', '3.']",0.8018185525433373,What is the first number in the number sequence on the front side of the train?,,True,0.8140452349615311,0,correct_high
validation::1720,['2'],1.,0.0,"['1.', '2.', '1.', '1.', '1.', '0.', '1.', '1.', '1.', '1.']",0.639031859650177,How many of the four men have knee braces on one knee?,,False,0.8140452349615311,0,incorrect_high
validation::1725,['2'],2.,1.0,"['2.', '2.', '2.', '2.', '3.', '2.', '1.', '3.', '3.', '2.']",0.8979457248567797,How many people are not standing?,,True,0.8140452349615311,1,correct_low
validation::1726,['1'],1.,1.0,"['1.', '1.', '2.', '1.', '2.', '2.', '2.', '1.', '1.', '2.']",0.6931471805599453,How many socks are there?,,True,0.8140452349615311,0,correct_high
validation::1728,['7'],2.,0.0,"['3.', '3.', '3.', '2.', '2.', '3.', '2.', '3.', '3.', '2.']",0.6730116670092565,How many people are seen?,,False,0.8140452349615311,0,incorrect_high
validation::1729,['rear'],Rear.,1.0,"['Rear.', 'Head.', 'Rear.', 'Rear.', 'Head.', 'Rear.', 'Re', 'Rear.', 'Rear.', 'Rear.']",0.5004024235381879,Is the giraffe's head or rear closer to the right side of the image?,,True,0.8140452349615311,0,correct_high
validation::1730,['bra'],Bra.,1.0,"['None.', 'Shoulder.', 'Bra.', 'None.', 'Bra.', 'None.', 'none.', 'Shoulder.', 'Bra.', 'None.']",1.0296530140645737,What kind of strap is visible under the woman's shirt?,,True,0.8140452349615311,1,correct_low
validation::1735,['2'],2.,1.0,"['2.', '1.', '2.', '2.', '2.', '2.', '2.', '2.', '2.', '2.']",0.3250829733914482,How many speakers are in the photo?,,True,0.8140452349615311,0,correct_high
validation::1739,['2'],1.,0.0,"['2.', '3.', '2.', '0.', '1.', '2.', '0.', '0.', '4.', '1.']",1.5047882836811908,How many buoys are shown in the image?,,False,0.8140452349615311,1,incorrect_low
validation::1740,['o'],T.,0.0,"['T.', 'T.', 'T.', 'T.', 'T.', 'T.', 'P.', 'T.', 'T.', 'T.']",0.3250829733914482,What is the penultimate letter on the stop sign?,,False,0.8140452349615311,0,incorrect_high
validation::1741,['elgant'],Adams.,0.0,"['Adams.', 'S.', 'Adams.', 'None.', 'Adams.', 'Adams.', 'None.', 'Adams.', 'Adams.', 'None.']",0.8979457248567798,What word follows Samuel?,,False,0.8140452349615311,1,incorrect_low
validation::1743,['sign'],Sign.,1.0,"['Nothing.', 'Sign.', 'Light.', 'Car.', 'Sign.', 'Parking meter.', 'Tree.', 'Sign.', 'Street light.', 'Tree.']",1.834371970281624,What is on the left side of the pole in front of the guy?,,True,0.8140452349615311,1,correct_low
validation::1744,['1080'],0.,0.0,"['930.', '0.', '540.', '240.', '0.', '0.', '0.', '6 and 1.', '0.', '0.']",1.2275294114572126,What numbers are written on the bottom of the skateboard?,,False,0.8140452349615311,1,incorrect_low
validation::1745,['6:52'],12:35.,0.0,"['4:20.', '12:25.', '12:15.', '4:03.', '4:48.', '4:40.', '3:30.', '4:10.', '3:15.', '7:50.']",2.302585092994045,what time is it?,,False,0.8140452349615311,1,incorrect_low
validation::175,['2'],3.,0.0,"['4.', '3.', '3.', '3.', '3.', '3.', '3.', '3.', '3.', '3.']",0.3250829733914482,How many children are sitting?,,False,0.8140452349615311,0,incorrect_high
validation::1750,['right'],Left.,0.0,"['Left.', 'Left.', 'Left.', 'Left.', 'Left.', 'Left.', 'Left.', 'Left.', 'Left.', 'Left.']",-0.0,Are the bears facing towards the left or right side of the image?,,False,0.8140452349615311,0,incorrect_high
validation::1751,['13'],10.,0.0,"['7.', '13.', '13.', '13.', '12.', '9.', '6.', '8.', '9.', '11.']",1.834371970281624,How many yellow flowers are there?,,False,0.8140452349615311,1,incorrect_low
validation::1758,['pillow'],Bed.,0.0,"['Bed.', 'Bed.', 'Bed.', 'Bed.', 'Bed.', 'Bed.', 'Bed.', 'Bed.', 'Bed.', 'Bed.']",-0.0,What is the small cat laying on?,,False,0.8140452349615311,0,incorrect_high
validation::1761,['2'],2.,1.0,"['3.', '1.', '2.', '2.', '2.', '2.', '2.', '3.', '4.', '1.']",1.2206072645530173,How many bird's legs are visible in front of the bench?,,True,0.8140452349615311,1,correct_low
validation::1767,['13'],12.,0.0,"['12.', '9.', '9.', '9.', '12.', '12.', '12.', '13.', '11.', '11.']",1.2798542258336676,How many people are there?,,False,0.8140452349615311,1,incorrect_low
validation::1772,['player'],Player.,1.0,"['Player.', 'Player.', 'Player.', 'Player.', 'Player.', 'Player.', 'Player.', 'Player.', 'Player.', 'Player.']",-0.0,Is the person wearing number 6 a player or a coach?,,True,0.8140452349615311,0,correct_high
validation::1773,['m'],X.,0.0,"[""I can't tell."", 'X.', 'S.', 'L.', 'X.', 'X.', 'D.', 'X.', 'A.', 'X.']",1.4978661367769952,What letter is seen on the box?,,False,0.8140452349615311,1,incorrect_low
validation::1774,['2'],1.,0.0,"['2.', '2.', '2.', '2.', '1.', '2.', '1.', '2.', '1.', '1.']",0.6730116670092565,how many people are crossing the street?,,False,0.8140452349615311,0,incorrect_high
validation::1779,['2'],1.,0.0,"['1.', '1.', '1.', '1.', '1.', '1.', '1.', '1.', '1.', '0.']",0.3250829733914482,How many people in the picture are wearing a watch?,,False,0.8140452349615311,0,incorrect_high
validation::1784,['peel'],Peel.,1.0,"['Peel.', 'Peel.', 'Peel.', 'Peel.', 'Peel.', 'Peel.', 'Peel.', 'Peel.', 'Peel.', 'Peel.']",-0.0,What do you have to remove to eat these items?,,True,0.8140452349615311,0,correct_high
validation::1786,['keybank'],Keybank.,1.0,"['Keybank.', 'Keybank.', 'Keybank.', 'Key bank.', 'Keybank.', 'Keybank.', 'Keybank.', 'Keybank.', 'Keybank.', 'KEYBANK.']",-0.0,What does the sign above the clock say?,,True,0.8140452349615311,0,correct_high
validation::1790,['coffee maker'],Coffee maker.,1.0,"['Coffee maker', 'Coffee maker', 'Coffee maker.', 'Coffee maker.', 'Coffee maker', 'Coffee maker.', 'Coffee maker.', 'Coffee maker.', 'Coffee maker', 'Coffee maker']",-0.0,"Which of the following appliances is NOT pictured: microwave, coffee maker or dishwasher?",,True,0.8140452349615311,0,correct_high
validation::1793,['2'],1.,0.0,"['2.', '2.', '3.', '1.', '1.', '1.', '0.', '0.', '0.', '2.']",1.313834033192747,how many people in view are holding drinks?,,False,0.8140452349615311,1,incorrect_low
validation::1795,['warning'],Warning.,1.0,"['Warning.', 'Warning.', 'Warning.', 'Warning.', 'Warning.', 'Warning.', 'Warning.', 'Warning.', 'Warning.', 'Warning.']",-0.0,what kind of tag is attached to the device?,,True,0.8140452349615311,0,correct_high
validation::1797,['vodafone'],Vodafone.,1.0,"['Vodafone.', 'Vodafone.', 'Vodafone.', 'Vodafone.', 'Vodafone.', 'Vodafone.', 'Vodafone.', 'Vodafone.', 'Vodafone.', 'Vodafone.']",-0.0,What brand is the phone?,,True,0.8140452349615311,0,correct_high
validation::1799,['2'],2.,1.0,"['2.', '2.', '2.', '2.', '2.', '2.', '2.', '3.', '2.', '2.']",0.3250829733914482,How many people are visible?,,True,0.8140452349615311,0,correct_high
validation::1801,['left'],Right.,0.0,"['Right.', 'Right.', 'Right.', 'Right.', 'Right.', 'Right.', 'Right.', 'Right.', 'Right.', 'Giraffe on right.']",0.3250829733914482,Which animal is taller?,,False,0.8140452349615311,0,incorrect_high
validation::1802,['disneyland'],Disneyland.,1.0,"['Disneyland.', 'Disneyland.', 'Disneyland.', 'Disneyland.', 'Disneyland.', 'Disneyland.', 'Disneyland.', 'Disneyland.', 'Disneyland.', 'Disneyland.']",-0.0,What amusement park is this trolley in?,,True,0.8140452349615311,0,correct_high
validation::1803,['m'],M.,1.0,"['M.', 'M.', 'M.', 'M.', 'M.', 'M.', 'M.', 'M.', 'M.', 'M.']",-0.0,"Which letter is NOT on the plane: S, P or M?",,True,0.8140452349615311,0,correct_high
validation::1804,['outside'],Left.,0.0,"['Left.', 'Yes.', 'In the store.', 'On left in windows.', 'Left of building.', 'Nowhere.', 'Left store.', 'Left side of building.', 'On left.', 'Left of building.']",1.834371970281624,where are the balloons?,,False,0.8140452349615311,1,incorrect_low
validation::1806,['desk'],Table.,0.0,"['Laptop.', 'Laptop.', 'Desk.', 'Laptop.', 'Mouse pad.', 'Keyboard.', 'Keyboard.', 'Desk.', 'Table.', 'Keyboard.']",1.5047882836811908,what is the cat sleeping on,,True,0.8140452349615311,1,correct_low
validation::1807,['1'],2.,0.0,"['3.', '4.', '2.', '5.', '2.', '0.', '2.', '0.', '77.', '0.']",1.64341771979318,What number is on the cup with the pens in it?,,False,0.8140452349615311,1,incorrect_low
validation::1811,['main'],One way.,0.0,"['One way.', 'One way.', 'One way.', 'High.', 'One way.', 'One way.', 'Street.', 'One way.', 'Chestnut.', 'One way.']",0.9404479886553264,what word is on the green street sign?,,False,0.8140452349615311,1,incorrect_low
validation::1812,['2'],3.,0.0,"['3.', '2.', '3.', '3.', '3.', '3.', '7.', '3.', '0.', '3.']",0.9404479886553264,How many of the top three riders are wearing the same color jerseys?,,False,0.8140452349615311,1,incorrect_low
validation::1815,['4'],3.,0.0,"['2.', '3.', '3.', '2.', '3.', '2.', '2.', '3.', '3.', '3.']",0.6730116670092565,How many skaters are there?,,False,0.8140452349615311,0,incorrect_high
validation::1817,['2'],1.,0.0,"['2.', '1.', '1.', '2.', '2.', '2.', '1.', '1.', '1.', '1.']",0.6730116670092565,how many graves does this marker represent?,,False,0.8140452349615311,0,incorrect_high
validation::1818,['circle'],Triangle.,0.0,"['Triangle.', 'Triangle.', 'Triangle.', 'Triangle.', 'Triangle.', 'Triangle.', 'Triangle.', 'Triangle.', 'Triangle.', 'Triangle.']",-0.0,What shape is below the cockpit?,,False,0.8140452349615311,0,incorrect_high
validation::182,['forward'],Right.,0.0,"['Left.', 'Left.', 'Right.', 'No.', 'Right.', 'Right.', 'Forward.', 'Right.', 'Tree.', 'Right.']",1.3592367006650063,where is the smaller zebra facing?,,False,0.8140452349615311,1,incorrect_low
validation::1821,['chili'],Ketchup.,0.0,"['Relish.', 'Onions.', 'Meat.', 'Ketchup.', 'Ketchup.', 'Ketchup.', 'Ketchup.', 'Onions.', 'Ketchup.', 'Tomato sauce.']",1.3592367006650063,What is the topping on the hot dog in the middle?,,False,0.8140452349615311,1,incorrect_low
validation::1823,['4'],2.,0.0,"['2.', '2.', '2.', '2.', '4.', '2.', '4.', '2.', '2.', '2.']",0.5004024235381879,How many legs are in this photo?,,False,0.8140452349615311,0,incorrect_high
validation::1828,['2010'],2010.,1.0,"['2010.', '2010.', '2010.', '2010.', '2010.', '2010.', '2010.', '2010.', '2010.', '2010.']",-0.0,In what year was this photo copyrighted?,,True,0.8140452349615311,0,correct_high
validation::1829,['left'],Down.,0.0,"['Down.', 'Left.', 'Left.', 'Right.', 'Down.', 'Left.', 'Down.', 'Down.', 'Right.', 'Left.']",1.0549201679861442,In what direction is the bird looking?,,False,0.8140452349615311,1,incorrect_low
validation::1831,['mashed'],Mashed.,1.0,"['Mashed.', 'Mashed.', 'Mashed.', 'Mashed.', 'Mashed.', 'Mashed.', 'Mashed.', 'Mashed.', 'Mashed.', 'Mashed.']",-0.0,what type of potatoes are in the red bowl,,True,0.8140452349615311,0,correct_high
validation::1833,['intersection'],Intersection.,1.0,"['Intersection.', 'Intersection.', 'Intersection.', 'Intersection.', 'Intersection.', 'Intersection.', 'Intersection.', 'Intersection.', 'Intersection.', 'Intersection.']",-0.0,What should you not block?,,True,0.8140452349615311,0,correct_high
validation::1840,['person'],Sheep.,0.0,"['Sheep.', 'Sheep.', 'Sheep.', 'Sheep.', 'Sheep.', 'Sheep.', 'Sheep.', 'Sheep.', 'Sheep.', 'Sheep.']",-0.0,Is the person or sheep closer?,,False,0.8140452349615311,0,incorrect_high
validation::1847,['1'],2.,0.0,"['2.', '2.', '2.', '2.', '2.', '2.', '2.', '1.', '2.', '1.']",0.5004024235381879,How many plates contain both lettuce and some form of bread?,,False,0.8140452349615311,0,incorrect_high
validation::1848,['3'],0.,0.0,"['0.', '0.', '0.', '0.', '2.', '0.', '0.', '0.', '0.', '0.']",0.3250829733914482,How many times have the trimming been postoned?,,False,0.8140452349615311,0,incorrect_high
validation::185,['duos'],Duos.,1.0,"['Duos.', 'Duos.', 'Duos.', 'Duos.', 'Duos.', 'Duos.', 'Duos.', 'Duos.', 'Duos.', 'Duos.']",-0.0,Is this likely a solo or duos tennis match?,,True,0.8140452349615311,0,correct_high
validation::1850,['1'],1.,1.0,"['1.', '1.', '1.', '1.', '1.', '1.', '1.', '1.', '1.', '1.']",-0.0,how many people are wearing red tops?,,True,0.8140452349615311,0,correct_high
validation::1853,['green'],Blue.,0.0,"['Blue.', 'Blue.', 'Blue.', 'Green.', 'Blue.', 'Blue.', 'Blue and white.', 'Blue.', 'Blue.', 'Blue.']",0.639031859650177,What color is the patch on the man's shoulder?,,False,0.8140452349615311,0,incorrect_high
validation::1854,['5'],5.,1.0,"['12.', '3.', '4.', '3.', '3.', '3.', '5.', '4.', '6.', '7.']",1.6094379124341005,How many green stripes on the back of the chair on the left in the foreground?,,True,0.8140452349615311,1,correct_low
validation::1856,['w'],T.,0.0,"['T.', 'D.', 'D.', 'T.', 'A.', 'T.', 'L.', 'D.', 'D.', 'D.']",1.1682824501765623,What is the last letter in red on the soda can?,,False,0.8140452349615311,1,incorrect_low
validation::1858,['6'],6.,1.0,"['5.', '5.', '5.', '6.', '8.', '8.', '5.', '6.', '6.', '6.']",1.0549201679861442,How many stars are on the cake in this image?,,True,0.8140452349615311,1,correct_low
validation::1860,['water'],Nowhere.,0.0,"['Nowhere.', 'Behind.', 'Behind.', 'Behind.', 'Behind.', 'Behind zebra.', 'Nowhere.', 'Nowhere.', 'Behind.', 'Nowhere.']",0.9433483923290392,Where can the trees be seen in this photo?,,False,0.8140452349615311,1,incorrect_low
validation::1861,['gap'],Way.,0.0,"['Line.', 'Only.', 'Watch.', 'Cross.', 'Line.', 'Look.', 'Only.', 'Take.', 'Line.', 'Way.']",1.6957425341696346,What is the third word written on the ground?,,False,0.8140452349615311,1,incorrect_low
validation::1864,['black'],Black.,1.0,"['Black.', 'Black.', 'Black.', 'Black.', 'Black.', 'Black.', 'Black.', 'Black.', 'Black.', 'Black.']",-0.0,What color is the parent's shirt?,,True,0.8140452349615311,0,correct_high
validation::1866,['4'],2.,0.0,"['2.', '3.', '1.', '2.', '4.', '6.', '0.', '1.', '1.', '1.']",1.6094379124341005,How many people are shown in the image?,,False,0.8140452349615311,1,incorrect_low
validation::1871,['croissants'],Cookies.,0.0,"['Tarts.', 'Cookie.', 'Pizza.', 'Cookies.', 'Pizza.', 'Donuts.', 'Cookies.', 'Cookes.', 'Cookies.', 'Cookies.']",1.0888999753452235,What is the girl prepared to bake?,,False,0.8140452349615311,1,incorrect_low
validation::1872,['1'],3.,0.0,"['1.', '0.', '3.', '1.', '3.', '3.', '3.', '3.', '2.', '3.']",1.0888999753452235,How many hands can you see?,,False,0.8140452349615311,1,incorrect_low
validation::1874,['seaside'],Flowers.,0.0,"['Ships.', 'Bears.', 'People.', 'Dog.', 'Boats.', 'Boat.', 'Beach.', 'Picture of woman on bed.', 'Boat.', 'Picture.']",2.025326220770068,What is depicted on the picture that's on the wall?,,False,0.8140452349615311,1,incorrect_low
validation::1875,['33'],23.,0.0,"['22.', '23.', '22.', '23.', '22.', '23.', '21.', '23.', '23.', '23.']",0.8979457248567797,What's the catcher's jersey number?,,False,0.8140452349615311,1,incorrect_low
validation::1878,['37688'],37688.,1.0,"['37688.', '37688.', '37688.', '37694.', '37688.', '37688.', '37688.', '37688.', '37688.', '37688.']",0.3250829733914482,What is the number on the front of the train?,,True,0.8140452349615311,0,correct_high
validation::1882,['tag'],Branch.,0.0,"['Branch.', 'Branch.', 'Branch.', 'Branch.', 'Branch.', 'Branch.', 'Branch.', 'Branch.', 'Branch.', 'Branch.']",-0.0,What's on the bird's left foot?,,False,0.8140452349615311,0,incorrect_high
validation::1883,['christianity'],Christianity.,1.0,"['Christianity.', 'Christianity.', 'Christianity.', 'Christianity.', 'Christianity.', 'Christianity.', 'Christianity.', 'Christianity.', 'Christianity.', 'Christianity.']",-0.0,What religion is promoted by the truck?,,True,0.8140452349615311,0,correct_high
validation::1888,['4'],5.,0.0,"['7.', '3.', '4.', '5.', '7.', '7.', '4.', '5.', '4.', '3.']",1.366158847569202,How many kites are there?,,False,0.8140452349615311,1,incorrect_low
validation::1889,['5'],2.,0.0,"['3.', '2.', '0.', '5.', '2.', '2.', '0.', '1.', '2.', '6.']",1.6094379124341005,How many slide-out drawers are there?,,False,0.8140452349615311,1,incorrect_low
validation::189,['2'],1.,0.0,"['1.', '2.', '2.', '2.', '1.', '0.', '2.', '1.', '2.', '0.']",1.0296530140645737,how many sweat bands?,,False,0.8140452349615311,1,incorrect_low
validation::1892,['3'],2.,0.0,"['1.', '1.', '1.', '4.', '2.', '1.', '2.', '1.', '2.', '2.']",0.9433483923290392,how many cups of Coca-Cola are there?,,False,0.8140452349615311,1,incorrect_low
validation::1895,['buds'],Flowers.,0.0,"['Flowers.', 'Flowers.', 'Flowers.', 'Flowers.', 'Flowers.', 'Flowers.', 'Flowers.', 'Flowers.', 'Flowers.', 'Flowers.']",-0.0,Are there more buds or flowers in the picture?,,False,0.8140452349615311,0,incorrect_high
validation::1896,['29'],13.,0.0,"['13.', '13.', '13.', '13.', '13.', '13.', '13.', '13.', '13.', '13.']",-0.0,How many red tiles on the floor?,,False,0.8140452349615311,0,incorrect_high
validation::1898,['train'],Ties.,0.0,"['Sleeves.', 'Spikes.', 'Train.', 'Spenders.', 'Ties.', 'Nothing.', 'Ties.', 'Ties.', 'Ties.', 'Rails.']",1.7480673485460891,What is connected between each rail on each track?,,False,0.8140452349615311,1,incorrect_low
validation::1899,['phone'],Phone.,1.0,"['Cell phone.', 'Phone.', 'Hot dog.', 'Phone.', 'Phone.', 'Phone.', 'Phone.', 'Phone.', 'Phone.', 'Phone.']",0.639031859650177,What is the man holding in his right hand?,,True,0.8140452349615311,0,correct_high
validation::1900,['basket'],Tissues.,0.0,"['Paper towels.', 'Tissues.', 'Tissue.', 'Towel dispenser.', 'Tissue.', 'Towels.', 'Soap dispenser.', 'Towel dispenser.', 'Tissues.', 'Tissues.']",1.6957425341696346,What is at the end of the counter to the left of the trashcan?,,False,0.8140452349615311,1,incorrect_low
validation::1905,['m'],M.,1.0,"['M.', 'M.', 'M.', 'M.', 'M.', 'M.', 'M.', 'M.', 'M.', 'M.']",-0.0,What letter is on the hats of the children?,,True,0.8140452349615311,0,correct_high
validation::1908,['4'],3.,0.0,"['3.', '2.', '3.', '3.', '3.', '3.', '2.', '2.', '3.', '3.']",0.6108643020548935,How many organic objects depicted in the painting?,,False,0.8140452349615311,0,incorrect_high
validation::1910,['left'],Left.,1.0,"['Right.', 'Left.', 'Right.', 'Right.', 'Both.', 'Left.', 'Both.', 'Left.', 'Left.', 'Right.']",1.0549201679861442,is the child's left or right leg shown?,,True,0.8140452349615311,1,correct_low
validation::1911,['1'],1.,1.0,"['2.', '2.', '2.', '1.', '3.', '1.', '1.', '1.', '2.', '2.']",0.9433483923290392,How many cows are there?,,True,0.8140452349615311,1,correct_low
validation::1912,['hose'],Toilet brush.,0.0,"['Toilet brush.', 'Toilet brush.', 'Toilet brush.', 'Toilet brush.', 'Toilet brush.', 'Toilet brush.', 'Toilet brush.', 'Sprayer.', 'Toilet brush.', 'Toilet brush.']",0.3250829733914482,What is the person holding?,,False,0.8140452349615311,0,incorrect_high
validation::1914,['2'],2.,1.0,"['1.', '1.', '1.', '1.', '2.', '2.', '2.', '1.', '2.', '2.']",0.6931471805599453,How many wristbands is the man wearing?,,True,0.8140452349615311,0,correct_high
validation::1916,['0'],2.,0.0,"['2.', '4.', '0.', '2.', '4.', '0.', '4.', '2.', '2.', '2.']",1.0296530140645737,How many total elephant tusks are seen?,,False,0.8140452349615311,1,incorrect_low
validation::1919,['1'],3.,0.0,"['3.', '2.', '3.', '3.', '4.', '2.', '2.', '1.', '6.', '2.']",1.4184836619456564,How many trees are visible?,,False,0.8140452349615311,1,incorrect_low
validation::192,['laptop'],Person.,0.0,"['Person.', 'Person.', 'Person.', 'Person.', 'Person.', 'Person.', 'Person.', 'Person.', 'Person.', 'Bag.']",0.3250829733914482,what is laying on the sleeping bag,,False,0.8140452349615311,0,incorrect_high
validation::1920,['8'],8.,1.0,"['9.', '11.', '8.', '11.', '9.', '12.', '8.', '10.', '12.', '8.']",1.5571130980576455,How many animals are there?,,True,0.8140452349615311,1,correct_low
validation::1922,['xs'],Na.,0.0,"['Na.', 'Na.', 'Xs.', 'Sa.', 'Ns.', 'Na.', 'Ts.', 'Cs.', 'Na.', 'Ds.']",1.7480673485460891,What two letters are in large print on the board?,,False,0.8140452349615311,1,incorrect_low
validation::1925,['for rent'],Open.,0.0,"['For sale.', 'Closed.', 'Open.', 'For rent.', 'Yoga.', 'Tropical surf.', 'Surf.', 'Open.', 'Open.', 'For sale.']",1.834371970281624,What does the sign on the window say?,,False,0.8140452349615311,1,incorrect_low
validation::1929,['c'],K.,0.0,"['B.', 'M.', 'G.', 'B.', 'Y.', 'A.', 'K.', 'M.', 'K.', 'K.']",1.6957425341696346,what is the first letter on the board?,,False,0.8140452349615311,1,incorrect_low
validation::1930,['6309'],6309.,1.0,"['6309.', '6309.', '6309.', '6308.', '6309.', '6309.', '6309.', '6309.', '6309.', '6308.']",0.5004024235381879,What is the number on engine?,,True,0.8140452349615311,0,correct_high
validation::1935,['6'],3.,0.0,"['3.', '4.', '3.', '5.', '3.', '3.', '3.', '3.', '4.', '5.']",0.9502705392332348,How many Lego figurines are present?,,False,0.8140452349615311,1,incorrect_low
validation::1936,['3'],4.,0.0,"['4.', '2.', '4.', '4.', '4.', '4.', '2.', '2.', '4.', '2.']",0.6730116670092565,how many eyes?,,False,0.8140452349615311,0,incorrect_high
validation::1937,['2'],1.,0.0,"['2.', '1.', '2.', '2.', '1.', '2.', '1.', '1.', '1.', '2.']",0.6931471805599453,How many eyes are fully visible in  the image?,,False,0.8140452349615311,0,incorrect_high
validation::1941,['red and black'],Red and black.,1.0,"['Red and black.', 'Red and black.', 'Red and black.', 'Red and black.', 'Red and gray.', 'Red and black.', 'Red and black.', 'Red and black.', 'Red and gray.', 'Blue and red.']",0.8018185525433372,What two colors is the cooler closest to the front?,,True,0.8140452349615311,0,correct_high
validation::1943,['2'],1.,0.0,"['1.', '1.', '1.', '1.', '1.', '1.', '1.', '1.', '1.', '1.']",-0.0,How many straws are in the drink?,,False,0.8140452349615311,0,incorrect_high
validation::1944,['green'],Black.,0.0,"['Black.', 'Black.', 'Black.', 'Black.', 'Black.', 'Black.', 'Black.', 'Black.', 'Red.', 'Black.']",0.3250829733914482,What color is the numbers on the digital screen on the microwave?,,False,0.8140452349615311,0,incorrect_high
validation::1946,['2'],2.,1.0,"['2.', '2.', '2.', '2.', '2.', '2.', '2.', '2.', '2.', '2.']",-0.0,how many speakers?,,True,0.8140452349615311,0,correct_high
validation::1948,['dinosaur'],Dinosaur.,1.0,"['Dinosaur.', 'Frog.', 'Butterfly.', 'Dinosaur.', 'Parrots.', 'Dinosaur.', 'Dinosaur.', 'Snake.', 'Parrots.', 'Dinosaur.']",1.3592367006650063,What type of animal is on the bottom of the man's jacket?,,True,0.8140452349615311,1,correct_low
validation::195,['2'],2.,1.0,"['3.', '1.', '2.', '1.', '2.', '2.', '1.', '2.', '2.', '2.']",0.8979457248567797,How many people are wearing socks?,,True,0.8140452349615311,1,correct_low
validation::1950,['leaving'],Spray painting.,0.0,"['Spray painting.', 'Spray painting.', 'Spray painting.', 'Spray painting.', 'Spray painting.', 'Spraying.', 'Spray painting.', 'Spray painting.', 'Spray painting.', 'Spray painting.']",0.3250829733914482,What is the drawing of the cat doing?,,False,0.8140452349615311,0,incorrect_high
validation::1952,['sun'],Sunlight.,0.0,"['Sunlight.', 'Sunlight.', 'Sunlight.', 'Sunlight.', 'Sunlight.', 'Sunlight.', 'Sunlight.', 'Sunlight.', 'Sunlight.', 'Sunlight.']",-0.0,what is making his face lighter than his back?,,True,0.8140452349615311,0,correct_high
validation::1953,['miguel navaza'],Miguel navaza.,1.0,"['Miguel navaza.', 'Miguel navaza.', 'Miguel navaza.', 'Miguel navaza.', 'Miguel navaza.', 'Miguel navaza.', 'Miguel navaza.', 'Miguel navaza.', 'Miguel navaza.', 'Miguel navaza.']",-0.0,Who owns this photo?,,True,0.8140452349615311,0,correct_high
validation::1954,['string'],String.,1.0,"['String.', 'String.', 'Thread.', 'String.', 'Stitching.', 'Thread.', 'String.', 'Stitches.', 'Thread.', 'Staples.']",1.2798542258336674,What is holding the mat together?,,True,0.8140452349615311,1,correct_low
validation::1956,['12'],1.,0.0,"['18.', '7.', '42.', '1.', '44.', '11.', '11.', '94.', '6.', '1.']",2.025326220770068,What number is the skier?,,False,0.8140452349615311,1,incorrect_low
validation::1957,['3'],2.,0.0,"['2.', '2.', '3.', '2.', '3.', '2.', '2.', '2.', '2.', '2.']",0.5004024235381879,how many picture frames?,,False,0.8140452349615311,0,incorrect_high
validation::1958,['2'],1.,0.0,"['0.', '1.', '1.', '1.', '0.', '0.', '1.', '1.', '1.', '1.']",0.6108643020548935,How many people are getting on the bus?,,False,0.8140452349615311,0,incorrect_high
validation::1963,['instructions'],Nothing.,0.0,"['Nothing.', 'Nothing.', 'Keyboard.', 'Nothing.', 'Fingerprint.', '0.', 'Nothing.', 'Unanswerable.', 'Keys.', 'Nothing.']",1.3592367006650063,What does the sticker on bottom right of the laptop show?,,False,0.8140452349615311,1,incorrect_low
validation::1964,['stripes'],Blue.,0.0,"['Blue.', 'Blue.', 'Blue.', 'Blue.', 'Nature.', 'Blue.', 'Blue green red.', 'Brown.', 'Floral.', 'Miscellaneous colors.']",1.4978661367769952,What color is the design pattern on the Childs top?,,False,0.8140452349615311,1,incorrect_low
validation::1965,['5'],4.,0.0,"['4.', '4.', '4.', '4.', '4.', '4.', '4.', '4.', '4.', '4.']",-0.0,how many hoves are in frame?,,False,0.8140452349615311,0,incorrect_high
validation::1970,['4'],2.,0.0,"['3.', '2.', '2.', '2.', '2.', '3.', '2.', '2.', '2.', '3.']",0.6108643020548935,How many rows of bricks are on the wall next to the couple?,,False,0.8140452349615311,0,incorrect_high
validation::1972,['x'],X.,1.0,"['X.', 'X.', 'X.', 'X.', 'X.', 'X.', 'X.', 'X.', 'X.', 'X.']",-0.0,The boards on the railing form what pattern?,,True,0.8140452349615311,0,correct_high
validation::1973,['red'],Black.,0.0,"['Black.', 'Black.', 'Black.', 'Black.', 'Black.', 'Black.', 'Black.', 'Black.', 'Black.', 'Black.']",-0.0,What color shorts is the surfer wearing?,,False,0.8140452349615311,0,incorrect_high
validation::1974,['3'],4.,0.0,"['4.', '4.', '4.', '4.', '4.', '5.', '4.', '4.', '3.', '4.']",0.639031859650177,how many hands do you see?,,False,0.8140452349615311,0,incorrect_high
validation::1979,['his hands are full'],No rain.,0.0,"['Lazy.', 'Raining.', 'No rain.', 'Not raining.', 'Unclear.', 'No rain.', ""It isn't raining on him."", ""It isn't raining."", 'Too dark.', 'No rain.']",1.2275294114572126,Why doesn't the man in the gold shirt have an umbrella?,,False,0.8140452349615311,1,incorrect_low
validation::1981,['right'],Down.,0.0,"['Back.', 'Down.', 'Down.', 'Down.', 'Downward.', 'Down.', 'Down.', 'Down.', 'Down.', 'Down.']",0.3250829733914482,In what direction is the woman's head tilted?,,False,0.8140452349615311,0,incorrect_high
validation::1984,['5'],3.,0.0,"['2.', '5.', '3.', '3.', '3.', '3.', '3.', '2.', '3.', '3.']",0.8018185525433373,how many vans?,,False,0.8140452349615311,0,incorrect_high
validation::1986,['0'],3.,0.0,"['2.', '3.', '3.', '2.', '5.', '3.', '6.', '1.', '2.', '4.']",1.6434177197931796,How many visible table napkins in the photo?,,False,0.8140452349615311,1,incorrect_low
validation::1989,['1'],1.,1.0,"['1.', '1.', '1.', '2.', '1.', '1.', '1.', '1.', '2.', '1.']",0.5004024235381879,How many hands can be seen?,,True,0.8140452349615311,0,correct_high
validation::1990,['unanswerable'],4.,0.0,"['6.', '4.', '8.', '6.', '4.', '5.', '6.', '4.', '5.', '7.']",1.5047882836811908,How many corrugated board are there on bike?,,False,0.8140452349615311,1,incorrect_low
validation::1991,['ice'],Water.,0.0,"['Water.', 'Water.', 'Water.', 'Ice.', 'Ice.', 'Water.', 'Water.', 'Spritzer.', 'Water.', 'Ice.']",0.8979457248567797,What is in the glass?,,False,0.8140452349615311,1,incorrect_low
validation::1992,['spatula'],Fruit.,0.0,"['Fruit.', 'Pizza.', 'Cake.', 'Jello.', 'Jar.', 'Napkin.', 'Pie.', 'Cake.', 'Napkin.', 'Pizza.']",1.8866967846580784,what is on the stack of plates?,,False,0.8140452349615311,1,incorrect_low
validation::1995,['left'],Right.,0.0,"['Left.', 'Left.', 'Left.', 'Right.', 'Left.', 'Left.', 'Left.', 'Right.', 'Right.', 'Right.']",0.6730116670092565,Is the bear's left or right ear closer to the top of the image?,,False,0.8140452349615311,0,incorrect_high
validation::1997,['wires'],Cords.,0.0,"['Tripping.', 'Wires.', 'Wires.', 'Cord.', 'Tripping.', 'Cord.', 'Cords.', 'Cord.', 'Tripping.', 'Trip hazard.']",0.6730116670092565,What is the safety hazard in this room?,,True,0.8140452349615311,0,correct_high
validation::1999,['0'],0.,1.0,"['0.', '0.', '0.', '1.', '0.', '0.', '0.', '0.', '0.', '0.']",0.3250829733914482,How many turkeys are there?,,True,0.8140452349615311,0,correct_high
validation::2,['6'],0.,0.0,"['13.', '0.', '0.', '14.', '0.', '0.', '0.', '4.', '0.', '0.']",0.9404479886553264,How many large circular oven buttons are there?,,False,0.8140452349615311,1,incorrect_low
validation::20,['3'],2.,0.0,"['3.', '1.', '3.', '2.', '4.', '2.', '2.', '3.', '3.', '2.']",1.1935496040981333,how many bulbs are there?,,False,0.8140452349615311,1,incorrect_low
validation::200,['talking on the phone'],Talking on phone.,1.0,"['Sitting.', 'Sitting.', 'Talking on phone.', 'Talking on phone.', 'Talking on phone.', 'Eating.', 'Talking on phone.', 'Talking on phone.', 'Sitting.', 'Resting.']",1.1682824501765623,What is the older man dressed in white and sitting on the van doing?,,True,0.8140452349615311,1,correct_low
validation::2000,['8'],4.,0.0,"['4.', '4.', '4.', '3.', '3.', '4.', '4.', '4.', '4.', '4.']",0.5004024235381879,"How many eyes, noses, and claws are there total?",,False,0.8140452349615311,0,incorrect_high
validation::2001,['pool'],Ramp.,0.0,"['Ramp.', 'Skateboard ramp.', 'Ramp.', 'Skateboard ramp.', 'Skate pit.', 'Skate pit.', 'Gap.', 'Nothing.', 'Ramp.', 'Ramp.']",1.4708084763221112,what is he dropping into,,False,0.8140452349615311,1,incorrect_low
validation::2005,['2008'],2008.,1.0,"['2008.', '2008.', '2008.', '2008.', '2008.', '2008.', '2008.', '2008.', '2008.', '2008.']",-0.0,What year (4 digit) was this photo taken?,,True,0.8140452349615311,0,correct_high
validation::2006,['3'],5.,0.0,"['4.', '4.', '6.', '5.', '4.', '4.', '8.', '4.', '3.', '3.']",1.3592367006650063,How many cupboard drawers are clearly in frame?,,False,0.8140452349615311,1,incorrect_low
validation::2007,['cleats'],Cleats.,1.0,"['Cleats.', 'Cleats.', 'Cleats.', 'Cleats.', 'Cleats.', 'Cleats.', 'Cleats.', 'Cleats.', 'Cleats.', 'Cleats.']",-0.0,What are on the bottom of the man's shoes?,,True,0.8140452349615311,0,correct_high
validation::2008,['camera'],Camera.,1.0,"['Phone.', 'Phone.', 'Walking stick.', 'Bags.', 'Camera.', 'Phone.', 'Phone.', 'Camera.', 'Camera.', 'Camera.']",1.1935496040981333,What is the gray haired woman wearing a gray t-shirt to the left of the sheep holding in her hands?,,True,0.8140452349615311,1,correct_low
validation::201,['broccoli'],Vegetables.,0.0,"['Broccoli.', 'Vegetables.', 'Vegetables.', 'Vegetables.', 'Vegetables.', 'Vegetables.', 'Vegetables.', 'Vegetables.', 'Spinach.', 'Vegetables.']",0.639031859650177,What is the person washing?,,True,0.8140452349615311,0,correct_high
validation::2011,['0'],0.,1.0,"['0.', '0.', '1.', '1.', '0.', '0.', '1.', '1.', '1.', '0.']",0.6931471805599453,how many dogs with no leash?,,True,0.8140452349615311,0,correct_high
validation::2013,['lettuce'],Husk.,0.0,"['Husk.', 'The corn is wrapped in husk.', 'Husk.', 'Husk.', 'Husk.', 'Husk.', 'Paper.', 'No corn.', 'Husk.', 'No corn.']",0.8018185525433373,What is the corn wrapped in?,,False,0.8140452349615311,0,incorrect_high
validation::2016,['bride'],Woman.,0.0,"['Bride.', 'Woman.', 'Woman.', 'Woman.', 'Woman.', 'Girl.', 'Man.', 'Woman.', 'Woman.', 'Woman.']",0.9404479886553264,Who is holding the knife?,,True,0.8140452349615311,1,correct_low
validation::2022,['1'],0.,0.0,"['0.', '3.', '0.', '0.', '0.', '0.', '0.', '0.', '0.', '0.']",0.3250829733914482,How many wooden poles are there?,,False,0.8140452349615311,0,incorrect_high
validation::2028,['blackberry'],Cherry.,0.0,"['Cherry.', 'Cherry.', 'Cherry.', 'Sprinkles.', 'Chocolate.', 'Cherry.', 'Cherry.', 'Blackberry.', 'Cherry.', 'Cherry.']",0.9404479886553264,what is on top of the food on the center plate?,,False,0.8140452349615311,1,incorrect_low
validation::2029,['2'],0.,0.0,"['0.', '2.', '1.', '0.', '1.', '1.', '2.', '0.', '1.', '0.']",1.0549201679861442,How many women are wearing white?,,False,0.8140452349615311,1,incorrect_low
validation::2031,['green'],Red.,0.0,"['Red.', 'Red.', 'Red.', 'Red.', 'Red.', 'Red.', 'Red.', 'Red.', 'Red.', 'Red.']",-0.0,Are there fewer red or green objects lined up above the sink?,,False,0.8140452349615311,0,incorrect_high
validation::2042,['metal'],Metal.,1.0,"['Metal.', 'Fedr.', 'Metal.', 'Metal.', 'Metal.', 'Metal.', 'Metal.', 'Metal.', 'Metal.', 'Metal.']",0.3250829733914482,What is the material used to make this bed?,,True,0.8140452349615311,0,correct_high
validation::2043,['mountain'],Dog.,0.0,"['Buildings.', 'Building.', 'Dog.', 'Dog.', 'Dog.', 'Mountains.', 'Mountains.', 'Dog.', 'Dog.', ""Dog's head.""]",1.2206072645530173,What is behind the car?,,False,0.8140452349615311,1,incorrect_low
validation::2049,['1'],2.,0.0,"['2.', '2.', '2.', '2.', '2.', '2.', '2.', '2.', '2.', '2.']",-0.0,How many wheels does the bicycle on the left have?,,False,0.8140452349615311,0,incorrect_high
validation::2051,['5:50'],9:00.,0.0,"['10:05.', '10:05.', '10:10.', '9:25.', '9:00.', '9:55.', '8:20.', '9:00.', '7:20.', '10:30.']",2.025326220770068,What time is it according to the clock?,,False,0.8140452349615311,1,incorrect_low
validation::2052,['17'],15.,0.0,"['15.', '15.', '3.', '19.', '37.', '16.', '21.', '53.', '3.', '2.']",2.025326220770068,"if the two numbers on the jerseys are added, what do they equal?",,False,0.8140452349615311,1,incorrect_low
validation::2055,['right'],Right.,1.0,"['Right.', 'Left.', 'Left.', 'Right.', 'Left.', 'Both.', 'Right.', 'Right.', 'Left.', 'Left.']",0.9433483923290392,which leg is up?,,True,0.8140452349615311,1,correct_low
validation::2057,['fedex'],Yankees.,0.0,"['Yankees.', 'YOGA.', 'West.', 'New.', 'Metro.', 'Voter.', 'JETS.', 'Stussy.', 'West.', 'Newby.']",2.163955656882057,What is the word on the back of the man's jacket?,,False,0.8140452349615311,1,incorrect_low
validation::2061,['dolphins'],Fish.,0.0,"['Fish.', 'None.', 'Fish.', 'Fish.', 'Fish.', 'Fish.', 'Fish.', 'Fish.', 'Fish.', 'Fish.']",0.3250829733914482,What sea creatures are printed on the cover of the TV?,,False,0.8140452349615311,0,incorrect_high
validation::2062,['left'],Left.,1.0,"['Left.', 'Left.', 'Left.', 'Left.', 'Left.', 'Left.', 'Left.', 'Left.', 'Left.', 'Left.']",-0.0,Is the teacup to the left or right of the rice bowl?,,True,0.8140452349615311,0,correct_high
validation::2063,['dog'],Dog.,1.0,"['Dog.', 'Dog.', 'Dog.', 'Cat.', 'Dog.', 'Dog.', 'Dog.', 'Cat.', 'Dog.', 'Dog.']",0.5004024235381879,What is blurry in this picture?,,True,0.8140452349615311,0,correct_high
validation::2064,['2'],0.,0.0,"['0.', '0.', '0.', '1.', '0.', '0.', '0.', '0.', '0.', '0.']",0.3250829733914482,How many small plants are under the bench?,,False,0.8140452349615311,0,incorrect_high
validation::2065,['5'],4.,0.0,"['4.', '4.', '5.', '4.', '4.', '4.', '4.', '4.', '4.', '5.']",0.5004024235381879,how many persons are wearing white trousers ?,,False,0.8140452349615311,0,incorrect_high
validation::2072,['green'],Green.,1.0,"['Green.', 'Green.', 'Green.', 'Green.', 'Green.', 'Green.', 'Green.', 'Green.', 'Green.', 'Green.']",-0.0,Does this water seem more blue or green?,,True,0.8140452349615311,0,correct_high
validation::2073,['lk62 dwv'],Vwh1416.,0.0,"['Vwh1416.', 'Vwh1416.', 'Vwh1416.', 'Vwh1416.', 'Vwh1416.', 'Vwh1416.', 'Vwh1416.', 'Vwh1416.', 'VWH1416.', 'Vwh1416.']",-0.0,What is the license plate number of the red bus on the right?,,False,0.8140452349615311,0,incorrect_high
validation::2075,['chevrolet'],Chevrolet.,1.0,"['Chevrolet.', 'Chevrolet.', 'Chevrolet.', 'Chevrolet.', 'Chevrolet.', 'Chevrolet.', 'Chevrolet.', 'Chevy.', 'Chevrolet.', 'Chevrolet.']",-0.0,Which brand is this red truck?,,True,0.8140452349615311,0,correct_high
validation::2076,['2'],1.,0.0,"['1.', '1.', '1.', '1.', '1.', '1.', '1.', '1.', '1.', '1.']",-0.0,How many pots are there?,,False,0.8140452349615311,0,incorrect_high
validation::2079,['5'],6.,0.0,"['5.', '4.', '7.', '3.', '5.', '6.', '7.', '6.', '6.', '6.']",1.4708084763221114,How many pancakes?,,False,0.8140452349615311,1,incorrect_low
validation::208,['7'],3.,0.0,"['3.', '3.', '8.', '6.', '3.', '5.', '2.', '4.', '3.', '3.']",1.4978661367769952,What is the first digit in the phone number on the person's shirt?,,False,0.8140452349615311,1,incorrect_low
validation::2081,['fork'],Knife.,0.0,"['Phone.', 'Knife.', 'Knife.', 'Knife.', 'Cigarette.', 'Phone.', 'Knife.', 'Knife.', 'Knife.', 'Candles.']",1.0888999753452235,what does the woman near to the camera hold in her hand?,,False,0.8140452349615311,1,incorrect_low
validation::2082,['2'],3.,0.0,"['3.', '3.', '3.', '3.', '3.', '3.', '3.', '3.', '3.', '3.']",-0.0,how many chocolate donuts?,,False,0.8140452349615311,0,incorrect_high
validation::2083,['lighter'],Lighter.,1.0,"['Lighter.', 'Candle.', 'Lighter.', 'Lighter.', 'Lighter.', 'Lighter.', 'Lighter.', 'Lighter.', 'Lighter.', 'Lighter.']",0.3250829733914482,What blue item was used to light the candles?,,True,0.8140452349615311,0,correct_high
validation::2085,['7am-7pm'],7am-7pm.,1.0,"['7am -7pm.', '7am-7pm.', '7am-7pm.', '7 am - 7 pm.', '7am-7pm.', '7am-7pm.', '7 am to 7 pm.', '7am-7pm.', '7am-7pm.', '7am-7pm.']",-0.0,What hours are the bike lane open?,,True,0.8140452349615311,0,correct_high
validation::2096,['2'],1.,0.0,"['1.', '1.', '1.', '1.', '1.', '1.', '1.', '1.', '1.', '1.']",-0.0,How many total stop signs are visible?,,False,0.8140452349615311,0,incorrect_high
validation::21,['white'],Blue.,0.0,"['Blue.', 'Blue.', 'Blue.', 'Blue.', 'Blue.', 'Blue.', 'Blue.', 'Blue.', 'Blue.', 'Blue.']",-0.0,what color are the brush bristles?,,False,0.8140452349615311,0,incorrect_high
validation::2102,['go'],Stop.,0.0,"['Go.', 'Go.', 'Go.', 'Stop.', 'Go.', 'Stop.', 'Go.', 'Stop.', 'Go.', 'Go.']",0.6108643020548935,What does the street light indicate a driver should do?,,False,0.8140452349615311,0,incorrect_high
validation::2103,['8'],10.,0.0,"['8.', '7.', '13.', '10.', '7.', '10.', '12.', '6.', '6.', '12.']",1.7480673485460896,How many kids are sitting on the ground?,,False,0.8140452349615311,1,incorrect_low
validation::2106,['apples'],Bananas.,0.0,"['Bananas.', 'Bananas.', 'Apples.', 'Bananas.', 'Bananas.', 'Banana.', 'Bananas.', 'Bananas.', 'Apple.', 'Watermelon.']",0.9404479886553264,what fruit on the left?,,False,0.8140452349615311,1,incorrect_low
validation::2107,['restaurant'],Restaurant.,1.0,"['Restaurant.', 'Restaurant.', 'Restaurant.', 'Restaurant.', 'Restaurant.', 'Restaurant.', 'Restaurant.', 'Restaurant.', 'Restaurant.', 'Restaurant.']",-0.0,"What is the word to the right of ""China"" on the sign?",,True,0.8140452349615311,0,correct_high
validation::2109,['0'],0.,1.0,"['0.', '0.', '0.', '0.', '0.', '0.', '0.', '0.', '0.', '0.']",-0.0,how many microwaves on the left side of the picture?,,True,0.8140452349615311,0,correct_high
validation::2110,['trolley'],Train.,0.0,"['Train.', 'Truck.', 'Train.', 'Trolley.', 'Train.', 'Train.', 'Train.', 'Horse.', 'Trolley.', 'Train.']",1.0888999753452235,What kind of vehicle are the people riding on?,,False,0.8140452349615311,1,incorrect_low
validation::2111,['8'],3.,0.0,"['3.', '3.', '1.', '4.', '4.', '3.', '3.', '3.', '3.', '3.']",0.8018185525433373,how many cars is the train?,,False,0.8140452349615311,0,incorrect_high
validation::2112,['1'],1.,1.0,"['0.', '1.', '1.', '1.', '0.', '2.', '0.', '2.', '2.', '1.']",1.0888999753452238,How many knees can be seen?,,True,0.8140452349615311,1,correct_low
validation::2113,['8'],8.,1.0,"['8.', '8.', '8.', '8.', '8.', '8.', '8.', '8.', '8.', '8.']",-0.0,What is the speed limit?,,True,0.8140452349615311,0,correct_high
validation::2116,['dolphin'],Dolphin.,1.0,"['Dolphin.', 'Dolphin.', 'Dolphin.', 'Dolphin.', 'Dolphin.', 'Dolphin.', 'Dolphin.', 'Dolphin.', 'Dolphin.', 'Dolphin.']",-0.0,What kind of mammal is depicted on the side of the ship?,,True,0.8140452349615311,0,correct_high
validation::2117,['1'],2.,0.0,"['1.', '2.', '2.', '2.', '2.', '1.', '2.', '2.', '2.', '2.']",0.5004024235381879,How many wheels are visible?,,False,0.8140452349615311,0,incorrect_high
validation::2118,['white'],Black.,0.0,"['Black.', 'Black.', 'Black.', 'Blue.', 'Black.', 'Black.', 'Red.', 'Black.', 'Black.', 'Black.']",0.639031859650177,what color is the man's tie?,,False,0.8140452349615311,0,incorrect_high
validation::2126,['braided'],Short.,0.0,"['Short.', 'Short.', 'Short.', 'Short.', 'Short.', 'Short.', 'Short.', 'Short.', 'Short.', 'Short.']",-0.0,What style is this man's beard?,,False,0.8140452349615311,0,incorrect_high
validation::2128,['removals'],Removals.,1.0,"['Removals.', 'Removals.', 'Removals.', 'Removals.', 'Removals.', 'Removals.', 'Removals.', 'Removals.', 'Removals.', 'Removals.']",-0.0,What word is after overseas on the blue truck?,,True,0.8140452349615311,0,correct_high
validation::2130,['1'],1.,1.0,"['1.', '1.', '2.', '0.', '1.', '0.', '0.', '1.', '1.', '0.']",0.9433483923290392,how many of the womans feet are touching the ground?,,True,0.8140452349615311,1,correct_low
validation::2133,['one'],One.,1.0,"['One.', 'One.', 'One.', 'One.', 'One.', 'One.', 'One.', 'One.', 'One.', 'One.']",-0.0,"What is the word that comes after ""the""?",,True,0.8140452349615311,0,correct_high
validation::2134,['phone'],Phone.,1.0,"['Phone.', 'Cell phone.', 'Phone.', 'Phone.', 'Phone.', 'Cell phone.', 'Keyboards.', 'Phone.', 'Phone.', 'Phone.']",0.8018185525433372,What's to the right of the mouse?,,True,0.8140452349615311,0,correct_high
validation::2135,['2'],1.,0.0,"['3.', '2.', '6.', '4.', '4.', '3.', '2.', '1.', '3.', '1.']",1.5571130980576458,How many kids are skiing?,,False,0.8140452349615311,1,incorrect_low
validation::2136,['playing frisbee'],Flying kite.,0.0,"['Flying kite.', 'Flying kite.', 'Flying kite.', 'Flying kite.', 'Flying kite.', 'Flying kite.', 'Flying kite.', 'Flying kite.', 'Walking.', 'Kite flying.']",0.3250829733914482,What is the boy doing?,,False,0.8140452349615311,0,incorrect_high
validation::2138,['2'],1.,0.0,"['1.', '1.', '1.', '1.', '1.', '1.', '1.', '1.', '1.', '1.']",-0.0,How many sail does the yacht have?,,False,0.8140452349615311,0,incorrect_high
validation::2140,['1'],0.,0.0,"['0.', '0.', '2.', '0.', '0.', '0.', '3.', '0.', '1.', '1.']",1.0888999753452238,How many people are wearing eye glasses?,,False,0.8140452349615311,1,incorrect_low
validation::2141,['asian rice hat'],Triangle hat.,0.0,"['Konus hat.', 'Triangle hat.', 'Triangle hat.', 'Triangle hat.', 'Triangular hat.', 'Triangle hat.', 'Triangle hat.', 'Triangle hat.', 'Tri angular hat.', 'Triangle hat.']",0.3250829733914482,What is the hat she is wearing called,,True,0.8140452349615311,0,correct_high
validation::2142,['2'],2.,1.0,"['2.', '2.', '1.', '2.', '1.', '1.', '2.', '1.', '2.', '4.']",0.9433483923290392,How many bundles of silverware are there?,,True,0.8140452349615311,1,correct_low
validation::2144,['styrofoam'],Paper.,0.0,"['Paper.', 'Paper.', 'Paper.', 'Paper.', 'Paper.', 'Paper.', 'Paper.', 'Paper.', 'Paper.', 'Paper.']",-0.0,What kind of plate is the food on?,,False,0.8140452349615311,0,incorrect_high
validation::2145,"['carrots, celery, onions']","Carrots, celery, onions.",1.0,"['Carrots, celery, onions.', 'Carrots, celery and onions.', 'Carrots, celery, onions.', 'Carrots, celery and onions.', 'Carrots, celery and onions.', 'Carrots, celery and onions.', 'Carrots, celery, onions.', 'Celery, carrots and onions.', 'Carrots, celery, onion.', 'Carrots, celery, onions.']",-0.0,What three vegetables are being chopped on the wooden board?,,True,0.8140452349615311,0,correct_high
validation::2148,['6'],6.,1.0,"['8.', '8.', '8.', '8.', '8.', '10.', '6.', '7.', '10.', '4.']",1.3592367006650063,How many elephants are there?,,True,0.8140452349615311,1,correct_low
validation::2149,['20'],20.,1.0,"['20.', '30.', '9.', '20.', '19.', '18.', '20.', '16.', '21.', '14.']",1.9730014063936128,How many apps are visible on the phone?,,True,0.8140452349615311,1,correct_low
validation::2150,['baggage'],BAGGAGE.,1.0,"['Baggage.', 'Baggage.', 'Baggage.', 'Baggage.', 'BAGGAGE.', 'Baggage.', 'Baggage.', 'BAGGAGE.', 'BAGGAGE.', 'Baggage.']",-0.0,What word is on the picture?,,True,0.8140452349615311,0,correct_high
validation::2152,['1'],1.,1.0,"['1.', '1.', '1.', '1.', '1.', '1.', '1.', '1.', '1.', '1.']",-0.0,"how many ""thumbs up"" are being shown?",,True,0.8140452349615311,0,correct_high
validation::2156,['butterfly'],Stripes.,0.0,"['Stripes.', 'Striped.', 'Checkered.', 'Striped.', 'Plaid.', 'Diamond.', 'Stripes.', 'Checkered.', 'Solid.', 'Stripes.']",1.3592367006650063,What pattern is the kite on the left?,,False,0.8140452349615311,1,incorrect_low
validation::2161,['3'],3.,1.0,"['3.', '3.', '3 motorcycles.', '3 hours.', '3.', '3.', '3.', '3.', '3 motorcycles.', '3.']",0.3250829733914482,What is the motorcycle limit per stall?,,True,0.8140452349615311,0,correct_high
validation::2164,['6'],4.,0.0,"['3.', '4.', '4.', '4.', '8.', '8.', '8.', '7.', '8.', '4.']",1.1935496040981333,How many small circles that are in the overall shape of a circle are seen directly above the clock on the building?,,False,0.8140452349615311,1,incorrect_low
validation::2165,['1'],1.,1.0,"['1.', '1.', '1.', '1.', '1.', '1.', '1.', '1.', '1.', '1.']",-0.0,How many mouth are visible?,,True,0.8140452349615311,0,correct_high
validation::2166,['knees'],On racket.,0.0,"['Knees.', 'In front of her.', 'Answering does not require reading text in the image.', 'On racquet.', 'Answering does not require reading text in the image.', 'On racket.', 'In front of her.', 'On racket.', 'Racket.', 'In front of her.']",1.2798542258336676,where are her hands?,,False,0.8140452349615311,1,incorrect_low
validation::2169,['2'],1.,0.0,"['1.', '1.', '2.', '1.', '1.', '1.', '1.', '1.', '1.', '0.']",0.639031859650177,How many shirt pockets are visible?,,False,0.8140452349615311,0,incorrect_high
validation::2173,['473'],473.,1.0,"['473.', '473.', '473.', '473.', '473.', '475.', '473.', '473.', '473.', '473.']",0.3250829733914482,What number in red is on the back of the bus?,,True,0.8140452349615311,0,correct_high
validation::2174,['6'],3.,0.0,"['5.', '3.', '3.', '12.', '3.', '3.', '2.', '5.', '3.', '3.']",1.0888999753452235,how many square tiles are even partially visible behind the cat,,False,0.8140452349615311,1,incorrect_low
validation::2177,['red'],White.,0.0,"['White.', 'White.', 'White.', 'Red.', 'Red.', 'White.', 'White.', 'White.', 'White.', 'White.']",0.5004024235381879,What is the color of the shirt of the person who is not touching the frisbee?,,False,0.8140452349615311,0,incorrect_high
validation::2179,['railing'],Bench.,0.0,"['Bench.', 'Bench.', 'Wood.', 'Fence.', 'Bench.', 'Bench.', 'Bench.', 'Bench.', 'Bench.', 'Bench.']",0.639031859650177,What is the vase sitting on?,,False,0.8140452349615311,0,incorrect_high
validation::218,['7'],0.,0.0,"['3.', '0.', '0.', '1.', '1.', '0.', '0.', '0.', '0.', '0.']",0.8018185525433373,How many orange balls are there?,,False,0.8140452349615311,0,incorrect_high
validation::2180,['11'],14.,0.0,"['14.', '14.', '14.', '14.', '14.', '10.', '13.', '14.', '14.', '14.']",0.639031859650177,What number is the batter?,,False,0.8140452349615311,0,incorrect_high
validation::2185,['3'],1.,0.0,"['1.', '1.', '1.', '3.', '1.', '1.', '1.', '1.', '2.', '1.']",0.639031859650177,How many people are not playing a video game?,,False,0.8140452349615311,0,incorrect_high
validation::2188,['61'],61.,1.0,"['61.', '61.', '61.', '61.', '61.', '61.', '61.', '61.', '61.', '61.']",-0.0,What is the number on the bus?,,True,0.8140452349615311,0,correct_high
validation::2189,['100'],100.,1.0,"['100.', '100.', '100.', '100.', '100.', '100.', '100.', '100.', '100.', '100.']",-0.0,What is the three digit number in the back a little after the letter N?,,True,0.8140452349615311,0,correct_high
validation::2191,['10:01'],10:01.,1.0,"['10:02.', '10:01.', '10:01.', '10:02.', '10:02.', '10:02 2007.', '10:01.', '10:01.', '10:01.', '10:01.']",0.8979457248567797,What time in on the picture?,,True,0.8140452349615311,1,correct_low
validation::2195,['2'],1.,0.0,"['1.', '1.', '1.', '1.', '3.', '1.', '1.', '1.', '1.', '1.']",0.3250829733914482,How many different kinds of green items are on the plate?,,False,0.8140452349615311,0,incorrect_high
validation::2199,['hooves'],Hooves.,1.0,"['Hooves.', 'Hooves.', 'Hooves.', 'Hooves.', 'Hooves.', 'Clawed.', 'Hooves.', 'Hooves.', 'Hooves.', 'Hooves.']",0.3250829733914482,What type of feet does the animal shown here have?,,True,0.8140452349615311,0,correct_high
validation::2200,['pnc'],Pncbank.,0.0,"['Pncbank.', 'Pncbank.', 'Pncbank.', 'Pncbank.', 'Pncbank.', 'Pncbank.', 'Pncbank.', 'Pncbank.', 'Pnc.', 'Pncbank.']",0.3250829733914482,What is the name of the bank in the ad?,,True,0.8140452349615311,0,correct_high
validation::2202,['grey'],Blue.,0.0,"['Blue.', 'Blue.', 'Blue.', 'Blue.', 'Blue.', 'Blue.', 'Blue.', 'Blue.', 'Blue.', 'Blue.']",-0.0,what color is the flashlight,,False,0.8140452349615311,0,incorrect_high
validation::2205,['orange'],Blue.,0.0,"['Yellow.', 'Blue.', 'Blue.', 'Blue.', 'White.', 'Yellow.', 'White.', 'Blue.', 'Blue.', 'Blue.']",0.9502705392332348,What color is the shirt of the person walking in front of Moss?,,False,0.8140452349615311,1,incorrect_low
validation::2206,['4'],5.,0.0,"['5.', '6.', '5.', '6.', '5.', '3.', '4.', '4.', '4.', '4.']",1.2798542258336676,how many kites do you see in the image?,,False,0.8140452349615311,1,incorrect_low
validation::2208,['each other'],Camera.,0.0,"['Camera.', 'Camera.', 'Each other.', 'Camera.', 'Camera.', 'Camera.', 'The camera.', 'Camera.', 'Neither.', 'Camera.']",0.639031859650177,Are the people looking at each other or the camera?,,False,0.8140452349615311,0,incorrect_high
validation::2210,['2'],1.,0.0,"['3.', '1.', '2.', '2.', '1.', '1.', '1.', '2.', '3.', '1.']",1.0296530140645737,how many cows are in the front row close to the tree?,,False,0.8140452349615311,1,incorrect_low
validation::2211,['mouse'],On keyboard.,0.0,"['Keyboard.', 'Keyboard.', 'Keyboard.', 'Keyboard and mouse.', 'Keyboard.', 'Mouse.', 'Keyboard.', 'Keyboard.', 'Keyboard.', 'Mouse.']",0.8018185525433373,Where is the reflection from the window?,,False,0.8140452349615311,0,incorrect_high
validation::2214,['sad face'],Face.,1.0,"['Face.', 'Sad face.', 'Face.', 'Face.', 'Face.', 'Face.', 'Face.', 'Face.', 'Smiley face.', 'Face.']",0.639031859650177,What is on the red light?,,True,0.8140452349615311,0,correct_high
validation::2215,['4'],4.,1.0,"['5.', '2.', '5.', '4.', '5.', '5.', '5.', '5.', '4.', '5.']",0.8018185525433373,How many strawberries that have a leaf are there on the cake?,,True,0.8140452349615311,0,correct_high
validation::2218,['2'],1.,0.0,"['3.', '3.', '2.', '2.', '1.', '2.', '1.', '2.', '2.', '2.']",0.9502705392332348,How many Wilsons rackets are shown in the photo?,,False,0.8140452349615311,1,incorrect_low
validation::2219,['2'],1.,0.0,"['1.', '2.', '1.', '1.', '1.', '1.', '1.', '1.', '1.', '1.']",0.3250829733914482,How many people are skiing?,,False,0.8140452349615311,0,incorrect_high
validation::222,['1'],2.,0.0,"['1.', '2.', '2.', '2.', '1.', '2.', '2.', '2.', '2.', '3.']",0.8018185525433372,How many light bulbs are lit up above the mirror?,,False,0.8140452349615311,0,incorrect_high
validation::2223,['skiing'],Skateboarding.,0.0,"['Hockey.', 'Skateboarding.', 'Hockey.', 'Wrestling.', 'Skateboarding.', 'Skateboarding.', 'Riding motorcycles.', 'Wrestling.', 'Skateboarding.', 'Rollerblading.']",1.4708084763221112,what sport have they been doing?,,False,0.8140452349615311,1,incorrect_low
validation::2225,['0'],1.,0.0,"['0.', '1.', '1.', '0.', '2.', '0.', '1.', '2.', '1.', '1.']",1.0296530140645737,How many children are there?,,False,0.8140452349615311,1,incorrect_low
validation::2226,['0'],0.,1.0,"['0.', '0.', '0.', '0.', '0.', '0.', '0.', '0.', '0.', '0.']",-0.0,How many women are wearing a hat?,,True,0.8140452349615311,0,correct_high
validation::2232,['fritos'],Tostitos.,0.0,"['Doritos.', 'Tostitos.', 'Doritos.', 'Tostitos.', 'Doritos.', 'Doritos.', 'Tostitos.', 'Tostitos.', 'Tostitos.', 'Doritos.']",0.6931471805599453,what kind of chips?,,False,0.8140452349615311,0,incorrect_high
validation::2237,['2'],2.,1.0,"['1.', '2.', '2.', '2.', '2.', '2.', '3.', '2.', '2.', '2.']",0.639031859650177,How may horses are walking towards the left?,,True,0.8140452349615311,0,correct_high
validation::2242,['2'],2.,1.0,"['2.', '1.', '2.', '1.', '1.', '2.', '2.', '2.', '1.', '2.']",0.6730116670092565,How many girls appear to be smoking cigarettes?,,True,0.8140452349615311,0,correct_high
validation::2244,['white'],White.,1.0,"['White.', 'White.', 'White.', 'White.', 'White.', 'Brown.', 'White.', 'White.', 'White.', 'White.']",0.3250829733914482,What color is the spot of hair on horses back?,,True,0.8140452349615311,0,correct_high
validation::2246,['rapid'],Rapid.,1.0,"['Rapid.', 'Rapid.', 'Rapid.', 'Rapid.', 'Rapid.', 'Rapid.', 'Rapid.', 'Rapid.', 'Rapid.', 'Rapid.']",-0.0,what word is on the front of the train?,,True,0.8140452349615311,0,correct_high
validation::2247,['dog'],0.,0.0,"['0.', 'Human.', 'Dog.', 'None.', '0.', 'No animal.', '0.', 'None.', 'Human.', '0.']",0.8018185525433372,what animal is in photo?,,False,0.8140452349615311,0,incorrect_high
validation::2248,['6'],8.,0.0,"['8.', '8.', '8.', '7.', '7.', '9.', '8.', '7.', '7.', '8.']",0.9433483923290392,How many traffic signs are in this picture?,,False,0.8140452349615311,1,incorrect_low
validation::2250,['4'],1.,0.0,"['3.', '1.', '2.', '3.', '1.', '2.', '1.', '7.', '3.', '2.']",1.313834033192747,Besides the truck and the back hoe how many vehicles are visible?,,False,0.8140452349615311,1,incorrect_low
validation::2251,['dumpster'],Train.,0.0,"['Train.', 'Train car.', 'Train car.', 'Log.', 'Railing.', 'Train.', 'Train car.', 'Railroad track.', 'Rock.', 'Train.']",1.6434177197931796,What is the object in front of the bus?,,False,0.8140452349615311,1,incorrect_low
validation::2252,['2'],2.,1.0,"['2.', '2.', '2.', '2.', '2.', '2.', '2.', '2.', '3.', '1.']",0.639031859650177,How many holes are seen in his jeans?,,True,0.8140452349615311,0,correct_high
validation::2253,['17:05'],17:05.,1.0,"['17:05.', '17:05.', '17:05.', '17:05.', '17:05.', '17:05.', '17:05.', '17:05.', '17:05.', '17:05.']",-0.0,what is the time shown on the clock?,,True,0.8140452349615311,0,correct_high
validation::2255,['3'],2.,0.0,"['4.', '2.', '2.', '2.', '2.', '2.', '2.', '2.', '2.', '2.']",0.3250829733914482,how many knifes?,,False,0.8140452349615311,0,incorrect_high
validation::2257,['intercity'],First.,0.0,"['Virgin.', 'First.', 'Virgin.', 'First.', 'Virgins.', 'Virgin.', 'First.', 'Narrow gauge.', 'First.', 'X-crfu.']",1.4184836619456564,What is the name on the train?,,False,0.8140452349615311,1,incorrect_low
validation::2258,['2'],1.,0.0,"['2.', '1.', '1.', '2.', '1.', '2.', '2.', '2.', '2.', '2.']",0.6108643020548935,How many vehicles are yellow?,,False,0.8140452349615311,0,incorrect_high
validation::226,['life'],Life.,1.0,"['Life.', 'Life.', 'Life.', 'Lifez.', 'Life.', 'Life.', 'Life.', 'Life.', 'Life.', 'Life.']",0.3250829733914482,what is the first word after the dash in the title of the book?,,True,0.8140452349615311,0,correct_high
validation::2262,['5'],5.,1.0,"['5.', '5.', '4.', '4.', '3.', '4.', '4.', '5.', '5.', '5.']",0.9433483923290392,How many rounded objects are on the floor?,,True,0.8140452349615311,1,correct_low
validation::2263,['2'],1.,0.0,"['1.', '1.', '1.', '1.', '1.', '1.', '1.', '2.', '1.', '1.']",0.3250829733914482,How many slices of pizza are left?,,False,0.8140452349615311,0,incorrect_high
validation::2265,['344'],1344.,0.0,"['1344.', '1344.', '1344.', '1344.', '1344.', '1344.', '1344.', '1344.', '1344.', '1344.']",-0.0,What is the train numbered?,,False,0.8140452349615311,0,incorrect_high
validation::2266,['left'],Left.,1.0,"['Left.', 'Left.', 'Left.', 'Right.', 'Left.', 'Left.', 'Left.', 'Left.', 'Left.', 'Left.']",0.3250829733914482,where is the arrow pointing?,,True,0.8140452349615311,0,correct_high
validation::2267,['pink'],White.,0.0,"['White.', 'White.', 'White.', 'White.', 'White.', 'White.', 'White.', 'White.', 'White.', 'White.']",-0.0,What color are the small flowers?,,False,0.8140452349615311,0,incorrect_high
validation::2268,['3'],3.,1.0,"['5.', '3.', '3.', '4.', '3.', '6.', '3.', '6.', '3.', '3.']",1.0888999753452238,How many beverage glasses on are the table in the foreground?,,True,0.8140452349615311,1,correct_low
validation::2269,['1'],0.,0.0,"['0.', '1.', '1.', '2.', '1.', '0.', '2.', '0.', '0.', '0.']",1.0296530140645737,How many tusks are visible?,,False,0.8140452349615311,1,incorrect_low
validation::2272,['grand'],Passengers.,0.0,"['Great.', 'Grand.', 'Passengers.', 'Grand.', 'Passengers.', 'Great.', 'Grand.', 'Passengers.', 'Passengers.', 'Grand.']",0.6730116670092565,What is the word in the middle on the bus behind the man?,,False,0.8140452349615311,0,incorrect_high
validation::2274,['lima beans'],Peas.,0.0,"['Peas.', 'Beans.', 'Peas.', 'Edamame.', 'Peas.', 'Peas.', 'Peas.', 'Peas.', 'Peas.', 'Edamame.']",0.8018185525433373,what is the green vegetable,,True,0.8140452349615311,0,correct_high
validation::2276,['sia'],Sia.,1.0,"['Sia.', 'Sixt.', 'Sia.', 'Sia.', 'Sia.', 'Sia.', 'Sia.', 'Sia.', 'Sia.', 'Sit.']",0.639031859650177,What is written on a bench?,,True,0.8140452349615311,0,correct_high
validation::2278,['2'],5.,0.0,"['5.', '2.', '2.', '5.', '2.', '2.', '6.', '5.', '5.', '3.']",1.193549604098133,what is the second number on the sheep on the left?,,False,0.8140452349615311,1,incorrect_low
validation::2282,['2'],2.,1.0,"['2.', '2.', '2.', '1.', '2.', '2.', '2.', '2.', '2.', '2.']",0.3250829733914482,How many crossing lights show a hand?,,True,0.8140452349615311,0,correct_high
validation::2286,['2'],3.,0.0,"['5.', '5.', '1.', '0.', '6.', '5.', '4.', '8.', '3.', '2.']",1.9730014063936128,how many candle holders can you see?,,False,0.8140452349615311,1,incorrect_low
validation::2289,['45'],4 and 5.,0.0,"['4 15.', '4 and 5.', '4 and 5.', '4159.', '4 15.', '41.', '4 and 5.', '4 and 5.', '4 and 5.', '415.']",0.9433483923290392,what two numbers are on the bridge?,,True,0.8140452349615311,1,correct_low
validation::2290,['phone'],Clock.,0.0,"['Clock.', 'Clock.', 'Clock.', 'Phone.', 'Clock.', 'Phone and clock.', 'Clock.', 'Clock.', 'Clock.', 'Clock.']",0.639031859650177,What is located on the non-empty nightstand?,,False,0.8140452349615311,0,incorrect_high
validation::2292,['4'],4.,1.0,"['4.', '4.', '3.', '4.', '4.', '4.', '4.', '5.', '4.', '3.']",0.8018185525433372,how many light bulbs are there on the ceiling,,True,0.8140452349615311,0,correct_high
validation::2299,['green'],Red.,0.0,"['Red.', 'Red.', 'Red.', 'Red.', 'Red.', 'Pink.', 'Red.', 'Red.', 'Red.', 'Pink.']",0.5004024235381879,What color is the dogs collar?,,False,0.8140452349615311,0,incorrect_high
validation::2302,['ears'],Ears.,1.0,"['Ears.', 'Ears.', 'Ears.', 'Ears.', 'Ears.', 'Ears.', 'Ears.', 'Ears.', 'Ears.', 'Ears.']",-0.0,Are there more ears or eyes visible on the cat?,,True,0.8140452349615311,0,correct_high
validation::2304,['3'],4.,0.0,"['6.', '4.', '3.', '2.', '4.', '4.', '0.', '3.', '5.', '3.']",1.6434177197931796,How many black pillows can you see?,,False,0.8140452349615311,1,incorrect_low
validation::2305,['2'],2.,1.0,"['2.', '4.', '2.', '2.', '2.', '2.', '3.', '2.', '3.', '3.']",0.8979457248567798,How many bright squares on the ground?,,True,0.8140452349615311,1,correct_low
validation::2307,['3'],2.,0.0,"['2.', '2.', '2.', '2.', '2.', '2.', '2.', '2.', '2.', '2.']",-0.0,How many types of animals are in the photo?,,False,0.8140452349615311,0,incorrect_high
validation::231,['8'],8.,1.0,"['9.', '6.', '8.', '8.', '8.', '6.', '9.', '8.', '8.', '8.']",0.9502705392332348,What number is visible on the shirt of the player who is standing on the right side and whose back is facing the camera?,,True,0.8140452349615311,1,correct_low
validation::2311,['www.krajicek.net'],Www.krajicek.net.,1.0,"['Www.krajicek.net.', 'Www.krajicek.net.', 'Www.krajicek.net.', 'Www.krajicek.net.', 'Www.krajicek.net.', 'Www.krajicek.net.', 'Www.krajicek.net.', 'Www.krajicek.net.', 'Www.krajicek.net.', 'Www.krajicek.net.']",-0.0,What website is printed on the photo?,,True,0.8140452349615311,0,correct_high
validation::2314,['4'],5.,0.0,"['5.', '4.', '5.', '3.', '5.', '7.', '8.', '3.', '2.', '4.']",1.6957425341696346,How many visible frisbees in the photo?,,False,0.8140452349615311,1,incorrect_low
validation::2315,['straight'],Straight.,1.0,"['Straight.', 'Straight.', 'Curly.', 'Curly.', 'Straight.', 'Curly.', 'Straight.', 'Straight.', 'Straight.', 'Straight.']",0.6108643020548935,What hair texture does the woman have?,,True,0.8140452349615311,0,correct_high
validation::2316,['phone'],Phone.,1.0,"['Cell phone.', 'Phone.', 'Bag.', 'Umbrella.', 'Phone.', 'Phone.', 'Phone.', 'Phone.', 'Phone.', 'Phone.']",0.9404479886553264,What is in her left hand,,True,0.8140452349615311,1,correct_low
validation::2317,['clear'],Blue.,0.0,"['Blue.', 'Green.', 'Green.', 'Blue.', 'Blue.', 'Blue.', 'Blue.', 'Green.', 'Green.', 'Green.']",0.6931471805599453,What is the color of the vase in this picture?,,False,0.8140452349615311,0,incorrect_high
validation::2319,['1'],1.,1.0,"['1.', '1.', '1.', '1.', '1.', '1.', '1.', '1.', '1.', '1.']",-0.0,How many mirrors are only partially visible?,,True,0.8140452349615311,0,correct_high
validation::2322,['12'],10.,0.0,"['8.', '10.', '10.', '12.', '10.', '10.', '7.', '13.', '11.', '12.']",1.6094379124341005,How many people are visible？,,False,0.8140452349615311,1,incorrect_low
validation::2323,['4'],4.,1.0,"['3.', '4.', '4.', '3.', '4.', '3.', '4.', '3.', '4.', '3.']",0.6931471805599453,How many googles visible?,,True,0.8140452349615311,0,correct_high
validation::2324,['white'],White.,1.0,"['White.', 'White.', 'White.', 'White.', 'White.', 'White.', 'White.', 'White.', 'White.', 'White.']",-0.0,What color is the baseball hat?,,True,0.8140452349615311,0,correct_high
validation::2325,['2'],2.,1.0,"['2.', '3.', '2.', '2.', '2.', '1.', '2.', '3.', '2.', '2.']",0.8018185525433372,How many benches are there?,,True,0.8140452349615311,0,correct_high
validation::2329,['3'],0.,0.0,"['3.', '2.', '13.', '0.', '0.', '4.', '2.', '1.', '0.', '0.']",1.6094379124341,How many black light polls are on the side of the street?,,False,0.8140452349615311,1,incorrect_low
validation::233,['3'],4.,0.0,"['4.', '4.', '3.', '4.', '4.', '4.', '4.', '2.', '2.', '6.']",1.0888999753452235,How many pieces of silverware?,,False,0.8140452349615311,1,incorrect_low
validation::2330,['2'],3.,0.0,"['3.', '3.', '2.', '0.', '3.', '3.', '4.', '2.', '3.', '3.']",1.0888999753452235,How many giraffe's legs are visible?,,False,0.8140452349615311,1,incorrect_low
validation::2333,['wires'],Power lines.,0.0,"['Power lines.', 'Wires.', 'Power lines.', 'Signs.', 'Power lines.', 'Power lines.', 'Power lines.', 'Power lines.', 'Power lines.', 'Wires.']",0.8018185525433372,what is attached to the telephone pole?,,True,0.8140452349615311,0,correct_high
validation::2335,['yellow'],Yellow.,1.0,"['Yellow.', 'Yellow.', 'Green.', 'Yellow.', 'Yellow.', 'Yellow.', 'Yellow.', 'Yellow.', 'Green.', 'Yellow.']",0.5004024235381879,"Other than white and black, what color is visible in the cat's eye?",,True,0.8140452349615311,0,correct_high
validation::2339,['mercedes'],Mercedes.,1.0,"['Mercedes.', 'Mercedes.', 'Mercedes.', 'Mercedes.', 'Mercedes.', 'Mercedes.', 'Mercedes.', 'Mercedes.', 'Mercedes.', 'Mercedes.']",-0.0,What type of car is this?,,True,0.8140452349615311,0,correct_high
validation::2341,['3'],3.,1.0,"['3.', '2.', '3.', '4.', '3.', '2.', '2.', '4.', '3.', '3.']",1.0296530140645737,How many pallets are visible?,,True,0.8140452349615311,1,correct_low
validation::2342,['1'],2.,0.0,"['2.', '2.', '2.', '2.', '2.', '2.', '2.', '2.', '2.', '2.']",-0.0,How many orange lights are on the sides of the headlight?,,False,0.8140452349615311,0,incorrect_high
validation::2346,['motorcycle'],Sky.,0.0,"['Sky.', 'Field.', 'View.', '景色.', 'Mountains.', 'Sky.', 'Sky.', 'Landscape.', 'Road.', 'Sky.']",1.6094379124341005,What is the man looking out at?,,False,0.8140452349615311,1,incorrect_low
validation::2349,['wispy'],Wispy.,1.0,"['Wispy.', 'Wispy.', 'Wispy.', 'Wispy.', 'Wispy.', 'Wispy.', 'Wispy.', 'Wispy.', 'Wispy.', 'Wispy.']",-0.0,Are the clouds puffy or wispy?,,True,0.8140452349615311,0,correct_high
validation::2354,['rack'],Rack.,1.0,"['Rack.', 'Rack.', 'Rack.', 'Rack.', 'Rack.', 'Drip pan.', 'Rack.', 'Rack.', 'Rack.', 'Wire rack.']",0.639031859650177,What is the metal thing in the middle called?,,True,0.8140452349615311,0,correct_high
validation::2359,['fanta'],Fanta.,1.0,"['Fanta.', 'Fanta.', 'Fanta.', 'Fanta.', 'Fanta.', 'Fanta.', 'Fanta.', 'Fanta.', 'none.', 'Fanta.']",0.3250829733914482,What brand of softdrink is written on the bench?,,True,0.8140452349615311,0,correct_high
validation::236,['person'],Teddy bear.,0.0,"['Teddy bear.', 'Teddy bear.', 'Person.', 'Bear.', 'Teddy bear.', 'Person.', 'Stuffed animal.', 'Dog.', 'Teddy bear.', 'Teddy bear.']",1.3592367006650063,What is in the foreground?,,False,0.8140452349615311,1,incorrect_low
validation::2360,['real'],Real.,1.0,"['Real.', 'Real.', 'Real.', 'Real.', 'Real.', 'Real.', 'Real.', 'Real.', 'Real.', 'Real.']",-0.0,does the backround look real or drawn?,,True,0.8140452349615311,0,correct_high
validation::2363,['patients'],Customers.,0.0,"['Anyone.', 'Anyone.', 'Anyone.', 'Customers.', 'Customers.', 'No one.', 'Customers.', 'No one.', 'Anyone.', 'Anyone.']",1.0296530140645737,Who can park nearby?,,False,0.8140452349615311,1,incorrect_low
validation::2365,['control tower'],Control tower.,1.0,"['Control tower.', 'Control tower.', 'Control tower.', 'Control tower.', 'Control tower.', 'Control tower.', 'Control tower.', 'Control tower.', 'Control tower.', 'Control tower.']",-0.0,What is the building in the center of the picture called?,,True,0.8140452349615311,0,correct_high
validation::2374,['right'],Right.,1.0,"['One on right.', 'Right.', 'Right.', 'The one on the right.', 'Right.', 'Right.', 'Right.', 'Right.', 'Right.', 'Right.']",-0.0,which girl has a bracelet?,,True,0.8140452349615311,0,correct_high
validation::2375,['right'],Left.,0.0,"['Left.', 'Left.', 'None.', 'Right.', 'None.', 'Left.', 'Neither.', 'Right.', 'Left.', 'Left.']",1.0296530140645737,Which of the bear's hands in the middle are holding a soda can?,,False,0.8140452349615311,1,incorrect_low
validation::2376,['closed'],Open.,0.0,"['Open.', 'Open.', 'Open.', 'Open.', 'Open.', 'Open.', 'Open.', 'Open.', 'Open.', 'Open.']",-0.0,Is the door open or closed?,,False,0.8140452349615311,0,incorrect_high
validation::2381,['0'],0.,1.0,"['0.', '0.', '0.', '0.', '0.', '0.', '0.', '0.', '0.', '0.']",-0.0,How many visible eyes in the photo?,,True,0.8140452349615311,0,correct_high
validation::2382,['2:50'],1:55.,0.0,"['3:10.', '1:45.', '12:35.', '3:40.', '12:35.', '2:25.', '3:25.', '12:15.', '1:20.', '11:30.']",2.163955656882057,What time is it?,,False,0.8140452349615311,1,incorrect_low
validation::2383,['69'],690.,0.0,"['690.', '696.', '690.', '690.', '121.', '690.', '690.', '696.', '690.', '690.']",0.8018185525433372,"how much for a banana, in cents?",,False,0.8140452349615311,0,incorrect_high
validation::2389,['206-729-rent'],206-284-0410.,0.0,"['206-282-9641.', '206-723-6500.', '206-296-1819.', '206-286-5545.', '206-282-6633.', '206-284-3316.', '206-284-2515.', '206-724-7434.', '206-784-8114.', '206-784-3212.']",2.302585092994045,What is the phone number for Aurora Rents?,,False,0.8140452349615311,1,incorrect_low
validation::239,['3'],3.,1.0,"['3.', '3.', '3.', '3.', '3.', '3.', '3.', '3.', '3.', '3.']",-0.0,how many colors is the tie?,,True,0.8140452349615311,0,correct_high
validation::2391,['2'],1.,0.0,"['1.', '1.', '1.', '1.', '2.', '2.', '1.', '1.', '1.', '1.']",0.5004024235381879,how many suitcases is the woman wheeling?,,False,0.8140452349615311,0,incorrect_high
validation::2392,['4'],3.,0.0,"['4.', '4.', '4.', '3.', '3.', '5.', '2.', '2.', '2.', '3.']",1.313834033192747,How many chairs are there?,,False,0.8140452349615311,1,incorrect_low
validation::2393,['0'],0.,1.0,"['0.', '0.', '0.', '0.', '2.', '0.', '0.', '0.', '0.', '0.']",0.3250829733914482,How many spoons are there?,,True,0.8140452349615311,0,correct_high
validation::2394,['5'],2.,0.0,"['2.', '2.', '4.', '2.', '2.', '6.', '0.', '3.', '4.', '2.']",1.3592367006650063,How many fangs on the snake?,,False,0.8140452349615311,1,incorrect_low
validation::2396,['ip'],X.,0.0,"['Go.', 'Ktm.', 'Bmw.', 'Bmw.', 'Gts.', 'T Max.', 'Honda.', 'Gts.', ""Can't read it."", 'X-max.']",2.025326220770068,What does the sticker say on the motorcycle second from the front?,,False,0.8140452349615311,1,incorrect_low
validation::2397,['blue'],Blue.,1.0,"['Blue.', 'Blue.', 'Blue.', 'Blue.', 'Blue.', 'Blue.', 'Blue.', 'Blue.', 'Blue.', 'Blue.']",-0.0,What color is the light below the kitchen cabinet?,,True,0.8140452349615311,0,correct_high
validation::2401,['8'],4.,0.0,"['3.', '4.', '7.', '2.', '4.', '3.', '4.', '6.', '6.', '2.']",1.5571130980576458,How many lamps can be seen?,,False,0.8140452349615311,1,incorrect_low
validation::2405,['brown'],Brown.,1.0,"['Brown.', 'Brown.', 'Brown.', 'Brown.', 'Brown.', 'Brown.', 'Brown.', 'Brown.', 'Brown.', 'Brown.']",-0.0,What color of horse is repeated?,,True,0.8140452349615311,0,correct_high
validation::2407,['28'],20.,0.0,"['20.', '20.', '20.', '16.', '20.', '20.', '20.', '20.', '20.', '20.']",0.3250829733914482,what is the total amount of giraffe legs in the image?,,False,0.8140452349615311,0,incorrect_high
validation::2408,['skateboard'],Skateboard.,1.0,"['Skateboard.', 'Skateboard.', 'Skateboard.', 'Skateboard.', 'Skate.', 'Skateboard.', 'Ramp.', 'Skateboard.', 'Skateboard.', 'Skateboard.']",0.3250829733914482,What kind of ramp is he riding?,,True,0.8140452349615311,0,correct_high
validation::2409,['6'],4.,0.0,"['4.', '4.', '4.', '4.', '4.', '4.', '4.', '3.', '4.', '4.']",0.3250829733914482,HOw many structures on the roof of the building that is behind the car?,,False,0.8140452349615311,0,incorrect_high
validation::241,['grey'],Gray.,0.0,"['Gray.', 'Black.', 'Black.', 'Black.', 'Gray.', 'Gray.', 'Gray.', 'Gray.', 'Blue.', 'Gray.']",0.8979457248567797,What color bowl is the bread in?,,True,0.8140452349615311,1,correct_low
validation::2412,['5'],3.,0.0,"['3.', '3.', '3.', '3.', '3.', '3.', '3.', '3.', '3.', '3.']",-0.0,How many bulbs are in the lamp?,,False,0.8140452349615311,0,incorrect_high
validation::2413,['shark'],Shoei.,0.0,"['HJC.', 'Shoei.', 'Halo.', 'H.', 'Shoei.', 'Sniper.', 'Siroko.', 'Shoei.', 'Honda.', 'Hjc.']",1.834371970281624,what word is on the rear passengers helmet?,,False,0.8140452349615311,1,incorrect_low
validation::2418,['grey'],White.,0.0,"['white.', 'White.', 'White.', 'White.', 'White.', 'White.', 'White.', 'White.', 'White.', 'White.']",-0.0,What color are the details on the man's knees?,,False,0.8140452349615311,0,incorrect_high
validation::2420,['6'],4.,0.0,"['3.', '4.', '3.', '7', '3.', '4.', '4.', '4.', '4.', '4.']",0.8979457248567797,How many numbers are there in the bottom left corner?,,False,0.8140452349615311,1,incorrect_low
validation::2422,['blue'],Blue.,1.0,"['Blue.', 'Blue.', 'Blue.', 'Blue.', 'Blue.', 'Blue.', 'Blue.', 'Blue.', 'Blue.', 'Blue.']",-0.0,What color is the plate on the wall?,,True,0.8140452349615311,0,correct_high
validation::2424,['light'],Light.,1.0,"['Headlamp.', 'Light.', 'Headlamp.', 'Headlamp.', 'Lamp.', 'Headlamp.', 'Light.', 'Headlamp.', 'Light.', 'Light.']",0.6730116670092565,What's on the man's hat?,,True,0.8140452349615311,0,correct_high
validation::2430,['toy'],Nothing.,0.0,"['Nothing.', 'Nothing.', 'Nothing.', 'Nothing.', 'Table.', 'Nothing.', 'No one.', 'Nothing.', 'Nothing.', 'Nothing.']",0.639031859650177,what is on the bench?,,False,0.8140452349615311,0,incorrect_high
validation::2431,['pear'],Pears.,0.0,"['Pears.', 'Pears.', 'Papaya.', 'Pears.', 'Pears.', 'Pears.', 'Pears.', 'Pears.', 'Pear', 'Pears.']",0.3250829733914482,What oblong fruit is just behind the front right sections of oranges?,,True,0.8140452349615311,0,correct_high
validation::2433,['2'],2.,1.0,"['2.', '2.', '2.', '2.', '2.', '2.', '2.', '2.', '2.', '2.']",-0.0,How many spoons are in the dessert?,,True,0.8140452349615311,0,correct_high
validation::2437,['flush'],Flush toilet.,1.0,"['Flush toilet.', 'Flush toilet.', 'Flush toilet.', 'Flush toilet.', 'Flush toilet.', 'Flush toilet.', 'Flush toilet.', 'Flush toilet.', 'Flush toilet.', 'Flush toilet.']",-0.0,What is the person about to do?,,True,0.8140452349615311,0,correct_high
validation::2439,['7'],5.,0.0,"['7.', '4.', '8.', '10.', '9.', '5.', '5.', '5.', '6.', '3.']",1.9730014063936128,How many circular buttons run down the right side of the microwave?,,False,0.8140452349615311,1,incorrect_low
validation::2441,['4'],3.,0.0,"['6.', '3.', '3.', '2.', '4.', '3.', '3.', '3.', '3.', '4.']",1.0888999753452238,How many people are in the water?,,False,0.8140452349615311,1,incorrect_low
validation::2443,['confused'],Sad.,0.0,"['Surprised.', 'Confused.', 'Disgust.', 'Surprised.', 'Confused.', 'Anger.', 'Confusion.', 'Confusion.', 'confused.', 'Sad.']",1.3592367006650063,What is the woman's expression?,,False,0.8140452349615311,1,incorrect_low
validation::2444,['camera'],Picture.,0.0,"['pictures.', 'Picture.', 'Picture.', 'Pictures.', 'Picture.', 'Picture.', 'Picture.', 'Picture.', 'Phone.', 'Nothing.']",0.639031859650177,What is sitting on top of the printer?,,False,0.8140452349615311,0,incorrect_high
validation::2445,['6'],4.,0.0,"['2.', '3.', '4.', '3.', '4.', '3.', '3.', '4.', '4.', '4.']",0.9433483923290392,How man corn on the cobs can be seen on the table?,,False,0.8140452349615311,1,incorrect_low
validation::2448,['2'],1.,0.0,"['2.', '1.', '1.', '1.', '1.', '1.', '1.', '1.', '1.', '1.']",0.3250829733914482,How many ponytails are visible?,,False,0.8140452349615311,0,incorrect_high
validation::245,['6'],6.,1.0,"['6.', '4.', '6.', '4.', '6.', '2.', '6.', '6.', '6.', '6.']",0.8018185525433372,How many windows in the cockpit?,,True,0.8140452349615311,0,correct_high
validation::2450,['spoon'],Fork.,0.0,"['Fork.', 'Chopsticks.', 'Chopsticks.', 'Fork.', 'Fork.', 'Fork.', 'Fork.', 'Fork and spoon.', 'Fork.', 'Fork and spoon.']",0.9502705392332348,What cutlery in on the plate?,,False,0.8140452349615311,1,incorrect_low
validation::2451,['nike'],Nike.,1.0,"['Nike.', 'Nike.', 'Nike.', 'Nike.', 'Nike.', 'Nike.', 'Nike.', 'Nike.', 'Nike.', 'Nike.']",-0.0,What brand is on the athlete's hat?,,True,0.8140452349615311,0,correct_high
validation::2452,['white'],Yellow.,0.0,"['Yellow.', 'Yellow.', 'Yellow.', 'Yellow.', 'Yellow.', 'Yellow.', 'Yellow.', 'Yellow.', 'Yellow.', 'Yellow.']",-0.0,What color is the middle stripe on the sleeves?,,False,0.8140452349615311,0,incorrect_high
validation::2454,['1'],1.,1.0,"['1.', '1.', '1.', '1.', '1.', '1.', '1.', '2.', '1.', '1.']",0.3250829733914482,How many dog toys on the floor?,,True,0.8140452349615311,0,correct_high
validation::2455,['cruise'],Dolphin cruises.,0.0,"['Dolphin cruises.', 'Dolphin cruises.', 'Dolphin cruises.', 'Ferry.', 'Dolphin cruise.', 'Cruise.', 'Ferry.', 'Dolphin cruises.', 'Boat.', 'Ferry.']",1.1682824501765623,what kind of ship is this?,,True,0.8140452349615311,1,correct_low
validation::2458,['boots'],Boots.,1.0,"['Feet.', 'Skier.', 'Bindings.', 'Binding.', 'Boots.', 'Bindings.', 'Bindings.', 'Binding.', 'Boots.', 'Bindings.']",1.0888999753452238,What are attached to the skis?,,True,0.8140452349615311,1,correct_low
validation::2459,['1:15'],1:55.,0.0,"['3:33.', '12:38.', '1:30.', '11:00.', '3:10.', '10:58.', '2:27.', '1:45.', '9:37.', '3:10.']",2.163955656882057,What time is it?,,False,0.8140452349615311,1,incorrect_low
validation::246,['3'],2.,0.0,"['4.', '2.', '1.', '4.', '4.', '2.', '2.', '6.', '2.', '3.']",1.4184836619456564,How many total tennis rackets are seen?,,False,0.8140452349615311,1,incorrect_low
validation::2462,['bubble up'],Bubble up.,1.0,"['Bubble up.', 'Beer.', 'Beer.', 'Bubble up.', 'Beer.', 'Beer.', 'Beer.', 'Beer.', 'Beer.', 'Beer.']",0.5004024235381879,What type of drink is shown?,,True,0.8140452349615311,0,correct_high
validation::2467,['kayaks'],Sailboats.,0.0,"['Sailboats.', 'Sailboats.', 'Sailboats.', 'Sailboats.', 'Sailboats.', 'Sailboats.', 'Sailboats.', 'Sailboats.', 'Sailboats.', 'Sailboats.']",-0.0,What type of boats are stacked on shelves?,,False,0.8140452349615311,0,incorrect_high
validation::2469,['sm'],Sm.,1.0,"['Sm.', 'Sm.', 'Sm.', 'Sm.', 'Sm.', 'Tm.', 'Sm.', 'Sm.', 'Sm.', 'Sm.']",0.3250829733914482,What two letters are above the cockpit windows?,,True,0.8140452349615311,0,correct_high
validation::2472,['0'],1.,0.0,"['0.', '1.', '0.', '1.', '1.', '0.', '2.', '0.', '0.', '0.']",0.8979457248567797,How many watermelons are there?,,False,0.8140452349615311,1,incorrect_low
validation::2474,['3'],2.,0.0,"['4.', '2.', '2.', '2.', '3.', '1.', '2.', '1.', '3.', '3.']",1.2798542258336676,how many frisbee's do you see?,,False,0.8140452349615311,1,incorrect_low
validation::2475,['green'],Green.,1.0,"['Green.', 'Green.', 'Green.', 'Green.', 'Green.', 'Green.', 'Green.', 'Green.', 'Green.', 'Green.']",-0.0,What color is the stuff between the bricks?,,True,0.8140452349615311,0,correct_high
validation::2477,['unanswerable'],None.,0.0,"['Steel.', 'Unknown.', 'Unknown.', 'Smith.', 'Wedding.', 'Wusthof.', 'Gorham.', 'None.', 'N/a.', 'Wallace.']",2.025326220770068,What is the last name on the utensil?,,True,0.8140452349615311,1,correct_low
validation::2478,['2'],2.,1.0,"['2.', '2.', '2.', '2.', '2.', '2.', '2.', '2.', '2.', '2.']",-0.0,How many doors does the red truck have?,,True,0.8140452349615311,0,correct_high
validation::248,['3'],3.,1.0,"['4.', '2.', '3.', '2.', '3.', '2.', '4.', '3.', '2.', '3.']",1.0549201679861442,How many birds are visible?,,True,0.8140452349615311,1,correct_low
validation::2486,['left'],Right.,0.0,"['Right.', 'Right.', 'Left.', 'Right.', 'Right.', 'Right.', 'Right.', 'Right.', 'Left.', 'Left.']",0.6108643020548935,Which side of the leg did he used to pivot his shot?,,False,0.8140452349615311,0,incorrect_high
validation::249,['rock'],Rock.,1.0,"['Fence.', 'Rock.', 'Fence.', 'Rock.', 'Fence.', 'Fence.', 'Rock.', 'Rock.', 'Rock.', 'Fence.']",0.6931471805599453,what is in front of the giraffe?,,True,0.8140452349615311,0,correct_high
validation::2493,['p'],T.,0.0,"['T.', 'T', 'T.', 'T.', 'T', 'T', 'T', 'T.', 'T', 'T.']",-0.0,What letter has a slash through it on the sign above the skateboarder?,,False,0.8140452349615311,0,incorrect_high
validation::2494,['towel'],Towel.,1.0,"['Bed.', 'Towel.', 'Towel.', 'Towel.', 'Towel.', 'Towel.', 'Towel.', 'Towel.', 'Fan.', 'Shelf.']",0.9404479886553264,What is next to the window?,,True,0.8140452349615311,1,correct_low
validation::2495,['knife'],Knife.,1.0,"['Knife.', 'Knife.', 'Knife.', 'Knife.', 'Knife.', 'Knife.', 'Knife.', 'Knife.', 'Knife.', 'Knife.']",-0.0,What eating utensil is just to the left of the fork?,,True,0.8140452349615311,0,correct_high
validation::2499,['knife'],Fork.,0.0,"['Knife.', 'Spatula.', 'Knife.', 'Fork.', 'Knife.', 'Knife.', 'Fork.', 'Fork.', 'Knife.', 'Fork.']",0.9433483923290392,What is in the right hand?,,False,0.8140452349615311,1,incorrect_low
validation::250,['unanswerable'],Apple.,0.0,"['Apple.', 'Apple.', 'Smiley face.', 'Frog.', 'Smiley face.', 'Apple.', 'Duck.', 'Ibm.', 'Frog.', 'Apple.']",1.4708084763221112,What sticker is on the computer?,,False,0.8140452349615311,1,incorrect_low
validation::2503,['shell'],Shell.,1.0,"['Shell.', 'Shell.', 'Shell.', 'Shell.', 'Shell.', 'Round.', 'Shell.', 'Shell.', 'Shell.', 'Shell.']",0.3250829733914482,what is the shape of the object hanging on the wall to the right of the mirror,,True,0.8140452349615311,0,correct_high
validation::2504,['1'],1.,1.0,"['2.', '1.', '0.', '2.', '2.', '1.', '1.', '1.', '0.', '0.']",1.0888999753452238,How many gloves does the player throwing the ball have?,,True,0.8140452349615311,1,correct_low
validation::2505,['2'],2.,1.0,"['1.', '1.', '1.', '1.', '2.', '2.', '2.', '2.', '2.', '2.']",0.6730116670092565,How many hands is the boy using to hold his controller?,,True,0.8140452349615311,0,correct_high
validation::2507,['red and green'],Red.,1.0,"['Golden.', 'White.', 'Red.', 'Red and gold.', 'Gold.', 'Red.', 'Blue and red.', 'Red.', 'Red and gold.', 'Gold and silver.']",1.6957425341696346,What c olors are the bows on the stuffed animals necks?,,False,0.8140452349615311,1,incorrect_low
validation::2508,['2'],2.,1.0,"['3.', '2.', '3.', '3.', '2.', '2.', '3.', '2.', '3.', '2.']",0.6931471805599453,How many different colors of fruit ate displayed on table?,,True,0.8140452349615311,0,correct_high
validation::2511,['2'],3.,0.0,"['4.', '6.', '3.', '2.', '4.', '4.', '3.', '4.', '3.', '3.']",1.1935496040981333,How many clear cups are on the table?,,False,0.8140452349615311,1,incorrect_low
validation::2512,['3:55'],1:50.,0.0,"['6:00.', '2:35.', '4:15.', '11:40.', '6:20.', '2:05.', '2:10.', '9:35.', '3:10.', '2:50.']",2.302585092994045,What time is shown on the clock on the right?,,False,0.8140452349615311,1,incorrect_low
validation::2513,['grill'],Washing machine.,0.0,"['Washing machine.', 'Washing machine.', 'Dishwasher.', 'Washer and dryer.', 'Washer/dryer.', 'Stove.', 'Washer/dryer.', 'Washing machine.', 'Washer and dryer.', 'Toilet.']",1.4184836619456564,What appliance is behind the sliding door?,,False,0.8140452349615311,1,incorrect_low
validation::2518,['2'],3.,0.0,"['2.', '2.', '3.', '3.', '2.', '3.', '3.', '2.', '3.', '2.']",0.6931471805599453,How many couches and chairs combined are in the photo?,,False,0.8140452349615311,0,incorrect_high
validation::2519,['176'],176.,1.0,"['176.', '176.', '176.', '176.', '176.', '176.', '176.', '176.', '176.', '176.']",-0.0,What number is shown on the bus?,,True,0.8140452349615311,0,correct_high
validation::2520,['iron man'],Man.,1.0,"['Batman.', 'Scarlet johansson.', 'Man.', 'Superman.', 'Woman.', 'Man.', 'Luke.', 'Man.', 'Batman.', 'Man.']",1.6094379124341005,Who is the hero on the TV?,,False,0.8140452349615311,1,incorrect_low
validation::2522,['2'],2.,1.0,"['2.', '2.', '1.', '1.', '2.', '2.', '2.', '2.', '2.', '2.']",0.5004024235381879,How many cats are on the keyboard?,,True,0.8140452349615311,0,correct_high
validation::2523,['man'],Tom.,0.0,"['Live.', 'Far.', 'Pen.', 'Tob.', 'Tom.', 'Vet.', 'And.', 'Tom.', 'Tom.', 'Don.']",1.9730014063936128,What are the 3 letters after Long on the book on the bottom shelf just behind the cats right ear?,,True,0.8140452349615311,1,correct_low
validation::2524,['mermaid'],Buddha.,0.0,"['Buddha.', 'Buddha.', 'Cat.', 'Buddha.', 'Buddha.', 'Hare.', 'Goddess.', 'Bottle.', 'Bear.', 'Bear.']",1.6094379124341005,What statue is to the farthest left side of the table?,,False,0.8140452349615311,1,incorrect_low
validation::2527,['cd hole'],Cd drive.,1.0,"['Cd drive.', 'Cd.', 'Dvd player.', 'Computer.', 'Cd.', 'Dvd drive.', 'Keyboard.', 'Cd tray.', 'Cd drive.', 'Dvd player.']",1.6957425341696344,Where is the person inserting their finger?,,True,0.8140452349615311,1,correct_low
validation::2533,['1'],2.,0.0,"['2.', '2.', '3.', '0.', '1.', '0.', '2.', '2.', '2.', '2.']",1.0888999753452235,How many windows on the door?,,False,0.8140452349615311,1,incorrect_low
validation::2536,['gold'],Dry.,0.0,"['Oil.', 'Dry.', 'Cast.', 'Extra.', 'Resve.', 'Cook.', 'Dry.', 'Oil.', 'Cook.', 'Cook.']",1.6957425341696346,What is the four letter word just under the top word on the top of the bottle on the top left?,,False,0.8140452349615311,1,incorrect_low
validation::2537,['93'],103.,0.0,"['103.', '103.', '103.', '103.', '103.', '103.', '103.', '103.', '103.', '103.']",-0.0,what is the number written on the front bus in yellow on a black field?,,False,0.8140452349615311,0,incorrect_high
validation::2538,['3'],3.,1.0,"['3.', '3.', '4.', '3.', '3.', '3.', '3.', '3.', '2.', '5.']",0.9404479886553264,how many animals are there in the image?,,True,0.8140452349615311,1,correct_low
validation::254,['4:00'],1:10.,0.0,"['Can not tell.', '9:05.', '11:55.', '12:20.', '1:35.', '11:20.', ""I can't tell."", '12:15.', '10:35.', '3:15.']",2.163955656882057,What time is it?,,False,0.8140452349615311,1,incorrect_low
validation::2543,['1'],1.,1.0,"['1.', '1.', '1.', '1.', '1.', '1.', '1.', '1.', '1.', '1.']",-0.0,How many candles in the painting?,,True,0.8140452349615311,0,correct_high
validation::2544,['left'],Right.,0.0,"['Left.', 'Right.', 'Right.', 'Right.', 'Right.', 'Right.', 'Right.', 'Right.', 'Right.', 'Right.']",0.3250829733914482,Which hand is the guy using to hold the can that is blowing the fire?,,False,0.8140452349615311,0,incorrect_high
validation::2546,['2'],1.,0.0,"['1.', '1.', '1.', '1.', '1.', '1.', '1.', '1.', '1.', '1.']",-0.0,how many frisbees are in the picture?,,False,0.8140452349615311,0,incorrect_high
validation::2547,['3'],3.,1.0,"['3.', '3.', '1.', '3.', '2.', '3.', '3.', '3.', '3.', '3.']",0.639031859650177,How many of the children are wearing pink?,,True,0.8140452349615311,0,correct_high
validation::2548,['2'],2.,1.0,"['1.', '2.', '2.', '2.', '1.', '2.', '2.', '1.', '2.', '2.']",0.6108643020548935,How many cats are there?,,True,0.8140452349615311,0,correct_high
validation::2549,['mercedes'],Mercedes.,1.0,"['Mercedes.', 'Mercedes.', 'Mercedes benz.', 'Mercedes.', 'Mercedes.', 'Mercedes.', 'Mercedes.', 'Mercedes.', 'Mercedes.', 'Mercedes.']",0.3250829733914482,What is the make of the truck?,,True,0.8140452349615311,0,correct_high
validation::2550,['america'],America.,1.0,"['America.', 'America.', 'America.', 'America.', 'America.', 'America.', 'America.', 'America.', 'America.', 'America.']",-0.0,What is written on the sign?,,True,0.8140452349615311,0,correct_high
validation::2554,['bone'],Bone.,1.0,"['Bone.', 'Bone.', 'Bone.', 'Bone.', 'Bone.', 'Bone.', 'Bone.', 'Bone.', 'Bone.', 'Bone.']",-0.0,What is the shape of the dog tag on the chain around the dog's neck?,,True,0.8140452349615311,0,correct_high
validation::2555,['molly coddled city workers'],Mollycoddled city workers.,1.0,"['Mollycoddled city workers.', 'Mollycoddled city workers.', 'Molly coddled city workers.', 'Mollycoddled city workers.', 'Mollycoddled city workers.', 'Mollycodled city workers.', 'Mollycoddled city workers.', 'Mollycoddled city workers.', 'Mollycoddled city workers.', 'Mollycoddled city workers.']",-0.0,What does the vandalism on the sign say?,,True,0.8140452349615311,0,correct_high
validation::2556,['4:28 pm'],4:28 pm.,1.0,"['4:28 pm.', '4:28 pm.', '4:28 pm.', '4:28 pm.', '4:28 pm.', '4:28 pm.', '4:28pm.', '4:28 pm.', '4:28 pm.', '4:28 pm.']",-0.0,What time is it on the laptop screen?,,True,0.8140452349615311,0,correct_high
validation::2558,['crust'],Crust.,1.0,"['Crust.', 'Crust.', 'Crust.', 'Crust.', 'Crust.', 'Crust.', 'Crust.', 'Crust.', 'Crust.', 'Crust.']",-0.0,What part of pizza is burned?,,True,0.8140452349615311,0,correct_high
validation::2561,['1'],0.,0.0,"['0.', '0.', '2.', '0.', '0.', '1.', '1.', '3.', '0.', '0.']",1.0888999753452235,How many candles are present in the room?,,False,0.8140452349615311,1,incorrect_low
validation::2562,['4'],1.,0.0,"['1.', '1.', '1.', '1.', '2.', '2.', '2.', '1.', '1.', '1.']",0.6108643020548935,how many rackets?,,False,0.8140452349615311,0,incorrect_high
validation::2563,['blue'],White.,0.0,"['White.', 'White.', 'White.', 'White.', 'White.', 'White.', 'White.', 'White.', 'White.', 'White.']",-0.0,What color wristband is on the player's left wrist?,,False,0.8140452349615311,0,incorrect_high
validation::2564,['desktop'],Graph.,0.0,"['Graph.', 'Graph.', 'Graph.', 'Graph.', 'Sound wave.', 'Screen.', 'Wave.', 'Graph.', 'Ipod scroll.', 'Graph.']",1.2275294114572126,What is shown on the screen?,,False,0.8140452349615311,1,incorrect_low
validation::2565,['3'],3.,1.0,"['2.', '2.', '3.', '3.', '3.', '3.', '2.', '3.', '3.', '2.']",0.6730116670092565,How many animals are in the picture?,,True,0.8140452349615311,0,correct_high
validation::2566,['ave'],Ave.,1.0,"['Ave.', 'Ave.', 'Ave.', 'AVE.', 'Ave.', 'Ave.', 'Ave.', 'Ave.', 'Ave.', 'Ave.']",-0.0,What 3-letter word is before the number 57?,,True,0.8140452349615311,0,correct_high
validation::2567,['bow'],Bow.,1.0,"['Bow.', 'Bow.', 'Bow.', 'Bow.', 'Ribbon.', 'Bow.', 'Bow.', 'Bow.', 'Ribbon.', 'Bow.']",0.5004024235381879,What is on the stuffed animal's neck?,,True,0.8140452349615311,0,correct_high
validation::2569,['front'],Front.,1.0,"['Back.', 'Front.', 'Back.', 'Front.', 'Front.', 'Front.', 'Front.', 'Back.', 'Front.', 'Front.']",0.6108643020548935,Is the cat standing on the front or back of the car?,,True,0.8140452349615311,0,correct_high
validation::2571,['stop'],Stop.,1.0,"['Stop.', 'Stop.', 'Stop.', 'Stop.', 'Stop.', 'Stop.', 'Stop.', 'Stop.', 'Stop.', 'Stop.']",-0.0,What kind of sign is on the right-hand side?,,True,0.8140452349615311,0,correct_high
validation::2573,['11'],12.,0.0,"['20.', '15.', '10.', '12.', '13.', '20.', '15.', '8.', '12.', '15.']",1.6957425341696346,How many stories are visible in the building?,,False,0.8140452349615311,1,incorrect_low
validation::2574,['toshiba'],Toshiba.,1.0,"['Toshiba.', 'Toshiba.', 'Toshiba.', 'Toshiba.', 'Toshiba.', 'Toshiba.', 'Toshiba.', 'TOSHIBA.', 'Toshiba.', 'Toshiba.']",-0.0,What is the maker of the laptop?,,True,0.8140452349615311,0,correct_high
validation::2575,['4'],4.,1.0,"['4.', '4.', '6.', '4.', '4.', '4.', '6.', '4.', '3.', '6.']",0.8979457248567797,How many wheels can be seen?,,True,0.8140452349615311,1,correct_low
validation::2579,['cheese'],Lettuce.,0.0,"['Bacon.', 'Lettuce.', 'Bacon.', 'Lettuce.', 'Bacon.', 'Bacon.', 'Bacon.', 'Bacon.', 'Bacon.', 'Bacon.']",0.5004024235381879,What food is 3rd from the top in the stack?,,False,0.8140452349615311,0,incorrect_high
validation::258,['fish'],Bird.,0.0,"['Bird.', 'Lynx.', 'Bird.', 'Bird.', 'Bird.', 'Snake.', 'None.', 'None.', 'Bear.', 'Bear.']",1.4708084763221114,What animal is on the bottom of the snow board?,,False,0.8140452349615311,1,incorrect_low
validation::2580,['faust'],Nothing.,0.0,"['Nothing.', 'Red.', 'Nothing.', 'Redrum.', 'Roxy.', 'N/a.', 'Nothing.', 'Red room.', 'X-men.', 'Nothing.']",1.4978661367769952,What does it say on the poster above the TV?,,False,0.8140452349615311,1,incorrect_low
validation::2581,['carrots'],Carrots.,1.0,"['Carrots.', 'Carrots.', 'Carrots.', 'Carrots.', 'Carrots.', 'Carrots.', 'Carrots.', 'Carrots.', 'Carrots.', 'Carrots.']",-0.0,what is in the plate in the bottom left of the picture?,,True,0.8140452349615311,0,correct_high
validation::2583,['sequins'],Water.,0.0,"['Water.', 'Drops.', 'Rain.', 'Droplets of water.', 'Droplets.', 'Water.', 'Droplets.', 'Droplets.', 'Droplets.', 'Droplets.']",1.0888999753452235,What does the umbrella edge contain?,,False,0.8140452349615311,1,incorrect_low
validation::2584,['icee'],Orange juice.,0.0,"['Orange juice.', 'Orange juice.', 'Orange juice.', 'Orange juice.', 'Orange juice.', 'Ice.', 'Orange julius.', 'Orange Julius.', 'Orange juice.', 'Beer.']",1.0888999753452235,what drink is being advertised in front of the woman in shorts?,,False,0.8140452349615311,1,incorrect_low
validation::2587,['waste management'],Vm.,0.0,"['Merrill lynch.', 'Nm.', 'Fmm.', 'Nba.', 'Vm.', 'Enterprise management.', 'Vm.', 'Vm.', 'Wm.', 'Anm.']",1.9730014063936128,The logo on the left side of the picture represents what company?,,False,0.8140452349615311,1,incorrect_low
validation::2588,['dc'],Dc.,1.0,"['Dc.', 'Dc.', 'Dc.', 'Dc.', 'Dc.', 'Dc.', 'Dc.', 'Dc.', 'Dc.', 'Dc.']",-0.0,What is the brand seen on the skateboarder's shoes?,,True,0.8140452349615311,0,correct_high
validation::2590,['red'],Red and yellow.,1.0,"['Red and yellow.', 'Red and yellow.', 'Red and yellow.', 'Red and black.', 'Red and yellow.', 'Red and black.', 'Red and yellow.', 'Red.', 'Red and yellow.', 'Red and yellow.']",0.8018185525433372,what colors are the train carts in view?,,True,0.8140452349615311,0,correct_high
validation::2591,['4'],2.,0.0,"['2.', '2.', '2.', '3.', '0.', '2.', '0.', '1.', '2.', '3.']",1.2206072645530173,How many rings does this zebra poll have in this picture?,,False,0.8140452349615311,1,incorrect_low
validation::2592,['6'],4.,0.0,"['5.', '4.', '4.', '5.', '4.', '4.', '4.', '4.', '4.', '4.']",0.5004024235381879,how many animals are visible?,,False,0.8140452349615311,0,incorrect_high
validation::2595,['2'],2.,1.0,"['3.', '2.', '2.', '2.', '2.', '3.', '3.', '2.', '2.', '3.']",0.6730116670092565,how many slices of tomato?,,True,0.8140452349615311,0,correct_high
validation::2596,['microwave'],Bottles.,0.0,"['Bottle.', 'Microwave.', 'Microwave.', 'Fruit.', 'Bottles.', 'Bottle.', 'Bottle.', 'Basket.', 'Bowl.', 'Wine bottle.']",1.6094379124341,What largest item is on top of the fridge?,,False,0.8140452349615311,1,incorrect_low
validation::2598,['2'],2.,1.0,"['3.', '2.', '1.', '2.', '1.', '2.', '1.', '2.', '3.', '2.']",1.0296530140645737,How many beer bottles are there?,,True,0.8140452349615311,1,correct_low
validation::26,['4'],4.,1.0,"['5.', '6.', '3.', '4.', '4.', '4.', '3.', '5.', '3.', '3.']",1.2798542258336676,How many giraffes are in the photo?,,True,0.8140452349615311,1,correct_low
validation::260,['3'],3.,1.0,"['3.', '3.', '3.', '3.', '3.', '2.', '3.', '0.', '3.', '3.']",0.639031859650177,How many lights can be seen?,,True,0.8140452349615311,0,correct_high
validation::2601,['sand'],Sand.,1.0,"['Sand.', 'Sand.', 'Sand.', 'Sand.', 'Sand.', 'Sand.', 'Sand.', 'Sand.', 'Sand.', 'Sand.']",-0.0,what is the cone in?,,True,0.8140452349615311,0,correct_high
validation::2607,['joseph'],Joseph.,1.0,"['Joseph.', 'Joseph.', 'Joseph.', 'Joseph.', 'Joseph.', 'Joseph.', 'Joseph.', 'Joseph.', 'Joseph.', 'Joseph.']",-0.0,What is the first name written?,,True,0.8140452349615311,0,correct_high
validation::2608,['3'],3.,1.0,"['3.', '3.', '3.', '3.', '3.', '3.', '3.', '3.', '3.', '3.']",-0.0,how many different pictures are there?,,True,0.8140452349615311,0,correct_high
validation::261,['museum'],Nothing.,0.0,"['Crossing.', 'Stop.', 'Nothing.', 'Speed limit.', ""Can't tell."", 'Stop.', 'Exit.', 'No sign.', 'Crosswalk.', ""Can't read it.""]",1.7480673485460894,What does the black and yellow sign say?,,False,0.8140452349615311,1,incorrect_low
validation::2611,['erdgas'],Erdgas.,1.0,"['Erdgas.', 'Erdgas.', 'Erdgas.', 'Erdgas.', 'Erdgas.', 'Erdgas.', 'Erdgas.', 'Erdgas.', 'Erdgas.', 'Erdgas.']",-0.0,"What is the word that starts with ""e"" on the bottom of the sign?",,True,0.8140452349615311,0,correct_high
validation::2613,['1'],0.,0.0,"['0.', '0.', '1.', '0.', '0.', '0.', '0.', '0.', '0.', '0.']",0.3250829733914482,How many people are wearing gold pants?,,False,0.8140452349615311,0,incorrect_high
validation::2614,['2'],1.,0.0,"['1.', '1.', '1.', '2.', '1.', '3.', '1.', '1.', '1.', '2.']",0.8018185525433372,How many cars are seen on the road?,,False,0.8140452349615311,0,incorrect_high
validation::2615,['peanut butter'],Peanut butter.,1.0,"['Peanut butter.', 'Nutella.', 'Peanut butter.', 'Peanut butter.', 'Peanut butter.', 'Peanut butter.', 'Peanut butter.', 'Peanut butter.', 'Peanut butter.', 'Peanut butter.']",0.3250829733914482,What will be put on the banana?,,True,0.8140452349615311,0,correct_high
validation::2617,['1'],1.,1.0,"['1.', '2.', '1.', '1.', '1.', '1.', '1.', '1.', '1.', '1.']",0.3250829733914482,How many of the cat's paws are visible?,,True,0.8140452349615311,0,correct_high
validation::2618,['apron'],Pans.,0.0,"['Pans.', 'Pans.', 'Pans.', 'Pans.', 'Pans.', 'Bottles.', 'Pans.', 'Pans.', 'Pans.', 'Pots and pans.']",0.3250829733914482,What is hanging in the window?,,False,0.8140452349615311,0,incorrect_high
validation::2620,['2'],2.,1.0,"['2.', '2.', '1.', '2.', '2.', '2.', '2.', '1.', '2.', '2.']",0.5004024235381879,how many feet are touching the ground?,,True,0.8140452349615311,0,correct_high
validation::2623,['online'],Online.,1.0,"['Online.', 'Online.', 'Online.', 'Online.', 'Online.', 'Online.', 'Online.', 'Online.', 'Online.', 'Online.']",-0.0,where can you see the menu?,,True,0.8140452349615311,0,correct_high
validation::2624,['2'],2.,1.0,"['0.', '2.', '2.', '2.', '2.', '0.', '5.', '1.', '0.', '2.']",1.1682824501765623,How many blue stickers are on the bumper of the bus?,,True,0.8140452349615311,1,correct_low
validation::2626,['left'],Right.,0.0,"['Left.', 'Right.', 'Left.', 'Right.', 'Left.', 'Right.', 'Left.', 'Right.', 'Right.', 'Right.']",0.6730116670092565,Is the woman's bag on her right or left shoulder?,,False,0.8140452349615311,0,incorrect_high
validation::2628,['pears'],Bananas.,0.0,"['Bananas.', 'Apples.', 'Bananas.', 'Bananas.', 'Apples.', 'Apples.', 'Apples.', 'Apples.', 'Apples.', 'Apples.']",0.6108643020548935,What type of fruit is in the bowl?,,False,0.8140452349615311,0,incorrect_high
validation::2629,['robot'],Robot.,1.0,"['Robot.', 'Robot.', 'Robot.', 'Robot.', 'Robot.', 'Robot.', 'Robot.', 'Robot.', 'Robot.', 'Robot.']",-0.0,What is the word right after donut on the sign?,,True,0.8140452349615311,0,correct_high
validation::2636,['5'],3.,0.0,"['3.', '3.', '5.', '4.', '4.', '4.', '3.', '2.', '3.', '3.']",1.1682824501765623,How many colors are on the tie?,,False,0.8140452349615311,1,incorrect_low
validation::2637,['0'],0.,1.0,"['1.', '0.', '0.', '2.', '0.', '0.', '0.', '0.', '0.', '2.']",0.8018185525433373,how many teeth are showing?,,True,0.8140452349615311,0,correct_high
validation::2639,['1'],1.,1.0,"['1.', '1.', '1.', '3.', '1.', '2.', '1.', '1.', '0.', '1.']",0.9404479886553264,How many trucks have a tool box in the back of them?,,True,0.8140452349615311,1,correct_low
validation::264,['2'],3.,0.0,"['2.', '3.', '2.', '3.', '2.', '2.', '3.', '2.', '2.', '3.']",0.6730116670092565,How many of the dogs paws are visible in the photo?,,False,0.8140452349615311,0,incorrect_high
validation::2641,['m'],O.,0.0,"['M.', 'Is.', 'A.', 'B.', 'E.', 'E.', 'T.', 'A.', 'N.', 'E.']",1.834371970281624,what is the last yellow letter in the middle of the green part of the train?,,False,0.8140452349615311,1,incorrect_low
validation::2643,['organic'],Corn.,0.0,"['Corn.', 'Corn.', 'Corn.', 'Corn.', 'Corn.', 'Pumpkins.', 'Pumpkins.', 'Heirloom.', 'Corn.', 'Corn.']",0.8018185525433372,What kind of produce is being advertised in the background of the image?,,False,0.8140452349615311,0,incorrect_high
validation::2644,['blue'],"Blue, yellow, red.",1.0,"['Blue red orange.', 'Blue yellow red.', 'Orange, yellow, blue and red.', 'Blue, red, yellow.', 'Blue yellow red.', 'Blue, orange, red, yellow.', 'Blue red orange.', 'Blue and yellow.', 'Blue, orange, yellow, red.', 'Blue yellow red.']",1.4708084763221112,What colors are the train?,,True,0.8140452349615311,1,correct_low
validation::2650,['night'],Night.,1.0,"['Night.', 'Night.', 'Night.', 'Night.', 'Night.', 'Night.', 'Night.', 'Night.', 'Night.', 'Night.']",-0.0,Is the picture taken at day or night?,,True,0.8140452349615311,0,correct_high
validation::2651,['0'],1.,0.0,"['2.', '1.', '2.', '1.', '1.', '2.', '2.', '2.', '1.', '2.']",0.6730116670092565,How many ears are visible?,,False,0.8140452349615311,0,incorrect_high
validation::2653,['pink'],Yellow.,0.0,"['Yellow.', 'Yellow.', 'Yellow.', 'Yellow.', 'Yellow.', 'Yellow.', 'Yellow.', 'Yellow.', 'Yellow.', 'Yellow.']",-0.0,What color is the front of the bus?,,False,0.8140452349615311,0,incorrect_high
validation::2656,['tablet'],Book.,0.0,"['Book.', 'Book.', 'Book.', 'Book.', 'Book.', 'Book.', 'Book.', 'Book.', 'Book.', 'Book.']",-0.0,What is she holding?,,False,0.8140452349615311,0,incorrect_high
validation::2657,['pink'],Black.,0.0,"['Pink.', 'Brown.', 'Pink.', 'Brown.', 'Brown.', 'Pink.', 'Brown.', 'Black.', 'Brown.', 'Gray.']",1.1682824501765623,What color is the cat's nose?,,False,0.8140452349615311,1,incorrect_low
validation::2658,['0'],0.,1.0,"['0.', '0.', '0.', '0.', '0.', '0.', '1.', '0.', '0.', '0.']",0.3250829733914482,How many ovens are visible?,,True,0.8140452349615311,0,correct_high
validation::2659,['1'],1.,1.0,"['1.', '1.', '1.', '1.', '1.', '1.', '1.', '1.', '1.', '1.']",-0.0,How many fingers is she using to point with?,,True,0.8140452349615311,0,correct_high
validation::266,['watches'],Watches.,1.0,"['Watches.', 'Watches.', 'Watches.', 'Watches.', 'Cigarettes and lighters.', 'Diamonds.', 'Cigarettes.', 'Cigarettes.', 'Toys.', 'Cigarettes.']",1.4184836619456564,What is for sale in the display counter straight ahead?,,True,0.8140452349615311,1,correct_low
validation::2662,['left'],Left.,1.0,"['Left.', 'Left.', 'Left.', 'Left.', 'Left.', 'Right.', 'Right.', 'Right.', 'Left.', 'Left.']",0.6108643020548935,Is the left side or right side of the man closer to the ocean?,,True,0.8140452349615311,0,correct_high
validation::2666,['animals'],People.,0.0,"['People.', 'Lions.', 'People.', 'People.', 'People.', 'People.', 'Lions.', 'Bears.', 'People.', 'Lions.']",0.8979457248567797,What are the statues of that are under the clock?,,False,0.8140452349615311,1,incorrect_low
validation::2667,['2'],2.,1.0,"['2.', '2.', '2.', '2.', '2.', '2.', '3.', '2.', '2.', '2.']",0.3250829733914482,how many elephants are there?,,True,0.8140452349615311,0,correct_high
validation::2669,['4'],10.,0.0,"['Many.', 'Many.', '6.', '0.', 'Lot.', 'Many.', 'Lot.', 'Many.', '2.', '10.']",1.2275294114572126,how many posts are in the fence?,,False,0.8140452349615311,1,incorrect_low
validation::267,['miguel navaza'],Miguel navaza.,1.0,"['Miguel navaza.', 'Miguel navaza.', 'Miguel navaza.', 'Miguel navaza.', 'Miguel navaza.', 'Miguel navaza.', 'Miguel navaza.', 'Miguel navaza.', 'Miguel navaza.', 'Miguel navaza.']",-0.0,what is the name at the bottom?,,True,0.8140452349615311,0,correct_high
validation::2670,['9:29'],1:55.,0.0,"['12:00.', '7:20.', '11:54.', '9:25.', '12:30.', '1:05.', '4:55.', '11:10.', '1:50.', '11:15.']",2.302585092994045,What is the time on the clock?,,False,0.8140452349615311,1,incorrect_low
validation::2671,['2'],2.,1.0,"['4.', '2.', '2.', '3.', '4.', '4.', '2.', '3.', '2.', '3.']",1.0888999753452238,Not including the one in the background how many skateboard wheels are visible?,,True,0.8140452349615311,1,correct_low
validation::2675,['sol'],Left.,0.0,"['Only.', 'Lake.', 'Only.', 'Left.', 'Left.', 'Left.', 'Luck.', 'Left.', 'Lane.', 'Left.']",1.0888999753452235,what is the last word on the green sign?,,False,0.8140452349615311,1,incorrect_low
validation::2677,['comcast'],Comcast.,1.0,"['Comcast.', 'Comcast.', 'Comcast.', 'Comcast.', 'Comcast.', 'Comcast.', 'Comcast.', 'Comcast.', 'Comcast.', 'Comcast.']",-0.0,What company is being advertised on the wall in the background?,,True,0.8140452349615311,0,correct_high
validation::268,['cow'],Cow.,1.0,"['Cow.', 'Cow.', 'Cow.', 'Cow.', 'Cow.', 'Cow.', 'Cow.', 'Cow.', 'Cow.', 'Cow.']",-0.0,What is the bird on top of?,,True,0.8140452349615311,0,correct_high
validation::2680,['2'],3.,0.0,"['1.', '1.', '2.', '1.', '3.', '2.', '2.', '2.', '2.', '2.']",0.8979457248567797,How many blue stripes can be seen on the train?,,False,0.8140452349615311,1,incorrect_low
validation::2686,['2'],2.,1.0,"['2.', '0.', '0.', '2.', '0.', '2.', '3.', '5.', '2.', '0.']",1.193549604098133,How many plates are there ?,,True,0.8140452349615311,1,correct_low
validation::2688,['police'],Police.,1.0,"['Police.', 'Police.', 'Police.', 'Police.', 'Police.', 'Police.', 'Police.', 'Police.', 'Police.', 'Police.']",-0.0,What is written on the rear panel of the motorcycle?,,True,0.8140452349615311,0,correct_high
validation::2689,['2'],2.,1.0,"['3.', '2.', '2.', '3.', '3.', '3.', '3.', '3.', '2.', '3.']",0.6108643020548935,how many tires are visible?,,True,0.8140452349615311,0,correct_high
validation::269,['2'],5.,0.0,"['5.', '5.', '5.', '5.', '0.', '0.', '0.', '5.', '5.', '5.']",0.6108643020548935,How many fingers are extended in players free hand?,,False,0.8140452349615311,0,incorrect_high
validation::2691,['neither'],Right.,0.0,"['Neither.', 'Right.', 'The one on the right.', 'Neither.', 'Neither.', 'Neither.', 'Neither.', 'Right.', 'Right.', 'Neither.']",0.6730116670092565,Which woman has sunglasses on?,,False,0.8140452349615311,0,incorrect_high
validation::2692,['4'],10.,0.0,"['3.', '100.', '100.', '2.', '2.', '2.', '5.', '2.', '2.', '12.']",1.3592367006650063,"According to the sign on the left most building, how many DVDs can you get for $20?",,False,0.8140452349615311,1,incorrect_low
validation::2693,['2'],2.,1.0,"['2.', '1.', '2.', '2.', '2.', '2.', '2.', '2.', '2.', '1.']",0.5004024235381879,how many men are hugging?,,True,0.8140452349615311,0,correct_high
validation::2696,['2'],2.,1.0,"['2.', '3.', '4.', '2.', '2.', '0.', '3.', '2.', '2.', '2.']",1.0888999753452235,How many piercings are in her bottom lip?,,True,0.8140452349615311,1,correct_low
validation::2698,['2'],2.,1.0,"['2.', '2.', '2.', '2.', '2.', '2.', '1.', '1.', '2.', '1.']",0.6108643020548935,How many street lights are there?,,True,0.8140452349615311,0,correct_high
validation::2699,['wine glass'],Stuffed animal.,0.0,"['Stuffed animal.', 'Stuffed lamb.', 'Stuffed animal.', 'Stuffed animal.', 'Stuffed animal.', 'Stuffed dog.', 'Bear.', 'Lamb.', 'Bear.', 'Stuffed sheep.']",1.6094379124341005,what object is to the right of the text on the shirt?,,False,0.8140452349615311,1,incorrect_low
validation::2701,['19:45'],1:40.,0.0,"['12:52.', '8:17.', '12:44.', '9:35.', ""Can't tell."", '9:30.', '1:12.', '2:42.', '9:07.', '2:12.']",2.302585092994045,What time does the phone say?,,False,0.8140452349615311,1,incorrect_low
validation::2702,['5'],5.,1.0,"['2.', '7.', '5.', '0.', '5.', '3.', '5.', '5.', '5.', '2.']",1.3592367006650063,What is the last digit on the banana price sign?,,True,0.8140452349615311,1,correct_low
validation::2707,['4:31'],1:53.,0.0,"['7:00.', '1:40.', '2:52.', '10:40.', '2:06.', '10:35.', '1:35.', '6:09.', '4:22.', '1:30.']",2.302585092994045,What time is it?,,False,0.8140452349615311,1,incorrect_low
validation::271,['left'],Left.,1.0,"['Left.', 'Left.', 'Left.', 'Left.', 'Left.', 'Left.', 'Left.', 'Left.', 'Left.', 'Left.']",-0.0,Is the coffee maker to the left or right of the sink?,,True,0.8140452349615311,0,correct_high
validation::2710,['2'],2.,1.0,"['2.', '2.', '2.', '2.', '2.', '2.', '2.', '2.', '2.', '2.']",-0.0,How many back slats are there on the bench?,,True,0.8140452349615311,0,correct_high
validation::2711,['orange'],Orange.,1.0,"['Orange.', 'Orange.', 'Orange.', 'Orange.', 'Orange.', 'Orange.', 'Orange.', 'Orange.', 'Orange.', 'Orange.']",-0.0,What color is the cat in the background?,,True,0.8140452349615311,0,correct_high
validation::2717,['sink'],Toilet.,0.0,"['Toilet.', 'Toilet.', 'Toilet.', 'Toilet.', 'Toilet.', 'Toilet.', 'Toilet.', 'Toilet.', 'Toilet.', 'Toilet.']",-0.0,What is next to the tub?,,False,0.8140452349615311,0,incorrect_high
validation::2719,['2'],1.,0.0,"['2.', '1.', '1.', '2.', '1.', '1.', '1.', '1.', '1.', '1.']",0.5004024235381879,How many people have baseball gloves on their left hand?,,False,0.8140452349615311,0,incorrect_high
validation::2720,['tongs'],Toulas.,0.0,"['Sprouts.', 'Spinach.', 'Sprouts.', 'Toulas.', 'Toulouse.', 'Spinach.', 'Tomato.', 'Tulips.', 'Spinach.', 'Toulas.']",1.6957425341696346,what is the first word on the top right?,,False,0.8140452349615311,1,incorrect_low
validation::2727,['seattle'],Seattle.,1.0,"['Seattle.', 'Seattle.', 'Seattle.', 'Seattle.', 'Seattle.', 'Seattle.', 'Seattle.', 'Seattle.', 'Seattle.', 'Seattle.']",-0.0,What city is this in?,,True,0.8140452349615311,0,correct_high
validation::2728,['3'],2.,0.0,"['2.', '3.', '2.', '2.', '2.', '3.', '2.', '3.', '2.', '1.']",0.8979457248567797,how many chimney pipes on the building on the left?,,False,0.8140452349615311,1,incorrect_low
validation::2729,['3'],1.,0.0,"['5.', '5.', '0.', '0.', '1.', '1.', '1.', '2.', '2.', '2.']",1.3661588475692017,how many pictures are on the laptop screen?,,False,0.8140452349615311,1,incorrect_low
validation::2730,['monster'],Monster.,1.0,"['Monster.', 'Monster.', 'Monster.', 'Monster.', 'Monster.', 'Monster.', 'Monster.', 'Monster.', 'Monster.', 'Monster.']",-0.0,what energy drink brand is shown bottom right?,,True,0.8140452349615311,0,correct_high
validation::2733,['towards'],Towards.,1.0,"['Towards.', 'Towards.', 'Towards.', 'Away.', 'Towards.', 'Towards.', 'Towards.', 'Towards.', 'Towards.', 'Towards.']",0.3250829733914482,Is the skier in the back skiing towards or away from the man in the front?,,True,0.8140452349615311,0,correct_high
validation::2735,['upside down'],Standing.,0.0,"['Standing.', 'Standing.', 'Jumping.', 'Standing.', 'Upside down.', 'standing.', 'Standing.', 'Standing.', 'Standing.', 'Standing.']",0.639031859650177,what is the position of their bodies while in the air?,,False,0.8140452349615311,0,incorrect_high
validation::2737,['necklace'],Necklace.,1.0,"['Nothing.', 'Necklace.', 'Nothing.', 'Necklace.', 'Necklace.', 'Nothing.', 'Necklace.', 'Necklace.', 'Necklace.', 'Nothing.']",0.6730116670092565,what is the gal wearing around her neck,,True,0.8140452349615311,0,correct_high
validation::2742,['yellow'],Yellow.,1.0,"['Yellow.', 'Yellow.', 'Yellow.', 'Yellow.', 'Yellow.', 'Yellow.', 'Yellow.', 'Yellow.', 'Yellow.', 'Yellow.']",-0.0,what color sign is under the giant M?,,True,0.8140452349615311,0,correct_high
validation::2743,['e'],E.,1.0,"['E.', 'Ex.', 'E.', 'E.', 'E.', 'E.', 'E.', 'E.', 'E.', 'E.']",0.3250829733914482,What is the first letter on the license plate?,,True,0.8140452349615311,0,correct_high
validation::2747,['2'],2.,1.0,"['2.', '2.', '2.', '3.', '3.', '2.', '2.', '2.', '2.', '3.']",0.6108643020548935,How many sets of train tracks are shown in the center train corridor?,,True,0.8140452349615311,0,correct_high
validation::2748,['4'],4.,1.0,"['2.', '4.', '4.', '3.', '4.', '4.', '4.', '4.', '4.', '4.']",0.639031859650177,How many eyes are open  in this image?,,True,0.8140452349615311,0,correct_high
validation::2749,['4'],3.,0.0,"['3.', '3.', '3.', '3.', '3.', '3.', '3.', '3.', '3.', '3.']",-0.0,How many people are in the image?,,False,0.8140452349615311,0,incorrect_high
validation::2751,['2'],2.,1.0,"['2.', '2.', '2.', '2.', '2.', '3.', '3.', '2.', '2.', '2.']",0.5004024235381879,how many racks are inside the oven?,,True,0.8140452349615311,0,correct_high
validation::2752,['cooper'],Pepper.,0.0,"['Bapper.', 'Pooper.', 'Pupper.', 'Pepper.', 'Pepper.', 'Popper.', 'Popper.', 'Pooper.', 'Dodgers.', 'Boucher.']",1.8866967846580784,What is the family name of the bubble head?,,False,0.8140452349615311,1,incorrect_low
validation::2753,['4'],0.,0.0,"['20.', 'Several.', 'Many.', '4.', '20.', '20.', '0.', '4.', '0.', '20.']",1.3321790402101223,How many cinder blocks are fully or partially visible?,,False,0.8140452349615311,1,incorrect_low
validation::2755,['2'],4.,0.0,"['12.', '4.', '5.', '4.', '8.', '5.', '6.', '12.', '4.', '1.']",1.6957425341696346,How many draws are in this photo?,,False,0.8140452349615311,1,incorrect_low
validation::2757,['right'],Left.,0.0,"['Left.', 'Right.', 'Right.', 'Right.', 'Right.', 'Left.', 'Left.', 'Right.', 'Left.', 'Right.']",0.6730116670092565,Which way is the flower tilted?,,False,0.8140452349615311,0,incorrect_high
validation::2758,['199'],L1199.,0.0,"['11189.', 'L1199.', '99.', 'L119.', 'L199.', 'L1199.', 'L1199.', 'L1199.', 'Lf 199.', 'L1199.']",1.4978661367769952,What is the number shown on the boat closest to the tractor?,,False,0.8140452349615311,1,incorrect_low
validation::276,['white and black'],Blue.,0.0,"['Blue.', 'Blue.', 'Blue.', 'Blue.', 'Blue.', 'Blue.', 'Blue.', 'Blue.', 'Blue.', 'Blue.']",-0.0,what colors are the people in the back wearing,,False,0.8140452349615311,0,incorrect_high
validation::2760,['0'],0.,1.0,"['0.', '0.', '0.', '0.', '0.', '0.', '0.', '0.', '0.', '0.']",-0.0,how many people looking up?,,True,0.8140452349615311,0,correct_high
validation::2762,['front'],Behind.,0.0,"['Behind.', 'Behind.', 'Behind.', 'Behind.', 'Behind.', 'Behind.', 'Behind.', 'Behind.', 'Behind.', 'Behind.']",-0.0,Is the sun in front of her or behind her?,,False,0.8140452349615311,0,incorrect_high
validation::2766,['2:30'],4:40.,0.0,"['5:00.', '5:15.', '3:20.', '3:25.', '3:45.', '5:55.', '5:15.', '1:00.', '12:12.', '4:55.']",2.163955656882057,what time is it on the clocks?,,False,0.8140452349615311,1,incorrect_low
validation::2768,['4'],3.,0.0,"['5.', '4.', '2.', '3.', '3.', '3.', '4.', '3.', '3.', '4.']",1.1682824501765623,How many guys are there?,,False,0.8140452349615311,1,incorrect_low
validation::2769,['velcro'],Laces.,0.0,"['Laces.', 'Laces.', 'Velcro.', 'Laces.', 'Velcro.', 'Laces.', 'Laces.', 'Laces.', 'Laces.', 'Velcro.']",0.6108643020548935,Are those laces on his sneakers or velcro?,,False,0.8140452349615311,0,incorrect_high
validation::2773,['2.98'],2.98.,1.0,"['2.99.', '2.98.', '2.98', '2.98.', '2.98.', '2.98.', '2.98.', '2.98.', '2.98.', '2.98.']",0.3250829733914482,What price do you see on the back wall?,,True,0.8140452349615311,0,correct_high
validation::2774,['1'],2.,0.0,"['2.', '2.', '2.', '2.', '2.', '1.', '2.', '2.', '1.', '2.']",0.5004024235381879,how many tags are on the collar,,False,0.8140452349615311,0,incorrect_high
validation::2775,['3'],2.,0.0,"['4.', '2.', '5.', '4.', '2.', '3.', '2.', '2.', '2.', '3.']",1.2206072645530175,How many children are there?,,False,0.8140452349615311,1,incorrect_low
validation::2777,['basketball'],Wrestling.,0.0,"['Wrestling.', '0.', 'Hockey.', 'Football.', 'Wrestling.', 'Hockey.', 'Wrestling.', 'Wrestling.', 'Basketball.', 'Hockey.']",1.4184836619456564,What sport is on the television?,,False,0.8140452349615311,1,incorrect_low
validation::2780,['great'],Nothing.,0.0,"['Starbucks.', 'Something red.', 'P. morgan.', 'Emperial.', 'Nothing.', 'Emporium.', 'Nothing.', 'Empress.', 'Citibank.', 'Dfs.']",1.834371970281624,What does the building in the background say?,,False,0.8140452349615311,1,incorrect_low
validation::2781,['field'],FEST.,0.0,"['FEST.', 'Trap.', 'Fun.', 'Kite.', 'Wind.', 'FESTA.', 'Film.', 'FAMILY.', 'FEST.', 'Fun.']",2.025326220770068,What is the last word of the five letter word starting with F on the sign?,,False,0.8140452349615311,1,incorrect_low
validation::2785,['1'],1.,1.0,"['1.', '1.', '1.', '1.', '1.', '1.', '1.', '1.', '1.', '1.']",-0.0,How many Styrofoam cups are there?,,True,0.8140452349615311,0,correct_high
validation::2789,['2'],1.,0.0,"['1.', '1.', '2.', '2.', '2.', '2.', '2.', '2.', '2.', '1.']",0.6108643020548935,How many eyes of the bear can you see?,,False,0.8140452349615311,0,incorrect_high
validation::279,['pedestrian zone'],Pedestrian zone.,1.0,"['Pedestrian zone.', 'Pedestrian zone.', 'Pedestrian zone.', 'Pedestrian zone.', 'Pedestrian zone.', 'Pedestrian zone.', 'Pedestrian zone.', 'Pedestrian zone.', 'Pedestrian zone.', 'Pedestrian zone.']",-0.0,What does the sign say?,,True,0.8140452349615311,0,correct_high
validation::2795,['2'],1.,0.0,"['3.', '1.', '1.', '1.', '1.', '2.', '1.', '1.', '1.', '1.']",0.639031859650177,how many people are fully visible?,,False,0.8140452349615311,0,incorrect_high
validation::2797,['4259'],2528.,0.0,"['2578.', '098862.', '715.', '83284.', '348.', '7476.', '2526.', '2586.', '2518.', '3528.']",2.302585092994045,What are the numbers on the front of the scooter?,,False,0.8140452349615311,1,incorrect_low
validation::2798,['2'],4.,0.0,"['4.', '4.', '4.', '4.', '6.', '4.', '3.', '4.', '7.', '4.']",0.9404479886553264,How many people are on their skis?,,False,0.8140452349615311,1,incorrect_low
validation::2799,['crest'],Colgate.,0.0,"['Crest.', 'Crest.', 'Crest.', 'None.', 'Crest.', 'Colgate.', 'Colgate.', 'Aquafresh.', 'Crest.', 'Crest.']",1.0888999753452235,What brand of toothpaste can be seen?,,False,0.8140452349615311,1,incorrect_low
validation::28,['2'],2.,1.0,"['5.', '3.', '3.', '3.', '5.', '2.', '4.', '4.', '2.', '3.']",1.3321790402101223,how many street parking spaces?,,True,0.8140452349615311,1,correct_low
validation::280,['2'],2.,1.0,"['3.', '2.', '2.', '2.', '2.', '2.', '3.', '3.', '2.', '2.']",0.6108643020548935,"How many people have a ""B"" on the front of their shirts?",,True,0.8140452349615311,0,correct_high
validation::2800,['32'],30.,0.0,"['35.', 'Many.', '32.', '30.', '38.', '30.', '37.', '25.', '36.', '24.']",2.163955656882057,How many donuts are there?,,False,0.8140452349615311,1,incorrect_low
validation::2801,['knife'],Knife.,1.0,"['Knife.', 'Spatula.', 'Knife.', 'Knife.', 'Spatula.', 'Fork.', 'Knife.', 'Knife.', 'Knife.', 'Knife.']",0.8018185525433372,what utensil is on the plate and under the food?,,True,0.8140452349615311,0,correct_high
validation::2802,['pig'],Pig.,1.0,"['Pig.', 'Pig.', 'Pig.', 'Meat.', 'Pig.', 'Pig.', 'Pig.', 'Pig.', 'Pig.', 'Pig.']",0.3250829733914482,What are they cooking?,,True,0.8140452349615311,0,correct_high
validation::2803,['hole'],Stains.,0.0,"['Dirt.', 'Stains.', 'Sweat stain.', 'Stripe.', 'Sweat mark.', 'Stains.', 'Stains.', 'Stains.', 'Dirty.', 'Stains.']",1.2206072645530173,What is the clothing blemish seen on the man with his back to the camera?,,False,0.8140452349615311,1,incorrect_low
validation::2804,['12'],12.,1.0,"['12.', '12.', '12.', '8.', '12.', '12.', '10.', '12.', '12.', '12.']",0.639031859650177,How many legs are touching the ground in this image?,,True,0.8140452349615311,0,correct_high
validation::2805,['3'],2.,0.0,"['2.', '2.', '2.', '2.', '2.', '2.', '2.', '2.', '2.', '2.']",-0.0,How many places are set on the table?,,False,0.8140452349615311,0,incorrect_high
validation::2806,['6'],6.,1.0,"['6.', '6.', '6.', '6.', '6.', '6.', '6.', '6.', '6.', '6.']",-0.0,What number is on the Cardinals jersey?,,True,0.8140452349615311,0,correct_high
validation::2807,['2008'],2010.,0.0,"['2010.', '2058.', '2010.', '2010.', '2010.', '2009.', '2010.', '2010.', '1999.', '2008.']",1.2275294114572126,what year is shown on the calendar to the right of the man's head?,,False,0.8140452349615311,1,incorrect_low
validation::2809,['video game'],Astronaut.,0.0,"['Man.', 'Astronaut.', 'Dog.', 'Spacesuit.', 'Space suit.', 'Person.', 'Dog.', 'Person.', 'Man in space suit.', 'Astronaut.']",1.5571130980576458,What is being shown on the biggest screen?,,False,0.8140452349615311,1,incorrect_low
validation::281,['scooter'],Scooter.,1.0,"['Scooter.', 'Scooter.', 'Scooter.', 'Scooter.', 'Scooter.', 'Scooter.', 'Scooter.', 'Scooter.', 'Scooter.', 'Scooter.']",-0.0,what is the pizza slicer shaped like,,True,0.8140452349615311,0,correct_high
validation::2812,['nespresso'],Nespresso.,1.0,"['Nespresso.', 'Nespresso.', 'Nespresso.', 'Nespresso.', 'Nespresso.', 'Nespresso.', 'Nespresso.', 'Nespresso.', 'Nespresso.', 'Nespresso.']",-0.0,What coffee brand is displayed?,,True,0.8140452349615311,0,correct_high
validation::2815,['untangling kite string'],Kneeling.,0.0,"['Kneeling.', 'Kneeling.', 'Flying kite.', 'Kneeling.', 'Kite flying.', 'Flying kite.', 'Sitting.', 'Praying.', 'Flying kite.', 'Kite flying.']",1.1682824501765623,What is the boy doing?,,False,0.8140452349615311,1,incorrect_low
validation::2818,['cookie'],Orange juice,0.0,"['Orange juice', 'Orange Juice', 'Orange juice', 'Orange juice', 'Orange juice', 'Orange juice.', 'Orange juice', 'Orange juice.', 'Orange juice.', 'Orange juice.']",-0.0,"Which one of the following is NOT pictured here: orange juice, cookie or sandwich?",,False,0.8140452349615311,0,incorrect_high
validation::282,['laptop'],Laptop.,1.0,"['Laptop.', 'View.', 'Laptop.', 'Laptop.', 'Laptop.', 'Laptop.', 'Laptop.', 'Laptop.', 'Laptop.', 'Laptop.']",0.3250829733914482,What are the people looking at?,,True,0.8140452349615311,0,correct_high
validation::2822,['3'],2.,0.0,"['3.', '3.', '2.', '2.', '2.', '2.', '3.', '2.', '2.', '5.']",0.8979457248567797,How many benches are in front of the orange barrier?,,False,0.8140452349615311,1,incorrect_low
validation::2823,['0'],2.,0.0,"['2.', '2.', '1.', '1.', '1.', '2.', '2.', '0.', '2.', '0.']",1.0296530140645737,How many of their hands does the person have in front of them?,,False,0.8140452349615311,1,incorrect_low
validation::2825,['5'],3.,0.0,"['3.', '2.', '2.', '3.', '1.', '2.', '2.', '2.', '2.', '6.']",1.0888999753452235,How many people are in uniform?,,False,0.8140452349615311,1,incorrect_low
validation::2827,['lion'],Lion.,1.0,"['Lion.', 'Lion.', 'Lion.', 'Lion.', 'Lion.', 'Lion.', 'Lion.', 'Sphinx.', 'Lion.', 'Lion.']",0.3250829733914482,what animal is on the image?,,True,0.8140452349615311,0,correct_high
validation::2828,['1'],1.,1.0,"['0.', '2.', '1.', '1.', '0.', '1.', '2.', '0.', '2.', '1.']",1.0888999753452238,how many doors on the back of the bus?,,True,0.8140452349615311,1,correct_low
validation::283,['angle'],Angle.,1.0,"['Straight up.', 'Straight up.', 'Angle.', 'Straight up.', 'Angle.', 'Straight up.', 'Angle.', 'Straight up.', 'Angle.', 'Angle.']",0.6931471805599453,Is the first umbrella at an angle or straight up?,,True,0.8140452349615311,0,correct_high
validation::2831,['4'],3.,0.0,"['3.', '3.', '2.', '3.', '3.', '3.', '2.', '3.', '3.', '3.']",0.5004024235381879,how many animals are in the image,,False,0.8140452349615311,0,incorrect_high
validation::2833,['2'],3.,0.0,"['2.', '4.', '3.', '3.', '4.', '3.', '3.', '3.', '3.', '3.']",0.8018185525433373,How many colors in a train?,,False,0.8140452349615311,0,incorrect_high
validation::2835,['left'],Right.,0.0,"['Left.', 'Right.', 'Right.', 'Left.', 'Right.', 'Right.', 'Right.', 'Right.', 'Right.', 'Right.']",0.5004024235381879,Which foot is he standing on?,,False,0.8140452349615311,0,incorrect_high
validation::2837,['2'],2.,1.0,"['2.', '1.', '1.', '2.', '1.', '2.', '2.', '2.', '2.', '2.']",0.6108643020548935,How many bikes are there?,,True,0.8140452349615311,0,correct_high
validation::2841,['7'],12.,0.0,"['13.', '12.', '12.', '13.', '11.', '14.', '10.', '0.', '10.', '12.']",1.6957425341696346,how many balls are there?,,False,0.8140452349615311,1,incorrect_low
validation::2843,['untucked'],Untucked.,1.0,"['Untucked.', 'Untucked.', 'Untucked.', 'Untucked.', 'Tucked.', 'Untucked.', 'Tucked.', 'Untucked.', 'Untucked.', 'Untucked.']",0.5004024235381879,Is the boys shirt tucked or untucked?,,True,0.8140452349615311,0,correct_high
validation::2844,['cord'],Strap.,0.0,"['Strap.', 'Strap.', 'Strap.', 'Strap.', 'Strap.', 'Strap.', 'Strap.', 'Strap.', 'Straps.', 'Strap.']",-0.0,What is around the boy's wrist?,,True,0.8140452349615311,0,correct_high
validation::2845,['2'],2.,1.0,"['3.', '2.', '2.', '3.', '3.', '2.', '2.', '4.', '2.', '2.']",0.8979457248567797,How many arms are visible?,,True,0.8140452349615311,1,correct_low
validation::2847,['2'],3.,0.0,"['4.', '3.', '3.', '3.', '4.', '2.', '2.', '3.', '5.', '1.']",1.4708084763221112,How many bare arms can you see?,,False,0.8140452349615311,1,incorrect_low
validation::2850,['0'],2.,0.0,"['2.', '2.', '2.', '2.', '2.', '2.', '2.', '2.', '0.', '2.']",0.3250829733914482,How many ears of the person can be seen in the photo?,,False,0.8140452349615311,0,incorrect_high
validation::2852,['gb'],Tt.,0.0,"['Tt.', 'Ht.', 'Ht.', 'Ht.', 'Tt.', 'Hh.', 'Tm.', 'Mt.', 'To.', 'Fm.']",1.6957425341696346,What are the two letters on the circle symbol?,,False,0.8140452349615311,1,incorrect_low
validation::2856,['black'],White.,0.0,"['White.', 'White.', 'White.', 'White.', 'White.', 'White.', 'White.', 'White.', 'White.', 'White.']",-0.0,What color is the strip on underside of surf board?,,False,0.8140452349615311,0,incorrect_high
validation::2857,['3'],2.,0.0,"['2.', '3.', '2.', '1.', '3.', '2.', '3.', '1.', '3.', '2.']",1.0549201679861442,how many lights are there?,,False,0.8140452349615311,1,incorrect_low
validation::2858,['5'],3.,0.0,"['3.', '3.', '3.', '3.', '3.', '3.', '3.', '4.', '2.', '3.']",0.639031859650177,How many boats are in the picture?,,False,0.8140452349615311,0,incorrect_high
validation::2859,['2'],2.,1.0,"['2.', '2.', '2.', '2.', '2.', '2.', '2.', '2.', '2.', '2.']",-0.0,How many wheels are at the very front of the plane?,,True,0.8140452349615311,0,correct_high
validation::2865,['chair'],Table.,0.0,"['Table.', 'Table.', 'Table.', 'Table.', 'Table.', 'Table.', 'Table.', 'Desk.', 'Desk.', 'Table.']",0.5004024235381879,What is the computer sitting on?,,False,0.8140452349615311,0,incorrect_high
validation::2868,['4'],0.,0.0,"['0.', '6.', '4.', '1.', '5.', '1.', '0.', '0.', '1.', '0.']",1.4184836619456564,How many magnets are holding up the paper on the fridge?,,False,0.8140452349615311,1,incorrect_low
validation::2869,['s'],S.,1.0,"['S.', 'S.', 'C.', 'S.', 'S.', 'S.', 'S.', 'S.', 'S.', 'S.']",0.3250829733914482,what letter is on the hat,,True,0.8140452349615311,0,correct_high
validation::2871,['towel'],Towel.,1.0,"['Tray.', 'Towel.', 'Toilet.', 'Sink.', 'Toilet.', 'Counter.', 'Counter.', 'Toilet.', 'Towel.', 'Towel.']",1.5047882836811908,What is the bar of soap on top of?,,True,0.8140452349615311,1,correct_low
validation::2875,['5'],3.,0.0,"['3.', '3.', '3.', '2.', '3.', '3.', '3.', '3.', '3.', '3.']",0.3250829733914482,How many steps is the man jumping over?,,False,0.8140452349615311,0,incorrect_high
validation::2877,['4'],4.,1.0,"['4.', '3.', '4.', '4.', '3.', '4.', '5.', '5.', '4.', '4.']",0.9502705392332348,How many colors are on the umbrella?,,True,0.8140452349615311,1,correct_low
validation::2880,['red'],Brown.,0.0,"['Brown.', 'Red.', 'Blue.', 'Brown.', 'Brown.', 'Brown.', 'Gray.', 'Brown.', 'Brown.', 'White.']",1.2275294114572126,What color is the house in the background?,,False,0.8140452349615311,1,incorrect_low
validation::2885,['2:03'],12:10.,0.0,"['12:42.', '4:55.', '11:55.', '10:25.', '12:20.', '10:20.', '4:55.', '12:15.', '5:25.', '1:20.']",2.163955656882057,what is the time ?,,False,0.8140452349615311,1,incorrect_low
validation::2888,['blue'],Blue.,1.0,"['Blue.', 'Blue.', 'White.', 'Gray.', 'White.', 'Blue.', 'Blue.', 'Blue.', 'Blue.', 'Blue.']",0.8018185525433372,What color are the person's shoes at the top of the image?,,True,0.8140452349615311,0,correct_high
validation::2890,['2'],2.,1.0,"['2.', '2.', '2.', '2.', '2.', '2.', '2.', '2.', '2.', '3.']",0.3250829733914482,How many surfboards are in this picture?,,True,0.8140452349615311,0,correct_high
validation::2892,['3'],2.,0.0,"['2.', '2.', '1.', '1.', '2.', '1.', '2.', '2.', '1.', '2.']",0.6730116670092565,How many pairs of sunglasses are visible?,,False,0.8140452349615311,0,incorrect_high
validation::2893,['caution'],Caution.,1.0,"['Danger.', 'Caution speed bump.', 'Caution.', 'Caution.', 'Caution.', 'Caution speed bump.', 'Caution do not step on.', 'Caution.', 'Caution.', 'Caution.']",1.0888999753452235,What does the sign say on the bottom of the skateboard?,,True,0.8140452349615311,1,correct_low
validation::2895,['2'],2.,1.0,"['2.', '4.', '1.', '2.', '2.', '5.', '5.', '2.', '2.', '1.']",1.2206072645530175,How many photos make up this image?,,True,0.8140452349615311,1,correct_low
validation::2896,['2'],2.,1.0,"['2.', '1.', '2.', '2.', '2.', '2.', '2.', '2.', '2.', '2.']",0.3250829733914482,How many separate roofs are visible?,,True,0.8140452349615311,0,correct_high
validation::29,['2'],1.,0.0,"['1.', '2.', '2.', '1.', '1.', '1.', '2.', '1.', '2.', '1.']",0.6730116670092565,How many feet shadows do you see?,,False,0.8140452349615311,0,incorrect_high
validation::2900,['2'],2.,1.0,"['2.', '2.', '2.', '2.', '2.', '2.', '2.', '2.', '2.', '2.']",-0.0,How many different species of animals are visible?,,True,0.8140452349615311,0,correct_high
validation::2904,['green'],Red.,0.0,"['Red.', 'Red.', 'Red.', 'Red.', 'Red.', 'Red.', 'Red.', 'None.', 'Red.', 'Red.']",0.3250829733914482,What color nailpolish is the photographer wearing?,,False,0.8140452349615311,0,incorrect_high
validation::2905,['harness'],Hands.,0.0,"['Kite.', 'Hands.', 'Hands.', 'Kite.', 'Hands.', 'Kite.', 'Harness.', 'Hands.', 'Hands.', 'Harness.']",1.0296530140645737,What are the wires attached to on his body?,,False,0.8140452349615311,1,incorrect_low
validation::2907,['red'],Red.,1.0,"['Red.', 'Brown.', 'Red.', 'Red.', 'Red.', 'Red and black.', 'Red.', 'Red.', 'Red.', 'Red.']",0.639031859650177,What color is the chair?,,True,0.8140452349615311,0,correct_high
validation::291,['guinness'],Guinness.,1.0,"['Guinness.', 'Guinness.', 'Guinness.', 'Guinness.', 'Guinness.', 'Guinness.', 'Guinness.', 'Guinness.', 'Guinness.', 'Guinness.']",-0.0,What is the brand of beer in the middle,,True,0.8140452349615311,0,correct_high
validation::2910,['iberia'],JALWAY.,0.0,"['JALways.', 'AMERIA.', 'Qatar.', 'JALWAY.', 'JALWAY.', 'ANA.', 'Aeromexico.', 'America.', 'Japan.', 'JAL.']",1.9730014063936128,What is the airline name as seen on the engine?,,False,0.8140452349615311,1,incorrect_low
validation::2912,['3'],6.,0.0,"['4.', '4.', '4.', '6.', '5.', '6.', '4.', '4.', '6.', '8.']",1.1682824501765623,How many tires are visible?,,False,0.8140452349615311,1,incorrect_low
validation::2914,['potatoes'],Bananas.,0.0,"['Bananas.', 'Bananas.', ""Banana's."", 'Banana.', 'Bananas.', 'Bananas.', 'Banana.', 'Banana.', 'Bananas and peanut butter.', 'Bananas.']",0.3250829733914482,What is in the bowl?,,False,0.8140452349615311,0,incorrect_high
validation::2918,['4'],2.,0.0,"['2.', '2.', '3.', '4.', '3.', '4.', '2.', '2.', '2.', '2.']",0.9502705392332348,"If you include the reflection, how many toilet seat hinges can you see?",,False,0.8140452349615311,1,incorrect_low
validation::292,['2'],2.,1.0,"['2.', '3.', '1.', '2.', '1.', '2.', '2.', '1.', '1.', '2.']",0.9433483923290392,How many keyboards in this scene?,,True,0.8140452349615311,1,correct_low
validation::2923,['0'],1.,0.0,"['1.', '1.', '0.', '1.', '1.', '0.', '2.', '1.', '1.', '1.']",0.8018185525433372,How many hands are grabbing the skateboard?,,False,0.8140452349615311,0,incorrect_high
validation::2924,['boat'],Boat.,1.0,"['Boat', 'Boat', 'Boat', 'Boat.', 'Boat.', 'Boat.', 'Boat.', 'Boat.', 'Boat', 'Boat']",-0.0,"Which of the following is NOT pictured: water, person, boat?",,True,0.8140452349615311,0,correct_high
validation::2927,['50'],0.,0.0,"['10.', '0.', '0.', '0.', '66.', '0.', '50.', '85%.', '0.', '30.']",1.4978661367769952,What number as a percentage is shown on a sign on the building behind the two men?,,False,0.8140452349615311,1,incorrect_low
validation::2929,['life'],Life.,1.0,"['Life.', 'Life.', 'Life.', 'Life.', 'Life.', 'Life.', 'Life.', 'Life.', 'Life.', 'Life.']",-0.0,What is the last word written on the wall?,,True,0.8140452349615311,0,correct_high
validation::2931,['6'],3.,0.0,"['3.', '3.', '3.', '3.', '3.', '6.', '3.', '1.', '4.', '3.']",0.9404479886553264,How many total white stripes are seen on the tennis player's shoes?,,False,0.8140452349615311,1,incorrect_low
validation::2933,['3'],2.,0.0,"['2.', '1.', '1.', '2.', '1.', '3.', '2.', '2.', '1.', '2.']",0.9433483923290392,How many boats are in the water?,,False,0.8140452349615311,1,incorrect_low
validation::2934,['6'],6.,1.0,"['6.', '6.', '6.', '6.', '6.', '5.', '6.', '6.', '6.', '6.']",0.3250829733914482,"Including the baby, how many people are there?",,True,0.8140452349615311,0,correct_high
validation::2937,['frown'],Smile.,0.0,"['Frown.', 'Smiling.', 'Smile.', 'Smile.', 'Frowning.', 'Frowning.', 'Smile.', 'Frowning.', 'Smile.', 'Frown.']",0.6931471805599453,What kind of face is the man on the left making?,,False,0.8140452349615311,0,incorrect_high
validation::294,['2'],0.,0.0,"['0.', '0.', '0.', '0.', '0.', '0.', '0.', '0.', '0.', '0.']",-0.0,how many earrings are visible on the woman?,,False,0.8140452349615311,0,incorrect_high
validation::2940,['3'],4.,0.0,"['4.', '3.', '4.', '3.', '5.', '5.', '3.', '2.', '4.', '3.']",1.2798542258336674,how many car tires can be seen?,,False,0.8140452349615311,1,incorrect_low
validation::2942,['4'],3.,0.0,"['3.', '3.', '3.', '4.', '5.', '4.', '3.', '3.', '3.', '3.']",0.8018185525433372,How many pillows can be seen?,,False,0.8140452349615311,0,incorrect_high
validation::2943,['3'],4.,0.0,"['4.', '4.', '4.', '3.', '3.', '5.', '4.', '3.', '5.', '4.']",1.0296530140645737,How many keyboards are seen?,,False,0.8140452349615311,1,incorrect_low
validation::2950,['3'],1.,0.0,"['3.', '2.', '2.', '1.', '2.', '3.', '3.', '2.', '1.', '1.']",1.0888999753452238,How many oxen are standing up?,,False,0.8140452349615311,1,incorrect_low
validation::2952,['3'],3.,1.0,"['3.', '3.', '3.', '3.', '4.', '3.', '3.', '3.', '3.', '3.']",0.3250829733914482,How many apples are there?,,True,0.8140452349615311,0,correct_high
validation::2953,['1'],2.,0.0,"['2.', '2.', '2.', '2.', '2.', '2.', '2.', '2.', '3.', '2.']",0.3250829733914482,How many giraffe necks can be seen?,,False,0.8140452349615311,0,incorrect_high
validation::2955,['white'],White.,1.0,"['White.', 'White.', 'White.', 'White.', 'White.', 'White.', 'White.', 'White.', 'White.', 'White.']",-0.0,What color icing is on the donut that has the pink chocolate shavings?,,True,0.8140452349615311,0,correct_high
validation::2956,['mummy'],Mummy.,1.0,"['Mummy.', 'Mummy.', 'Mummy.', 'Mummy.', 'Mummy.', 'Mummy.', 'Mummy.', 'Mummy.', 'Mummy.', 'Mummy.']",-0.0,What type of human-like figure is on the largest poster?,,True,0.8140452349615311,0,correct_high
validation::2957,['rugby'],Rugby.,1.0,"['Rugby.', 'Rugby.', 'Rugby.', 'Rugby.', 'Rugby.', 'Rugby.', 'Rugby.', 'Rugby.', 'Rugby.', 'Rugby.']",-0.0,What are they playing?,,True,0.8140452349615311,0,correct_high
validation::296,['left'],Right.,0.0,"['Right.', 'Right.', 'Left.', 'Left.', 'Right.', 'Right.', 'Right.', 'Right.', 'Left.', 'Right.']",0.6108643020548935,Is the shoe pictured for a left or right foot?,,False,0.8140452349615311,0,incorrect_high
validation::2964,['1'],1.,1.0,"['1.', '1.', '1.', '2.', '2.', '1.', '1.', '1.', '1.', '1.']",0.5004024235381879,How many of the baby's ears are visible?,,True,0.8140452349615311,0,correct_high
validation::2965,['1'],3.,0.0,"['5.', '2.', '2.', '3.', '2.', '3.', '2.', '2.', '2.', '2.']",0.8018185525433373,How many pinecones are in front of the kennel?,,False,0.8140452349615311,0,incorrect_high
validation::2969,['shopping'],Shopping.,1.0,"['Shopping.', 'Shopping.', 'Groceries.', 'Grocery shopping.', 'Grocery shopping.', 'Grocery shopping.', 'Shopping.', 'Shopping.', 'Grocery shopping.', 'Grocery shopping.']",0.6730116670092565,What activity is being done here?,,True,0.8140452349615311,0,correct_high
validation::2971,['red'],Blonde.,0.0,"['Black.', 'Brown.', 'Blonde.', 'Brown.', 'Brown.', 'Brown.', 'Brown.', 'Black.', 'Black.', 'Black.']",0.9433483923290392,What color hair does the woman in blue on stage have?,,False,0.8140452349615311,1,incorrect_low
validation::2973,['brown'],White.,0.0,"['White.', 'White.', 'White.', 'Brown.', 'Red.', 'White.', 'Black.', 'White.', 'White.', 'Black.']",1.0888999753452238,What color is the roof of the train?,,False,0.8140452349615311,1,incorrect_low
validation::2978,['evil'],Cvil.,0.0,"['Cvil.', 'Evil.', 'Cvil.', 'Cvil.', 'Cvil.', 'Civil.', 'VOTE.', 'Cvil.', 'Cvil.', 'Evil.']",0.8018185525433372,what word is written on the sticker right below the stop sign,,False,0.8140452349615311,0,incorrect_high
validation::298,['left'],Right.,0.0,"['Right.', 'Right.', 'Left.', 'Right.', 'Right.', 'Right.', 'Right.', 'Right.', 'Left.', 'Left.']",0.6108643020548935,Which hand is holding the umbrella?,,False,0.8140452349615311,0,incorrect_high
validation::2980,['green'],Black.,0.0,"['Black.', 'Blue.', 'Blue.', 'Blue.', 'Black.', 'Blue.', 'White.', 'Blue.', 'Yellow.', 'Green.']",1.3592367006650063,What color are the shirts of the boy behind the girl?,,False,0.8140452349615311,1,incorrect_low
validation::2981,['8'],8.,1.0,"['8.', '8.', '8.', '8.', '8.', '8.', '8.', '8.', '8.', '8.']",-0.0,How old is the person turning?,,True,0.8140452349615311,0,correct_high
validation::2987,['4'],0.,0.0,"['5.', '0.', '0.', '0.', '0.', '6.', '0.', '0.', '0.', '0.']",0.639031859650177,How many birds are there?,,False,0.8140452349615311,0,incorrect_high
validation::2988,['1'],2.,0.0,"['2.', '2.', '2.', '2.', '2.', '2.', '2.', '2.', '2.', '0.']",0.3250829733914482,How many poles does the man have in the snow?,,False,0.8140452349615311,0,incorrect_high
validation::2994,['1'],3.,0.0,"['4.', '4.', '3.', '5.', '4.', '5.', '2.', '3.', '4.', '5.']",1.2798542258336674,How many cars are going in the same direction as the motorcycle?,,False,0.8140452349615311,1,incorrect_low
validation::2996,['nothing'],Tennis racket.,0.0,"['Ball.', 'Ball.', 'ball.', 'Nothing.', 'Nothing.', 'Tennis racket.', 'Nothing.', 'Tennis racket.', 'Racket.', 'Tennis ball.']",1.5047882836811908,What does the woman have in her left hand?,,False,0.8140452349615311,1,incorrect_low
validation::2998,['2'],Nbc.,0.0,"['2.', 'Nbc.', 'Nbc.', 'Not a number.', '6.', 'Jvc.', '1.', '4.', '2.', '11.']",2.025326220770068,what number station is the TV tuned to,,False,0.8140452349615311,1,incorrect_low
validation::3000,['nose ring'],Glasses.,0.0,"['Sunglasses.', 'Glasses.', 'Sunglasses.', 'Glasses.', 'Nothing.', 'Glasses.', 'Glasses.', 'Nothing.', 'Nothing.', 'Glasses.']",1.0296530140645737,What does the girl with blonde hair have on her nose?,,False,0.8140452349615311,1,incorrect_low
validation::3001,['cannondale'],Giant.,0.0,"['Giant.', 'Centurion.', 'Giant.', 'Santa cruz.', 'Giant.', 'Giant.', 'Centotheen.', 'Giant.', 'Centurion.', 'Giant.']",0.8979457248567797,What brand is the bike?,,False,0.8140452349615311,1,incorrect_low
validation::3004,['10'],0.,0.0,"['3.', '0.', '0.', '0.', '5.', '0.', '8.', '0.', '2.', '4.']",1.4978661367769952,How many nails are visible?,,False,0.8140452349615311,1,incorrect_low
validation::3005,['diamond'],Diamond.,1.0,"['Diamond.', 'Circle.', 'Diamond.', 'Diamond.', 'Cross.', 'Square.', 'Diamond.', 'Square.', 'Square.', 'Diamond.']",1.1682824501765623,What shape is in the name of the establishment in this building?,,True,0.8140452349615311,1,correct_low
validation::3007,['10'],8.,0.0,"['8.', '8.', '12.', '8.', '8.', '10.', '11.', '8.', '14.', '12.']",1.3592367006650063,How many dog legs can you see?,,False,0.8140452349615311,1,incorrect_low
validation::3008,['old'],Old.,1.0,"['Young.', 'Old.', 'Old.', 'Old.', 'Old.', 'Old.', 'Old.', 'Old.', 'Old.', 'Old.']",0.3250829733914482,Are the players young or old?,,True,0.8140452349615311,0,correct_high
validation::3009,['sesame'],Sesame.,1.0,"['Sesame.', 'Sesame.', 'Sesame.', 'Sesame.', 'Sesame.', 'Sesame.', 'Sesame.', 'Sesame.', 'Sesame.', 'Sesame.']",-0.0,What seed is used in the sir fry?,,True,0.8140452349615311,0,correct_high
validation::3012,['white'],White.,1.0,"['White.', 'White.', 'White.', 'White.', 'White.', 'White.', 'White.', 'White.', 'White.', 'White.']",-0.0,what color is the inside shirt of the man in front?,,True,0.8140452349615311,0,correct_high
validation::3013,['female'],Female.,1.0,"['Female.', 'Female.', 'Female.', 'Female.', 'Female.', 'Female.', 'Female.', 'Female.', 'Male.', 'Female.']",0.3250829733914482,What gender is the person?,,True,0.8140452349615311,0,correct_high
validation::3014,['yellow and green'],Yellow and blue.,1.0,"['Yellow and green.', 'Yellow and blue.', 'Yellow and blue.', 'Yellow and blue.', 'Yellow and blue.', 'Yellow and blue.', 'Yellow and blue.', 'Yellow and blue.', 'Yellow and green.', 'Yellow and blue.']",0.5004024235381879,What colors make up the star?,,False,0.8140452349615311,0,incorrect_high
validation::3015,['ramistrasse'],Lamistrasse.,0.0,"['Lamistrasse.', 'Hamistrasse.', 'Lamistrasse.', 'Lamistrasse.', 'Bamstrasse.', 'Ramlansrasse.', 'Lamistrasse.', 'Lamistrasse.', 'Landstrasse.', 'Kaminstrasse.']",1.4978661367769952,What is the name on the street sign?,,False,0.8140452349615311,1,incorrect_low
validation::3018,['4'],4.,1.0,"['4.', '4.', '4-way.', '4-way.', '4-way.', '4.', '4.', '4-way.', '4.', '4-way.']",0.6931471805599453,What is the number under the Stop sign?,,True,0.8140452349615311,0,correct_high
validation::3019,['4'],3.,0.0,"['3.', '3.', '3.', '3.', '2.', '3.', '4.', '3.', '3.', '3.']",0.639031859650177,How many people are in the scene?,,False,0.8140452349615311,0,incorrect_high
validation::3021,['5'],5.,1.0,"['4.', '6.', '6.', '5.', '4.', '5.', '5.', '4.', '5.', '5.']",1.0296530140645737,How many elephants are there?,,True,0.8140452349615311,1,correct_low
validation::3024,['a'],A.,1.0,"['A.', 'A.', 'A.', 'A.', 'A.', 'A.', 'A.', 'A.', 'N.', 'A.']",0.3250829733914482,What is the letter that is capitalized on the building?,,True,0.8140452349615311,0,correct_high
validation::3025,['0'],1.,0.0,"['2.', '1.', '1.', '1.', '1.', '1.', '0.', '2.', '1.', '2.']",0.8979457248567797,how many wings does the bird have in view?,,False,0.8140452349615311,1,incorrect_low
validation::3026,['down'],Down.,1.0,"['Down.', 'Down.', 'Down.', 'Downward.', 'Down.', 'Up.', 'Up.', 'Down.', 'Down.', 'Down.']",0.5004024235381879,What direction is the man's left fist facing?,,True,0.8140452349615311,0,correct_high
validation::3027,['silver'],Gray.,0.0,"['Gray.', 'Black.', 'Black.', 'Gray.', 'Gray.', 'Gray.', 'Gray.', 'Gray.', 'Black.', 'Gray.']",0.6108643020548935,what color are the bench legs?,,True,0.8140452349615311,0,correct_high
validation::303,['rectangle'],Round.,0.0,"['Square.', 'Round.', 'Round.', 'Square.', 'Round.', 'Square.', 'Round.', 'Round.', 'Square.', 'Round.']",0.6730116670092565,what shape is the cutting board?,,False,0.8140452349615311,0,incorrect_high
validation::3030,['0'],0.,1.0,"['0.', '0.', '0.', '0.', '0.', '0.', '0.', '0.', '0.', '0.']",-0.0,How many tricycles in the foreground?,,True,0.8140452349615311,0,correct_high
validation::3031,['4'],4.,1.0,"['5.', '5.', '4.', '4.', '5.', '4.', '4.', '5.', '4.', '4.']",0.6730116670092565,How many floors on the last building on the left side?,,True,0.8140452349615311,0,correct_high
validation::3033,['grown'],Grown.,1.0,"['Grown.', 'Grown.', 'Grown.', 'Grown.', 'Grown.', 'Grown.', 'Grown.', 'Grown.', 'Grown.', 'Grown.']",-0.0,What word is after organically on the band holding the carrots together?,,True,0.8140452349615311,0,correct_high
validation::3039,['car'],Car.,1.0,"['Engine.', 'Engine.', 'Car.', 'Car.', 'Car.', 'Car.', 'Car.', 'Car.', 'Car.', 'Engine.']",0.6108643020548935,What is the cat standing on?,,True,0.8140452349615311,0,correct_high
validation::304,['blue'],Blue.,1.0,"['Blue.', 'Blue.', 'Blue.', 'Blue.', 'Blue.', 'Blue.', 'White.', 'White.', 'Blue.', 'Blue.']",0.5004024235381879,what color are the laces on the woman's shoes?,,True,0.8140452349615311,0,correct_high
validation::3050,['phillies'],Phillies.,1.0,"['Phillies.', 'Phillies.', 'Phillies.', 'Phillies.', 'Phillies.', 'Phillies.', 'Phillies.', 'Phillies.', 'Phillies.', 'Phillies.']",-0.0,What team is the batter playing for?,,True,0.8140452349615311,0,correct_high
validation::3052,['bike'],Skateboard.,0.0,"['Skateboard.', 'Skateboard.', 'Skateboard.', 'Skateboard.', 'Skateboard.', 'Skateboard.', 'Skateboard.', 'Skateboard.', 'Skateboard.', 'Skateboard.']",-0.0,What is the young man in the background riding?,,False,0.8140452349615311,0,incorrect_high
validation::3054,['mask'],Mask.,1.0,"['Mask.', 'Glasses.', 'Glasses.', 'Glasses.', 'Goggles.', 'Masks.', 'Mask.', 'Mask.', 'Sunglasses.', 'Glasses.']",1.193549604098133,What is around the teddy bear's eyes?,,True,0.8140452349615311,1,correct_low
validation::3055,['cubes'],Squares.,0.0,"['Squares.', 'Squares.', 'Rectangles.', 'Squares.', 'Trees.', 'Circles.', 'Squares.', 'Squares.', 'Flowers.', 'Squares.']",1.2275294114572126,What shapes are on the woman's shirt?,,True,0.8140452349615311,1,correct_low
validation::3057,['1'],2.,0.0,"['2.', '2.', '2.', '2.', '2.', '2.', '2.', '2.', '2.', '2.']",-0.0,how many nostrils?,,False,0.8140452349615311,0,incorrect_high
validation::3058,['lifeguard'],Lifeguard.,1.0,"['Lifeguard.', 'Lifeguard.', 'Lifeguard.', 'Lifeguard.', 'Lifeguard.', 'Lifeguard.', 'Lifeguard.', 'Lifeguard.', 'Lifeguard.', 'Lifeguard.']",-0.0,Who's equipment is shown?,,True,0.8140452349615311,0,correct_high
validation::3061,['comedy central'],Cbs.,0.0,"['Cbs.', 'Nbc.', 'Sirius.', 'Nbc.', 'Cbs.', 'ABC.', 'History.', 'Cbs.', 'Cnn.', 'Espn.']",1.834371970281624,What network is this TV tuned to?,,False,0.8140452349615311,1,incorrect_low
validation::3065,['exit'],Exit.,1.0,"['Exit.', 'Exit.', 'Exit.', 'Exit.', 'Exit.', 'Exit.', 'Exit.', 'Exit.', 'Exit.', 'Exit.']",-0.0,What does the sign say?,,True,0.8140452349615311,0,correct_high
validation::3067,['1'],4.,0.0,"['4.', '8.', '4.', '4.', '4.', '4.', '5.', '5.', '4.', '5.']",0.8979457248567798,How many arms are visible?,,False,0.8140452349615311,1,incorrect_low
validation::3068,['apple'],Apple.,1.0,"['Apple.', 'Apple.', 'Apple.', 'Apple.', 'Apple.', 'Apple.', 'Apple.', 'Apple.', 'Apple.', 'Apple.']",-0.0,what is the edible object?,,True,0.8140452349615311,0,correct_high
validation::3076,['cabinets'],Microwave.,0.0,"['Microwave.', 'Microwave.', 'Microwave.', 'Microwave.', 'Microwave.', 'Microwave.', 'Cabinet.', 'Microwave.', 'Cabinets.', 'Microwave.']",0.5004024235381879,What is hanging on the wall?,,False,0.8140452349615311,0,incorrect_high
validation::3077,['prince'],Prince.,1.0,"['Prince.', 'Prince.', 'Prince.', 'Prince.', 'Prince.', 'Prince.', 'Prince.', 'Prince.', 'Prince.', 'Prince.']",-0.0,"What is the other word on the sign that says ""rule the court.""?",,True,0.8140452349615311,0,correct_high
validation::3081,['blue'],Blue.,1.0,"['Blue.', 'Blue.', 'Blue.', 'Blue.', 'Gray.', 'Blue.', 'Gray.', 'Blue.', 'Gray.', 'White.']",0.8979457248567797,What color is the small chair that is next to the red chair?,,True,0.8140452349615311,1,correct_low
validation::3085,['orange'],Yellow.,0.0,"['Pink.', 'Yellow.', 'Yellow.', 'Yellow.', 'Yellow.', 'Yellow.', 'Pink.', 'Yellow.', 'Yellow.', 'Yellow.']",0.5004024235381879,What color is the highlighter on the menu?,,False,0.8140452349615311,0,incorrect_high
validation::3087,['2'],2.,1.0,"['2.', '2.', '3.', '3.', '2.', '2.', '2.', '2.', '3.', '2.']",0.6108643020548935,How many blue bags are in the pile?,,True,0.8140452349615311,0,correct_high
validation::309,['january'],January.,1.0,"['January.', 'January.', 'January.', 'January.', 'January.', 'January.', 'January.', 'January.', 'January.', 'January.']",-0.0,what month was this taken?,,True,0.8140452349615311,0,correct_high
validation::3091,['4'],4.,1.0,"['4.', '4.', '4.', '4.', '4.', '3.', '4.', '4.', '4.', '4.']",0.3250829733914482,How many Teenage Mutant Ninja Turtles are there?,,True,0.8140452349615311,0,correct_high
validation::3092,['182'],182.,1.0,"['182.', '182.', '182.', '182.', '182.', '182.', '182.', '182.', '182.', '182.']",-0.0,What numbers are on the marker behind the fence?,,True,0.8140452349615311,0,correct_high
validation::3093,['0'],0.,1.0,"['0.', '5.', '5.', '1.', '0.', '0.', '0.', '0.', '6.', '0.']",1.0888999753452235,how many bottles are on the floor?,,True,0.8140452349615311,1,correct_low
validation::3094,['flat tire'],Overcrowded.,0.0,"[""It's crowded."", 'Overcrowded.', 'Overcrowded.', 'Overcrowded.', 'Overcrowded.', 'Overcrowded.', 'Overcrowded.', 'No brakes.', 'Overcrowding.', 'Overcrowding.']",0.3250829733914482,Why does the bus seem dangerous?,,False,0.8140452349615311,0,incorrect_high
validation::3095,['8'],4.,0.0,"['5.', '5.', '3.', '7.', '12.', '4.', '10.', '10.', '6.', '6.']",1.8866967846580784,How many tablets are visible?,,False,0.8140452349615311,1,incorrect_low
validation::3097,['4'],1.,0.0,"['0.', '1.', '1.', '1.', '1.', '1.', '5.', '6.', '5.', '12.']",1.3592367006650063,How many of the toilets have a lid on the top?,,False,0.8140452349615311,1,incorrect_low
validation::3099,['7'],5.,0.0,"['6.', '6.', '6.', '5.', '8.', '4.', '5.', '5.', '5.', '7.']",1.4184836619456564,How many colors are on the kite?,,False,0.8140452349615311,1,incorrect_low
validation::3100,['golf'],Game.,0.0,"['Presentation.', 'Game.', 'Nature.', 'Game.', 'Presentation.', 'Slides.', 'Game.', 'Powerpoint.', 'Presentation.', 'Slides.']",1.5047882836811908,What is being shown on the screen?,,False,0.8140452349615311,1,incorrect_low
validation::3102,['4'],4.,1.0,"['4.', '4.', '4.', '4.', '4.', '4.', '4.', '4.', '4.', '4.']",-0.0,How many legs of the giraffe are visible?,,True,0.8140452349615311,0,correct_high
validation::3104,['toilet paper'],Toilet.,1.0,"['Toilet paper.', 'Toilet.', 'Toilet.', 'Toilet.', 'Toilet.', 'Toilet.', 'Toilet.', 'Toilet.', 'Toilet.', 'Toilet.']",0.3250829733914482,What household item has the dog gotten into?,,False,0.8140452349615311,0,incorrect_high
validation::3105,['2'],1.,0.0,"['1.', '1.', '1.', '2.', '0.', '1.', '1.', '1.', '1.', '2.']",0.8018185525433372,how many animals are facing right?,,False,0.8140452349615311,0,incorrect_high
validation::3108,['pepper grinder'],Bottle.,0.0,"['Container.', 'Water bottle.', 'Water bottle.', 'Water bottle.', 'Water.', 'Water bottle.', 'Glass.', 'Milk.', 'Bottle.', 'Water bottle.']",1.4978661367769952,What is the clear object called?,,False,0.8140452349615311,1,incorrect_low
validation::3111,['0'],0.,1.0,"['0.', '0.', '0.', '0.', '0.', '0.', '0.', '1.', '0.', '0.']",0.3250829733914482,How many of the bear's paws are visible?,,True,0.8140452349615311,0,correct_high
validation::3112,['arrows'],Lines.,0.0,"['Lines.', 'Lines.', 'Lines.', 'Lines.', 'Lines.', 'Lines.', 'Lines.', 'Lines.', 'Lines.', 'Lines.']",-0.0,There are two white what on top of the bicycle?,,False,0.8140452349615311,0,incorrect_high
validation::3114,['3'],2.,0.0,"['2.', '2.', '3.', '2.', '2.', '1.', '3.', '4.', '3.', '3.']",1.193549604098133,How many planes are visible in this picture?,,False,0.8140452349615311,1,incorrect_low
validation::3115,['share your experiences on twitter'],Scan this qr code.,0.0,"['Follow us on twitter.', 'Please preserve nature.', 'Scan for water.', 'Scan for more info.', 'Love.', 'Scan with your smartphone.', 'Please keep clean.', 'Stank pee here kitty.', 'Scan to make a sale.', 'Scan with your phone.']",2.163955656882057,What message is displayed below the QR code?,,False,0.8140452349615311,1,incorrect_low
validation::3116,['picture'],Picture,1.0,"['Picture', 'Picture', 'Candle', 'Picture', 'Candle', 'Picture', 'Picture', 'Picture', 'Candle', 'Picture']",0.6108643020548935,"Which of the following is not seen on the desk: mirror, picture, candle?",,True,0.8140452349615311,0,correct_high
validation::3119,['west japan'],West japan kyushu.,1.0,"['West japan kyushu.', 'West japan kyushu.', 'West japan kyushu.', 'West japan kyushu.', 'West japan kyushu.', 'West japan kyushu.', 'West japan kyushu.', 'West jr.', 'West japan kyushu.', 'West japan kyushu.']",0.3250829733914482,What does the writing say on the train in the background?,,True,0.8140452349615311,0,correct_high
validation::312,['2'],2.,1.0,"['2.', '2.', '2.', '2.', '2.', '2.', '2.', '2.', '2.', '2.']",-0.0,How many hotdogs?,,True,0.8140452349615311,0,correct_high
validation::3127,['trees'],Animals.,0.0,"['Animals.', 'Animals.', 'Dinosaurs.', 'Dinosaurs.', 'Dinosaurs.', 'Cars.', 'Animals.', 'Animals.', 'Animals.', 'Animals.']",0.8979457248567797,What images are present in the boy's tie?,,False,0.8140452349615311,1,incorrect_low
validation::3129,['coastal'],Coastal.,1.0,"['Coastal.', 'Coastal.', 'Coastal.', 'Coastal.', 'Coastal.', 'Coast.', 'Coastal.', 'Coastal.', 'Coastal.', 'Coastal.']",-0.0,What does it say on the adult's grey shirt?,,True,0.8140452349615311,0,correct_high
validation::3130,['1'],2.,0.0,"['2.', '2.', '2.', '2.', '2.', '2.', '2.', '2.', '2.', '2.']",-0.0,How many urinals are there?,,False,0.8140452349615311,0,incorrect_high
validation::3134,['keisel'],Keisei.,0.0,"['Keisei.', 'Keisei.', 'Keisei.', 'Keisei.', 'Keisei.', 'Keisei.', 'Keisei.', 'Keisei.', 'Keisei.', 'Keisei.']",-0.0,What is the name of the company?,,False,0.8140452349615311,0,incorrect_high
validation::3136,['map'],Subway map.,1.0,"['Cow.', 'Map.', 'Bus route lines.', 'Map.', 'City map.', 'Cow.', 'Subway map.', 'Metro system.', 'City streets.', 'Bull.']",1.8866967846580784,what is drawn on the stature?,,True,0.8140452349615311,1,correct_low
validation::3138,['purple'],Purple.,1.0,"['Purple.', 'Purple.', 'Purple.', 'Purple.', 'Purple.', 'Purple.', 'Purple.', 'Purple.', 'Purple.', 'Purple.']",-0.0,what color is the colar?,,True,0.8140452349615311,0,correct_high
validation::3146,['turtle'],Turtle.,1.0,"['Turtle.', 'Frog.', 'Turtle.', 'Turtle.', 'Frog.', 'Turtle.', 'Frog.', 'Turtle.', 'Turtle.', 'Frog.']",0.6730116670092565,What animal toy is on the bear's leg?,,True,0.8140452349615311,0,correct_high
validation::3149,['9'],6.,0.0,"['7.', '9.', '12.', '12.', '9.', '9.', '12.', '9.', '9.', '12.']",0.9433483923290392,how many cupcakes are in the middle plate?,,False,0.8140452349615311,1,incorrect_low
validation::315,['6'],10.,0.0,"['11.', '10.', '8.', '9.', '7.', '8.', '12.', '8.', '8.', '6.']",1.7480673485460891,How many rocks are visible in the foreground?,,False,0.8140452349615311,1,incorrect_low
validation::3150,['2'],3.,0.0,"['3.', '3.', '2.', '2.', '2.', '3.', '2.', '3.', '2.', '2.']",0.6730116670092565,how many palm trees in the image?,,False,0.8140452349615311,0,incorrect_high
validation::3156,['8'],1:50.,0.0,"['1:45.', '10:42.', '3:10.', '1:30.', '12:55.', '8:00.', '12:55.', '10:40.', '0:00.', '11:55.']",2.163955656882057,At what hour was this photo taken?,,False,0.8140452349615311,1,incorrect_low
validation::3157,['plate'],Plate.,1.0,"['Fork.', 'Plate.', 'Plate.', 'Fork.', 'Fork.', 'Plate.', 'Paper napkin.', 'Napkin.', 'Plate.', 'Fork.']",1.193549604098133,What does the man have in his left hand?,,True,0.8140452349615311,1,correct_low
validation::3158,['brick'],Wood.,0.0,"['Wood.', 'Wood.', 'Wood.', 'Cabinet.', 'Wood.', 'Wood.', 'Wood.', 'Wood.', 'Wood.', 'Wood.']",0.3250829733914482,What is the wall made up of?,,False,0.8140452349615311,0,incorrect_high
validation::316,['1'],2.,0.0,"['3.', '1.', '2.', '1.', '1.', '2.', '1.', '1.', '3.', '1.']",0.9502705392332348,How man detached keyboards are there?,,False,0.8140452349615311,1,incorrect_low
validation::3160,['mug'],Cup.,0.0,"['Mug.', 'Cup.', 'Coffee.', 'Mug.', 'Coffee.', 'Mug.', 'Coffee cup.', 'Cup.', 'Coffee.', 'Cup.']",0.6730116670092565,What is next to the plate?,,True,0.8140452349615311,0,correct_high
validation::3161,['8'],3.,0.0,"['2.', '3.', '3.', '3.', '3.', '3.', '3.', '3.', '6.', '3.']",0.639031859650177,How many sides total does the mirror above the fireplace have based on the sides that can be seen?,,False,0.8140452349615311,0,incorrect_high
validation::3168,['11'],11.,1.0,"['11.', '11.', '11.', '11.', '11.', '11.', '11.', '11.', '11.', '11.']",-0.0,What is the batter's jersey number?,,True,0.8140452349615311,0,correct_high
validation::3169,['1'],1.,1.0,"['1.', '3.', '1.', '1.', '1.', '1.', '1.', '1.', '1.', '1.']",0.3250829733914482,How many men are going up the steps?,,True,0.8140452349615311,0,correct_high
validation::3170,['3'],4.,0.0,"['4.', '4.', '4.', '4.', '4.', '4.', '4.', '4.', '4.', '4.']",-0.0,How many ski poles are within view?,,False,0.8140452349615311,0,incorrect_high
validation::3171,['2'],2.,1.0,"['2.', '2.', '3.', '2.', '5.', '1.', '2.', '2.', '3.', '2.']",1.0888999753452235,How many windows are behind the man?,,True,0.8140452349615311,1,correct_low
validation::3175,['bride and groom'],Man.,0.0,"['The man.', 'Man.', 'Man.', 'Man.', 'Man.', 'Man.', 'Man.', 'A man.', 'Man.', 'Man in front.']",0.3250829733914482,who is cutting the cake?,,False,0.8140452349615311,0,incorrect_high
validation::3177,['r'],R.,1.0,"['R.', 'R.', 'R.', 'R.', 'R.', 'R.', 'R.', 'R.', 'R.', 'R.']",-0.0,what is the last letter of sponser on banner?,,True,0.8140452349615311,0,correct_high
validation::3180,['4'],0.,0.0,"['0.', '0.', '0.', '0.', '0.', '0.', '0.', '0.', '0.', '0.']",-0.0,How many trucks are seen across the street?,,False,0.8140452349615311,0,incorrect_high
validation::3182,['2'],2.,1.0,"['2.', '2.', '2.', '3.', '2.', '2.', '2.', '2.', '2.', '2.']",0.3250829733914482,How many computers can we tell are turned on?,,True,0.8140452349615311,0,correct_high
validation::3185,['4'],2.,0.0,"['2.', '2.', '2.', '4.', '0.', '3.', '1.', '4.', '0.', '2.']",1.4708084763221112,How many zebra heads are down?,,False,0.8140452349615311,1,incorrect_low
validation::3186,['3'],1.,0.0,"['1.', '1.', '2.', '2.', '1.', '2.', '1.', '2.', '2.', '2.']",0.6730116670092565,How many different colors are there on the curtains?,,False,0.8140452349615311,0,incorrect_high
validation::3187,['1'],1.,1.0,"['2.', '2.', '1.', '1.', '2.', '2.', '1.', '3.', '2.', '2.']",0.8979457248567797,How many legs of the cat can be seen in the photo?,,True,0.8140452349615311,1,correct_low
validation::3192,['red'],Red.,1.0,"['Red.', 'Red.', 'Red.', 'Red.', 'Red.', 'Red.', 'Red.', 'Red.', 'Red.', 'Red.']",-0.0,What color are the numbers on the black plane?,,True,0.8140452349615311,0,correct_high
validation::3194,['bird'],Bird.,1.0,"['Bird.', 'Bird.', 'Bird.', 'Bird.', 'Bird.', 'Bird.', 'Bird.', 'Bird.', 'Bird.', 'Bird.']",-0.0,What is baby staring at?,,True,0.8140452349615311,0,correct_high
validation::3200,['left'],Right.,0.0,"['Right.', 'Right.', 'Left.', 'Right.', 'Right.', 'Right.', 'Right.', 'Left.', 'Right.', 'Right.']",0.5004024235381879,In which of the woman's hands is the umbrella?,,False,0.8140452349615311,0,incorrect_high
validation::3202,['0'],0.,1.0,"['0.', '0.', '0.', '0.', '0.', '0.', '0.', '0.', '0.', '0.']",-0.0,How many legs can be seen on the giraffe?,,True,0.8140452349615311,0,correct_high
validation::3204,['unanswerable'],Scalloped.,0.0,"['Scalloped.', 'Scalloped.', 'Scalloped.', 'Scalloped.', 'Gothic.', 'Pleated.', 'Scalloped.', 'Scalloped.', 'Ruffled.', 'Scalloped.']",0.9404479886553264,What type of curtain valance is shown?,,False,0.8140452349615311,1,incorrect_low
validation::3205,['tarp'],Tarp.,1.0,"['Net.', 'Net.', 'Canopy.', 'Tarp.', 'Nothing.', 'Nothing.', 'Canopy.', 'Net.', 'Shelter.', 'Net.']",1.4708084763221112,what is attached to the tent poles?,,True,0.8140452349615311,1,correct_low
validation::3209,['1'],1.,1.0,"['0.', '2.', '1.', '0.', '1.', '1.', '2.', '2.', '1.', '0.']",1.0888999753452238,How many zebras are facing the truck?,,True,0.8140452349615311,1,correct_low
validation::3210,['22'],28.,0.0,"['22.', '28.', '28.', '28.', '22.', '404.', '22.', '28.', '28.', '22.']",0.9433483923290392,what is the number of the pitcher,,False,0.8140452349615311,1,incorrect_low
validation::3213,['duck'],Duck.,1.0,"['Duck.', 'Duck.', 'Duck.', 'Duck.', 'Duck.', 'Duck.', ""I don't know."", 'Dog.', 'Duck.', 'Duck.']",0.639031859650177,What kind of animal is in costume?,,True,0.8140452349615311,0,correct_high
validation::3214,['4'],2.,0.0,"['1.', '4.', '2.', '4.', '3.', '3.', '2.', '1.', '2.', '2.']",1.3321790402101223,how many people on the court?,,False,0.8140452349615311,1,incorrect_low
validation::3216,['1 hour'],1 hour.,1.0,"['1 hour.', '1 hour.', '1 hour.', '0.', '1 hour.', '1 hour.', 'Unlimited.', '1 hour.', '1 hour.', '1 hour.']",0.639031859650177,What is the time limit on the meter?,,True,0.8140452349615311,0,correct_high
validation::3218,['3'],3.,1.0,"['3.', '3.', '3.', '3.', '3.', '3.', '4.', '3.', '4.', '3.']",0.5004024235381879,how many drawers are in the picture ?,,True,0.8140452349615311,0,correct_high
validation::322,['miguel navaza'],Miguel navaza.,1.0,"['Miguel navaza.', 'Miguel navaza.', 'Miguel navaza.', 'Miguel navazza.', 'Miguel navaza.', 'Miguel navaza.', 'Miguel navaza.', 'Miguel navaza.', 'Miguel navaza.', 'Miguel navaza.']",-0.0,Who is the photographer?,,True,0.8140452349615311,0,correct_high
validation::3220,['blue'],Black.,0.0,"['Silver.', 'Blue.', 'Black.', 'Black.', 'Black.', 'Black.', 'Blue.', 'Black.', 'Black.', 'Black.']",0.8018185525433373,what color is the chain?,,False,0.8140452349615311,0,incorrect_high
validation::3222,"['string, shirt, purse']","Heart, bag, scarf.",0.0,"['Bag, heart, shirt.', '1 bag 2 articles of clothing 3 hearts.', 'Bag ribbons suitcase.', 'Heart, handbag, tissue.', 'Bag, scarf, heart.', 'Bag, scarf, umbrella.', 'Heart, scarf, purse.', 'Hearts bags jacket.', 'Bag, heart, book.', 'Suitcase strap, handle, purse.']",2.163955656882057,Name three red objects?,,True,0.8140452349615311,1,correct_low
validation::3223,['8'],4.,0.0,"['3.', '6.', '6.', '4.', '3.', '3.', '4.', '8.', '2.', '2.']",1.5571130980576458,how many lampshades are there ?,,False,0.8140452349615311,1,incorrect_low
validation::3228,['278'],Unknown.,0.0,"['Unknown.', '678.', '278.', 'Unknown.', 'Unknown.', 'Brooklyn- queens expwy.', 'Unknown.', 'Unknown.', '495.', 'Bklyn-queens expwy.']",1.3592367006650063,What number highway is straight ahead?,,False,0.8140452349615311,1,incorrect_low
validation::323,['flickr'],Bigaphoto.,0.0,"['Tickr.com/bigA888.', 'Tickr.com/bigA888.', 'BigA photo.', 'Bigaphoto.', 'Tickr.com/bigA888.', 'Flickr.com/bigA888.', 'Tickr.com/bigA888.', 'Bigaphoto.', 'Bigaphoto.', 'Tickr.com/bigA888.']",0.9433483923290392,what website is the photograph from?,,False,0.8140452349615311,1,incorrect_low
validation::3231,['9'],10.,0.0,"['14.', '10.', '11.', '9.', '9.', '8.', '14.', '9.', '15.', '8.']",1.6957425341696346,How many zebras?,,False,0.8140452349615311,1,incorrect_low
validation::3233,['3'],0.,0.0,"['2.', '1.', '0.', '1.', '1.', '1.', '0.', '1.', '0.', '0.']",0.9433483923290392,how many people are surfing?,,False,0.8140452349615311,1,incorrect_low
validation::3238,['c'],G.,0.0,"['G.', 'G.', 'G.', 'G.', 'C.', 'G.', 'G.', 'G.', 'G.', 'G.']",0.3250829733914482,"what is the letter after ""i"" written on the left of the photo?",,False,0.8140452349615311,0,incorrect_high
validation::3239,['canoe'],Canoe.,1.0,"['Boat.', 'Boat.', 'Canoe.', 'Canoe.', 'Canoe.', 'Canoe.', 'Canoe.', 'Canoe.', 'Canoe.', 'Canoe.']",0.5004024235381879,What green object is upside down?,,True,0.8140452349615311,0,correct_high
validation::324,['samsung'],Samsung.,1.0,"['Samsung.', 'Samsung.', 'Samsung.', 'Samsung.', 'Samsung.', 'Samsung.', 'Samsung.', 'Samsung.', 'Samsung.', 'Samsung.']",-0.0,Who is the maker of this phone?,,True,0.8140452349615311,0,correct_high
validation::3240,['2'],3.,0.0,"['3.', '3.', '4.', '3.', '3.', '2.', '3.', '3.', '3.', '3.']",0.639031859650177,How many cows are in the picture?,,False,0.8140452349615311,0,incorrect_high
validation::3242,['0'],1.,0.0,"['1.', '1.', '0.', '1.', '1.', '1.', '1.', '2.', '1.', '2.']",0.8018185525433373,How many items are being used wirelessly?,,False,0.8140452349615311,0,incorrect_high
validation::3244,['7'],7.,1.0,"['7.', '7.', '7.', '7.', '7.', '7.', '7.', '7.', '7.', '7.']",-0.0,What number is to the right of the man?,,True,0.8140452349615311,0,correct_high
validation::3246,['jello shots'],Beer.,0.0,"['Beer.', 'Soda.', 'Soda.', 'Soda.', 'Beer.', 'Beer.', 'Beer.', 'Beer.', 'Soda.', 'Soda.']",0.6931471805599453,What are the drinks on the tray?,,False,0.8140452349615311,0,incorrect_high
validation::3248,['red stripe'],Red stripe.,1.0,"['Red stripe.', 'Red stripe.', 'Red stripe.', 'Red stripe.', 'Red stripe.', 'Red stripe.', 'Red stripe.', 'Red stripe.', 'Red stripe.', 'Red stripe.']",-0.0,What brand of beer is on the table?,,True,0.8140452349615311,0,correct_high
validation::325,['0'],1.,0.0,"['1.', '2.', '1.', '0.', '1.', '1.', '2.', '1.', '2.', '2.']",0.9433483923290392,how many utensils are not touching pizza?,,False,0.8140452349615311,1,incorrect_low
validation::3251,['1'],1.,1.0,"['7.', '1.', '2.', '1.', '1.', '7.', '1.', '1.', '1.', '1.']",0.8018185525433372,how many people are in this photo?,,True,0.8140452349615311,0,correct_high
validation::3256,['120'],120.,1.0,"['70.', '120.', '120.', '120.', '120.', '120.', '120.', '120.', '120.', '120.']",0.3250829733914482,what number is surrounded by yellow on the bike?,,True,0.8140452349615311,0,correct_high
validation::3257,['2'],2.,1.0,"['2.', '2.', '2.', '2.', '2.', '2.', '2.', '2.', '2.', '2.']",-0.0,How many hands are holding the kite?,,True,0.8140452349615311,0,correct_high
validation::3258,['on his lap'],Lap.,1.0,"['Lap.', 'On his lap.', 'Lap.', 'Legs.', 'In his lap.', 'In his lap.', 'Lap.', 'Leg.', 'On his lap.', 'Lap.']",0.5004024235381879,where are his hands?,,True,0.8140452349615311,0,correct_high
validation::3259,['drs'],Dbs.,0.0,"['Dft.', 'EWS.', 'Ecs.', 'Dbschen.', 'Ecs.', 'Ecs.', 'Dbi.', 'Dft.', 'Dcs.', 'Drd.']",1.834371970281624,What are the three green letters on the side of the train's engine?,,False,0.8140452349615311,1,incorrect_low
validation::3260,['38'],30.,0.0,"['26.', '20.', '24.', '26.', '41.', '26.', '30.', '24.', '24.', '31.']",1.6434177197931796,How many buttons are on the remote?,,False,0.8140452349615311,1,incorrect_low
validation::3261,['34'],30.,0.0,"['32.', '36.', '30.', '30.', '38.', '30.', '35.', 'There are 36 people in the picture.', '36.', '34.']",1.6434177197931796,How many people are in this picture?,,False,0.8140452349615311,1,incorrect_low
validation::3265,['1'],1.,1.0,"['1.', '1.', '1.', '1.', '1.', '1.', '1.', '1.', '1.', '1.']",-0.0,How many total animals are shown in this image?,,True,0.8140452349615311,0,correct_high
validation::3266,['nike'],Nike.,1.0,"['Nike.', 'New balance.', 'Adidas.', 'Nike.', 'Nike.', 'Under armour.', 'Nike.', 'Adidas.', 'New balance.', 'Nike.']",1.2206072645530173,what brand are the man's shoes?,,True,0.8140452349615311,1,correct_low
validation::3267,['right'],Left.,0.0,"['Right.', 'Right.', 'Right.', 'Left.', 'Right.', 'Downhill.', 'Right.', 'Left.', 'To the right.', 'Left.']",0.8979457248567797,Which direction are his skis pointed?,,False,0.8140452349615311,1,incorrect_low
validation::3269,['2'],3.,0.0,"['3.', '3.', '3.', '3.', '4.', '3.', '3.', '3.', '3.', '1.']",0.639031859650177,How many gauges are there?,,False,0.8140452349615311,0,incorrect_high
validation::327,['exclamation point'],?.,0.0,"['Parentheses.', '?.', '!.', '?.', '!.', '/.', '?.', 'Question mark.', '!.', '!.']",0.639031859650177,What punctuation is seen above the door?,,True,0.8140452349615311,0,correct_high
validation::3271,['2'],6.,0.0,"['6.', '6.', '6.', '4.', '6.', '5.', '5.', '5.', '4.', '5.']",1.0549201679861442,how many people are out of the water?,,False,0.8140452349615311,1,incorrect_low
validation::3274,['right'],Right.,1.0,"['Right.', 'Right.', 'Left.', 'Right.', 'Right.', 'Right.', 'Right.', 'Right.', 'Right.', 'Left.']",0.5004024235381879,Which hand is the man using to touch his sunglasses?,,True,0.8140452349615311,0,correct_high
validation::3275,['left'],Left.,1.0,"['Right.', 'Right.', 'Right.', 'Left.', 'Left.', 'Left.', 'Left.', 'Left.', 'Right.', 'To his left.']",0.6730116670092565,Is the man looking to his left or right?,,True,0.8140452349615311,0,correct_high
validation::3279,['tv'],Tv.,1.0,"['TV.', 'Tv.', 'Tv.', 'Tv.', 'Television.', 'Tv.', 'Tv.', 'Tv.', 'Tv.', 'Tv.']",-0.0,What is up on the wall on the right?,,True,0.8140452349615311,0,correct_high
validation::3282,['controller'],Mouse.,0.0,"['Mouse.', 'Mouse.', 'Controller.', 'Mouse.', 'Mouse.', 'Mouse.', 'Mouse.', 'Mouse.', 'Mouse.', 'Mouse.']",0.3250829733914482,What is in his left hand?,,False,0.8140452349615311,0,incorrect_high
validation::3283,['slanted'],Slanted.,1.0,"['Slanted.', 'Slanted.', 'Slanted.', 'Slanted.', 'Slanted.', 'Slanted.', 'Slanted.', 'Slanted.', 'Slanted.', 'Slanted.']",-0.0,Is the roof of the building slanted or flat?,,True,0.8140452349615311,0,correct_high
validation::3285,['3'],3.,1.0,"['4.', '5.', '4.', '4.', '3.', '4.', '3.', '3.', '3.', '4.']",0.9433483923290392,how many hydrants?,,True,0.8140452349615311,1,correct_low
validation::3286,"[""lowe's""]",Ge.,0.0,"['Ge.', 'Ge.', 'Coleman.', 'Ge.', 'Cuisinart.', ""Ginny's."", 'Columbus.', 'Ge.', 'Sears.', 'Ge.']",1.4978661367769952,"What brand name is on the small appliance, next to the fridge?",,False,0.8140452349615311,1,incorrect_low
validation::3287,['right'],Left.,0.0,"['Right.', 'Left.', 'Left.', 'Left.', 'Left.', 'Left.', 'Left.', 'Left.', 'Right.', 'Left.']",0.5004024235381879,Which arm can you see on the man to the right?,,False,0.8140452349615311,0,incorrect_high
validation::3288,['1'],1.,1.0,"['1.', '1.', '1.', '1.', '1.', '1.', '1.', '1.', '1.', '1.']",-0.0,How many of the bird's feet are visible?,,True,0.8140452349615311,0,correct_high
validation::3289,['donut'],Donut.,1.0,"['Finger.', 'Donut.', 'Donut.', 'Donut.', 'Pastry.', 'Donuts.', 'Donut.', 'pastry.', 'Donuts.', 'Donuts.']",0.8018185525433373,What is the cat licking?,,True,0.8140452349615311,0,correct_high
validation::3299,['taking a picture'],Watching.,0.0,"['Walking.', 'Taking pictures.', 'Watching.', 'Photographing.', 'Watching.', 'Watching.', 'Walking.', 'Watching.', 'Walking.', 'Watching.']",1.0296530140645737,What is the person standing on the sand doing?,,False,0.8140452349615311,1,incorrect_low
validation::33,['cactus'],Cactus.,1.0,"['Cactus.', 'Cactus.', 'Cactus.', 'Cactus.', 'Cactus.', 'Cactus.', 'Cactus.', 'Cactus.', 'Cactus.', 'Cactus.']",-0.0,What plant is shown on the computer screen to the right?,,True,0.8140452349615311,0,correct_high
validation::3303,['checkers'],Checkers.,1.0,"['Checkers.', 'Checkers.', 'Checkers.', 'Checkers.', 'Checkers.', 'Chess.', 'Checkers.', 'Checkers.', 'Checkers.', 'Checkers.']",0.3250829733914482,What is the board game on the table called?,,True,0.8140452349615311,0,correct_high
validation::331,['maidenhead'],Maidenhead.,1.0,"['Mardenhead.', 'Maidenhead.', 'Maidenhead.', 'Maidenhead.', 'Maidenhead.', 'Mardenhead.', 'Maidenhead.', 'Mardenhead.', 'Maidenhead.', 'Maidenhead.']",-0.0,Where is the bus headed?,,True,0.8140452349615311,0,correct_high
validation::3310,['3'],3.,1.0,"['3.', '3.', '3.', '3.', '4.', '3.', '4.', '4.', '4.', '3.']",0.6730116670092565,How many people are visible?,,True,0.8140452349615311,0,correct_high
validation::3317,['skiing and snowboarding'],Skiing and snowboarding.,1.0,"['Skiing and snowboarding.', 'Skiing and snowboarding.', 'Skiing and snowboarding.', 'Skiing and snowboarding.', 'Skiing and snowboarding.', 'Skiing and snowboarding.', 'Skiing and snowboarding.', 'Skiing and snowboarding.', 'Skiing and snowboarding.', 'Snowboarding and skiing.']",-0.0,What two sports do the people plan on participating in?,,True,0.8140452349615311,0,correct_high
validation::3319,['3'],2.,0.0,"['2.', '2.', '2.', '2.', '0.', '3.', '2.', '2.', '2.', '4.']",0.9404479886553264,how many bench legs are visible?,,False,0.8140452349615311,1,incorrect_low
validation::332,['turtle'],Bird.,0.0,"['Bird.', 'Lemur.', 'Bird.', 'Cat.', 'Dogs.', 'Dog.', 'Cow.', 'Snake.', 'Dog.', 'Dog.']",1.6094379124341,What is the animal on the top shelf all the way to the left?,,False,0.8140452349615311,1,incorrect_low
validation::3323,['0'],1.,0.0,"['1.', '1.', '1.', '1.', '1.', '1.', '1.', '1.', '1.', '1.']",-0.0,how many skiers are jumping into the air?,,False,0.8140452349615311,0,incorrect_high
validation::3324,['1'],1.,1.0,"['1.', '1.', '1.', '1.', '1.', '1.', '1.', '1.', '1.', '1.']",-0.0,How many species of animals are there?,,True,0.8140452349615311,0,correct_high
validation::333,['security'],Security.,1.0,"['Security.', 'Security.', 'Segway.', 'Security.', 'Security.', 'Secure.', 'Security.', 'Security.', 'Security.', 'Security.']",0.3250829733914482,What does it say on the Segway?,,True,0.8140452349615311,0,correct_high
validation::3337,['2'],2.,1.0,"['2.', '3.', '2.', '2.', '2.', '3.', '2.', '3.', '4.', '3.']",0.9433483923290392,How many planes have a visible tail?,,True,0.8140452349615311,1,correct_low
validation::3338,['white'],Green.,0.0,"['Green.', 'Green.', 'Green.', 'Green.', 'Green.', 'Green.', 'White.', 'White.', 'Green.', 'Green.']",0.5004024235381879,What color is the blanket?,,False,0.8140452349615311,0,incorrect_high
validation::3339,['1'],1.,1.0,"['1.', '1.', '1.', '1.', '1.', '1.', '1.', '1.', '1.', '1.']",-0.0,How many types of fruit are on the counter?,,True,0.8140452349615311,0,correct_high
validation::3341,['bottom'],Bottom.,1.0,"['Bottom.', 'Bottom.', 'Upper.', 'Upper.', 'Bottom.', 'Bottom.', 'Upper.', 'Bottom', 'Bottom.', 'Upper.']",0.6730116670092565,Is his upper or bottom lip bigger?,,True,0.8140452349615311,0,correct_high
validation::3343,['21215'],37659.,0.0,"['45287.', '31676.', 'Wkr23.', '72002.', '02461.', '50030.', '74574.', '25674.', '229.1.', '73207.']",2.302585092994045,What is the 5 digit number on the train's face?,,False,0.8140452349615311,1,incorrect_low
validation::3345,['tibet'],China.,0.0,"['China.', 'China.', 'China.', 'China.', 'China.', 'China.', 'China.', 'China.', 'China.', 'China.']",-0.0,What country are they protesting?,,False,0.8140452349615311,0,incorrect_high
validation::3347,['male and female'],Male and female.,1.0,"['Male and female.', 'Male and female.', 'Male and female.', 'Male and female.', 'Male and female.', 'Male and female.', 'Male and female.', 'Male and female.', 'Man and woman.', 'Male and female.']",-0.0,What genders are the two people?,,True,0.8140452349615311,0,correct_high
validation::3350,['left'],Left.,1.0,"['Left.', 'Left.', 'Left.', 'Right.', 'Right.', 'Left.', 'Left.', 'Left.', 'Left.', 'Left.']",0.5004024235381879,What side of the road do they drive on?,,True,0.8140452349615311,0,correct_high
validation::3351,['surfer'],Surfer.,1.0,"['Surfer.', 'Surfer.', 'Surfer.', 'Surfer.', 'Surfer.', 'Surfer.', 'Surfer.', 'Surfer.', 'Surfer.', 'Surfer.']",-0.0,What kind of person is depicted on the yellow sign?,,True,0.8140452349615311,0,correct_high
validation::3352,['2'],2.,1.0,"['2.', '4.', '2.', '3.', '2.', '2.', '3.', '3.', '2.', '2.']",0.8979457248567798,How many ropes are tied from the front of the boat to the dock?,,True,0.8140452349615311,1,correct_low
validation::3358,['diamonds'],Squares.,0.0,"['Squares.', 'Argyle.', 'Diamonds.', 'Squares.', 'Squares.', 'Argyle.', 'Diamonds.', 'Squares.', 'Diamonds.', 'Diamonds.']",1.0549201679861442,What design is on his shirt?,,False,0.8140452349615311,1,incorrect_low
validation::3362,['1'],0.,0.0,"['0.', '0.', '0.', '0.', '0.', '0.', '0.', '0.', '0.', '0.']",-0.0,how many cargo boxes are blue,,False,0.8140452349615311,0,incorrect_high
validation::3370,['green'],White.,0.0,"['White.', 'White.', 'White.', 'White.', 'Pink.', 'White.', 'Pink.', 'White.', 'White.', 'White.']",0.5004024235381879,what color are the shoes of the little girl facing the camera?,,False,0.8140452349615311,0,incorrect_high
validation::3371,['5'],4.,0.0,"['4.', '5.', '4.', '3.', '5.', '3.', '5.', '6.', '3.', '5.']",1.2798542258336674,How many duck shadows appear?,,False,0.8140452349615311,1,incorrect_low
validation::3376,['2'],2.,1.0,"['1.', '3.', '2.', '2.', '2.', '2.', '2.', '2.', '2.', '2.']",0.639031859650177,how many noses are touching the ground,,True,0.8140452349615311,0,correct_high
validation::3377,['2'],4.,0.0,"['4.', '4.', '3.', '5.', '3.', '2.', '4.', '3.', '4.', '4.']",1.1682824501765623,How many zebra eyes are visible here?,,False,0.8140452349615311,1,incorrect_low
validation::3378,['jvc'],Jvc.,1.0,"['Jvc.', 'Jvc.', 'Jvc.', 'Jvc.', 'Jvc.', 'Jvc.', 'Jvc.', 'Jvc.', 'Jvc.', 'Jvc.']",-0.0,Who manufactures this TV?,,True,0.8140452349615311,0,correct_high
validation::338,['4'],4.,1.0,"['4.', '4.', '4.', '4.', '4.', '4.', '4.', '4.', '4.', '4.']",-0.0,What number is shown twice on the fire hydrant?,,True,0.8140452349615311,0,correct_high
validation::3380,['sunglasses'],Sunglasses.,1.0,"['Fork.', 'Fork and knife.', 'Utensils.', 'Sunglasses.', 'utensils.', 'Utensils.', 'Fork and knife.', 'Utensils.', 'Fork.', 'Utensils.']",1.2206072645530173,what is sitting next to the drink and plate,,True,0.8140452349615311,1,correct_low
validation::3382,['0'],2.,0.0,"['1.', '1.', '1.', '2.', '2.', '1.', '2.', '2.', '2.', '2.']",0.6730116670092565,How many of the kids have are riding on their knees?,,False,0.8140452349615311,0,incorrect_high
validation::3383,['tattoo'],Nothing.,0.0,"['Sleeve.', 'Nothing.', 'Sleeve.', 'Nothing.', 'Nothing.', 'Sleeve.', 'Sleeve.', 'Sleeve.', 'Elbow pad.', 'Nothing.']",0.9433483923290392,What is on the man's elbow?,,False,0.8140452349615311,1,incorrect_low
validation::3384,['5'],4.,0.0,"['6.', '5.', '11.', '6.', '5.', '很多.', '7.', 'Many.', '2.', '5.']",1.834371970281624,How many palm trees can be seen?,,False,0.8140452349615311,1,incorrect_low
validation::3385,['2012'],2012.,1.0,"['2012.', '2012.', '2012.', '2013.', '2012.', '507.', '2012.', '2012.', '2012.', '2012.']",0.639031859650177,What number is printed on the book to the left of the laptop?,,True,0.8140452349615311,0,correct_high
validation::3386,['sun'],Sun.,1.0,"['Sun.', 'Sun.', 'Sun.', 'Shade.', 'Sun.', 'Sun.', 'Sun.', 'Sun.', 'Sun.', 'Sun.']",0.3250829733914482,Is the man standing in the shade or in the sun?,,True,0.8140452349615311,0,correct_high
validation::3387,['crush'],Nestle.,0.0,"['Rich.', 'Grolsch.', 'Sapporo.', 'Beer.', 'V8.', 'Lipton.', 'Natur.', 'Pepper.', 'Richmond.', 'Barbican.']",2.302585092994045,What large word is on a diagonal on at least three of the middle row bottles?,,False,0.8140452349615311,1,incorrect_low
validation::3388,['2'],1.,0.0,"['1.', '1.', '1.', '1.', '1.', '1.', '2.', '1.', '1.', '1.']",0.3250829733914482,How many screens display the time?,,False,0.8140452349615311,0,incorrect_high
validation::339,['calendar'],Picture.,0.0,"['Picture.', 'Picture.', 'Picture.', 'Mirror.', 'Picture.', 'picture.', 'Picture.', 'Picture.', 'Picture.', 'Picture.']",0.3250829733914482,What is on the wall to the right of the window?,,False,0.8140452349615311,0,incorrect_high
validation::3393,['television'],Television.,1.0,"['Television.', 'Television.', 'Television.', 'Television.', 'Television.', 'Television.', 'Television.', 'Television.', 'Television.', 'Television.']",-0.0,Which one of the following is NOT pictured here: computer or television?,,True,0.8140452349615311,0,correct_high
validation::3394,['0'],0.,1.0,"['0.', '0.', '0.', '0.', '0.', '0.', '1.', '0.', '0.', '0.']",0.3250829733914482,How many eggplants are completely visible?,,True,0.8140452349615311,0,correct_high
validation::3396,['post no bills'],Post no bills.,1.0,"['Post no bills.', 'Post no bills.', 'Post no bills.', 'Post no bills.', 'Post no bills.', 'Post no bills.', 'Post no bills.', 'Post no bills.', 'Post no bills.', 'Post no bills.']",-0.0,What does it say on the wall?,,True,0.8140452349615311,0,correct_high
validation::3397,['blue'],Blue.,1.0,"['Blue.', 'Blue.', 'Blue.', 'Blue.', 'Blue.', 'Blue.', 'Blue.', 'Blue.', 'Blue.', 'Blue.']",-0.0,What color is the fence/gate?,,True,0.8140452349615311,0,correct_high
validation::3399,['4'],5.,0.0,"['9.', '0.', '1.', '1.', '8.', '6.', '7.', '8.', '1.', '8.']",1.6434177197931796,What is the first number in the license plate of the car on the right?,,False,0.8140452349615311,1,incorrect_low
validation::34,['2'],4.,0.0,"['4.', '3.', '3.', '3.', '5.', '5.', '4.', '3.', '3.', '3.']",0.9502705392332348,How many vehicles are there?,,False,0.8140452349615311,1,incorrect_low
validation::3402,['jacket'],Jacket.,1.0,"['Jacket.', 'Jacket.', 'Jacket.', 'Jacket.', 'Jacket.', 'Jacket.', 'Jacket.', 'Jacket.', 'Jacket.', 'Jacket.']",-0.0,"Which of the following is the man NOT wearing: a jacket, a tie or a collared shirt?",,True,0.8140452349615311,0,correct_high
validation::3403,['2'],1.,0.0,"['1.', '2.', '1.', '1.', '1.', '1.', '2.', '1.', '3.', '1.']",0.8018185525433372,How many faces visable?,,False,0.8140452349615311,0,incorrect_high
validation::3404,['4'],1.,0.0,"['1.', '1.', '1.', '2.', '1.', '1.', '1.', '1.', '1.', '1.']",0.3250829733914482,How many pieces of watermelon are present in this photo?,,False,0.8140452349615311,0,incorrect_high
validation::3408,['batman'],None.,0.0,"['None.', 'None.', 'Superman.', 'None.', 'Spiderman.', 'None.', 'Daredevil.', 'Spiderman.', 'None.', 'None.']",1.0888999753452235,What superhero is shown?,,False,0.8140452349615311,1,incorrect_low
validation::3410,['1'],2.,0.0,"['2.', '2.', '1.', '2.', '1.', '1.', '1.', '0.', '1.', '2.']",0.9433483923290392,How many front wheels are in the air?,,False,0.8140452349615311,1,incorrect_low
validation::3412,['3'],3.,1.0,"['3.', '1.', '2.', '4.', '6.', '3.', '3.', '9.', '5.', '2.']",1.834371970281624,How many boats are there?,,True,0.8140452349615311,1,correct_low
validation::3414,['193'],183.,0.0,"['193.', '193.', '193.', '193.', '183.', '183.', '183.', '183.', '183.', '193.']",0.6931471805599453,Whats the number above the door and under the maroon sign?,,False,0.8140452349615311,0,incorrect_high
validation::3417,['3'],2.,0.0,"['2.', '1.', '3.', '1.', '2.', '2.', '4.', '2.', '2.', '2.']",1.0888999753452235,How many sinks are there?,,False,0.8140452349615311,1,incorrect_low
validation::3420,['left'],Right.,0.0,"['Left.', 'Left.', 'Left.', 'Right.', 'Right.', 'Right.', 'Right.', 'Left.', 'Left.', 'Left.']",0.6730116670092565,What side is the tennis player's shadow facing in this picture?,,False,0.8140452349615311,0,incorrect_high
validation::3422,['divine'],Dionysios.,0.0,"['Diners club.', 'Ineffable.', 'Derecha.', 'Dionysios.', 'Nevezita.', 'Neizzata.', 'Dionysos.', 'Ne-zita.', 'Deveras.', 'Empas.']",1.9730014063936128,What is the word in gold in the black window?,,False,0.8140452349615311,1,incorrect_low
validation::3424,['window'],Car window.,1.0,"['Window.', 'Window.', 'Car.', 'Dashboard.', 'Dashboard.', 'Car window.', 'Dashboard.', 'Window.', 'Car window.', 'Car window.']",1.313834033192747,what is the dogs head sitting on?,,True,0.8140452349615311,1,correct_low
validation::3426,['0'],0.,1.0,"['0.', '0.', '1.', '0.', '0.', '6.', '0.', '0.', '0.', '0.']",0.639031859650177,How many pizza slices are left in the box?,,True,0.8140452349615311,0,correct_high
validation::3429,['water bottle'],Water bottle.,1.0,"['Water bottle.', 'Water bottle.', 'Water bottle.', 'Water bottle.', 'Water bottle.', 'Water bottle.', 'Water bottle', 'Water bottle.', 'Water bottle.', 'Water bottle.']",-0.0,"Which of the following is the man NOT holding: tennis racket, water bottle or ball?",,True,0.8140452349615311,0,correct_high
validation::3430,['united'],United.,1.0,"['United.', 'United.', 'United.', 'United.', 'United.', 'United.', 'United.', 'United.', 'United.', 'United.']",-0.0,What airline's check-in is most prominent?,,True,0.8140452349615311,0,correct_high
validation::3432,['magnum'],Magnum.,1.0,"['Magnum.', 'Magnum.', 'Magnum.', 'Magnum.', 'Magnum.', 'Magnum.', 'Magnum.', 'Magnum.', 'Magnum.', 'Magnum.']",-0.0,What is the name of the sponsor with a website visible on the banner in the background?,,True,0.8140452349615311,0,correct_high
validation::3434,['watch for pedestrians'],Watch for pedestrians.,1.0,"['Watch for pedestrians.', 'Watch for pedestrians.', 'Watch for pedestrians.', 'Watch for pedestrians.', 'Watch for pedestrians.', 'Watch for pedestrians.', 'Watch for pedestrians.', 'Watch for pedestrians.', 'Watch for pedestrians.', 'Watch for pedestrians.']",-0.0,What does the yellow sign say?,,True,0.8140452349615311,0,correct_high
validation::3436,['cat'],None.,0.0,"['None.', 'None.', 'None.', 'None.', 'None.', 'None.', 'None.', 'None.', 'None.', 'None.']",-0.0,What type of animal is on top of the car?,,False,0.8140452349615311,0,incorrect_high
validation::3437,['2'],2.,1.0,"['2.', '2.', '3.', '2.', '2.', '2.', '2.', '3.', '2.', '2.']",0.5004024235381879,how many adult zebras are there?,,True,0.8140452349615311,0,correct_high
validation::3438,['nail polish'],Polish.,1.0,"['Polish.', 'Polish.', 'Polish.', 'Polish.', 'Polish.', 'Polish.', 'Polish.', 'Polish.', 'Polish.', 'Polish.']",-0.0,What is on the models fingernails?,,True,0.8140452349615311,0,correct_high
validation::344,['0'],0.,1.0,"['0.', '0.', '0.', '0.', '0.', '0.', '0.', '0.', '0.', '0.']",-0.0,How many kittens are with the adult cat?,,True,0.8140452349615311,0,correct_high
validation::3440,['black'],Black.,1.0,"['Black.', 'Black.', 'Black.', 'Black.', 'Black.', 'Black.', 'Black.', 'Black.', 'Black.', 'Black.']",-0.0,what color are the sticks on the plate?,,True,0.8140452349615311,0,correct_high
validation::3442,['left'],Left.,1.0,"['Left.', 'Right.', 'Left.', 'Left.', 'Left.', 'Left.', 'Left.', 'Left.', 'Left.', 'Left.']",0.3250829733914482,Which side is the TV situated in the room?,,True,0.8140452349615311,0,correct_high
validation::3444,['right'],Right.,1.0,"['Right.', 'Right.', 'Right.', 'Right.', 'Right.', 'Right.', 'Right.', 'Right.', 'Right.', 'Right.']",-0.0,Which side of the street are the trees found according to this picture?,,True,0.8140452349615311,0,correct_high
validation::3446,['d'],C.,0.0,"['Vitamin c.', 'Ascorbic acid.', 'Vitamin c.', 'Vitamin c.', 'C.', 'Vitamin c.', 'None.', 'D.', 'None.', 'Vitamin c.']",1.0888999753452235,What vitamin is advertised?,,False,0.8140452349615311,1,incorrect_low
validation::345,['above'],Above.,1.0,"['Below.', 'Above.', 'Above.', 'Above.', 'Above.', 'Above.', 'Below.', 'Above.', 'Below.', 'Below.']",0.6730116670092565,Is the wave above or below the man?,,True,0.8140452349615311,0,correct_high
validation::3451,['olive'],Olive.,1.0,"['Olive.', 'Olive.', 'Olive.', 'Black olive.', 'Olive.', 'Olive.', 'Olive.', 'Cheese.', 'Olive.', 'Olive.']",0.639031859650177,What type of pizza is this?,,True,0.8140452349615311,0,correct_high
validation::3454,['4'],4.,1.0,"['4.', '3.', '4.', '4.', '2.', '4.', '4.', '4.', '4.', '5.']",0.9404479886553264,How many legs are fully visible?,,True,0.8140452349615311,1,correct_low
validation::3459,['black'],Red.,0.0,"['White.', 'Orange.', 'Red and white.', 'Red.', 'Red and white.', 'Red.', 'Orange.', 'Red and white.', 'Orange.', 'Red.']",1.313834033192747,What color are the nails painted?,,False,0.8140452349615311,1,incorrect_low
validation::3460,['toys r us'],Toys r us.,1.0,"['FAO schwaz.', 'Toys r us.', 'Toys""r""us.', 'Toys r us.', 'Toys r us.', 'Toys rus.', 'Toys r us.', 'Toys r us.', 'Toys r us.', 'Toys r us.']",0.3250829733914482,What famous toy store used this animal as a mascot?,,True,0.8140452349615311,0,correct_high
validation::3462,['6pm'],6:00 PM.,0.0,"['6 pm.', '6:00 pm.', '5PM.', '6:00 pm.', '5 pm.', '5 pm.', '8:00 p.m.', '6 pm.', '6pm.', '5:30 pm.']",1.1682824501765623,What time does meter enforcement end?,,True,0.8140452349615311,1,correct_low
validation::3463,['watch'],Watch.,1.0,"['Watch.', 'Watch.', 'Watch.', 'Watch.', 'Watch.', 'Watch.', 'Watch.', 'Watch.', 'Watch.', 'Watch.']",-0.0,What's in focus?,,True,0.8140452349615311,0,correct_high
validation::3464,['2'],0.,0.0,"['2.', '2.', '5.', '3.', '0.', '3.', '3.', '2.', '4.', '0.']",1.5047882836811908,How many birds are near the water?,,False,0.8140452349615311,1,incorrect_low
validation::3466,['copyright'],Copyright.,1.0,"['Copyright.', 'Copyright.', 'Copyright.', 'Copyright.', 'Copyright.', 'Copyright symbol.', 'Copyright.', 'Copyright.', 'Copyright.', 'Copyright.']",-0.0,What is the symbol in the bottom left of the image called?,,True,0.8140452349615311,0,correct_high
validation::3468,['adidas'],Adidas.,1.0,"['Nike.', 'Vans.', 'Adidas.', 'Adidas.', 'Adidas.', 'Adidas.', 'Nike.', 'Nike.', 'Nike.', 'Adidas.']",0.9433483923290392,What brand of shoes is the body wearing?,,True,0.8140452349615311,1,correct_low
validation::347,['5'],4.,0.0,"['4.', '4.', '4.', '3.', '4.', '3.', '4.', '4.', '4.', '3.']",0.6108643020548935,how many chairs are there?,,False,0.8140452349615311,0,incorrect_high
validation::3471,['4'],3.,0.0,"['6.', '6.', '3.', '4.', '8.', '6.', '6.', '6.', '3.', '6.']",1.0888999753452235,how many wheels in the blue truck are seen ?,,False,0.8140452349615311,1,incorrect_low
validation::3473,['royal mail'],First great western.,0.0,"['Direct services.', 'East midlands trains.', 'Cross country.', 'Porterbrook.', 'First.', 'First class.', 'East midlands.', 'First great western.', 'First.', 'First great eastern.']",2.163955656882057,What does it say on the side of the train?,,False,0.8140452349615311,1,incorrect_low
validation::3476,['2'],2.,1.0,"['2.', '2.', '2.', '2.', '2.', '2.', '2.', '2.', '2.', '2.']",-0.0,How many different species of animals are in the picture?,,True,0.8140452349615311,0,correct_high
validation::3479,['2'],2.,1.0,"['3.', '3.', '1.', '3.', '2.', '1.', '3.', '2.', '2.', '2.']",1.0549201679861442,How many people are walking in the snow?,,True,0.8140452349615311,1,correct_low
validation::348,['green'],Green.,1.0,"['Green.', 'Green.', 'Green.', 'Green.', 'Green.', 'Green.', 'Green.', 'Green.', 'Green.', 'Green.']",-0.0,What color is the illuminated LED on the monitor?,,True,0.8140452349615311,0,correct_high
validation::3483,['del monte'],Chiquita.,0.0,"['Chiquita.', 'Chiquita.', 'Del monte.', 'Chiquita.', 'Chiquita.', 'Chiquita.', 'Trae thompson.', 'Chiquita.', 'Chiquita.', 'Chiquita.']",0.639031859650177,What is the company on the label?,,False,0.8140452349615311,0,incorrect_high
validation::3487,['4'],4.,1.0,"['4.', '4.', '4.', '4.', '4.', '4.', '4.', '4.', '3.', '4.']",0.3250829733914482,how many giraffe horns are visible?,,True,0.8140452349615311,0,correct_high
validation::349,['3'],4.,0.0,"['5.', '6.', '4.', '3.', '4.', '6.', '2.', '6.', '4.', '4.']",1.4184836619456564,How many drawer pull's are there in the picture?,,False,0.8140452349615311,1,incorrect_low
validation::3493,['black'],Black.,1.0,"['Black.', 'Black.', 'Black.', 'Blue.', 'Black.', 'Blue.', 'Blue.', 'Black.', 'Blue.', 'Blue.']",0.6931471805599453,what color shirt is the man with the hat wearing?,,True,0.8140452349615311,0,correct_high
validation::3494,['3'],2.,0.0,"['2.', '2.', '2.', '2.', '3.', '2.', '2.', '2.', '3.', '2.']",0.5004024235381879,How many screens can be seen in the picture?,,False,0.8140452349615311,0,incorrect_high
validation::3497,['frog'],Frog.,1.0,"['Frog.', 'Frog.', 'Frog.', 'Frog.', 'Frog.', 'Frog.', 'Frog.', 'Frog.', 'Frog.', 'Frog.']",-0.0,What amphibian can be seen in the kite patterns?,,True,0.8140452349615311,0,correct_high
validation::3498,['4'],2.,0.0,"['3.', '3.', '1.', '2.', '2.', '3.', '2.', '2.', '2.', '2.']",0.8979457248567797,How many buttons are on the woman's sleeve?,,False,0.8140452349615311,1,incorrect_low
validation::3501,['8'],12.,0.0,"['10.', '15.', '9.', '12.', '6.', '11.', '14.', '11.', '6.', '8.']",2.025326220770068,How many panels on the wall are visible in this picture?,,False,0.8140452349615311,1,incorrect_low
validation::3503,['green'],Blue.,0.0,"['Pink.', 'Blue.', 'Blue.', 'Orange.', 'Red.', 'Black.', 'Blue.', 'Blue.', 'Gray.', 'Blue.']",1.4978661367769952,What color swimsuit is the woman standing in the water wearing?,,False,0.8140452349615311,1,incorrect_low
validation::3504,['1'],1 gallon.,1.0,"['1 gallon.', '1/2 gallon.', '1 gallon.', '1 gallon.', '1', '3/4 gallon.', '1 gallon.', '1 gallon.', '1 gallon.', '1 gallon.']",0.9404479886553264,How much milk is there?,,False,0.8140452349615311,1,incorrect_low
validation::3507,['middle'],Middle.,1.0,"['Middle.', 'Middle.', 'Middle.', 'Middle.', 'Middle.', 'Middle.', 'Middle.', 'Middle.', 'Middle.', 'Middle.']",-0.0,"Which is smallest, left, middle or right?",,True,0.8140452349615311,0,correct_high
validation::3508,['1'],2.,0.0,"['1.', '2.', '2.', '2.', '1.', '1.', '2.', '2.', '2.', '1.']",0.6730116670092565,How many zebras are on four legs in this picture?,,False,0.8140452349615311,0,incorrect_high
validation::351,['2'],2.,1.0,"['2.', '2.', '2.', '2.', '2.', '2.', '2.', '2.', '2.', '2.']",-0.0,how many topppings are there?,,True,0.8140452349615311,0,correct_high
validation::3510,['laying'],Laying down.,1.0,"['Laying down.', 'Laying down.', 'Lying down.', 'Laying.', 'Laying down.', 'Laying down.', 'Looking in window.', 'Resting.', 'Laying.', 'Laying down.']",0.3250829733914482,What is the cat doing?,,True,0.8140452349615311,0,correct_high
validation::3511,['plate'],Plate.,1.0,"['Plate.', 'Plate.', 'Plate.', 'Plate.', 'Plate.', 'Plate.', 'Plate.', 'Plate.', 'Plate.', 'Plate.']",-0.0,Which word is to the right of power on the building?,,True,0.8140452349615311,0,correct_high
validation::3514,['2'],2.,1.0,"['2.', '2.', '2.', '3.', '2.', '2.', '2.', '2.', '2.', '2.']",0.3250829733914482,How many colors does the wall have?,,True,0.8140452349615311,0,correct_high
validation::3515,['blue'],Blue.,1.0,"['Blue.', 'Pink.', 'Red.', 'White.', 'Blue.', 'Blue.', 'Brown.', 'Brown.', 'Blue.', 'Blue.']",1.3592367006650063,What color is the woman's scarf?,,True,0.8140452349615311,1,correct_low
validation::3519,['3'],3.,1.0,"['3.', '3.', '3.', '3.', '3.', '3.', '4.', '3.', '2.', '2.']",0.8018185525433373,How many eyes are fully visible in the picture?,,True,0.8140452349615311,0,correct_high
validation::3522,['2'],4.,0.0,"['3.', '3.', '4.', '4.', '4.', '2.', '2.', '4.', '2.', '3.']",1.0888999753452238,How many tusks are shown?,,False,0.8140452349615311,1,incorrect_low
validation::3523,['1990'],1984.,0.0,"['1996.', 'Unanswerable.', 'Unanswerable.', '1985.', '1984.', '1988.', '1985.', '1985.', '1991.', '1985.']",1.6094379124341005,What year was the Teddy Bear shop established?,,False,0.8140452349615311,1,incorrect_low
validation::3524,['hot dog'],Sandwich.,0.0,"['Sandwich.', 'Sandwich.', 'Sandwich.', 'Sandwich.', 'Sandwich.', 'Sandwich.', 'Sandwich.', 'Banh mi.', 'Hot dog.', 'Sandwich.']",0.639031859650177,What is the person eating?,,False,0.8140452349615311,0,incorrect_high
validation::3530,['1'],2.,0.0,"['2.', '2.', '2.', '2.', '1.', '2.', '2.', '2.', '2.', '1.']",0.5004024235381879,how many feet can you see?,,False,0.8140452349615311,0,incorrect_high
validation::3532,['3'],4.,0.0,"['2.', '4.', '4.', '4.', '4.', '4.', '2.', '4.', '4.', '4.']",0.5004024235381879,How many legs are shown for the giraffe on the left?,,False,0.8140452349615311,0,incorrect_high
validation::3534,['travelling suitcase library'],Traveling sunshine.,0.0,"['Trapped inside suitcase.', 'Traveling sunshine.', 'Travel reading sucks.', 'Traveling sunshine destination.', 'Traveling sunshine.', 'Traveling makes suhcise optional.', 'Traveling suicide mission.', 'Traveling sunshine library.', 'Traveling sunshine.', 'Travelling suicide desk?.']",1.9730014063936128,What does it say on the green triangle?,,False,0.8140452349615311,1,incorrect_low
validation::354,['cover'],Quilt.,0.0,"['Cloth.', 'Flowers.', 'Quilt.', 'Quilt.', 'Quilt.', 'Fabric.', 'Fabric.', 'Quilt.', 'Patchwork.', 'Fabric.']",1.1935496040981333,what is on the toilet seat,,False,0.8140452349615311,1,incorrect_low
validation::3543,['ship'],Shield.,0.0,"['Shield.', 'Shield.', 'Shield.', 'Shield.', 'Coat of arms.', 'Shield.', 'Shield.', 'Lion.', 'Shield.', 'Crests.']",0.9404479886553264,What is pictured on the panel below the clock of the tower?,,False,0.8140452349615311,1,incorrect_low
validation::3544,['0'],0.,1.0,"['0.', '0.', '0.', '0.', '0.', '0.', '0.', '0.', '0.', '0.']",-0.0,How many wings does he have?,,True,0.8140452349615311,0,correct_high
validation::3549,['left'],Left.,1.0,"['Left.', 'Left.', 'Left.', 'Left.', 'Left.', 'Left.', 'Left.', 'Left.', 'Left.', 'Left.']",-0.0,Is the taller giraffe on the left or right?,,True,0.8140452349615311,0,correct_high
validation::355,['0'],12.,0.0,"['10.', '12.', '16.', '14.', '12.', '11.', '13.', '12.', '13.', '13.']",1.6434177197931796,how many elephant feet can you see?,,False,0.8140452349615311,1,incorrect_low
validation::3550,['1'],0.,0.0,"['1.', '0.', '0.', '0.', '0.', '1.', '2.', '1.', '0.', '0.']",0.8979457248567797,how many birds?,,False,0.8140452349615311,1,incorrect_low
validation::3555,['0'],2.,0.0,"['2.', '2.', '2.', '2.', '2.', '2.', '2.', '2.', '2.', '2.']",-0.0,How many total tails of the giraffes can be seen?,,False,0.8140452349615311,0,incorrect_high
validation::3556,['2'],2.,1.0,"['2.', '2.', '2.', '2.', '4.', '2.', '2.', '2.', '2.', '3.']",0.639031859650177,How many controllers are visible?,,True,0.8140452349615311,0,correct_high
validation::3558,['7'],0.,0.0,"['3.', '1.', '0.', '2.', '2.', '2.', '6.', '8.', '2.', '9.']",1.7480673485460891,what is the last number on the scissors?,,False,0.8140452349615311,1,incorrect_low
validation::3560,['2'],2.,1.0,"['2.', '2.', '2.', '2.', '3.', '2.', '2.', '4.', '2.', '2.']",0.639031859650177,how flags are there?,,True,0.8140452349615311,0,correct_high
validation::3564,['1'],2.,0.0,"['2.', '2.', '2.', '2.', '2.', '2.', '2.', '2.', '2.', '2.']",-0.0,How many cartoon people can be seen?,,False,0.8140452349615311,0,incorrect_high
validation::3567,['usa'],None.,0.0,"['American.', 'Usa.', 'American.', 'American.', 'None.', 'None.', 'American.', 'None.', 'us.', 'Us.']",1.0296530140645737,Which flag is represented on the Fire Hydrant?,,False,0.8140452349615311,1,incorrect_low
validation::3568,['metal'],Plastic.,0.0,"['Plastic.', 'Plastic.', 'Plastic.', 'Plastic.', 'Metal.', 'Wood.', 'Plastic.', 'Metal.', 'Plastic.', 'Metal.']",0.8979457248567797,What material is the hook that the ribbon is tied to made of?,,False,0.8140452349615311,1,incorrect_low
validation::3569,['5'],4.,0.0,"['5.', '4.', '6.', '4.', '4.', '8.', '7.', '5.', '8.', '8.']",1.5047882836811908,How many light poles are there?,,False,0.8140452349615311,1,incorrect_low
validation::3572,['hot dog'],Cheese.,0.0,"['Cheese.', 'Cheese.', 'Ham and cheese.', 'Meat.', 'Cheese.', 'Cheese.', 'Cheese.', 'Meat.', 'Cheese.', 'Cheese.']",0.8018185525433373,what is the pastry filled with?,,False,0.8140452349615311,0,incorrect_high
validation::3574,['camera'],Camera.,1.0,"['Camera.', 'Camera.', 'Food.', 'Camera.', 'Camera.', 'Finger.', 'Cell phone.', 'Finger.', 'Camera.', 'Camera.']",1.0888999753452235,What is the woman holding in her hand?,,True,0.8140452349615311,1,correct_low
validation::3575,['red'],Red.,1.0,"['Red.', 'Red.', 'Red.', 'Red.', 'Red.', 'Red.', 'Red.', 'Red.', 'Red.', 'Red.']",-0.0,What color is the batter's belt?,,True,0.8140452349615311,0,correct_high
validation::3576,['camouflage'],Striped.,0.0,"['Stripes.', 'Striped.', 'Stripes.', 'Stripes.', 'Camouflage.', 'Striped.', 'Solid.', 'Striped.', 'Striped.', 'Striped.']",0.639031859650177,What pattern is on the man's pants?,,False,0.8140452349615311,0,incorrect_high
validation::3577,['square victoria'],Square victoria.,1.0,"['Square victoria.', 'Square victoria.', 'Square victoria.', 'Square victoria.', 'Square victoria.', 'Square victoria.', 'Square victoria.', 'Square victoria.', 'Square victoria.', 'Square victoria.']",-0.0,What words are written on the yellow part of the sign with the map?,,True,0.8140452349615311,0,correct_high
validation::358,['yuba college'],Sutter.,0.0,"['Sutter.', 'Yamaha.', 'Corban.', 'Sutter.', 'Yonsei.', 'Pepperdine.', 'Yamaha.', 'Corban.', 'Sutter.', 'Sutter.']",1.4708084763221112,What is the name of the college?,,False,0.8140452349615311,1,incorrect_low
validation::3580,['4'],2.,0.0,"['2.', '2.', '2.', '2.', '2.', '2.', '1.', '4.', '2.', '2.']",0.639031859650177,How many fasteners on the stop sign?,,False,0.8140452349615311,0,incorrect_high
validation::3587,['fork'],Frosting.,0.0,"['Frosting.', 'Frosting.', 'Fork.', 'Napkin.', 'Frosting.', 'Frosting.', 'Frosting.', 'Frosting.', 'Frosting.', 'Sugar.']",0.9404479886553264,What is between the cake and the plate?,,False,0.8140452349615311,1,incorrect_low
validation::3589,['4'],2.,0.0,"['2.', '2.', '2.', '2.', '2.', '2.', '2.', '2.', '2.', '2.']",-0.0,How many engines are on the plane?,,False,0.8140452349615311,0,incorrect_high
validation::3597,['fence'],Fence.,1.0,"['Fence.', 'Fence.', 'Fence.', 'Fence.', 'Fence.', 'Fence.', 'Fence.', 'Fence.', 'Fence.', 'Fence.']",-0.0,What item is used to hold the elephants in place?,,True,0.8140452349615311,0,correct_high
validation::3598,['flame'],Chiquita.,0.0,"['Flamenco.', 'Flavame.', 'Inflame.', 'Chefmate.', 'Chiquita.', 'Chiquita.', ""Campbell's."", 'Chaffee.', 'Chiquita.', 'Mflame.']",1.9730014063936128,what brand is on the box?,,False,0.8140452349615311,1,incorrect_low
validation::360,['green'],Green.,1.0,"['Green.', 'Green.', 'Green.', 'Green.', 'Green.', 'Green.', 'Blue.', 'Green.', 'Green.', 'Green.']",0.3250829733914482,What color is the pictured planet?,,True,0.8140452349615311,0,correct_high
validation::3602,['1'],0.,0.0,"['1.', '0.', '0.', '0.', '2.', '0.', '1.', '0.', '2.', '1.']",1.0296530140645737,How many feet are visible?,,False,0.8140452349615311,1,incorrect_low
validation::3603,['fence'],Hills.,0.0,"['Fence.', 'Hills.', 'Hills.', 'Hill.', 'Fence.', 'Hills.', 'Nothing.', 'Hills.', 'Hills.', 'Hills.']",0.8018185525433372,What is the horse behind?,,False,0.8140452349615311,0,incorrect_high
validation::3610,['seur'],Seur.,1.0,"['Eur.', 'Seur.', 'Seur.', 'Seur.', 'Seur.', 'Seur.', 'Seur.', 'Seur.', 'Seur.', 'Seur.']",0.3250829733914482,What does it say on the van?,,True,0.8140452349615311,0,correct_high
validation::3613,['beach'],Beach.,1.0,"['Beach.', 'Beach.', 'Beach.', 'Beach.', 'Beach.', 'Beach.', 'Beach.', 'Beach.', 'Beach.', 'Beach.']",-0.0,Where is the plane taking off from?,,True,0.8140452349615311,0,correct_high
validation::3615,['8235'],2238.,0.0,"['3235.', '2222.', '8230.', '0238.', '0533.', '2238.', '6738.', '0239.', '8239.', '2233.']",2.163955656882057,what are the four written numbers on the up right side of the bus ?,,False,0.8140452349615311,1,incorrect_low
validation::362,['1:40'],Noon.,0.0,"['Noon.', '12:50.', '11:23.', '12:00.', 'Noon.', 'Noon.', 'Noon.', '9:30.', '3:45.', '2:30.']",1.7480673485460891,What time is it in this image?,,False,0.8140452349615311,1,incorrect_low
validation::3620,['0'],0.,1.0,"['0.', '0.', '0.', '1.', '0.', '2.', '0.', '0.', '0.', '0.']",0.639031859650177,How many human feet are on the surfboard?,,True,0.8140452349615311,0,correct_high
validation::3622,['orange'],White.,0.0,"['Black.', 'Black.', 'Orange.', 'White.', 'White.', 'White.', 'White.', 'White.', 'White.', 'Red.']",1.0888999753452235,what color is the background of the sticker with four asian symbols?,,False,0.8140452349615311,1,incorrect_low
validation::3624,['2'],2.,1.0,"['1.', '1.', '2.', '0.', '1.', '0.', '2.', '1.', '2.', '1.']",1.0296530140645737,how many wheels are on the front of the plane,,True,0.8140452349615311,1,correct_low
validation::3625,['diamond'],Star.,0.0,"['Circle with arrow.', 'Spade.', 'Crown.', 'Star.', 'Star.', 'A. an anarchy sign.', 'Lightning bolt.', 'Star.', 'Smiley face.', 'Skeleton.']",1.9730014063936128,What is the large graffiti symbol slightly covered at the bottom of the door?,,False,0.8140452349615311,1,incorrect_low
validation::3626,['2'],2.,1.0,"['2.', '2.', '3.', '1.', '2.', '2.', '2.', '3.', '2.', '2.']",0.8018185525433372,How many red ties can be seen holding the umbrella together?,,True,0.8140452349615311,0,correct_high
validation::3629,['1'],0.,0.0,"['0.', '0.', '1.', '0.', '0.', '0.', '0.', '1.', '0.', '0.']",0.5004024235381879,how many cars are on the road?,,False,0.8140452349615311,0,incorrect_high
validation::363,['turkey'],Food.,0.0,"['Eggs.', 'Food.', 'Food.', 'Food.', 'Food.', 'Food.', 'Food.', 'Pie.', 'Pancakes.', 'Food.']",0.9404479886553264,What is on the plate that the woman is holding?,,True,0.8140452349615311,1,correct_low
validation::3631,['airplane'],Train.,0.0,"['Subway.', 'None.', 'Train.', 'Train.', 'Train.', 'Train.', 'Train.', 'Train.', 'Subway.', 'Train.']",0.8018185525433373,What vehicle is on the sign?,,False,0.8140452349615311,0,incorrect_high
validation::3635,['2'],2.,1.0,"['2.', '3.', '2.', '3.', '2.', '2.', '2.', '2.', '2.', '2.']",0.5004024235381879,How many buttons on the man's coat are visible?,,True,0.8140452349615311,0,correct_high
validation::3637,['22'],51.,0.0,"['6.', '22.', '22.', '22.', '51.', '22.', '51.', '22.', '51.', '22.']",0.8979457248567798,What 2-digit number is next to the arrow on the sign?,,False,0.8140452349615311,1,incorrect_low
validation::364,['vase'],Vase.,1.0,"['Blinds.', 'Curtains.', 'Shower curtain.', 'Shower curtain.', 'Mirror.', 'Shower curtain.', 'Vase.', 'Vase.', 'Vase.', 'Vase.']",1.418483661945657,what does the hand towel match?,,True,0.8140452349615311,1,correct_low
validation::3640,['water bottle'],Water bottle.,1.0,"['Bottled drink.', 'Water bottles.', 'Camera.', 'Water bottle.', 'Bottle.', 'Water bottle.', 'Bottled water.', 'Water bottle.', 'Camera.', 'Water bottle.']",1.0888999753452235,What is the person on the left holding?,,True,0.8140452349615311,1,correct_low
validation::3643,['4'],4.,1.0,"['4.', '4.', '4.', '4.', '4.', '5.', '4.', '4.', '5.', '4.']",0.5004024235381879,How many visible fingers in the photo?,,True,0.8140452349615311,0,correct_high
validation::3646,['camera'],Camera.,1.0,"['Nothing.', 'Nothing.', 'Nothing.', 'Camera.', 'Camera.', 'Nothing.', 'Nothing.', 'Nothing.', 'Nothing.', 'Nothing.']",0.5004024235381879,What is the person in the red hoodie holding?,,True,0.8140452349615311,0,correct_high
validation::365,['toes'],Toes.,1.0,"['Toes.', 'Toes.', 'Toes.', 'Toes.', 'Toes.', 'Toes.', 'Toe.', 'Heel.', 'Toes.', 'Toes.']",0.3250829733914482,What part of his left foot is resting on the ground?,,True,0.8140452349615311,0,correct_high
validation::3650,['0'],2.,0.0,"['2.', '3.', '2.', '3.', '1.', '1.', '2.', '3.', '2.', '2.']",1.0296530140645737,How many cats are sleeping?,,False,0.8140452349615311,1,incorrect_low
validation::3654,['2'],2.,1.0,"['2.', '2.', '4.', '4.', '2.', '2.', '4.', '2.', '2.', '2.']",0.6108643020548935,How many wings are on the plane?,,True,0.8140452349615311,0,correct_high
validation::3655,['green'],Blue.,0.0,"['White.', 'No scarf.', 'Blue.', 'Black.', 'No scarf.', 'Blue.', 'White.', 'Blue.', 'White.', 'Blue.']",1.2798542258336676,What color is the man's scarf?,,False,0.8140452349615311,1,incorrect_low
validation::3658,['taxi driver'],Unknown.,0.0,"['Unknown.', 'Unknown.', 'Unknown.', 'Taxi driver.', 'Taxi driver.', 'Unclear.', 'Unknown.', 'Unanswerable.', 'Taxi driver.', 'Unknown.']",0.6108643020548935,what is the occupation of the person driving the car behind the white vehicle?,,False,0.8140452349615311,0,incorrect_high
validation::366,['white and blue'],Brown.,0.0,"['Gray.', 'Blue and orange.', 'White.', 'Gray and white.', 'Gray.', 'Brown and white.', 'White.', 'Gray.', 'Gray.', 'White.']",1.4184836619456564,What colors are the stripes?,,False,0.8140452349615311,1,incorrect_low
validation::3660,['zoe'],Joe.,0.0,"['Joe.', 'Joe.', 'Joe.', 'Joe.', 'Joe.', 'Joe.', 'Joe.', 'Joe.', 'Joe.', 'Joe.']",-0.0,Who is the photo by?,,False,0.8140452349615311,0,incorrect_high
validation::3663,['down'],Down.,1.0,"['Down.', 'Down.', 'Up.', 'Down.', 'Down.', 'Up.', 'Down.', 'Up.', 'Down.', 'Up.']",0.6730116670092565,Is the toilet lid up or down?,,True,0.8140452349615311,0,correct_high
validation::3664,['right'],Left.,0.0,"['Left.', 'Right.', 'Right.', 'Left.', 'Right.', 'Left.', 'Right.', 'Left.', 'Left.', 'Left.']",0.6730116670092565,On what hand does the person have a wristband on?,,False,0.8140452349615311,0,incorrect_high
validation::3665,['4'],4.,1.0,"['4.', '4.', '4.', '4.', '4.', '4.', '4.', '4.', '4.', '4.']",-0.0,How many hooves are shown?,,True,0.8140452349615311,0,correct_high
validation::3666,['4'],2.,0.0,"['3.', '2.', '2.', '2.', '2.', '2.', '2.', '2.', '2.', '2.']",0.3250829733914482,How many legs on the bench?,,False,0.8140452349615311,0,incorrect_high
validation::3667,['2'],1.,0.0,"['1.', '2.', '1.', '1.', '1.', '2.', '0.', '1.', '2.', '1.']",0.8979457248567797,how many toasters are there?,,False,0.8140452349615311,1,incorrect_low
validation::3668,['green'],White.,0.0,"['White.', 'White.', 'Yellow.', 'White.', 'White.', 'White.', 'White.', 'White.', 'White.', 'White.']",0.3250829733914482,What color is the front license plate of the red vehicle at the light?,,False,0.8140452349615311,0,incorrect_high
validation::3669,['2'],1.,0.0,"['1.', '1.', '2.', '1.', '1.', '3.', '2.', '2.', '2.', '2.']",0.9433483923290392,how many men have shirts?,,False,0.8140452349615311,1,incorrect_low
validation::367,['1'],1.,1.0,"['1.', '0.', '1.', '1.', '1.', '2.', '1.', '2.', '1.', '1.']",0.8018185525433373,How many drawers are partially open?,,True,0.8140452349615311,0,correct_high
validation::3674,['lion'],Lion.,1.0,"['Lion.', 'Lion.', 'Lion.', 'Lion.', 'Lion.', 'Lion.', 'Lion.', 'Lion.', 'Lion.', 'Lion.']",-0.0,What animal is on the blue street sign?,,True,0.8140452349615311,0,correct_high
validation::3675,['66'],66.,1.0,"['66.', '66.', '66.', '66.', '66.', '66.', '66.', '66.', '66.', '66.']",-0.0,"what is the written number after ""Route"" ?",,True,0.8140452349615311,0,correct_high
validation::3678,['1'],2.,0.0,"['0.', '2.', '1.', '0.', '2.', '2.', '0.', '2.', '2.', '3.']",1.1682824501765623,How many feet are on the top of the table?,,False,0.8140452349615311,1,incorrect_low
validation::368,['fork'],Yes.,0.0,"['Both.', 'Yes.', 'Yes.', 'Both.', 'Yes.', 'Yes.', 'Yes.', 'Yes.', 'Yes.', 'Yes.']",0.5004024235381879,Is there a spoon or a fork on the plates of food?,,False,0.8140452349615311,0,incorrect_high
validation::3680,['1'],2.,0.0,"['2.', '3.', '3.', '3.', '2.', '2.', '2.', '3.', '3.', '3.']",0.6730116670092565,how many of the cats paws do you see?,,False,0.8140452349615311,0,incorrect_high
validation::3681,['5:36'],1:10.,0.0,"['3:05.', '3:35.', '12:30.', '11:19.', '2:05.', '11:07.', '3:15.', '10:04.', '8:00.', '1:25.']",2.302585092994045,What time is shown on the clock?,,False,0.8140452349615311,1,incorrect_low
validation::3682,['3'],0.,0.0,"['0.', '1.', '2.', '2.', '1.', '2.', '2.', '1.', '2.', '1.']",0.9433483923290392,How many people on the sidewalk in front of the park?,,False,0.8140452349615311,1,incorrect_low
validation::3683,['4'],2.,0.0,"['3.', '3.', '3.', '1.', '1.', '4.', '2.', '5.', '1.', '3.']",1.4184836619456564,How many traffic signs are facing the camera?,,False,0.8140452349615311,1,incorrect_low
validation::3684,['2013'],2013.,1.0,"['2013.', '2013.', '09.12.2013.', '2013.', '2013.', '2013.', '2013.', '2013.', '2013.', '2013.']",0.3250829733914482,what year is timestamped on picture?,,True,0.8140452349615311,0,correct_high
validation::3688,['0'],0.,1.0,"['0.', '0.', '0.', '0.', '0.', '0.', '0.', '0.', '0.', '0.']",-0.0,What digit is lit up on the microwave's display?,,True,0.8140452349615311,0,correct_high
validation::3689,"[""linda's""]",Linda's.,1.0,"[""Linda's."", ""Linda's."", ""Linda's."", ""Linda's."", ""Linda's."", ""Linda's."", ""Linda's."", ""Linda's."", ""Linda's."", ""Linda's.""]",-0.0,What is the name of the store that is printed on the right hand side of the window?,,True,0.8140452349615311,0,correct_high
validation::3693,['40'],40.,1.0,"['40.', '40.', '40.', '40.', '40.', '40.', '40.', '40.', '40.', '40.']",-0.0,what number by the heart?,,True,0.8140452349615311,0,correct_high
validation::3696,['w'],H.,0.0,"['W.', 'H.', 'H.', 'X.', 'H.', 'M.', 'H.', 'H.', 'H.', 'S and f.']",1.2275294114572126,What letter is on the front of the notebook?,,False,0.8140452349615311,1,incorrect_low
validation::3698,['gracie mac photography'],Gracie mac photography.,1.0,"['Gracie mac photography.', 'Gracie mac photography.', 'Gracie mac photography.', 'Gracie mac photography.', 'Gracie mac photography.', 'Gracie mac photography.', 'Gracie mac photography.', 'Gracie mac photography.', 'Gracie mac photography.', 'Gracie mac photography.']",-0.0,What does the image say in the bottom right corner?,,True,0.8140452349615311,0,correct_high
validation::37,['bull'],Statue.,0.0,"['Statue.', 'Statue.', 'Statue.', 'Elephant.', 'Statue.', 'Statue.', 'Statue.', 'Statue.', 'Statue.', 'Statue.']",0.3250829733914482,what is the man sitting on?,,False,0.8140452349615311,0,incorrect_high
validation::3700,['4'],3.,0.0,"['6.', '5.', '3.', '3.', '3.', '3.', '5.', '4.', '3.', '3.']",1.0888999753452235,How many horses are in the picture?,,False,0.8140452349615311,1,incorrect_low
validation::3701,['cow'],Cow.,1.0,"['Cow.', 'Cow.', 'Cow.', 'Cow.', 'Cow.', 'Cow.', 'Cow.', 'Cow.', 'Cow.', 'Cow.']",-0.0,"Which one of the following is NOT seen in this picture: cow, horse or trees?",,True,0.8140452349615311,0,correct_high
validation::3702,['grapes'],Grapes.,1.0,"['Purple plums.', 'Lemons.', 'Prunes.', 'Grapes.', 'Cherries.', 'Grapes.', 'Apples.', 'Grapes.', 'Grapes.', 'Grapes.']",1.4978661367769954,what is the bagged fruit in the upper right of the picture?,,True,0.8140452349615311,1,correct_low
validation::3703,['2'],1.,0.0,"['1.', '1.', '2.', '1.', '1.', '1.', '2.', '1.', '1.', '2.']",0.6108643020548935,How many cell towers are in the background?,,False,0.8140452349615311,0,incorrect_high
validation::3704,['o'],O.,1.0,"['O.', 'O.', 'O.', 'O.', 'O.', 'O.', 'O.', 'O.', 'O.', 'O.']",-0.0,What is the last letter in the lower right hand corner?,,True,0.8140452349615311,0,correct_high
validation::3705,['2009'],2009.,1.0,"['2009.', '2009.', '2009.', '2009.', '2009.', '2009.', '2009.', '2009.', '2009.', '2009.']",-0.0,What year was this photo taken?,,True,0.8140452349615311,0,correct_high
validation::3706,['2'],4.,0.0,"['4.', '4.', '4.', '4.', '4.', '4.', '4.', '4.', '4.', '4.']",-0.0,How many bag wheels are visible in this picture?,,False,0.8140452349615311,0,incorrect_high
validation::3709,['3'],3.,1.0,"['3.', '2.', '3.', '5.', '2.', '3.', '3.', '3.', '3.', '3.']",0.8018185525433372,How many times does the Olympic logo appear?,,True,0.8140452349615311,0,correct_high
validation::3713,['4'],3.,0.0,"['4.', '3.', '3.', '3.', '3.', '4.', '3.', '3.', '3.', '3.']",0.5004024235381879,How many fork tines visible?,,False,0.8140452349615311,0,incorrect_high
validation::3715,['2'],2.,1.0,"['2.', '2.', '1.', '1.', '2.', '2.', '2.', '2.', '2.', '1.']",0.6108643020548935,How many yellow houses can you see?,,True,0.8140452349615311,0,correct_high
validation::3716,['2'],1.,0.0,"['1.', '0.', '0.', '0.', '1.', '0.', '1.', '1.', '5.', '2.']",1.193549604098133,How many people have ski poles?,,False,0.8140452349615311,1,incorrect_low
validation::3720,['right'],Right.,1.0,"['Left.', 'left.', 'Right.', 'Right.', 'Left.', 'Right.', 'Right.', 'Right.', 'Right.', 'Left.']",0.6730116670092565,What direction are the shadows falling toward in this image?,,True,0.8140452349615311,0,correct_high
validation::3721,['computer'],Tv.,0.0,"['Bathroom.', 'Dresser.', 'Tv.', 'Ride.', 'Toilet.', 'Tv.', 'Sofa.', 'Toaster.', 'Tv.', 'Tv.']",1.6094379124341005,What is the image on her shirt?,,False,0.8140452349615311,1,incorrect_low
validation::3722,['unanswerable'],Quiksilver.,0.0,"['Body glove.', 'Billabong.', 'Billabong.', 'Volcom.', 'Quicksilver.', 'Bilabong.', 'Bilabong.', 'Xam.', 'Xam.', 'Quiksilver.']",1.4708084763221114,What brand of bathing suit is the man with the surfboard wearing?,,False,0.8140452349615311,1,incorrect_low
validation::3723,['0'],2.,0.0,"['1.', '0.', '0.', '1.', '0.', '2.', '2.', '1.', '4.', '1.']",1.2798542258336674,How many pillows are on the bed?,,False,0.8140452349615311,1,incorrect_low
validation::3724,['o'],O.,1.0,"['O.', 'O.', 'O.', 'O.', 'O.', 'O.', 'O.', 'O.', 'O.', 'O.']",-0.0,whatis the last letter in the white name?,,True,0.8140452349615311,0,correct_high
validation::3726,['left'],Yes.,0.0,"['Yes.', 'Yes.', 'Yes.', 'No.', 'Yes.', 'No.', 'Yes.', 'Yes.', 'Yes.', 'Yes.']",0.5004024235381879,"According to the sign, you can only turn left or right?",,False,0.8140452349615311,0,incorrect_high
validation::3727,['pointed'],Pointed.,1.0,"['Pointed.', 'Pointed.', 'Pointed.', 'Pointed.', 'Pointed.', 'Pointed.', 'Pointed.', 'Rounded.', 'Pointed.', 'Pointed.']",0.3250829733914482,are the scissors blades pointed or rounded?,,True,0.8140452349615311,0,correct_high
validation::3728,['burger'],Burger.,1.0,"['Burger.', 'Burger.', 'Burger.', 'Bun.', 'Bun.', 'Food.', 'Burger.', 'Burger.', 'Bun.', 'Hamburger.']",0.8979457248567797,what is on the wood?,,True,0.8140452349615311,1,correct_low
validation::373,['2'],2.,1.0,"['2.', '3.', '2.', '3.', '2.', '2.', '2.', '3.', '2.', '3.']",0.6730116670092565,How many elephants?,,True,0.8140452349615311,0,correct_high
validation::3734,['2010'],2010.,1.0,"['2010.', '2010.', '2010.', '2010.', '2010.', '2010.', '2010.', '2010.', '2010.', '2010.']",-0.0,In what year was this photograph taken?,,True,0.8140452349615311,0,correct_high
validation::3735,['slippers'],None.,0.0,"['None.', 'Boots.', 'None.', 'Boots.', 'Socks.', 'None.', 'Boots.', 'Socks.', 'Boots.', 'None.']",1.0549201679861442,What type of footwear is the person wearing?,,False,0.8140452349615311,1,incorrect_low
validation::3736,['tomato'],Tomatoes.,0.0,"['Onions.', 'Potatoes.', 'Onions.', 'Onions.', 'Onion.', 'Tomatoes.', 'Tomatoes.', 'Apples.', 'Watermelon.', 'Apples.']",1.4708084763221114,what produce is on the second shelf near the ivy?,,True,0.8140452349615311,1,correct_low
validation::3737,['4:00'],11:54.,0.0,"['3:13.', '7:42.', '4:58.', '8:39.', '3:03.', '6:28.', '1:28.', '2:48.', '11:55.', '2:04.']",2.302585092994045,What is the time on the clock?,,False,0.8140452349615311,1,incorrect_low
validation::3740,['tan'],Orange.,0.0,"['Orange.', 'Orange.', 'Orange.', 'Orange.', 'Orange.', 'Orange.', 'Orange.', 'Orange.', 'Orange.', 'Orange.']",-0.0,What color is the suitcase in the front with the orange belt?,,False,0.8140452349615311,0,incorrect_high
validation::3744,['god'],Cola.,0.0,"['Cola.', 'Cola.', 'Cola.', 'Cola.', 'Co.', 'Good.', 'Cola.', 'Cola.', 'Cola.', 'Cooler.']",0.5004024235381879,no king as what?,,False,0.8140452349615311,0,incorrect_high
validation::3745,['protec'],Pro-tec.,1.0,"['Pro-tec.', 'Protec.', 'Pro tec.', 'Pro Tec.', 'Pro-tec.', 'Pro-tec.', 'Pro-tec.', 'Protec.', 'Pro tec.', 'Pro-tec.']",0.6931471805599453,What name is on the banner with the spade?,,True,0.8140452349615311,0,correct_high
validation::375,['mirrors'],Mirrors.,1.0,"['Mirrors.', 'Mirrors.', 'Mirrors.', 'Mirrors.', 'Mirrors.', 'Mirrors.', 'Mirrors.', 'Mirrors.', 'Mirrors.', 'Mirrors.']",-0.0,What are the two black circular objects that are attached to the motorcycle and are above it?,,True,0.8140452349615311,0,correct_high
validation::3750,['green and yellow'],Yellow and green.,1.0,"['Yellow and green.', 'Green and yellow.', 'Green and yellow.', 'Green and yellow.', 'Green and yellow.', 'Green and yellow.', 'Green and yellow.', 'Yellow and green.', 'Yellow and green.', 'Green and yellow.']",-0.0,Which two traffic light colors are not lit up?,,True,0.8140452349615311,0,correct_high
validation::3751,['13'],12.,0.0,"['10.', '12.', '13.', '9.', '14.', '9.', '12.', '12.', '10.', '13.']",1.5571130980576458,How many umbrellas are there?,,False,0.8140452349615311,1,incorrect_low
validation::3758,['2'],2.,1.0,"['2.', '2.', '2.', '2.', '2.', '2.', '2.', '3.', '2.', '2.']",0.3250829733914482,How many people are sitting in the snow?,,True,0.8140452349615311,0,correct_high
validation::376,['2'],1.,0.0,"['1.', '1.', '1.', '1.', '1.', '1.', '1.', '1.', '1.', '1.']",-0.0,how many lit candles on the bottom right and in front of the man?,,False,0.8140452349615311,0,incorrect_high
validation::3761,['2'],"1 person, 0 blue items.",0.0,"['1 person, 0 blue items.', '1.', '1 person 1 item.', '1.', '1 person and 0 blue items.', '1 person, 0 blue items.', '1 person, 1 blue item.', '1+1.', '1 person and 1 blue item.', '2.']",1.2798542258336674,How many people plus how many blue items in the air are there?,,False,0.8140452349615311,1,incorrect_low
validation::3762,['people'],Elephant.,0.0,"['Horses.', 'Silhouette of people.', 'Elephant.', 'Children.', 'Elephant.', 'People.', 'Animals.', 'Elephants.', 'Horses.', 'Zombies.']",1.834371970281624,What is on the man's T-shirt?,,False,0.8140452349615311,1,incorrect_low
validation::3763,['0'],1.,0.0,"['2.', '1.', '1.', '0.', '1.', '1.', '1.', '1.', '1.', '1.']",0.639031859650177,How many hands are on the frisbee?,,False,0.8140452349615311,0,incorrect_high
validation::3766,['3'],3.,1.0,"['3.', '3.', '3.', '4.', '3.', '3.', '3.', '4.', '3.', '3.']",0.5004024235381879,how many lights are on the ceiling?,,True,0.8140452349615311,0,correct_high
validation::377,['1'],0.,0.0,"['0.', '0.', '0.', '0.', '0.', '0.', '0.', '0.', '0.', '0.']",-0.0,How many brown horses are there  in this picture?,,False,0.8140452349615311,0,incorrect_high
validation::3770,['black'],Black.,1.0,"['Blue.', 'Yellow.', 'Black.', 'Blue.', 'Blue.', 'Black.', 'Black.', 'White.', 'White.', 'Black.']",1.2798542258336674,What color is the player's watch?,,True,0.8140452349615311,1,correct_low
validation::3773,['drinking milk'],Nursing.,0.0,"['Feeding.', 'Nursing.', 'Nursing.', 'Nursing.', 'Nursing.', 'Eating.', 'Feeding.', 'Eating.', 'Nursing.', 'Eating.']",1.0296530140645737,What is the smaller animal doing?,,True,0.8140452349615311,1,correct_low
validation::3774,['super mario galaxy 2'],Super mario galaxy 2.,1.0,"['Super mario galaxy 2.', 'Super mario galaxy 2.', 'Super mario galaxy 2.', 'Super mario galaxy 2.', 'Super mario galaxy 2.', 'Super mario galaxy 2.', 'Super mario galaxy 2.', 'Super mario galaxy 2.', 'Super mario galaxy 2.', 'Super mario galaxy 2.']",-0.0,What is the full name of the game?,,True,0.8140452349615311,0,correct_high
validation::3775,['flake'],Flake.,1.0,"['Flake.', '99.', 'Flake.', 'Flake.', '99.', 'Flake.', 'Flake.', 'Flake.', 'Flake.', '99.']",0.6108643020548935,What is the big yellow word?,,True,0.8140452349615311,0,correct_high
validation::3777,['7'],10.,0.0,"['10.', '2.', '14.', '10.', '8.', '15.', '7.', '20.', '8.', '7.']",1.8866967846580784,how many vertical posts are visible on the bridge?,,False,0.8140452349615311,1,incorrect_low
validation::3778,['brown'],White.,0.0,"['Black.', 'Brown.', 'White.', 'White.', 'Brown.', 'White.', 'White.', 'Black.', 'White.', 'Orange.']",1.2206072645530173,What color are the bottom of his shoes?,,False,0.8140452349615311,1,incorrect_low
validation::3780,['0'],1.,0.0,"['1.', '1.', '1.', '0.', '1.', '1.', '1.', '1.', '1.', '0.']",0.5004024235381879,How many visible tails in the photo?,,False,0.8140452349615311,0,incorrect_high
validation::3787,['c'],A.,0.0,"['M.', 'A.', 'D.', 'A.', 'A.', 'A.', 'A.', 'L.', 'A.', 'M.']",1.0888999753452235,What is the first letter on the word on the poster with the shirtless man?,,False,0.8140452349615311,1,incorrect_low
validation::3788,['white'],Pink.,0.0,"['Pink.', 'Pink.', 'Pink.', 'Pink.', 'Purple.', 'Pink.', 'White.', 'Purple.', 'White.', 'Pink.']",0.9502705392332348,What color is the underside of the surfboard,,False,0.8140452349615311,1,incorrect_low
validation::3789,['blue'],Blue.,1.0,"['Blue.', 'Blue.', 'Green.', 'Blue.', 'Blue.', 'Blue.', 'Blue.', 'Blue.', 'Blue.', 'Blue.']",0.3250829733914482,What is the color of the base of the bat?,,True,0.8140452349615311,0,correct_high
validation::379,['1888'],1888.,1.0,"['1888.', '1888.', '1888.', '1898.', '1888.', '1888.', '1888.', '1888.', '1888.', '1888.']",0.3250829733914482,What is the copyright year written next to the man?,,True,0.8140452349615311,0,correct_high
validation::3791,['1'],1.,1.0,"['1.', '3.', '1.', '1.', '1.', '2.', '1.', '2.', '2.', '1.']",0.8979457248567798,How many mirrors are visible?,,True,0.8140452349615311,1,correct_low
validation::3797,['0'],1.,0.0,"['1.', '1.', '1.', '1.', '1.', '1.', '1.', '1.', '1.', '0.']",0.3250829733914482,How many men are there?,,False,0.8140452349615311,0,incorrect_high
validation::3798,['lighter'],Beer.,0.0,"['Nothing.', 'Beer.', 'Bottle.', 'Beer.', 'Cake.', 'Beer.', 'Beer.', 'Beer.', 'Beer.', 'Nothing.']",1.0888999753452235,what is in his right hand?,,False,0.8140452349615311,1,incorrect_low
validation::380,['1'],2.,0.0,"['2.', '1.', '2.', '2.', '2.', '2.', '2.', '3.', '2.', '1.']",0.8018185525433372,How many cameras are pointed at the player,,False,0.8140452349615311,0,incorrect_high
validation::3808,['1048'],5949.,0.0,"['2542.', '5949.', '9548.', '5939.', '9648.', '2545.', '6540.', '5045.', '6949.', '5569.']",2.302585092994045,"What is the bus's identification number, written on the top trim?",,False,0.8140452349615311,1,incorrect_low
validation::3810,['4'],0.,0.0,"['0.', '0.', '2.', '6.', '0.', '2.', '0.', '6.', '2.', '2.']",1.0549201679861442,How many total circular coasters are seen in the photo?,,False,0.8140452349615311,1,incorrect_low
validation::382,['butterfly'],Bird.,0.0,"['Butterfly.', 'Butterfly.', 'Butterfly.', 'Bird.', 'Bears.', 'Bird.', 'Bird.', 'Butterfly.', 'Swan.', 'Butterfly.']",1.1682824501765623,What is the animal on the child's shirt?,,False,0.8140452349615311,1,incorrect_low
validation::3820,['white and brown'],Brown and white.,1.0,"['Brown and white.', 'White.', 'White.', 'Brown and white.', 'Brown and white.', 'White and brown.', 'Brown and white.', 'White.', 'Brown.', 'Brown and white.']",0.8979457248567797,What color is the cow's face?,,True,0.8140452349615311,1,correct_low
validation::3821,['newspaper'],Track.,0.0,"['Rail.', 'Phone.', 'Train.', 'Track.', 'Train.', 'Cell phone.', 'Cell phone.', 'Phone.', 'Track.', 'Track.']",0.9502705392332348,What is the seated man looking down at?,,False,0.8140452349615311,1,incorrect_low
validation::3825,['bananas'],Bananas.,1.0,"['Bananas.', 'Bananas.', 'Bananas.', 'Bananas.', 'Bananas.', 'Bananas.', 'Bananas.', 'Bananas.', 'Bananas.', 'Bananas.']",-0.0,What is on the woman with the pink shirt's hat?,,True,0.8140452349615311,0,correct_high
validation::383,['diamond'],Kite.,0.0,"['Airplane.', 'House.', 'Sun.', 'Kite.', 'Kite.', 'Coffee cup.', 'Bird.', 'Kite.', 'Airplane.', 'House.']",1.6957425341696346,What is there a drawing of on the notebook?,,False,0.8140452349615311,1,incorrect_low
validation::3833,['nose'],Tail.,0.0,"['Nose.', 'Tail.', 'Tail.', 'Nose.', 'Tail.', 'Tail.', 'Tail.', 'Tail.', 'Tail.', 'Tail.']",0.5004024235381879,Is the dog's nose or tail closer to the bottom of the image?,,False,0.8140452349615311,0,incorrect_high
validation::3834,['celticrider'],Celtic rider.,0.0,"['Celtic rider.', 'Celtic rider.', 'Celticrider.', 'Celtic rider.', 'Celticrider.', 'Celtic rider.', 'Celticrider.', 'Celtic rider.', 'Celticrider.', 'Celticrider.']",-0.0,What is the name of the company on the van?,,True,0.8140452349615311,0,correct_high
validation::3835,['red'],Red.,1.0,"['Red.', 'Red.', 'Red.', 'Red.', 'Red.', 'Red.', 'Red.', 'Red.', 'Red.', 'Red.']",-0.0,"On these traffic lights, what color indicates that you need to stop?",,True,0.8140452349615311,0,correct_high
validation::3836,['nothing'],Surfboards.,0.0,"['Surfboards.', 'Surfboards.', 'Surfboards.', 'Surfboard.', 'Surfboards.', 'Surfboards.', 'Surfboards.', 'Surfboards.', 'Surfboards.', 'Surfboards.']",-0.0,What are the surfers holding in their left hands?,,False,0.8140452349615311,0,incorrect_high
validation::384,['bus station'],Bus station.,1.0,"['Bus terminal.', 'Bus station.', 'Bus station.', 'Bus stop.', 'Bus station.', 'Bus station.', 'Bus stop.', 'Bus station.', 'Bus station.', 'Bus terminal.']",-0.0,Where is this?,,True,0.8140452349615311,0,correct_high
validation::3841,['2'],2.,1.0,"['2.', '2.', '2.', '1.', '1.', '1.', '2.', '2.', '1.', '1.']",0.6931471805599453,How many ropes is he holding onto?,,True,0.8140452349615311,0,correct_high
validation::3843,['2'],1.,0.0,"['1.', '1.', '1.', '2.', '1.', '1.', '2.', '1.', '1.', '1.']",0.5004024235381879,How many ovens are there?,,False,0.8140452349615311,0,incorrect_high
validation::3845,['2'],1.,0.0,"['2.', '1.', '1.', '1.', '1.', '1.', '1.', '2.', '1.', '1.']",0.5004024235381879,How many hanging lights are there?,,False,0.8140452349615311,0,incorrect_high
validation::3846,['2'],2.,1.0,"['3.', '2.', '2.', '2.', '2.', '2.', '2.', '2.', '2.', '3.']",0.5004024235381879,How many babies are in this photo?,,True,0.8140452349615311,0,correct_high
validation::3847,['right'],Left.,0.0,"['Right.', 'Right.', 'Left.', 'Left.', 'Left.', 'Left.', 'Left.', 'Right.', 'Left.', 'Left.']",0.6108643020548935,What direction is the river turning?,,False,0.8140452349615311,0,incorrect_high
validation::3849,['4'],2.,0.0,"['4.', '1.', '2.', '4.', '2.', '2.', '4.', '4.', '2.', '2.']",0.9433483923290392,how many lights are on the front of this train?,,False,0.8140452349615311,1,incorrect_low
validation::3851,['2'],3.,0.0,"['2.', '3.', '3.', '2.', '2.', '3.', '3.', '3.', '3.', '3.']",0.6108643020548935,How many animals and people in total are on the surfboard?,,False,0.8140452349615311,0,incorrect_high
validation::3852,['shut'],Open.,0.0,"['Open.', 'Open.', 'Open.', 'Open.', 'Open.', 'Open.', 'Open.', 'Open.', 'Open.', 'Open.']",-0.0,Are the train doors open or shut?,,False,0.8140452349615311,0,incorrect_high
validation::3859,['triumph'],Harley.,0.0,"['Harley davidson.', 'Norton.', 'Harley davidson.', 'Ajs.', 'Harley davidson.', 'Harley davidson.', 'Harley davidson.', 'Norton.', 'Triumph.', 'Harley.']",1.3592367006650063,What is the brand name written on the front of the nearest motorcycle?,,False,0.8140452349615311,1,incorrect_low
validation::386,['2'],2.,1.0,"['2.', '2.', '2.', '1.', '2.', '2.', '2.', '2.', '3.', '2.']",0.639031859650177,How many colors is the backpack?,,True,0.8140452349615311,0,correct_high
validation::3861,['factor x'],Motor x.,1.0,"['Motor x.', 'Motor x.', 'Motor x.', 'Motor x.', 'Motor x.', 'Motor x.', 'Pioneer.', 'Motor x.', 'Motor x.', 'Motor x.']",0.3250829733914482,what brand ramp?,,False,0.8140452349615311,0,incorrect_high
validation::3867,['right'],Right.,1.0,"['Right.', 'Right.', 'Right.', 'Right.', 'Right.', 'Right.', 'Right.', 'Right.', 'Right.', 'Right.']",-0.0,Is the frisbee left or right of the tree?,,True,0.8140452349615311,0,correct_high
validation::3869,['0'],0.,1.0,"['0.', '0.', '0.', '0.', '0.', '0.', '0.', '0.', '0.', '0.']",-0.0,how many adults are sitting on chairs?,,True,0.8140452349615311,0,correct_high
validation::3871,['left'],Right.,0.0,"['Left.', 'Right.', 'Right.', 'Right.', 'Right.', 'Right.', 'Right.', 'Left.', 'Right.', 'Right.']",0.5004024235381879,which foot is off the ground?,,False,0.8140452349615311,0,incorrect_high
validation::3872,['1'],2.,0.0,"['1.', '1.', '2.', '4.', '0.', '2.', '2.', '1.', '4.', '0.']",1.366158847569202,how many blue team players are there?,,False,0.8140452349615311,1,incorrect_low
validation::3873,['4'],10.,0.0,"['10.', '5.', '8.', '10.', '11.', '7.', '8.', '12.', '9.', '8.']",1.834371970281624,How many traffic lights can be read?,,False,0.8140452349615311,1,incorrect_low
validation::3874,['wall'],Wall.,1.0,"['Wall.', 'Wall.', 'Wall.', 'Wall.', 'Wall.', 'Wall.', 'Wall.', 'Wall.', 'Wall.', 'Wall.']",-0.0,Is the person on the ground or the wall?,,True,0.8140452349615311,0,correct_high
validation::3875,['army'],Army.,1.0,"['Army.', 'Airc.', 'Airmax.', 'Army.', 'Array.', 'Sports.', 'Afiny.', 'Afma.', 'Airmax.', 'Airmax.']",1.834371970281624,what word is on her shirt?,,True,0.8140452349615311,1,correct_low
validation::3878,['3'],4.,0.0,"['4.', '4.', '4.', '4.', '5.', '4.', '4.', '4.', '4.', '5.']",0.5004024235381879,how many chairs at the table?,,False,0.8140452349615311,0,incorrect_high
validation::388,['bucket'],Bucket.,1.0,"['Cup.', 'Bucket.', 'Bucket.', 'Cup.', 'Bucket.', 'Cup.', 'Bucket.', 'Bucket.', 'Bucket.', 'Bucket.']",0.6108643020548935,What is the red item?,,True,0.8140452349615311,0,correct_high
validation::3886,['4'],3.,0.0,"['2.', '3.', '2.', '4.', '4.', '2.', '3.', '2.', '3.', '2.']",1.0296530140645737,"How many people in this photo, including those partially visible?",,False,0.8140452349615311,1,incorrect_low
validation::3887,['white'],White and yellow.,1.0,"['White and yellow.', 'White.', 'White and green.', 'Yellow and white.', 'White.', 'White.', 'Yellow and white.', 'Yellow and white.', 'White and yellow.', 'White and yellow.']",0.8979457248567797,what are the colors of the waste basket garbage bag?,,False,0.8140452349615311,1,incorrect_low
validation::3890,['blue and white'],Blue.,1.0,"['Blue.', 'Blue.', 'Blue.', 'Blue.', 'Blue.', 'Blue.', 'Blue.', 'Blue.', 'Blue.', 'Blue.']",-0.0,what color is the roof?,,False,0.8140452349615311,0,incorrect_high
validation::3891,['23'],B-32.,0.0,"['B-29.', 'B-32.', 'B-38.', 'B-33.', 'B-33.', 'B-32.', 'B-29.', 'B 32.', 'B-32.', 'B-33.']",1.2798542258336674,What number is on the plane?,,False,0.8140452349615311,1,incorrect_low
validation::3892,['4'],3.,0.0,"['8.', '6.', '3.', '3.', '3.', '3.', '3.', '5.', '6.', '3.']",1.0888999753452235,How many lower steps do you see?,,False,0.8140452349615311,1,incorrect_low
validation::3893,['2'],2.,1.0,"['2.', '2.', '2.', '1.', '3.', '3.', '2.', '2.', '2.', '1.']",0.9502705392332348,How many towels are hanging on the shower door?,,True,0.8140452349615311,1,correct_low
validation::3894,['black'],Red.,0.0,"['Pink.', 'Red.', 'Blue.', 'Blue.', 'Brown.', 'Tan.', 'Black.', 'Red.', 'Pink.', 'Black.']",1.7480673485460894,What color is the hair tie of the left woman?,,False,0.8140452349615311,1,incorrect_low
validation::3896,['wings'],Wings.,1.0,"['Wings.', 'Wings.', 'Wings.', 'Wings.', 'Wings.', 'Wings.', 'Wings.', 'Wings.', 'Wings.', 'Wings.']",-0.0,what bird part is directly above the clock?,,True,0.8140452349615311,0,correct_high
validation::3898,['keen lady iv'],Even lafite.,0.0,"['Even keel iv.', 'Karen lynn iv.', 'Even lare ii.', 'Even laird iv.', 'Evening larks iv.', 'Even lafita.', 'Even laird iv.', 'Evening star.', 'Even lapee iv.', 'Even lazar IV.']",2.163955656882057,What is the name of the boat?,,False,0.8140452349615311,1,incorrect_low
validation::3899,['spiderman'],Mickey mouse.,0.0,"['Mickey mouse.', 'Mickey mouse.', 'Mickey mouse.', 'None.', 'None.', 'Mickey mouse.', 'Mickey mouse.', 'None.', 'Mickey mouse.', 'Minion.']",0.8979457248567797,what character is on the table?,,False,0.8140452349615311,1,incorrect_low
validation::390,['4'],2.,0.0,"['0.', '3.', '3.', '2.', '4.', '0.', '2.', '6.', '2.', '3.']",1.5047882836811908,how many blue cars can be seen?,,False,0.8140452349615311,1,incorrect_low
validation::3900,['headboard'],Headboard.,1.0,"['Headboard.', 'Headboard.', 'Bed.', 'Headboard.', 'Headboard.', 'Headboard.', 'Bed.', 'Headboard.', 'Headboard.', 'Headboard.']",0.5004024235381879,What is between the wall and a bunch of pillows?,,True,0.8140452349615311,0,correct_high
validation::3901,['toilet paper'],Toilet paper.,1.0,"['Toilet paper.', 'Tissue.', 'Toilet Paper.', 'Toilet paper.', 'Lid.', 'Tissue.', 'Lid.', 'Toilet paper.', 'Toilet paper.', 'Toilet paper.']",0.5004024235381879,What item is on top of the toilet?,,True,0.8140452349615311,0,correct_high
validation::3902,['2'],1.,0.0,"['1.', '2.', '0.', '1.', '2.', '1.', '2.', '1.', '1.', '1.']",0.8979457248567797,How many bananas are visible?,,False,0.8140452349615311,1,incorrect_low
validation::3905,['black'],Black.,1.0,"['Black.', 'Black.', 'Black.', 'White.', 'Black.', 'Black.', 'Black.', 'Black.', 'Black.', 'Black.']",0.3250829733914482,what color is his undershirt,,True,0.8140452349615311,0,correct_high
validation::3907,['bottom'],Top.,0.0,"['Top.', 'Top.', 'Top.', 'Top.', 'Top.', 'Top.', 'Top.', 'Top.', 'Top.', 'Top.']",-0.0,Is the child's head further from the bottom or top of the image?,,False,0.8140452349615311,0,incorrect_high
validation::3910,['4'],6.,0.0,"['4.', '6.', '4.', '6.', '6.', '4.', '6.', '4.', '6.', '6.']",0.6730116670092565,How many eyes are in the picture?,,False,0.8140452349615311,0,incorrect_high
validation::3912,['4'],0.,0.0,"['0.', '0.', '0.', '0.', '2.', '0.', '0.', '4.', '0.', '0.']",0.639031859650177,how many horns do you see?,,False,0.8140452349615311,0,incorrect_high
validation::3914,['6'],3.,0.0,"['3.', '6.', '1 bunch.', '3.', '3.', '6.', '3.', '1 bunch.', '3.', '6.']",1.0296530140645737,how many carrots is he holding?,,False,0.8140452349615311,1,incorrect_low
validation::3916,['0'],0.,1.0,"['0.', '0.', '0.', '0.', '1.', '2.', '0.', '0.', '0.', '2.']",0.8018185525433373,How many eye are visible?,,True,0.8140452349615311,0,correct_high
validation::3922,['serrated'],Butcher.,0.0,"['Butcher.', 'Butcher.', 'Steak.', 'Butcher.', 'Butcher.', 'Kitchen knife.', 'Butcher.', 'Butcher.', 'Butcher knife.', 'Steak.']",0.8018185525433372,what type of knife is this?,,False,0.8140452349615311,0,incorrect_high
validation::3923,['left'],Right.,0.0,"['Right.', 'Left.', 'Right.', 'Left.', 'Left.', 'Right.', 'Right.', 'Right.', 'Right.', 'Right.']",0.6108643020548935,Is the skier facing toward the left or right side of the image?,,False,0.8140452349615311,0,incorrect_high
validation::3924,['cooler'],Cooler.,1.0,"['Cooler.', 'Cooler.', 'Cooler.', 'Cooler.', 'Cooler.', 'Cooler.', 'Cooler.', 'Cooler.', 'Cooler.', 'Cooler.']",-0.0,"What is the blue object on the floor, behind the cat?",,True,0.8140452349615311,0,correct_high
validation::3925,['40'],40.,1.0,"['40.', '40.', '40.', '40.', '40.', '40.', '40.', '40.', '40.', '40.']",-0.0,How many years are there of saving lives?,,True,0.8140452349615311,0,correct_high
validation::3926,['brown'],Black.,0.0,"['Pink.', 'Red.', 'Black.', 'Green.', 'Black.', 'Black.', 'Red.', 'Black.', 'Black.', 'Black.']",1.0888999753452235,What color is the skateboarders shoes?,,False,0.8140452349615311,1,incorrect_low
validation::3927,['11'],2.,0.0,"['11.', '7.', '6.', '17.', '7.', '117.', '2.', '11.', '2.', '14.']",1.8866967846580784,What is the room number for this hotel room?,,False,0.8140452349615311,1,incorrect_low
validation::393,['1'],0.,0.0,"['2.', '2.', '0.', '0.', '0.', '2.', '0.', '1.', '1.', '0.']",1.0296530140645737,How many watches?,,False,0.8140452349615311,1,incorrect_low
validation::3930,['fish'],Earth.,0.0,"['Earth.', 'butterflies.', 'Squares.', 'Fish.', 'Dragon.', 'Earth.', 'Butterfly.', 'Rainbow.', 'Planet.', 'Map.']",2.025326220770068,What is depicted on the kite?,,False,0.8140452349615311,1,incorrect_low
validation::3932,['sheriff'],Nothing.,0.0,"['Nothing.', 'Nothing.', 'Nothing.', 'Don.', 'Nothing.', 'Nothing.', 'Nothing.', 'Nothing.', ""Screamin' eagle."", 'Nothing.']",0.639031859650177,What does it say on the side of the boat on the left?,,False,0.8140452349615311,0,incorrect_high
validation::3934,['blue and white'],Blue and white.,1.0,"['Blue and white.', 'Blue.', 'White.', 'Blue and white.', 'Blue and white.', 'White.', 'Blue white.', 'Blue and white.', 'White and blue.', 'Blue and white.']",0.8018185525433373,What color shirts are they wearing?,,True,0.8140452349615311,0,correct_high
validation::3937,['0'],0.,1.0,"['2.', '2.', '0.', '0.', '4.', '3.', '1.', '2.', '0.', '2.']",1.4184836619456564,How many total hands of the people can be seen?,,True,0.8140452349615311,1,correct_low
validation::3938,['ec'],Ec.,1.0,"['Ec.', 'Ec.', 'Ec.', 'Ec.', 'Ec.', 'Ec.', 'Ec.', 'Ec.', 'Ec.', 'Ec.']",-0.0,What are the two letters on the liscense plate?,,True,0.8140452349615311,0,correct_high
validation::3939,['8'],7.,0.0,"['7.', '7.', '8.', '7.', '8.', '7.', '7.', '7.', '9.', '6.']",1.0888999753452235,how many zebras?,,False,0.8140452349615311,1,incorrect_low
validation::3941,['black'],Black.,1.0,"['Black.', 'Black.', 'Blue.', 'Black.', 'Black.', 'Black.', 'Black.', 'Black.', 'Black.', 'Blue.']",0.5004024235381879,What color shirt is the man with the phone wearing?,,True,0.8140452349615311,0,correct_high
validation::3942,['180c'],350.,0.0,"['350.', '375.', '190.', '180.', '350.', '160.', '350.', '375.', '350.', '180.']",1.4708084763221112,what is the oven temp?,,False,0.8140452349615311,1,incorrect_low
validation::3943,['california'],California.,1.0,"['California.', 'California.', 'California.', 'California.', 'California.', 'California.', 'California.', 'California.', 'California.', 'California.']",-0.0,What state is the photo taken in.,,True,0.8140452349615311,0,correct_high
validation::3949,['4'],11.,0.0,"['11.', '9.', '15.', '11.', '14.', '14.', '7.', '11.', '11.', '11.']",1.3592367006650063,How many pieces of banana are visible?,,False,0.8140452349615311,1,incorrect_low
validation::3950,['folding them'],Folding them.,1.0,"['Clasping them.', 'Folding them.', 'Folding them.', 'Folding them.', 'Folding them.', 'Folding them.', 'Holding them.', 'Folding them.', 'Folding them.', 'Folding them.']",0.5004024235381879,What is he doing with his hands?,,True,0.8140452349615311,0,correct_high
validation::3951,['5'],3.,0.0,"['3.', '4.', '4.', '3.', '5.', '5.', '2.', '2.', '2.', '3.']",1.366158847569202,How many people are there?,,False,0.8140452349615311,1,incorrect_low
validation::3952,['bottom middle'],Middle.,1.0,"['Middle.', 'Middle.', 'Middle.', 'Middle.', 'Middle.', 'Middle.', 'Middle.', 'Middle.', 'Middle.', 'Middle.']",-0.0,Which is the largest window?,,True,0.8140452349615311,0,correct_high
validation::3954,['2'],3.,0.0,"['3.', '2.', '2.', '2.', '2.', '3.', '2.', '2.', '2.', '3.']",0.6108643020548935,how many different languages are on the signs?,,False,0.8140452349615311,0,incorrect_high
validation::3958,['marlboro'],Matters.,0.0,"['Gentle.', 'Mathematics.', 'Bullfrog.', 'Matters.', 'Saturn.', 'Matthew.', 'Madburger.', 'Bachelor.', 'Father.', 'Matthew.']",2.163955656882057,What is word on boy's shirt?,,False,0.8140452349615311,1,incorrect_low
validation::3959,['2'],3.,0.0,"['2.', '3.', '3.', '3.', '2.', '3.', '3.', '4.', '3.', '2.']",0.8979457248567797,How many kites are in the air?,,False,0.8140452349615311,1,incorrect_low
validation::396,['pin'],Pin.,1.0,"['With a pin.', 'Pin.', 'Pinning.', 'With pin.', 'Pin.', 'Pinning.', 'Pin.', 'With a pin.', 'Pin.', 'Pin.']",-0.0,how is the female attaching the flower?,,True,0.8140452349615311,0,correct_high
validation::3962,['index'],Index and thumb.,1.0,"['Pointer and middle.', 'Index and middle.', 'Thumb, index, middle.', 'Index, middle, and thumb.', 'Pointer and pinky.', 'Index and thumb.', 'Pointer.', 'Index and middle.', 'Thumb and pinky.', 'Index finger and thumb.']",1.8866967846580784,which fingers are touching the pizza?,,False,0.8140452349615311,1,incorrect_low
validation::3964,['4'],4.,1.0,"['4.', '4.', '5.', '4.', '4.', '4.', '4.', '5.', '4.', '5.']",0.6108643020548935,based off the candle on the green cake what age is the person turning?,,True,0.8140452349615311,0,correct_high
validation::3965,['diagonally'],Vertical.,0.0,"['Vertical.', 'Vertical.', 'Vertical.', 'Vertical.', 'Vertical.', 'Vertical.', 'Vertical.', 'Vertical.', 'Vertical.', 'Vertical.']",-0.0,what direction do his stripes go?,,False,0.8140452349615311,0,incorrect_high
validation::3968,['shark'],Turtle.,0.0,"['Lizard.', 'Caterpillar.', 'Lion.', 'Dinosaur.', 'Turtle.', 'Turtle.', 'Turtle.', 'Duck.', 'Turtle.', 'Turtle.']",1.4978661367769954,What animal is on the boy's shirt?,,False,0.8140452349615311,1,incorrect_low
validation::3969,['2'],0.,0.0,"['4.', '0.', '1.', '2.', '3.', '2.', '0.', '2.', '0.', '0.']",1.4184836619456564,How many hand dryers are in the frame?,,False,0.8140452349615311,1,incorrect_low
validation::397,['table'],Table.,1.0,"['Picnic table.', 'Building.', 'Building.', 'Building.', 'Building.', 'Table.', 'Table.', 'Table.', 'Table.', 'Building.']",0.9433483923290392,What is the ramp leaning against?,,True,0.8140452349615311,1,correct_low
validation::3970,['513'],513.,1.0,"['513.', '513.', '513.', '513.', '226.', '213.', '513.', '513.', '513.', '513.']",0.639031859650177,What is the area code of the phone number advertised?,,True,0.8140452349615311,0,correct_high
validation::3976,['ski poles'],Ski poles.,1.0,"['Ski poles.', 'Tie.', 'Ski poles.', 'Same.', 'Ski poles.', 'No.', 'Ski poles.', 'Ski poles.', 'Ski poles.', 'Ski poles.']",0.8018185525433372,Are there more ears or ski poles visible?,,True,0.8140452349615311,0,correct_high
validation::3977,['silver'],White.,0.0,"['Blue.', 'White.', 'Red.', 'Red.', 'Blue.', 'Red.', 'White.', 'Blue.', 'Blue.', 'White.']",1.0888999753452238,What color is the logo on the rightmost screen?,,False,0.8140452349615311,1,incorrect_low
validation::3979,['5'],1.,0.0,"['1.', '1.', '1.', '2.', '0.', '1.', '1.', '2.', '1.', '1.']",0.8018185525433372,How many bay windows on the white building?,,False,0.8140452349615311,0,incorrect_high
validation::3980,['go'],Dog.,0.0,"['Donuts.', 'Fry.', 'Dog.', 'Dog.', 'Donuts.', 'Dog.', 'Dog.', 'Dog.', 'Soda.', 'Dog.']",1.0888999753452235,What is the last word on the woman's hat?,,False,0.8140452349615311,1,incorrect_low
validation::3981,['3'],3.,1.0,"['3.', '3.', '3.', '3.', '3.', '3.', '3.', '3.', '3.', '3.']",-0.0,how many people?,,True,0.8140452349615311,0,correct_high
validation::3982,['3'],3.,1.0,"['3.', '3.', '2.', '2.', '4.', '2.', '3.', '3.', '3.', '4.']",1.0296530140645737,How many boxes of doughnuts are there on the table?,,True,0.8140452349615311,1,correct_low
validation::3984,['2'],1.,0.0,"['2.', '4.', '4.', '2.', '2.', '6.', '3.', '1.', '1.', '2.']",1.4708084763221112,How many people can we see sitting down?,,False,0.8140452349615311,1,incorrect_low
validation::3985,['donut'],Donut.,1.0,"['Donut.', 'Donut.', 'Donut.', 'Donut.', 'Donut.', 'Donut.', 'Donut.', 'Donut.', 'Donut.', 'Donut.']",-0.0,What is being used as a bun,,True,0.8140452349615311,0,correct_high
validation::3986,['ossicones'],Ossicones.,1.0,"['Horns.', 'Ossicones.', 'Horns.', 'Ossicones.', 'Ossicones.', 'Ossicones.', 'Ossicones.', 'Ossicones.', 'Ossicones.', 'Ossicones.']",0.5004024235381879,What are the horn-type projections on the giraffe called?,,True,0.8140452349615311,0,correct_high
validation::3987,['red'],Green.,0.0,"['Green.', 'Green.', 'Green.', 'Red.', 'Green.', 'Green.', 'Red.', 'Red.', 'Green.', 'Red.']",0.6730116670092565,What color is the bottom topping?,,False,0.8140452349615311,0,incorrect_high
validation::399,['2'],2.,1.0,"['0.', '2.', '2.', '1.', '4.', '2.', '2.', '2.', '3.', '2.']",1.2275294114572126,How many people on the field aren't wearing a blue hat?,,True,0.8140452349615311,1,correct_low
validation::3990,['suziesfarm.com'],Suzi's farm.,0.0,"['Suziesta farms.com.', 'Suiefarmerscom.', ""Suzi'sfarm.com."", ""Suzi's farm."", ""Suzy's farm."", ""Suzy'sfarm.com."", ""Suzy's farm."", ""Suzi'sfarm.com."", ""Suzi's farm."", ""Suzi's farm.""]",1.1682824501765623,What is the name of the website?,,True,0.8140452349615311,1,correct_low
validation::3991,['chs'],Chs.,1.0,"['Chs.', 'Ghs.', 'Chs.', 'Chs.', 'Chs.', 'Chs.', 'Chs.', 'Chs.', 'Chs.', 'Ghs.']",0.5004024235381879,Which three letters are in red on the lead skiers jacket?,,True,0.8140452349615311,0,correct_high
validation::3992,['d'],D.,1.0,"['D.', 'D.', 'P.', 'D.', 'D.', 'D.', 'D.', 'D.', 'D.', 'F.']",0.639031859650177,What is the first letter on the mud flap?,,True,0.8140452349615311,0,correct_high
validation::3994,['crayons'],Crayons.,1.0,"['Markers.', 'Crayons.', 'Crayons.', 'Crayons.', 'Crayons.', 'Crayons.', 'Crayons.', 'Crayons.', 'Crayons.', 'Crayons.']",0.3250829733914482,What is in the bucket on the table?,,True,0.8140452349615311,0,correct_high
validation::3995,['1'],2.,0.0,"['1.', '1.', '2.', '2.', '1.', '1.', '2.', '1.', '1.', '2.']",0.6730116670092565,How many ears are visible?,,False,0.8140452349615311,0,incorrect_high
validation::3996,['left'],Right.,0.0,"['Right.', 'Right.', 'Right.', 'Right.', 'Left.', 'Right.', 'Right.', 'Right.', 'Right.', 'Right.']",0.3250829733914482,"If you're sitting on the toilet, on what side is the toilet brush?",,False,0.8140452349615311,0,incorrect_high
validation::3997,['3'],4.,0.0,"['11.', '14.', '6.', '4.', '13.', '4.', '11.', '5.', '10.', '3.']",2.025326220770068,How many windows can you see?,,False,0.8140452349615311,1,incorrect_low
validation::3998,['truck'],Bus.,0.0,"['Truck.', 'Bus.', 'Bus.', 'Bus.', 'Bus.', 'Bus.', 'Bus.', 'Truck.', 'Bus.', 'Bus.']",0.5004024235381879,what is pictured in yellow and black?,,False,0.8140452349615311,0,incorrect_high
validation::3999,['4'],3.,0.0,"['4.', '4.', '3.', '3.', '3.', '3.', '3.', '3.', '5.', '4.']",0.8979457248567797,How many colors are the vase,,False,0.8140452349615311,1,incorrect_low
validation::4001,['2'],3.,0.0,"['3.', '3.', '3.', '2.', '3.', '3.', '3.', '3.', '1.', '3.']",0.639031859650177,How many children are in the photo?,,False,0.8140452349615311,0,incorrect_high
validation::4002,['left'],Right.,0.0,"['Left.', 'Right.', 'Right.', 'Right.', 'Left.', 'Right.', 'Right.', 'Right.', 'Left.', 'Right.']",0.6108643020548935,Which of the woman's hands is holding the fork?,,False,0.8140452349615311,0,incorrect_high
validation::4003,['15'],12.,0.0,"['15.', '8.', '13.', '8.', '14.', '8.', '14.', '11.', '11.', '9.']",1.6957425341696346,how many wooden rods can be seen in the headboard?,,False,0.8140452349615311,1,incorrect_low
validation::4006,['cross'],Star.,0.0,"['Wimbledon.', 'Star.', 'W.', 'S.', 'Heart.', 'Wimbledon.', 'Star.', 'Cross.', 'Star.', 'Star.']",1.6094379124341,what symbol is on the wall behind the spectators?,,False,0.8140452349615311,1,incorrect_low
validation::401,['left'],Left.,1.0,"['Left.', 'Left.', 'Left.', 'Left.', 'Left.', 'Left.', 'Left.', 'Left.', 'Left.', 'Left.']",-0.0,Is the toilet to the right or left of the tub?,,True,0.8140452349615311,0,correct_high
validation::402,['oster'],Oster.,1.0,"['Oster.', 'Oster.', 'Oster.', 'Oster.', 'Oster.', 'Oster.', 'Oster.', 'Oster.', 'Oster.', 'Oster.']",-0.0,what brand is the toaster?,,True,0.8140452349615311,0,correct_high
validation::4020,['right'],Right.,1.0,"['Right.', 'Right.', 'Right.', 'Right.', 'Right.', 'Right.', 'Right.', 'Right.', 'Right.', 'Right.']",-0.0,On which side is the door located?,,True,0.8140452349615311,0,correct_high
validation::4023,['purse'],Bag.,0.0,"['Bag.', 'Bag.', 'Bag.', 'Bag.', 'Purse.', 'Nothing.', 'Bag.', 'Bag.', 'Purse.', 'Purse.']",0.8979457248567797,What is the woman standing closest to the front holding?,,True,0.8140452349615311,1,correct_low
validation::4024,['go'],Go.,1.0,"['Go.', 'Go.', 'Go.', 'Go.', 'Go.', 'Go.', 'Go.', 'GO.', 'GO.', 'Go.']",-0.0,what is written on the red sign in front?,,True,0.8140452349615311,0,correct_high
validation::4027,['0'],0.,1.0,"['0.', '0.', '0.', '0.', '0.', '0.', '0.', '0.', '0.', '0.']",-0.0,how many motorcycles are rolling?,,True,0.8140452349615311,0,correct_high
validation::403,['green'],Green.,1.0,"['White.', 'Green.', 'Gray.', 'White.', 'Green.', 'White.', 'Blue.', 'Green.', 'Brown.', 'Blue.']",1.5047882836811908,What color are the picnic tables?,,True,0.8140452349615311,1,correct_low
validation::4030,['2'],1.,0.0,"['1.', '2.', '3.', '2.', '2.', '1.', '1.', '2.', '2.', '1.']",0.9433483923290392,How many cars are in the picture?,,False,0.8140452349615311,1,incorrect_low
validation::4035,['skateboard'],Fan.,0.0,"['Speaker.', 'Fan.', 'Fan.', 'Speaker.', 'Fan.', 'Fan.', 'Fan.', 'Fan.', 'Fan.', 'Fan.']",0.5004024235381879,What is the large object in the picture?,,False,0.8140452349615311,0,incorrect_high
validation::404,['2'],3.,0.0,"['2.', '2.', '3.', '3.', '2.', '2.', '3.', '3.', '3.', '3.']",0.6730116670092565,How many of the pumkins are carved rather than drawn on?,,False,0.8140452349615311,0,incorrect_high
validation::4047,['5'],4.,0.0,"['3.', '4.', '5.', '5.', '4.', '5.', '5.', '5.', '3.', '4.']",1.0296530140645737,how many animals are there in the picture?,,False,0.8140452349615311,1,incorrect_low
validation::4048,['3'],4.,0.0,"['4.', '4.', '3.', '4.', '5.', '6.', '5.', '6.', '3.', '5.']",1.366158847569202,How many people are in this image?,,False,0.8140452349615311,1,incorrect_low
validation::4051,['4'],3.,0.0,"['3.', '3.', '3.', '3.', '3.', '3.', '3.', '3.', '3.', '3.']",-0.0,How many pedestals holding up the top tier?,,False,0.8140452349615311,0,incorrect_high
validation::4054,['white'],Red.,0.0,"['Red.', 'Green.', 'Red.', 'Red.', 'Red.', 'Red.', 'Red.', 'Red.', 'Red.', 'Red.']",0.3250829733914482,What color is the Christmas tree next to the couch?,,False,0.8140452349615311,0,incorrect_high
validation::4056,['4'],3.,0.0,"['3.', '0.', '2.', '4.', '2.', '2.', '2.', '3.', '3.', '2.']",1.1682824501765623,How many people holding a camera in the front row?,,False,0.8140452349615311,1,incorrect_low
validation::4058,['left'],Left.,1.0,"['Right.', 'Right.', 'Right.', 'Left.', 'Left.', 'Left.', 'Left.', 'Left.', 'Left.', 'Left.']",0.6108643020548935,On which side of the room is  desk?,,True,0.8140452349615311,0,correct_high
validation::406,['6'],8.,0.0,"['6.', '8.', '8.', '4.', '8.', '4.', '4.', '8.', '8.', '8.']",0.8979457248567798,How many giraffe legs are visible?,,False,0.8140452349615311,1,incorrect_low
validation::4065,['black'],Black.,1.0,"['Black.', 'Black.', 'Black.', 'Blue.', 'Blue.', 'Black.', 'Black.', 'Green.', 'Black.', 'White.']",1.0888999753452235,What color is on the cat's left eye?,,True,0.8140452349615311,1,correct_low
validation::4068,['2'],1.,0.0,"['2.', '1.', '1.', '1.', '1.', '2.', '2.', '1.', '1.', '1.']",0.6108643020548935,How many horses is the person standing on?,,False,0.8140452349615311,0,incorrect_high
validation::4069,['3'],3.,1.0,"['3.', '4.', '3.', '3.', '3.', '4.', '8.', '3.', '2.', '3.']",1.0888999753452235,How many traffic lights?,,True,0.8140452349615311,1,correct_low
validation::4071,['unanswerable'],Grass.,0.0,"['Grass.', 'None.', 'none.', 'Grass.', 'Broccoli.', 'Grass.', 'Grass.', 'Grass.', 'None.', 'Green.']",1.1682824501765623,What type of leaves are dead on the ground?,,False,0.8140452349615311,1,incorrect_low
validation::4072,['4'],4.,1.0,"['4.', '4.', '4.', '4.', '4.', '4.', '4.', '4.', '4.', '4.']",-0.0,What large number is on the fence?,,True,0.8140452349615311,0,correct_high
validation::4073,['left'],Left.,1.0,"['Right.', 'Left.', 'Left.', 'Left.', 'Left.', 'Left.', 'Right.', 'Right.', 'Right.', 'Right.']",0.6931471805599453,Which hand is extended?,,True,0.8140452349615311,0,correct_high
validation::4076,['cows'],Cows.,1.0,"['Cows.', 'Cows.', 'Cows.', 'Cows.', 'Cows.', 'Cows.', 'Cows.', 'Cows.', 'Cows.', 'Cows.']",-0.0,Are the cows or mountains closer?,,True,0.8140452349615311,0,correct_high
validation::4079,['car'],Sports.,0.0,"['TV.', 'Tv.', 'Soccer.', 'Tv.', 'Football.', 'Car.', 'Commercial.', 'Person.', 'Football.', 'Sports.']",1.834371970281624,What is pictured on the screen in the background?,,False,0.8140452349615311,1,incorrect_low
validation::408,['art'],Art.,1.0,"['Art.', 'Art.', 'Art.', 'Art.', 'Art.', 'Art.', 'Art.', 'Art.', 'Art.', 'Art.']",-0.0,What is the first word by the upper left-hand corner of the picture?,,True,0.8140452349615311,0,correct_high
validation::4083,['2'],4.,0.0,"['4.', '4.', '2.', '0.', '4.', '2.', '0.', '4.', '4.', '4.']",0.9502705392332348,How many round burners are on the rear of the plane?,,False,0.8140452349615311,1,incorrect_low
validation::4088,['crouched'],Crouched.,1.0,"['Crouched.', 'Crouched.', 'Crouched.', 'Crouched.', 'Crouched.', 'Crouched.', 'Crouched.', 'Crouched.', 'Crouched.', 'Crouched.']",-0.0,Is the person crouched or upright?,,True,0.8140452349615311,0,correct_high
validation::409,['left'],Right.,0.0,"['Left.', 'Right.', 'Left.', 'Right.', 'Left.', 'Left.', 'Left.', 'Right.', 'Right.', 'Right.']",0.6931471805599453,Which hand is the man using to hold the phone?,,False,0.8140452349615311,0,incorrect_high
validation::4092,['2008'],0810.,0.0,"['8135.', '4821.', '0030.', '2155.', '9815.', '4226.', '0125.', '0810.', '0654.', '0851.']",2.302585092994045,What is the 4 digit number on the hydrant?,,False,0.8140452349615311,1,incorrect_low
validation::4094,['15'],14.,0.0,"['15.', '13.', '15.', '14.', '14.', '13.', '13.', '21.', '14.', '14.']",1.2798542258336676,How many animals are pictured?,,False,0.8140452349615311,1,incorrect_low
validation::4098,['3'],2.,0.0,"['1.', '3.', '2.', '2.', '1.', '2.', '5.', '2.', '2.', '6.']",1.3592367006650063,How many pictures are on the shelf?,,False,0.8140452349615311,1,incorrect_low
validation::4107,['onion'],None.,0.0,"['Potato.', 'Carrots.', 'Potatoes.', 'Potatoes.', 'None.', 'Potato.', 'Potato.', 'Potatoes.', 'None.', 'None.']",0.8979457248567798,What vegetable is in the bowl?,,False,0.8140452349615311,1,incorrect_low
validation::4109,['giraffe'],No.,0.0,"['No.', 'No.', 'No.', 'No.', 'Yes.', 'Yes.', 'No.', 'Yes.', 'Yes.', 'No.']",0.6730116670092565,Is the giraffe or zebra facing left?,,False,0.8140452349615311,0,incorrect_high
validation::4112,['6'],4.,0.0,"['5.', '5.', '4.', '4.', '4.', '4.', '4.', '4.', '6.', '4.']",0.8018185525433372,How many legs plus eyes plus lips are visible?,,False,0.8140452349615311,0,incorrect_high
validation::4118,['3'],3.,1.0,"['2.', '3.', '7.', '3.', '3.', '3.', '4.', '3.', '4.', '3.']",1.0888999753452238,How many zebras are there?,,True,0.8140452349615311,1,correct_low
validation::4121,['3'],3.,1.0,"['2.', '2.', '3.', '5.', '6.', '3.', '5.', '2.', '5.', '3.']",1.313834033192747,How many white cows can be identified in the photo?,,True,0.8140452349615311,1,correct_low
validation::4122,['3.99'],2.99.,0.0,"['2.99.', '3.99.', '2.99.', '3.99.', '3.99.', '2.99.', '2.99.', '2.99.', '2.99.', '2.99.']",0.6108643020548935,What is the price of sunrise papaya?,,False,0.8140452349615311,0,incorrect_high
validation::4123,['700'],790.,0.0,"['700.', '750.', '790.', '790.', '790.', '2.', '268.', '798.', '790.', '790.']",1.4978661367769952,What is the number on the back of the truck?,,False,0.8140452349615311,1,incorrect_low
validation::4127,['blue and green'],Blue and green.,1.0,"['Blue and green.', 'Green and blue.', 'Green and blue.', 'Blue and green.', 'Green and blue.', 'Blue and green.', 'Blue and green.', 'Blue and green.', 'Blue and green.', 'Blue and green.']",0.6108643020548935,What are the two main colors of the wood the woman's foot is on?,,True,0.8140452349615311,0,correct_high
validation::4129,['white'],White.,1.0,"['Green.', 'Black.', 'Blue.', 'Blue.', 'Green.', 'White.', 'Blue.', 'Gray.', 'White.', 'Green.']",1.5047882836811908,What color is the light on the desktop computer?,,True,0.8140452349615311,1,correct_low
validation::413,['stop'],Stop.,1.0,"['Stop.', 'Stop.', 'Stop.', 'Stop.', 'Stop.', 'Stop.', 'Stop.', 'Stop.', 'Stop.', 'Stop.']",-0.0,"What word comes after ""Bus"" on the sign?",,True,0.8140452349615311,0,correct_high
validation::4130,['6'],3.,0.0,"['2.', '4.', '3.', '3.', '1.', '3.', '2.', '3.', '4.', '3.']",1.2206072645530173,How many drawers are there?,,False,0.8140452349615311,1,incorrect_low
validation::4131,['3'],2.,0.0,"['2.', '2.', '3.', '2.', '2.', '2.', '2.', '3.', '3.', '2.']",0.6108643020548935,how many dogs are in the picture on the wall?,,False,0.8140452349615311,0,incorrect_high
validation::4134,['2'],2.,1.0,"['3.', '2.', '2.', '3.', '2.', '2.', '2.', '2.', '3.', '3.']",0.6730116670092565,How many people are holding glasses in this picture?,,True,0.8140452349615311,0,correct_high
validation::4136,['8'],8.,1.0,"['8.', '8.', '8.', '8.', '8.', '8.', '8.', '8.', '8.', '8.']",-0.0,What number is on the batter's chest?,,True,0.8140452349615311,0,correct_high
validation::4137,['strawberry'],Spoon.,0.0,"['Spoon.', 'Spoon.', 'Spatula.', 'Spoon.', 'Spoon.', 'Spoon.', 'Spoon.', 'Blender.', 'Spoon.', 'Spoon.']",0.639031859650177,What is the object laying on top of the avocado?,,False,0.8140452349615311,0,incorrect_high
validation::4138,['0'],0.,1.0,"['0.', '0.', '0.', '0.', '0.', '0.', '0.', '0.', '0.', '0.']",-0.0,How many cheeseburgers are fully visible?,,True,0.8140452349615311,0,correct_high
validation::4140,['1'],1.,1.0,"['3.', '1.', '3.', '1.', '1.', '2.', '1.', '3.', '1.', '2.']",1.0296530140645737,How many lights on?,,True,0.8140452349615311,1,correct_low
validation::4146,['0'],0.,1.0,"['1.', '0.', '0.', '0.', '0.', '1.', '0.', '0.', '1.', '0.']",0.6108643020548935,how many people looking up?,,True,0.8140452349615311,0,correct_high
validation::4148,['5'],2.,0.0,"['2.', '2.', '2.', '2.', '2.', '0.', '10.', '4.', '2.', '2.']",0.9404479886553264,How many people are under the 2 flags?,,False,0.8140452349615311,1,incorrect_low
validation::4151,['2'],1.,0.0,"['2.', '2.', '1.', '1.', '1.', '2.', '1.', '1.', '2.', '1.']",0.6730116670092565,How many slices of pizza are there?,,False,0.8140452349615311,0,incorrect_high
validation::4158,['1'],1.,1.0,"['1.', '1.', '1.', '1.', '1.', '2.', '1.', '1.', '2.', '2.']",0.6108643020548935,how many brown sheep?,,True,0.8140452349615311,0,correct_high
validation::416,['5'],4.,0.0,"['3.', '3.', '8.', '5.', '3.', '13.', '8.', '4.', '3.', '8.']",1.4184836619456564,How many red stripes are on the banner at the top of the photo?,,False,0.8140452349615311,1,incorrect_low
validation::4162,['thursday'],Wednesday.,0.0,"['Tuesday.', 'Wednesday.', 'Thursday.', 'Wednesday.', 'Wednesday.', 'Monday.', 'Thursday.', 'Tuesday.', 'Wednesday.', 'Tuesday.']",1.2798542258336674,"According to the sign, what day is street cleaning?",,False,0.8140452349615311,1,incorrect_low
validation::4167,['1'],1.,1.0,"['1.', '1.', '2.', '1.', '2.', '2.', '1.', '1.', '0.', '0.']",1.0296530140645737,how many motorcycles?,,True,0.8140452349615311,1,correct_low
validation::4168,['goods'],No.,0.0,"['No.', 'Can.', 'Unsure.', 'No.', 'Unsure.', 'No.', 'Not possible.', 'Penn.', 'Unanswerable.', 'No.']",1.1682824501765623,last word in red?,,False,0.8140452349615311,1,incorrect_low
validation::417,['red white yellow'],"Blue, red, green.",0.0,"['Blue, white, red.', 'Blue, white, red.', 'Blue green red.', 'Blue, red, green.', 'Red white green.', 'Red, white, and blue.', 'Red, white, blue.', 'Blue red green.', 'Blue, white, red.', 'Blue white red.']",1.313834033192747,what three colors is the archway in the background?,,False,0.8140452349615311,1,incorrect_low
validation::4171,['76'],76.,1.0,"['76.', '76.', '16.', '76.', '76.', '76.', '76.', '76.', '76.', '76.']",0.3250829733914482,what number is on the grey shirt?,,True,0.8140452349615311,0,correct_high
validation::4176,['3'],2.,0.0,"['2.', '2.', '2.', '2.', '2.', '2.', '1.', '2.', '2.', '2.']",0.3250829733914482,How many school bus are there?,,False,0.8140452349615311,0,incorrect_high
validation::418,['cup'],In glass.,0.0,"['In glass.', 'In wine glass.', 'In glass.', 'In glass.', 'In glass.', 'Glass.', 'In water.', 'In cup.', 'Wine glass.', 'In glass.']",0.8018185525433372,Where is the lemon slice?,,True,0.8140452349615311,0,correct_high
validation::4181,['left'],Right.,0.0,"['Left.', 'Left.', 'Left.', 'Right.', 'Left.', 'Right.', 'Left.', 'Right.', 'Left.', 'Left.']",0.6108643020548935,Which hand is holding the object?,,False,0.8140452349615311,0,incorrect_high
validation::4182,['bananas'],Bananas.,1.0,"['Bananas.', 'Bananas.', 'Bananas.', 'Bananas.', 'Bananas.', 'Bananas.', 'Bananas.', 'Bananas.', 'Bananas.', 'Bananas.']",-0.0,What is inside the wooden crates?,,True,0.8140452349615311,0,correct_high
validation::4184,['denim'],Denim.,1.0,"['Denim.', 'Denim.', 'Denim.', 'Denim.', 'Denim.', 'Denim.', 'Denim.', 'Denim.', 'Denim.', 'Denim.']",-0.0,What type of jacket is the woman wearing?,,True,0.8140452349615311,0,correct_high
validation::4192,['white yellow red'],"White, yellow, red.",1.0,"['Red, yellow, white.', 'White, yellow, red.', 'White yellow and red.', 'White, yellow and red.', 'Yellow, red, white.', 'White, yellow, red.', 'Yellow, red, white.', 'Red, yellow, white.', 'Red, yellow, white.', 'White yellow red.']",0.6108643020548935,What colors are the three condiment bottles?,,True,0.8140452349615311,0,correct_high
validation::4196,['pink'],Black.,0.0,"['Brown.', 'Blue.', 'Gray.', 'Red.', 'Black.', 'Red.', 'Brown.', 'Red.', 'Red.', 'Gray.']",1.4708084763221114,What colour tie is on the shortest man?,,False,0.8140452349615311,1,incorrect_low
validation::42,['red and yellow'],Red.,1.0,"['Pink.', 'Red.', 'Yellow.', 'Yellow.', 'Pink.', 'Red and yellow.', 'Yellow and red.', 'Orange.', 'Red.', 'Yellow.']",1.5571130980576455,What colors are the flowers on the bush?,,False,0.8140452349615311,1,incorrect_low
validation::4202,['white'],White.,1.0,"['White.', 'White.', 'White.', 'White.', 'White.', 'White.', 'White.', 'White.', 'White.', 'White.']",-0.0,What color logo is on the back of the surfer's wet suit?,,True,0.8140452349615311,0,correct_high
validation::4203,['msa'],Msa.,1.0,"['Msa.', 'Msb.', 'Msa.', 'Msa.', 'Msa.', 'Msa.', 'Msb.', 'Msa.', 'Msa.', 'Msa.']",0.5004024235381879,Which 3 letters are visible at the far left behind the steering wheel?,,True,0.8140452349615311,0,correct_high
validation::4205,['eiffel tower'],Eiffel tower.,1.0,"['Eiffel tower.', 'Eiffel tower.', 'Eiffel tower.', 'Arch.', 'Eiffel tower.', 'Eiffel tower.', 'Eiffel tower.', 'Eiffel tower.', 'Eiffel tower.', 'Eiffel tower.']",0.3250829733914482,what building in background?,,True,0.8140452349615311,0,correct_high
validation::4207,['basket'],Basket.,1.0,"['In a basket.', 'Basket.', 'In a basket.', 'In basket.', 'Basket.', 'Basket.', 'Basket.', 'Basket.', 'Directly on the ground.', 'No.']",0.3250829733914482,Are the bananas on the left directly on the ground or in a basket?,,True,0.8140452349615311,0,correct_high
validation::4211,['3'],12.,0.0,"['13.', '9.', '15.', '16.', '15.', '6.', '9.', '16.', '16.', '7.']",1.6957425341696346,How many white stripes are visible?,,False,0.8140452349615311,1,incorrect_low
validation::4218,['crown'],Crown.,1.0,"['Crown.', 'Crown.', 'Crown.', 'Statue.', 'Crown.', 'Crown.', 'Crown.', 'Crown.', 'Crown.', 'Crown.']",0.3250829733914482,what object is at the top of the circular clock?,,True,0.8140452349615311,0,correct_high
validation::4219,['left'],Left.,1.0,"['Left.', 'Left.', 'Left.', 'Left.', 'Left.', 'Left.', 'Left.', 'Left.', 'Left.', 'Left.']",-0.0,Which side of the photo is the bench on?,,True,0.8140452349615311,0,correct_high
validation::4220,['crystals'],Antlers.,0.0,"['Antlers.', 'Tattoo.', 'Bandana.', 'Antlers.', 'Bandana.', 'Stickers.', 'Strap.', 'Cross.', 'Antlers.', 'Antlers.']",1.6094379124341005,What does the woman in picture on wall have on her eyes?,,False,0.8140452349615311,1,incorrect_low
validation::4224,['5'],3.,0.0,"['3.', '3.', '6.', '5.', '3.', '2.', '3.', '2.', '3.', '6.']",1.2206072645530175,how many people are sitting in chairs?,,False,0.8140452349615311,1,incorrect_low
validation::4227,['brown'],Green.,0.0,"['Blue.', 'Green.', 'Green.', 'Green.', 'Green.', 'Green.', 'Green.', 'Green.', 'Green.', 'Green.']",0.3250829733914482,what color are the cat's eyes?,,False,0.8140452349615311,0,incorrect_high
validation::4228,['5'],5.,1.0,"['6.', '5.', '5.', '6.', '5.', '5.', '6.', '5.', '5.', '7.']",0.8979457248567797,How many people are in this image?,,True,0.8140452349615311,1,correct_low
validation::4229,['black'],White.,0.0,"['Pink.', 'Black.', 'White.', 'Black.', 'White.', 'Pink.', 'Pink.', 'Pink.', 'White.', 'White.']",1.0549201679861442,What color strap is around the pink helmet?,,False,0.8140452349615311,1,incorrect_low
validation::423,['grey'],Gray.,0.0,"['Gray.', 'Gray.', 'Gray.', 'Blue.', 'Gray.', 'Black.', 'Blue.', 'Gray.', 'Red.', 'Gray.']",1.0888999753452235,What color is the person's undershirt?,,True,0.8140452349615311,1,correct_low
validation::4231,['brush'],Brush.,1.0,"['Toothbrush.', 'Nothing.', 'Toy.', 'Toy.', 'Hairbrush.', 'Brush.', 'Toy.', 'Toothbrush.', 'Brush.', 'Water toy.']",1.4184836619456564,what is the girl on the left holding?,,True,0.8140452349615311,1,correct_low
validation::4233,['root beer'],Beer.,1.0,"['Beer.', 'Water.', 'Pepsi.', 'Beer.', 'Beer.', 'Beer.', 'Beer.', 'Soda.', 'Soda.', 'Beer.']",1.0888999753452238,What kind of drink is in the can?,,False,0.8140452349615311,1,incorrect_low
validation::4236,['1'],1.,1.0,"['1.', '1.', '1.', '1.', '1.', '1.', '1.', '1.', '1.', '1.']",-0.0,How many knobs are on the sink?,,True,0.8140452349615311,0,correct_high
validation::4238,['spoon'],Knife.,0.0,"['Fork.', 'Fork.', 'Knife.', 'Fork.', 'None.', 'Knife.', 'None.', 'Spoon.', 'Knife.', 'Knife.']",1.2798542258336674,what utensil is on the left of the plate?,,False,0.8140452349615311,1,incorrect_low
validation::4243,['f'],M.,0.0,"['L.', 'K.', 'Z.', 'B.', 'W.', 'S.', 'L.', 'S.', 'J.', 'H.']",2.025326220770068,what is the first letter at left?,,False,0.8140452349615311,1,incorrect_low
validation::4244,['3'],2.,0.0,"['10.', '2.', '2.', '10.', '12.', '2.', '2.', '1.', '2.', '11.']",1.3592367006650063,Which number is the hour hand pointed at?,,False,0.8140452349615311,1,incorrect_low
validation::4246,['10'],10.,1.0,"['10.', '10.', '10.', '10.', '40.', '10.', '10.', '10.', '10.', '10.']",0.3250829733914482,What's the batter's number?,,True,0.8140452349615311,0,correct_high
validation::4247,['left'],Left.,1.0,"['Left.', 'Left.', 'Left.', 'Left.', 'Left.', 'Left.', 'Right.', 'Right.', 'Left.', 'Left.']",0.5004024235381879,Is the shelf directly next to the monitor to its left or right?,,True,0.8140452349615311,0,correct_high
validation::425,['5'],4.,0.0,"['5.', '3.', '7.', '4.', '4.', '5.', '5.', '5.', '6.', '10.']",1.6094379124341005,how many pipes run on the wall?,,False,0.8140452349615311,1,incorrect_low
validation::4250,['navy'],Navy.,1.0,"['Navy.', 'Navy.', 'Navy.', 'Navy.', 'Navy.', 'Navy.', 'Navy.', 'Navy.', 'Navy.', 'Navy.']",-0.0,What USA service branch is the woman in blue from?,,True,0.8140452349615311,0,correct_high
validation::4252,['below'],Below.,1.0,"['Above.', 'Above.', 'Below.', 'Below.', 'Below.', 'Below.', 'Below.', 'Below.', 'Above.', 'Below.']",0.6108643020548935,From this perspective would the camera be below or above the plane?,,True,0.8140452349615311,0,correct_high
validation::4256,['right'],Left.,0.0,"['Left.', 'Left.', 'Left.', 'Left.', 'Left.', 'Left.', 'Left.', 'Left.', 'Left.', 'Left.']",-0.0,Which direction is the golf course?,,False,0.8140452349615311,0,incorrect_high
validation::4257,['2'],2.,1.0,"['4.', '1.', '1.', '3.', '3.', '2.', '2.', '1.', '3.', '1.']",1.2798542258336676,How many bare feet can be seen on the people who are riding the elephant?,,True,0.8140452349615311,1,correct_low
validation::4258,['3'],2.,0.0,"['2.', '2.', '2.', '2.', '2.', '2.', '2.', '2.', '4.', '2.']",0.3250829733914482,How many handles are on the fridge?,,False,0.8140452349615311,0,incorrect_high
validation::426,['plate'],Plate.,1.0,"['Plate.', 'Plate.', 'Plate.', 'Plate.', 'Plate.', 'Plate.', 'Plate.', 'Plate.', 'Plate.', 'Plate.']",-0.0,What is the pizza resting on?,,True,0.8140452349615311,0,correct_high
validation::4260,['0'],0.,1.0,"['0.', '0.', '0.', '0.', '2.', '0.', '0.', '0.', '0.', '0.']",0.3250829733914482,How many wings does this bus have?,,True,0.8140452349615311,0,correct_high
validation::4264,['0'],2.,0.0,"['0.', '2.', '1.', '2.', '2.', '1.', '3.', '1.', '2.', '2.']",1.1682824501765623,How many visible eyes in the photo?,,False,0.8140452349615311,1,incorrect_low
validation::427,['2'],0.,0.0,"['0.', '0.', '0.', '0.', '0.', '0.', '0.', '0.', '1.', '1.']",0.5004024235381879,how many cats is looking at the camera?,,False,0.8140452349615311,0,incorrect_high
validation::4282,['blue'],Black.,0.0,"['Brown.', 'Blue.', 'Gray.', 'Black.', 'Blue.', 'Blue.', 'Black.', 'White.', 'Black.', 'Blue.']",1.4184836619456564,What color is his clipboard?,,False,0.8140452349615311,1,incorrect_low
validation::4284,['nk12 flp'],Wj2 blp.,0.0,"['Yj22flp.', 'N42 elf.', 'Wj52blp.', 'N32 blp.', 'Wj12flp.', 'Unknown.', 'Aj27 blf.', 'Snzvlp.', 'N92 rlp.', 'Unanswerable.']",2.163955656882057,What is the license number on the bus?,,False,0.8140452349615311,1,incorrect_low
validation::4286,['none'],0.,0.0,"['Index.', 'index.', 'Index.', '0.', 'None.', '0.', '0.', '0.', '0.', 'None.']",0.6108643020548935,Which finger is touching the pizza?,,True,0.8140452349615311,0,correct_high
validation::4288,['birthday'],Birthday.,1.0,"['Birthday.', 'Birthday.', 'Birthday.', 'Birth.', 'Birthday.', 'Birthday.', 'Birthday.', 'Birthday.', 'Birthday.', 'Birthday.']",-0.0,What is the second word on the hat?,,True,0.8140452349615311,0,correct_high
validation::429,['head'],Head.,1.0,"['Head.', 'Head.', 'Hat.', 'Headband.', 'Headband.', 'Hat.', 'Hat.', 'Hat.', 'Head.', 'Headband.']",0.6108643020548935,what is the umbrella attached to,,True,0.8140452349615311,0,correct_high
validation::4290,['unanswerable'],Nike.,0.0,"['Nike.', 'Nike.', 'Nike.', 'Unsure.', 'Nike.', 'Nike.', 'Nike.', 'Nike.', 'Pepsi.', 'Not possible.']",0.9404479886553264,What brand is is red top?,,False,0.8140452349615311,1,incorrect_low
validation::4293,['shorter'],Shorter.,1.0,"['Shorter.', 'Shorter.', 'Shorter.', 'Taller.', 'Shorter.', 'Shorter.', 'Shorter.', 'Shorter.', 'Shorter.', 'Shorter.']",0.3250829733914482,Is the baby elephant shorter or taller than the elephant on the far left of the image?,,True,0.8140452349615311,0,correct_high
validation::4294,['right'],Middle.,0.0,"['Left.', 'Middle.', 'Left.', 'Middle.', 'Right.', 'Middle.', 'Right.', 'Middle.', 'Right.', 'Middle.']",1.0296530140645737,Which zebra is the fattest?,,False,0.8140452349615311,1,incorrect_low
validation::4296,['no entry'],No entry.,1.0,"['No entry.', 'No entry.', 'No entry.', 'No entry.', 'No entry.', 'No entry.', 'No entry.', 'No entry.', 'No entry.', 'No entry.']",-0.0,What does the sign on the left say?,,True,0.8140452349615311,0,correct_high
validation::4297,['2'],3.,0.0,"['5.', '4.', '5.', '2.', '4.', '2.', '3.', '0.', '9.', '5.']",1.6957425341696346,How many ribbons are between posts?,,False,0.8140452349615311,1,incorrect_low
validation::4298,['orange'],Orange.,1.0,"['Yellow.', 'Yellow.', 'Orange.', 'Orange.', 'Orange.', 'Orange.', 'Yellow.', 'Orange.', 'Yellow.', 'Orange.']",0.6730116670092565,Which frisbee is the man about to throw?,,True,0.8140452349615311,0,correct_high
validation::4299,['ashtray'],Coffee cup.,0.0,"['Cup.', 'Coffee.', 'Mug.', 'Mug.', 'Cup.', 'Cup.', 'Mug.', 'Mug.', 'Mug.', 'Coffee cup.']",1.1682824501765623,What is sitting on the table to the left of the laptop?,,False,0.8140452349615311,1,incorrect_low
validation::430,['horses and cows'],Cows.,1.0,"['Cows.', 'Cows.', 'Cows.', 'Cows.', 'Cows.', 'Cows.', 'Cows.', 'Cows.', 'Cows.', 'Cows.']",-0.0,What kinds of animals are in the picture?,,True,0.8140452349615311,0,correct_high
validation::4301,['9:55'],8:00.,0.0,"['10:40.', '8:00.', '8:40.', '6:20.', '9:05.', '9:25.', '9:55.', '8:00.', '8:30.', '8:30.']",2.025326220770068,What time is it on the building clock?,,False,0.8140452349615311,1,incorrect_low
validation::4302,['white'],White.,1.0,"['White.', 'White.', 'White.', 'White.', 'White.', 'White.', 'White.', 'Blue.', 'Blue.', 'White.']",0.5004024235381879,What color is the mans pants?,,True,0.8140452349615311,0,correct_high
validation::4303,['4'],4.,1.0,"['4.', '4.', '4.', '4.', '4.', '4.', '4.', '4.', '4.', '4.']",-0.0,How many hands are there?,,True,0.8140452349615311,0,correct_high
validation::4304,['1'],2.,0.0,"['2.', '1.', '2.', '3.', '3.', '3.', '3.', '2.', '1.', '1.']",1.0888999753452238,how many buttons on the left?,,False,0.8140452349615311,1,incorrect_low
validation::4305,['1'],0.,0.0,"['0.', '0.', '0.', '0.', '0.', '0.', '0.', '0.', '2.', '2.']",0.5004024235381879,How many tusks?,,False,0.8140452349615311,0,incorrect_high
validation::4307,['1'],2.,0.0,"['2.', '2.', '3.', '2.', '2.', '2.', '2.', '2.', '1.', '2.']",0.639031859650177,how many of the horse's feet are touching the ground?,,False,0.8140452349615311,0,incorrect_high
validation::4308,['4'],4.,1.0,"['4.', '5.', '4.', '5.', '4.', '5.', '4.', '4.', '4.', '4.']",0.6108643020548935,How many bottles are in the refrigerator?,,True,0.8140452349615311,0,correct_high
validation::431,['2'],2.,1.0,"['4.', '2.', '2.', '2.', '2.', '3.', '2.', '3.', '3.', '4.']",1.0296530140645737,how many eyes can you see?,,True,0.8140452349615311,1,correct_low
validation::4311,['tallest'],Tallest.,1.0,"['Tallest.', 'Tallest.', 'Tallest.', 'Tallest.', 'Tallest.', 'Tallest.', 'Tallest.', 'Tallest.', 'Tallest.', 'Shortest.']",0.3250829733914482,Is the elephant with tusks the tallest or shortest in the photo?,,True,0.8140452349615311,0,correct_high
validation::4312,['0'],1.,0.0,"['1.', '1.', '1.', '1.', '1.', '1.', '1.', '1.', '1.', '1.']",-0.0,How many dogs have their mouths closed?,,False,0.8140452349615311,0,incorrect_high
validation::4314,['1'],2.,0.0,"['3.', '2.', '2.', '3.', '5.', '2.', '2.', '2.', '3.', '3.']",0.9433483923290392,How many fence sections are coming into the court area?,,False,0.8140452349615311,1,incorrect_low
validation::4316,['2'],4.,0.0,"['4.', '4.', '4.', '4.', '4.', '4.', '4.', '4.', '4.', '4.']",-0.0,how many white stripes on the bat?,,False,0.8140452349615311,0,incorrect_high
validation::4320,['pay at muni-meter'],Pay here.,0.0,"['Pay here.', 'Pay at muniparker.', 'Pay here.', 'Pay at mun Meter.', 'Pay here.', 'Pay here.', 'Pay at muniparking.', 'Pay here.', 'Pay here.', 'Pay here.']",0.8018185525433372,What does the blue sign next to the food truck say?,,False,0.8140452349615311,0,incorrect_high
validation::4321,['lexus'],Lexus.,1.0,"['Lexus.', 'Lexus.', 'Lexus.', 'Lexus.', 'Lexus.', 'Lexus.', 'Lexus.', 'Lexus.', 'Lexus.', 'Lexus.']",-0.0,what car model is listed above doorway?,,True,0.8140452349615311,0,correct_high
validation::4330,['departures'],Departures.,1.0,"['Departures.', 'Departures.', 'Partenze.', 'Departures.', 'Departures.', 'Departures.', 'Departures.', 'Departures.', 'Departures.', 'Departures.']",0.3250829733914482,What is the English word at the top of the sign that starts with D that is near the clock?,,True,0.8140452349615311,0,correct_high
validation::4332,['canoe'],Canoe.,1.0,"['Rowboat.', 'Canoe.', 'Canoe.', 'Rowboat.', 'Fishing boat.', 'Canoe.', 'Canoe.', 'Canoe.', 'Canoe.', 'Canoe.']",0.8018185525433372,What kind of boat is visible?,,True,0.8140452349615311,0,correct_high
validation::4334,['12:45'],0.,0.0,"['0.', '0.', '0.', '0.', '0.', '0.', ""It's hard to tell."", '0.', 'No clock.', 'No clock.']",0.8018185525433373,What time is the clock showing?,,False,0.8140452349615311,0,incorrect_high
validation::4336,['bread'],Fries.,0.0,"['Yes.', 'Chips.', 'Fries.', 'Pretzels.', 'French fries.', 'Chicken.', 'Fries.', 'Fries.', 'Fries.', 'Fries.']",1.4978661367769952,What other food is on the table other than the pizza?,,False,0.8140452349615311,1,incorrect_low
validation::4337,['x'],X.,1.0,"['X.', 'X.', 'X.', 'X.', 'X.', 'C.', 'X.', 'X.', 'X.', 'X.']",0.3250829733914482,what is the written letter on the laptop ?,,True,0.8140452349615311,0,correct_high
validation::434,['wallet'],Wallet.,1.0,"['Wallet.', 'Wallet.', 'Wallet.', 'Wallet.', 'Phone.', 'Phone.', 'Wallet.', 'Wallet.', 'Wallet.', 'Phone.']",0.6108643020548935,What object here holds money?,,True,0.8140452349615311,0,correct_high
validation::4341,['skateboard'],Skateboard.,1.0,"['Skateboard.', 'Skateboard.', 'Skateboard.', 'Skateboard.', 'Skateboard.', 'Skateboard.', 'Skateboard.', 'Skateboard.', 'Skateboard.', 'Skateboard.']",-0.0,What is being riden?,,True,0.8140452349615311,0,correct_high
validation::4342,['canoe'],Canoe.,1.0,"['Canoe.', 'Canoe.', 'Canoe.', 'Kayak.', 'Canoe.', 'Canoe.', 'Canoe.', 'Canoe.', 'Canoe.', 'Canoe.']",0.3250829733914482,what kind of boat is in the forefront of the image,,True,0.8140452349615311,0,correct_high
validation::4343,['2'],2.,1.0,"['2.', '2.', '1.', '2.', '2.', '2.', '2.', '2.', '2.', '2.']",0.3250829733914482,How many of the dog's feet are touching the ground?,,True,0.8140452349615311,0,correct_high
validation::4345,['2'],2.,1.0,"['2.', '2.', '2.', '2.', '2.', '2.', '2.', '2.', '2.', '2.']",-0.0,What is the number on the front of the train?,,True,0.8140452349615311,0,correct_high
validation::4348,['5'],7.,0.0,"['7.', '7.', '7.', '7.', '7.', '9.', '7.', '7.', '7.', '5.']",0.639031859650177,how many vertical white lines in the road?,,False,0.8140452349615311,0,incorrect_high
validation::4349,['camera'],Camera.,1.0,"['Camera.', 'Downward.', 'Camera.', 'Down.', 'At camera.', 'Camera.', 'At camera.', 'Down.', 'Down.', 'Camera.']",0.6730116670092565,Where is the cat's gaze directed?,,True,0.8140452349615311,0,correct_high
validation::435,['4'],1.,0.0,"['1.', '1.', '1.', '1.', '1.', '1.', '1.', '1.', '1.', '1.']",-0.0,how many green lights?,,False,0.8140452349615311,0,incorrect_high
validation::4350,['dogs'],Dogs.,1.0,"['Dogs.', 'Dogs.', 'Dogs.', 'Dogs.', 'Dogs.', 'Dogs.', 'Dogs.', 'Dogs.', 'Dogs.', 'Dogs.']",-0.0,"Which one of the following is NOT pictured here: dogs, people or skateboards?",,True,0.8140452349615311,0,correct_high
validation::4353,['5'],2.,0.0,"['1.', '1.', '1.', '3.', '2.', '2.', '2.', '0.', '1.', '0.']",1.2798542258336676,How many orange lights are there?,,False,0.8140452349615311,1,incorrect_low
validation::4354,['3'],3.,1.0,"['Three.', '3.', '3.', '3.', '3.', '3.', '3.', '3.', '3.', '3.']",-0.0,How many colors make up the shoes?,,True,0.8140452349615311,0,correct_high
validation::4356,['hotdog'],Hot dog.,0.0,"['Hot dog.', 'Hot dog.', 'Hot dog.', 'Hot dog.', 'Hot dog.', 'Hot dog.', 'Hot dog.', 'Hot dog.', 'Hot dog.', 'Hot dog.']",-0.0,What is inside the sandwich?,,True,0.8140452349615311,0,correct_high
validation::436,['2'],2.,1.0,"['2.', '2.', '2.', '1.', '2.', '2.', '2.', '2.', '0.', '2.']",0.639031859650177,How many spherical lights are seen on the left hand side of the picture?,,True,0.8140452349615311,0,correct_high
validation::4361,['audi'],Audi.,1.0,"['Audi.', 'Audi.', 'Audi.', 'Audi.', 'Audi.', 'Audi.', 'Audi.', 'Audi.', 'Audi.', 'Audi.']",-0.0,what sponsor can you clearly see?,,True,0.8140452349615311,0,correct_high
validation::4363,['angry'],Frowny.,0.0,"['Anger.', 'Sad.', 'Anger.', 'Sad.', 'Frown.', 'Sad.', 'Sad.', 'Angry.', 'Angry.', 'Frown.']",1.0549201679861442,What expression is on the object in the middle?,,True,0.8140452349615311,1,correct_low
validation::437,['1'],1.,1.0,"['1.', '1.', '1.', '1.', '2.', '2.', '1.', '1.', '1.', '1.']",0.5004024235381879,How many people are in the background of the photo?,,True,0.8140452349615311,0,correct_high
validation::4371,['remote'],Remote.,1.0,"['Computer.', 'Remote.', 'Nothing.', 'Laptop.', 'Remote.', 'Frame.', 'remote.', 'Remote.', 'Remote.', 'Remote.']",1.2275294114572126,what is lying on the table next to the woman?,,True,0.8140452349615311,1,correct_low
validation::4374,['scalloped'],Scalloped.,1.0,"['Scalloped.', 'Scalloped.', 'Scalloped.', 'Scalloped.', 'Scalloped.', 'Scalloped.', 'Scalloped.', 'Scalloped.', 'Scalloped.', 'Scalloped.']",-0.0,Is the inside of the pan smooth or scalloped?,,True,0.8140452349615311,0,correct_high
validation::4375,['linksys'],Linksys.,1.0,"['Linksys.', 'Linksys.', 'Linksys.', 'Ultra.', 'Netgear.', 'Linksys.', 'Linksys.', 'Linksys.', 'Linksys.', 'Linksys.']",0.639031859650177,What brand is shown on the top left of the blue package?,,True,0.8140452349615311,0,correct_high
validation::4376,['white'],Purple.,0.0,"['Gray.', 'Yellow.', 'Purple.', 'Yellow.', 'Red.', 'White.', 'Yellow.', 'Purple.', 'Purple.', 'White.']",1.5047882836811908,What color peg is the tallest?,,False,0.8140452349615311,1,incorrect_low
validation::4378,['2'],1.,0.0,"['1.', '1.', '2.', '1.', '1.', '1.', '1.', '1.', '1.', '1.']",0.3250829733914482,How many pink outfits are visible?,,False,0.8140452349615311,0,incorrect_high
validation::438,['2'],1.,0.0,"['2.', '0.', '3.', '1.', '3.', '1.', '1.', '1.', '2.', '2.']",1.2798542258336676,How many people are wearing caps?,,False,0.8140452349615311,1,incorrect_low
validation::4380,['10:37'],12:05.,0.0,"['12:53.', '4:45.', '4:50', '12:20.', '3:30', '3:25', '6:55.', '1:10', '10:40.', '12:37.']",2.302585092994045,What time does the clock read?,,False,0.8140452349615311,1,incorrect_low
validation::4381,['4'],4.,1.0,"['4.', '4.', '4.', '4.', '4.', '4.', '4.', '4.', '4.', '4.']",-0.0,How many pictures are in this image?,,True,0.8140452349615311,0,correct_high
validation::4384,['3'],4.,0.0,"['5.', '4.', '4.', '4.', '4.', '4.', '6.', '5.', '5.', '6.']",1.0296530140645737,How many drawer handles are visible?,,False,0.8140452349615311,1,incorrect_low
validation::4385,['6'],6.,1.0,"['4.', '6.', '6.', '6.', '3.', '3.', '6.', '6.', '6.', '6.']",0.8018185525433373,How many visible wheels in the photo?,,True,0.8140452349615311,0,correct_high
validation::4386,['4'],5.,0.0,"['4.', '5.', '6.', '5.', '7.', '5.', '6.', '6.', '5.', '5.']",1.1682824501765623,How many surfboards are in the foreground of this picture?,,False,0.8140452349615311,1,incorrect_low
validation::4387,['3'],2.,0.0,"['2.', '2.', '3.', '2.', '2.', '2.', '2.', '2.', '0.', '3.']",0.8018185525433372,How many legs are visible on the partially exposed yellow stand?,,False,0.8140452349615311,0,incorrect_high
validation::4388,['box'],Box.,1.0,"['Cardboard.', 'Box.', 'Box.', 'Box.', 'Cardboard.', 'Box.', 'Cardboard.', 'Box.', 'Cardboard.', 'Box.']",-0.0,what is the bear sitting on?,,True,0.8140452349615311,0,correct_high
validation::4389,['desk'],Desk.,1.0,"['Desk.', 'Table.', 'Desk.', 'Desk.', 'Desk.', 'Desk.', 'Desk.', 'Desk.', 'Desk.', 'Chair.']",0.639031859650177,what is his arm resting on?,,True,0.8140452349615311,0,correct_high
validation::4392,['benches'],Benches.,1.0,"['Benches.', 'Benches.', 'Benches.', 'Benches.', 'Benches.', 'Benches.', 'Benches.', 'Benches.', 'Benches.', 'Benches.']",-0.0,"Which one of the following is NOT pictured here: surf boards, buildings or benches?",,True,0.8140452349615311,0,correct_high
validation::4393,['1'],1.,1.0,"['1.', '2.', '1.', '0.', '2.', '1.', '1.', '1.', '1.', '1.']",0.8018185525433372,How legs of the surfers are visible in this picture?,,True,0.8140452349615311,0,correct_high
validation::4397,['grey'],Gray.,0.0,"['Silver.', 'Gray.', 'Black.', 'Gray.', 'Black.', 'Gray.', 'Gray.', 'Black.', 'Gray.', 'Gray.']",0.8979457248567798,What color is the car?,,True,0.8140452349615311,1,correct_low
validation::4400,['3'],3.,1.0,"['4.', '3.', '1.', '3.', '3.', '2.', '4.', '4.', '3.', '3.']",1.1682824501765623,how many tractor wheels can you see?,,True,0.8140452349615311,1,correct_low
validation::4402,['blue and grey'],Blue and white.,1.0,"['Blue gray.', 'Gray and purple.', 'Blue and gray.', 'White and blue.', 'Gray and blue.', 'Blue and gray.', 'Black, gray and white.', 'Gray and blue.', 'Blue.', 'Gray and blue.']",1.2275294114572126,what colors are the bird,,False,0.8140452349615311,1,incorrect_low
validation::4404,['250'],50.,0.0,"['50.', '50.', '50.', '50.', '50.', '60.', '50.', '100.', '50.', '100.']",0.8018185525433373,"What number is written on the green sign, under the orange ENEOS sign?",,False,0.8140452349615311,0,incorrect_high
validation::4406,['toilet'],Toilet.,1.0,"['Toilet.', 'Toilet.', 'Toilet.', 'Toilet.', 'Toilet.', 'Toilet.', 'Toilet.', 'Toilet.', 'Toilet.', 'Toilet.']",-0.0,"Which object could hold more liquid, the toilet or mug?",,True,0.8140452349615311,0,correct_high
validation::4410,['ribbon'],Nothing.,0.0,"['Cement.', 'Rope.', 'Can.', 'Fence.', 'Fence post.', 'Rope.', 'Nothing.', 'Lobster.', 'Rope.', 'Rope.']",1.7480673485460891,What is tied in front of the log that the bird is resting on?,,False,0.8140452349615311,1,incorrect_low
validation::4413,['lemon'],Lemon.,1.0,"['Lemon.', 'Lemon.', 'Banana.', 'Orange.', 'Apple.', 'Apple.', 'Banana.', 'Banana peel.', 'Pears.', 'Lemon.']",1.6957425341696346,What is the yellowish object by the dog's tail?,,True,0.8140452349615311,1,correct_low
validation::442,['bib'],Bib.,1.0,"['Bib.', 'Bib.', 'Bib.', 'On tv.', 'Bib.', 'Shirt.', 'Book.', 'Bib.', 'Bib.', 'Bib.']",0.639031859650177,Where can you see pictures of houses?,,False,0.8140452349615311,0,incorrect_high
validation::4420,['smith'],Smith.,1.0,"['Smiley.', 'Smith.', 'Smith.', 'Smith.', 'Smith.', 'Smith.', 'Smith.', 'Smith.', 'Smith.', 'Street.']",0.639031859650177,"In reference to the green sign above the stop sign that is located next to the train, what word is on this sign?",,True,0.8140452349615311,0,correct_high
validation::4421,['4'],4.,1.0,"['4.', '4.', '4.', '4.', '4.', '4.', '5.', '4.', '4.', '4.']",0.3250829733914482,How many giraffe ears are visible?,,True,0.8140452349615311,0,correct_high
validation::4422,['7'],5.,0.0,"['5.', '5.', '7.', '4.', '6.', '5.', '3.', '5.', '3.', '6.']",1.4708084763221114,How many people in this picture?,,False,0.8140452349615311,1,incorrect_low
validation::4423,['4'],5.,0.0,"['4.', '3.', '4.', '4.', '5.', '5.', '5.', '3.', '3.', '5.']",1.0888999753452238,How many real and fake eyes are shown in the image?,,False,0.8140452349615311,1,incorrect_low
validation::4426,['polskie linie lotnicze'],Lot.,0.0,"['Lot.', 'Lot.', 'Lot.', 'Lot.', 'Polskie.', 'Polskie Linie Lotnicze.', 'Lot.', 'Lot.', 'Lot.', 'Lot.']",0.639031859650177,what airline is this plane from?,,True,0.8140452349615311,0,correct_high
validation::4428,['cans'],Cans.,1.0,"['Cans.', 'Cans.', 'Cans.', 'Cans.', 'Bottles.', 'Cans.', 'Cans.', 'Bottles.', 'Cans.', 'Bottles.']",0.6108643020548935,Are there more bottles or cans on the floor?,,True,0.8140452349615311,0,correct_high
validation::443,['left'],Right.,0.0,"['Right.', 'Right.', 'Right.', 'Right.', 'Right.', 'Right.', 'Right.', 'Left.', 'Right.', 'Right.']",0.3250829733914482,Which hand is not shown in the picture?,,False,0.8140452349615311,0,incorrect_high
validation::4430,['4'],5.,0.0,"['3.', '2.', '4.', '4.', '4.', '5.', '5.', '3.', '4.', '5.']",1.2798542258336676,How many toes are visible?,,False,0.8140452349615311,1,incorrect_low
validation::4434,['5'],4.,0.0,"['6.', '4.', '7.', '2.', '0.', '5.', '2.', '3.', '5.', '7.']",1.8866967846580784,How many people are in the closest bleachers?,,False,0.8140452349615311,1,incorrect_low
validation::4437,['green'],Green.,1.0,"['Green.', 'Green.', 'Green.', 'Green.', 'Green.', 'Green.', 'Green.', 'Green.', 'Green.', 'Green.']",-0.0,What color is the floormat?,,True,0.8140452349615311,0,correct_high
validation::4440,['lion'],Lion.,1.0,"['Lion.', 'Lion.', 'Lion.', 'Lion.', 'Lion.', 'Lion.', 'Lion.', 'Lion.', 'Lion.', 'Lion.']",-0.0,Which one of the following is NOT pictured here: elephant or lion?,,True,0.8140452349615311,0,correct_high
validation::4442,['glasses'],Nothing.,0.0,"['Nothing.', 'Nothing.', 'Nothing.', 'Nothing.', 'Nothing.', 'Nothing.', 'Nothing.', 'nothing.', 'Nothing.', 'Nothing.']",-0.0,what is on top of the machine behind them?,,False,0.8140452349615311,0,incorrect_high
validation::4443,['6'],10.,0.0,"['7.', '6.', '6.', '7.', '10.', '7.', '5.', '9.', '12.', '6.']",1.6434177197931796,how many fruits are in the tree?,,False,0.8140452349615311,1,incorrect_low
validation::4448,['left'],Right.,0.0,"['Right.', 'Left.', 'Left.', 'Right.', 'Left.', 'Right.', 'Right.', 'Right.', 'Right.', 'Left.']",0.6730116670092565,Is the player holding the racket in his right or left hand?,,False,0.8140452349615311,0,incorrect_high
validation::4452,['at&t'],At&t.,1.0,"['At&t.', 'At&t.', 'At&t.', 'At&t.', 'Aeo.', 'Att.', 'At&t.', 'Att.', 'At&t.', 'At&t.']",0.8018185525433373,What phone company is labeled on this phone?,,True,0.8140452349615311,0,correct_high
validation::4455,['nursing'],Eating.,0.0,"['Eating.', 'Feeding.', 'Feeding.', 'Sex.', 'Fighting.', 'Eating.', 'Kissing.', 'Eating.', 'Grooming.', 'Cleaning.']",1.4978661367769952,What activity is occurring in this image?,,False,0.8140452349615311,1,incorrect_low
validation::4456,['left'],U-turn.,0.0,"['Left.', 'U-turn.', 'Left.', 'Left.', 'U turn.', 'Left.', 'Left.', 'Left.', 'Left.', 'Left.']",0.5004024235381879,What kind of turn is prohibited?,,False,0.8140452349615311,0,incorrect_high
validation::4459,['kick the ball'],Kick ball.,1.0,"['Kick ball.', 'Kick ball.', 'Kick ball.', 'Kick ball.', 'Kick ball.', 'Kick ball.', 'Kick ball.', 'Kick ball.', 'Kick ball.', 'Kick ball.']",-0.0,What is the player on the left about to do?,,True,0.8140452349615311,0,correct_high
validation::4460,['0'],0.,1.0,"['2.', '0.', '0.', '0.', '0.', '0.', '0.', '0.', '1.', '0.']",0.639031859650177,How many eyes are visible in the picture?,,True,0.8140452349615311,0,correct_high
validation::4461,['the carphone warehouse'],Carphone warehouse.,1.0,"['Carphone warehouse.', 'Carphone warehouse.', 'Carphone warehouse.', 'Carphone warehouse.', 'Carphone warehouse.', 'Carphone warehouse.', 'Carphone warehouse.', 'Carphone warehouses.', 'Carphone warehouse.', 'Carphone warehouse.']",-0.0,What is the name of the store?,,True,0.8140452349615311,0,correct_high
validation::4466,['3'],2.,0.0,"['2.', '3.', '2.', '4.', '1.', '4.', '2.', '2.', '3.', '2.']",1.2206072645530173,How many horses are visible in the field?,,False,0.8140452349615311,1,incorrect_low
validation::4469,['3'],4.,0.0,"['3.', '5.', '4.', '4.', '4.', '4.', '5.', '4.', '5.', '4.']",0.8979457248567797,how many wheels are in the picture,,False,0.8140452349615311,1,incorrect_low
validation::447,['2'],1.,0.0,"['2.', '1.', '1.', '1.', '1.', '1.', '1.', '1.', '1.', '1.']",0.3250829733914482,How many different shades of color are the walls painted?,,False,0.8140452349615311,0,incorrect_high
validation::4475,['skateboard'],Skateboard.,1.0,"['Skateboard.', 'Skateboard.', 'Skateboard.', 'Skateboard.', 'Skateboard.', 'Skateboard.', 'Skateboard.', 'Skateboard.', 'Skateboard.', 'Skateboard.']",-0.0,What is the man holding in the opposite hand from the microphone?,,True,0.8140452349615311,0,correct_high
validation::4480,['bread'],Toast.,0.0,"['Toast.', 'Sandwich.', 'Sandwich.', 'Sandwich.', 'Toast.', 'Sandwich.', 'Bread.', 'Toast.', 'Toast.', 'Toast.']",0.9433483923290392,What is in the container on the upper left?,,True,0.8140452349615311,1,correct_low
validation::4483,['0'],0.,1.0,"['0.', '0.', '0.', '0.', '0.', '0.', '0.', '0.', '0.', '0.']",-0.0,how many visible table napkins in the photo?,,True,0.8140452349615311,0,correct_high
validation::4485,['white'],White.,1.0,"['White.', 'White.', 'White.', 'White.', 'tan.', 'White.', 'White.', 'White.', 'White.', 'White.']",0.3250829733914482,What color are the insides of the big boots?,,True,0.8140452349615311,0,correct_high
validation::4486,['eating animals'],Eating animals.,1.0,"['Eating animals.', 'Eating animals.', 'Eating animals.', 'Eating animals.', 'Eating animals.', 'Eating animals.', 'Eating animals.', 'Eating animals.', 'Eating animals.', 'Eating animals.']",-0.0,What two words are on the sticker below the word stop?,,True,0.8140452349615311,0,correct_high
validation::4487,['baby'],Baby.,1.0,"['Baby.', 'Baby.', 'Baby.', 'Baby.', 'Baby.', 'Baby.', 'Baby.', 'Phone.', 'Phone.', 'Baby.']",0.5004024235381879,"Which one of the following is NOT seen in this picture: baby, phone or girl?",,True,0.8140452349615311,0,correct_high
validation::4488,['a'],A.,1.0,"['A.', 'A.', 'A.', 'A.', 'A.', 'A.', 'A.', 'A.', 'A.', 'A.']",-0.0,What is the last letter of the word written on the burner/tray in the bottom left?,,True,0.8140452349615311,0,correct_high
validation::4489,['drink'],Drink.,1.0,"['Drink.', 'Drink.', 'Drink.', 'Drink.', 'Drink.', 'Drink.', 'Drink.', 'Drink.', 'Drink.', 'Drink.']",-0.0,What is the word on the sign after for?,,True,0.8140452349615311,0,correct_high
validation::449,['right'],Right.,1.0,"['Right.', 'Right.', 'Right.', 'Left.', 'Right.', 'Right.', 'Right.', 'Right.', 'Right.', 'Right.']",0.3250829733914482,Which hand is this person using to hold the phone?,,True,0.8140452349615311,0,correct_high
validation::4490,['1'],1.,1.0,"['1.', '1.', '1.', '1.', '1.', '2.', '1.', '1.', '1.', '1.']",0.3250829733914482,how many trees do you see?,,True,0.8140452349615311,0,correct_high
validation::4494,['1'],1.,1.0,"['0.', '2.', '1.', '1.', '1.', '0.', '2.', '1.', '1.', '1.']",0.9502705392332348,how many sheep in this picture have been shorn?,,True,0.8140452349615311,1,correct_low
validation::4495,['107'],102.,0.0,"['104.', '102.', '102.', '1027.', '107.', '102.', '102.', '102.', '1042.', '1072.']",1.4978661367769952,what number is on blue on the wagon?,,False,0.8140452349615311,1,incorrect_low
validation::4496,['3'],3.,1.0,"['3.', '3.', '3.', '3.', '3.', '2.', '4.', '2.', '2.', '2.']",0.9433483923290392,How many red pillows are there?,,True,0.8140452349615311,1,correct_low
validation::4498,['4'],4.,1.0,"['4.', '3.', '4.', '3.', '4.', '3.', '4.', '4.', '4.', '4.']",0.6108643020548935,how many computer screens are in the picture?,,True,0.8140452349615311,0,correct_high
validation::45,['candy cane'],Candy cane.,1.0,"['Candy cane.', 'Candy cane.', 'Candy cane.', 'Candy cane.', 'Candy cane.', 'Candy cane.', 'Candy cane.', 'Candy cane.', 'Candy cane.', 'Candy cane.']",-0.0,"What is the green, red, and white striped thing hanging on the tree?",,True,0.8140452349615311,0,correct_high
validation::4500,['lime'],Lemon.,0.0,"['Grapefruit.', 'Lemon.', 'Lemon.', 'Lime.', 'Lemon.', 'Lemon.', 'Lemon.', 'Lime.', 'Lemon.', 'Lime.']",0.8979457248567798,What fruit is this?,,False,0.8140452349615311,1,incorrect_low
validation::4501,['1'],1.,1.0,"['1.', '2.', '1.', '1.', '1.', '1.', '1.', '2.', '1.', '1.']",0.5004024235381879,How many people are in the picture?,,True,0.8140452349615311,0,correct_high
validation::4505,['3'],3.,1.0,"['3.', '3.', '3.', '3.', '3.', '3.', '4.', '3.', '3.', '7.']",0.639031859650177,How many hot dog buns are there?,,True,0.8140452349615311,0,correct_high
validation::451,['nautilus'],Nautilus.,1.0,"['Surge.', 'Sprinten.', 'Snipper.', 'Stirpen.', 'Sprllen.', 'Surge.', 'Naturus.', 'Baby.', 'Naturus.', 'Vampp.']",2.025326220770068,What is the brand of the jump rope?,,True,0.8140452349615311,1,correct_low
validation::4516,['4'],4.,1.0,"['4.', '4.', '4.', '4.', '4.', '4.', '4.', '4.', '4.', '4.']",-0.0,How many living creatures are pictured?,,True,0.8140452349615311,0,correct_high
validation::4519,['black'],No boot.,0.0,"['No boot.', 'No boot.', 'No boot.', 'Brown.', 'No boot.', 'Gray.', 'Black.', 'No boot.', 'No boot.', 'No boot.']",0.9404479886553264,What color is the boot in this picture?,,False,0.8140452349615311,1,incorrect_low
validation::4521,['yellow and red'],Red and white.,1.0,"['Yellow and red.', 'Red and white.', 'Red and black.', 'Red and white.', 'Red and white.', 'Red and white.', 'Red and black.', 'Red and white.', 'Red and white.', 'Red and black.']",0.8979457248567798,What two colors is the bull on the white sign in the background?,,False,0.8140452349615311,1,incorrect_low
validation::4523,['cabbage'],Cabbage.,1.0,"['Potatoes.', 'Cabbage.', 'Potatoes.', 'Cabbage.', 'Potatoes.', 'Cabbage.', 'Cabbage.', 'Potatoes.', 'Cabbage.', 'Cabbage.']",0.6730116670092565,What is to the right of the broccoli?,,True,0.8140452349615311,0,correct_high
validation::4524,['dress'],Dress.,1.0,"['Dress.', 'Skirt.', 'Dress.', 'Dress.', 'Skirt.', 'Dress.', 'Dress.', 'Dress.', 'Tutu.', 'Skirt.']",0.8979457248567797,What is the girl wearing?,,True,0.8140452349615311,1,correct_low
validation::4529,['1937'],1984.,0.0,"['1986.', '1984.', '1987.', '1992.', '1982.', '1958.', '1982.', '1985.', '1935.', '1984.']",2.025326220770068,What year is on the  hydrant?,,False,0.8140452349615311,1,incorrect_low
validation::4530,['robson'],Robson.,1.0,"['Robson.', 'Robson.', 'Robson.', 'Robson.', 'Robson.', 'Robson.', 'Robson.', 'Robson.', 'Robson.', 'Robson.']",-0.0,What Street is on the sign?,,True,0.8140452349615311,0,correct_high
validation::4531,['grey'],White.,0.0,"['White.', 'White.', 'White.', 'White.', 'Gray.', 'White.', 'White.', 'White.', 'White.', 'White.']",0.3250829733914482,What color is the wing?,,False,0.8140452349615311,0,incorrect_high
validation::4536,['pepper'],Carrots.,0.0,"['Carrots.', 'Carrots.', 'Carrots.', 'Carrots.', 'Carrots.', 'Carrots.', 'Carrots.', 'Carrots.', 'Carrots.', 'Carrots.']",-0.0,What is the orange food in the pan?,,False,0.8140452349615311,0,incorrect_high
validation::4539,['breakfast'],Breakfast.,1.0,"['Breakfast.', 'Breakfast.', 'Breakfast.', 'Breakfast.', 'Breakfast.', 'Breakfast.', 'Breakfast.', 'Breakfast.', 'Breakfast.', 'Breakfast.']",-0.0,What meal of the day is advertised?,,True,0.8140452349615311,0,correct_high
validation::454,['lhasa'],Yala.,0.0,"['Tent.', 'Yak.', 'Tikala.', 'Tmala.', 'Yala.', 'Malak.', 'Yakka.', 'Bakal.', 'Panda.', 'TMLA.']",1.8866967846580784,"What is the word before ""Restaurant""?",,False,0.8140452349615311,1,incorrect_low
validation::4540,['surfboard'],Kite.,0.0,"['Kite.', 'Kite.', 'Kite.', 'Harness.', 'Kite.', 'surboard.', 'Kite.', 'Kite.', 'Kiteboard.', 'Kite.']",0.9404479886553264,What does the woman hold in her left hand?,,False,0.8140452349615311,1,incorrect_low
validation::4546,['2'],1.,0.0,"['2.', '2.', '3.', '2.', '2.', '2.', '1.', '1.', '1.', '1.']",0.9433483923290392,How many pizzas are being made to cook?,,False,0.8140452349615311,1,incorrect_low
validation::455,['camera'],Camera.,1.0,"['Mountains.', 'Mountains.', 'Yes.', 'Downhill.', 'Distance.', 'Camera.', 'Mountain.', 'Ground.', 'Mountains.', 'Mountain.']",1.4978661367769952,where is man starting at?,,True,0.8140452349615311,1,correct_low
validation::4553,['hands'],Feet.,0.0,"['Neither.', 'Feet.', 'Feet.', 'Feet.', 'Feet.', 'Feet.', 'Feet.', 'Feet.', 'Feet.', 'Feet.']",0.3250829733914482,Are there more hands or feet visible?,,False,0.8140452349615311,0,incorrect_high
validation::4557,['sanssouci'],Sessa.,0.0,"['Scissorci.', 'Sessa.', 'Schisssouci.', 'Sessa.', 'Schisssseu.', 'Sessa.', 'Sumbaoui.', 'Senttosi.', 'Sentissucci.', 'Sessa.']",1.6094379124341,What does it say on the side of the boat closest in the foreground,,False,0.8140452349615311,1,incorrect_low
validation::4560,['1'],2.,0.0,"['2.', '1.', '2.', '2.', '2.', '2.', '2.', '2.', '2.', '2.']",0.3250829733914482,how many bear paws are in view?,,False,0.8140452349615311,0,incorrect_high
validation::4561,['marble'],Marble.,1.0,"['Marble.', 'Marble.', 'Marble.', 'Marble.', 'Marble.', 'Marble.', 'Marble.', 'Wood.', 'Wood.', 'Marble.']",0.5004024235381879,what is the tabletop made of?,,True,0.8140452349615311,0,correct_high
validation::4565,['tub'],Tub.,1.0,"['Tub.', 'Tub.', 'Shower.', 'Tub.', 'Tub.', 'Tub.', 'Tub.', 'Yes.', 'Tub.', 'Toilet.']",0.8018185525433373,Is the toilet farther from the tub or the shower based on the reflection in the mirror?,,True,0.8140452349615311,0,correct_high
validation::457,['0'],1.,0.0,"['1.', '1.', '0.', '1.', '1.', '2.', '1.', '1.', '1.', '1.']",0.639031859650177,How many cups are there?,,False,0.8140452349615311,0,incorrect_high
validation::4570,['5:10'],1:00.,0.0,"['2:10.', '12:55.', '2:45.', '11:45.', '12:30.', '3:50.', '2:00.', '1:10.', '10:00.', '3:55.']",2.302585092994045,What time does the clock say it is?,,False,0.8140452349615311,1,incorrect_low
validation::4571,['0'],1.,0.0,"['0.', '0.', '1.', '0.', '1.', '1.', '0.', '0.', '0.', '1.']",0.6730116670092565,how many windows are open?,,False,0.8140452349615311,0,incorrect_high
validation::4572,['8'],8.,1.0,"['8.', '8.', '8.', '8.', '8.', '8.', '8.', '8.', '8.', '8.']",-0.0,How many hooves are there?,,True,0.8140452349615311,0,correct_high
validation::4574,['3'],2.,0.0,"['2.', '2.', '2.', '2.', '2.', '2.', '2.', '2.', '2.', '2.']",-0.0,How many legs on the bench?,,False,0.8140452349615311,0,incorrect_high
validation::4575,['restaurant'],House.,0.0,"['Lodge.', 'Lodge.', 'House.', 'House.', 'Hotel.', 'Lodge.', 'House.', 'House.', 'House.', 'Lodge.']",0.9433483923290392,What kind of business is the white and green building behind the train.,,False,0.8140452349615311,1,incorrect_low
validation::4577,['isuzu'],Isuzu.,1.0,"['Isuzu.', 'Isuzu.', 'Isuzu.', 'Isuzu.', 'Isuzu.', 'Isuzu.', 'Isuzu.', 'Isuzu.', 'Isuzu.', 'Isuzu.']",-0.0,what brand of truck?,,True,0.8140452349615311,0,correct_high
validation::4578,['book'],Phone.,0.0,"['Clock.', 'Phone.', 'Phone.', 'Clock.', 'Clock.', 'Clock.', 'Phone.', 'Phone.', 'Phone.', 'Phone.']",0.6730116670092565,What object besides a lamp is on the far nightstand?,,False,0.8140452349615311,0,incorrect_high
validation::458,['hands'],Tape.,0.0,"['Tape.', 'Tape.', 'Weight.', 'Tape.', 'Tape.', 'Tape.', 'Tape.', 'Weight.', 'Tape.', 'Tape.']",0.5004024235381879,what is around the bottom of the bat?,,False,0.8140452349615311,0,incorrect_high
validation::4580,['3'],3.,1.0,"['3.', '8.', '3.', '3.', '0.', '5.', '3.', '8.', '8.', '3.']",1.1682824501765623,what number is after Max on the blue sign?,,True,0.8140452349615311,1,correct_low
validation::4581,['red'],Black.,0.0,"['Black.', 'Black.', 'Red.', 'Black.', 'Black.', 'Black.', 'Blue.', 'Black.', 'Black.', 'Blue.']",0.8018185525433373,What color is the catchers helmet?,,False,0.8140452349615311,0,incorrect_high
validation::4582,['2'],2.,1.0,"['2.', '2.', '2.', '2.', '2.', '2.', '2.', '2.', '2.', '2.']",-0.0,What is the number on the hitter's shirt?,,True,0.8140452349615311,0,correct_high
validation::4583,['8:35'],6:00.,0.0,"['4:35.', '10:55.', '10:40.', '4:30.', '6:15.', '5:50.', '4:10.', '11:45.', '3:40.', '9:25.']",2.302585092994045,What time does the clock say?,,False,0.8140452349615311,1,incorrect_low
validation::4586,['2'],2.,1.0,"['2.', '2.', '4.', '0.', '17.', 'Yes.', '2.', '2.', '1.', '0.']",1.6094379124341005,how many circles on racket?,,True,0.8140452349615311,1,correct_low
validation::4588,['coconut banana'],Bananas and coconuts.,0.0,"['Bananas and coconuts.', 'Bananas and coconuts.', 'Bananas and coconuts.', 'Bananas and coconuts.', 'Coconuts and bananas.', 'Bananas and coconuts.', 'Bananas and coconuts.', 'Coconut, banana.', 'Bananas and coconuts.', 'Bananas and coconuts.']",-0.0,What 2 fruits are on the wood table?,,True,0.8140452349615311,0,correct_high
validation::459,['2'],2.,1.0,"['2.', '1.', '1.', '0.', '0.', '2.', '2.', '2.', '1.', '1.']",1.0549201679861442,How many eyes are looking in this direction?,,True,0.8140452349615311,1,correct_low
validation::4590,['peanuts'],Peanuts.,1.0,"['Peanuts.', 'Peanuts.', 'Peanuts.', 'Peanuts.', 'Peanuts.', 'Peanuts.', 'Peanuts.', 'Peanuts.', 'Peanuts.', 'Peanuts.']",-0.0,What kind of nuts are those?,,True,0.8140452349615311,0,correct_high
validation::4591,['3'],2.,0.0,"['1.', '2.', '1.', '2.', '2.', '1.', '2.', '2.', '1.', '2.']",0.6730116670092565,how many zebras are facing left?,,False,0.8140452349615311,0,incorrect_high
validation::4594,['right'],Left.,0.0,"['Left.', 'Right.', 'Right.', 'Left.', 'Right.', 'Right.', 'Left.', 'Left.', 'Left.', 'Left.']",0.6730116670092565,which of the man's arms is the woman holding?,,False,0.8140452349615311,0,incorrect_high
validation::4596,['water'],Sheep.,0.0,"['Sheep.', 'Sheep.', 'Sheep.', 'Lake.', 'Sheep.', 'Sheep.', 'Sheep.', 'Sheep.', 'Sheep.', 'Lake.']",0.5004024235381879,What is above the grass?,,False,0.8140452349615311,0,incorrect_high
validation::4599,['2'],2.,1.0,"['3.', '3.', '2.', '2.', '3.', '3.', '3.', '2.', '5.', '2.']",0.9433483923290392,How many people are on the large plate?,,True,0.8140452349615311,1,correct_low
validation::4600,['toolbox'],Towel.,0.0,"['Trash can.', 'Trash can.', 'Trash can.', 'Trash can.', 'Trash can.', 'Towel holder.', 'Trash can.', 'Trash can.', 'Towel.', 'Towel.']",0.8018185525433373,What metal object is in front of the door on the ground?,,False,0.8140452349615311,0,incorrect_high
validation::4604,['2'],2.,1.0,"['2.', '2.', '2.', '2.', '1.', '3.', '1.', '3.', '1.', '3.']",1.0888999753452238,how many tomato slices?,,True,0.8140452349615311,1,correct_low
validation::4606,['v'],X.,0.0,"['Straight.', 'X.', 'X.', 'X.', 'X.', 'X.', 'X.', 'X.', 'Straight.', 'X.']",0.5004024235381879,What shape are the skis in?,,False,0.8140452349615311,0,incorrect_high
validation::4607,['www.reays.co.uk'],Ecohopper.,0.0,"['Ecohopper.', 'Ecohopper.', 'Reays.co.uk.', 'Ecohopper.', 'Ecohopper.', 'Ecostar.', 'Www.google.co.uk.', 'Ecohopper.', 'Ecohosper.', 'Ecohopper.']",0.9404479886553264,What is the name of the website that is written on top of the front window glass of the bus?,,False,0.8140452349615311,1,incorrect_low
validation::4609,['4'],2.,0.0,"['2.', '2.', '2.', '2.', '2.', '3.', '3.', '2.', '3.', '4.']",0.8979457248567797,How many people-like images are obviously on the clock?,,False,0.8140452349615311,1,incorrect_low
validation::461,['red'],White.,0.0,"['Red and blue.', 'White.', 'Red.', 'Red.', 'White.', 'White.', 'White.', 'Red.', 'White.', 'Red.']",0.9433483923290392,What colors are the arrows on the street sign?,,False,0.8140452349615311,1,incorrect_low
validation::4617,['usa'],Usa.,1.0,"['Usa.', 'Usa.', 'Usa.', 'Usa.', 'Usa.', 'Usa.', 'Usa.', 'Usa.', 'Usa.', 'Usa.']",-0.0,what counrty do the colors on kite represent?,,True,0.8140452349615311,0,correct_high
validation::4618,['tennis ball'],Nothing.,0.0,"['Nothing.', 'Ball.', 'Nothing.', 'Nothing.', 'Nothing.', 'Nothing.', 'Nothing.', 'Nothing.', 'Nothing.', 'Ball.']",0.5004024235381879,What is the man holding in his left hand?,,False,0.8140452349615311,0,incorrect_high
validation::462,['wipers'],Headlights.,0.0,"['Headlights.', 'Lights.', 'Headlights.', 'Headlights.', 'Headlights.', 'Headlights.', 'Headlights.', 'Wipers.', 'Headlights.', 'Headlights.']",0.639031859650177,"What objects are on the 2, front windows?",,False,0.8140452349615311,0,incorrect_high
validation::4620,['left'],Left.,1.0,"['Left.', 'Left.', 'Left.', 'Left.', 'Left.', 'Left.', 'Left.', 'Left.', 'Left.', 'Left.']",-0.0,Is the scratching post to the right or left of the tv?,,True,0.8140452349615311,0,correct_high
validation::4624,['eggs'],Milk.,0.0,"['Milk.', 'Olive oil.', 'Milk.', 'Milk.', 'Milk.', 'Milk.', 'Milk.', 'Eggs.', 'Milk.', 'Milk.']",0.639031859650177,What is usually in the container on the top shelf of the open fridge?,,False,0.8140452349615311,0,incorrect_high
validation::4628,['3'],2.,0.0,"['1.', '3.', '2.', '2.', '2.', '2.', '2.', '2.', '2.', '2.']",0.639031859650177,how many boys are in the picture?,,False,0.8140452349615311,0,incorrect_high
validation::4631,['phillips'],Phillips head.,1.0,"['Flat head.', 'Flat head.', 'Flat head.', 'Phillips head.', 'Phillips head.', 'Phillips head.', 'Phillips.', 'Flat head.', 'Phillips head.', 'Flat head.']",0.6931471805599453,Would you use either a Phillips head or a flat head screwdriver on the visible screws?,,True,0.8140452349615311,0,correct_high
validation::4634,['bracelet'],Watch.,0.0,"['Wristband.', 'Watch.', 'Wristband.', 'Wristband.', 'Bracelet.', 'Watch.', 'Bracelet.', 'Wristband.', 'Watch.', 'Watch.']",0.6730116670092565,What is the girl wearing on her arm?,,False,0.8140452349615311,0,incorrect_high
validation::4635,['waggle dance'],Waggle dance.,1.0,"['Waggle dance.', 'Waggle dance.', 'Waggy dog.', 'Waggle dance.', 'Waggle dance.', 'Waggs & dong.', 'Waggle dance.', 'Waggle dance.', 'Waggle dance.', 'Waggy dog.']",0.6108643020548935,What brand is the beer?,,False,0.8140452349615311,0,incorrect_high
validation::4636,['clouds'],Clouds.,1.0,"['Clouds.', 'Fog.', 'Fog.', 'Clouds.', 'Clouds.', 'Clouds.', 'Clouds.', 'Clouds.', 'Clouds.', 'Clouds.']",0.5004024235381879,What is the vapor on the mountainside?,,True,0.8140452349615311,0,correct_high
validation::4640,['25'],25.,1.0,"['25.', '25.', '25.', '25.', '25.', '29.', '25.', '25.', '25.', '25.']",0.3250829733914482,What two digit number is on the front of the bus on the right?,,True,0.8140452349615311,0,correct_high
validation::4649,['gulp'],Gulp.,1.0,"['Gimp.', 'Gulp.', 'Gulp.', 'Jump.', 'Cup.', 'Cup.', 'Gulp.', 'Gulp.', 'Gulp.', 'Gulp.']",1.0888999753452238,What four letter word is on the red mug?,,True,0.8140452349615311,1,correct_low
validation::465,['rope'],Rope.,1.0,"['ROPE.', 'Leather.', 'Rope.', 'Rope.', 'Rope.', 'Ro.', 'Rope.', 'Rope.', 'ROPE.', 'Rope.']",0.3250829733914482,WHAT IS THE LEAD MADE OF?,,True,0.8140452349615311,0,correct_high
validation::4656,['1'],1.,1.0,"['3.', '1.', '1.', '1.', '1.', '0.', '1.', '0.', '1.', '1.']",0.8018185525433373,How many animals are sitting down?,,True,0.8140452349615311,0,correct_high
validation::4657,['2'],1.,0.0,"['2.', '1.', '2.', '1.', '1.', '1.', '2.', '1.', '1.', '1.']",0.6108643020548935,How many ski tips are visible?,,False,0.8140452349615311,0,incorrect_high
validation::466,['2'],3.,0.0,"['2.', '3.', '3.', '3.', '2.', '3.', '3.', '2.', '2.', '2.']",0.6931471805599453,How many mouses are there?,,False,0.8140452349615311,0,incorrect_high
validation::4663,['4'],4.,1.0,"['4.', '4.', '4.', '3.', '4.', '5.', '4.', '4.', '4.', '4.']",0.639031859650177,How many people are riding on the lift chair?,,True,0.8140452349615311,0,correct_high
validation::4664,['blue'],Blue.,1.0,"['Blue.', 'Blue.', 'Green.', 'Blue.', 'Blue.', 'Blue.', 'Black.', 'Blue and black.', 'Blue.', 'Blue.']",0.9404479886553264,what color are the conductors clothes,,True,0.8140452349615311,1,correct_low
validation::4666,['4'],4.,1.0,"['4.', '4.', '3.', '4.', '4.', '3.', '4.', '3.', '3.', '3.']",0.6931471805599453,What is the total number of the zebra's eyes and ears visible in the picture?,,True,0.8140452349615311,0,correct_high
validation::4671,['2'],2.,1.0,"['2.', '2.', '2.', '2.', '2.', '2.', '2.', '2.', '2.', '2.']",-0.0,How many layers of cake are there?,,True,0.8140452349615311,0,correct_high
validation::4673,['pink'],White.,0.0,"['Blue.', 'White.', 'Blue.', 'Blue.', 'White.', 'Blue.', 'White.', 'White.', 'White.', 'Blue.']",0.6931471805599453,What color is the man's dress shirt?,,False,0.8140452349615311,0,incorrect_high
validation::4676,['2'],2.,1.0,"['1.', '1.', '3.', '2.', '2.', '4.', '2.', '2.', '2.', '2.']",1.0888999753452235,How many shepherds are there?,,True,0.8140452349615311,1,correct_low
validation::4678,['0'],0.,1.0,"['0.', '0.', '0.', '1.', '0.', '0.', '0.', '0.', '0.', '3.']",0.639031859650177,How many hooves can be seen?,,True,0.8140452349615311,0,correct_high
validation::4680,['200'],200.,1.0,"['200.', '20.', '330.', '150.', '200.', '25.', '200.', '200.', '200.', '200.']",1.2275294114572126,what number is written on the signs that are the closest to the camera?,,True,0.8140452349615311,1,correct_low
validation::4684,['3'],3.,1.0,"['3.', '2.', '2.', '2.', '5.', '4.', '3.', '4.', '5.', '3.']",1.366158847569202,how many cars drivivng?,,True,0.8140452349615311,1,correct_low
validation::4687,['left'],Left.,1.0,"['Left.', 'Left.', 'Left.', 'Left.', 'Left.', 'Left.', 'Left.', 'Left.', 'Left.', 'Left.']",-0.0,In what direction is the One Way sign pointing?,,True,0.8140452349615311,0,correct_high
validation::4690,['2:01'],12:15.,0.0,"['2:36.', '11:42.', '12:08.', '10:02.', '10:10.', '199.', '1:53.', '3:35.', '3:04.', '1:30.']",2.302585092994045,What time is seen on the clock?,,False,0.8140452349615311,1,incorrect_low
validation::4692,['4'],6.,0.0,"['6.', '6.', '6.', '6.', '6.', '4.', '6.', '6.', '8.', '6.']",0.639031859650177,How many legs total are visible from both birds in the image?,,False,0.8140452349615311,0,incorrect_high
validation::4693,['white'],White.,1.0,"['White.', 'White.', 'White.', 'White.', 'White.', 'Gray.', 'White.', 'White.', 'White.', 'Gray.']",0.5004024235381879,What is the second most prominent color of the cat's fur?,,True,0.8140452349615311,0,correct_high
validation::4694,['5'],4.,0.0,"['4.', '4.', '4.', '4.', '4.', '4.', '4.', '6.', '4.', '3.']",0.639031859650177,How many animals can be seen in this photo?,,False,0.8140452349615311,0,incorrect_high
validation::4695,['water'],Hay.,0.0,"['Hay.', 'Hay.', 'Hay.', 'Food.', 'Feed.', 'Food.', 'Wood.', 'Hay.', 'Food.', 'Water.']",1.193549604098133,what is in the box behind the woman?,,False,0.8140452349615311,1,incorrect_low
validation::4697,['red hand'],Red light.,1.0,"['Red light.', 'Red light.', 'Red light.', 'Red light.', 'Red light.', 'Red light.', 'Red light.', 'Red light.', 'Red light.', 'Red light.']",-0.0,what shows that you cannot cross?,,True,0.8140452349615311,0,correct_high
validation::4698,['bls'],Rls.,0.0,"['Rls.', 'Yls.', 'Sas.', 'Ryls.', 'Ryd.', 'Byls.', 'Sls.', 'Sls.', 'Pils.', 'Bys.']",2.025326220770068,What are the letters on the skateboarding man's t-shirt?,,False,0.8140452349615311,1,incorrect_low
validation::4699,['1'],2.,0.0,"['Two.', '1.', '2.', '2.', '2.', '1.', '2.', '1.', '1.', 'Two.']",0.6730116670092565,How many stuffed toys are there?,,False,0.8140452349615311,0,incorrect_high
validation::4700,['paws'],Mouse.,0.0,"['Mouse.', 'Mouse.', 'Mouse.', 'Mouse.', 'Mouse.', 'Mouse.', 'Mouse.', 'Mouse.', 'Mouse.', 'Nothing.']",0.3250829733914482,what is the cats tail covering?,,False,0.8140452349615311,0,incorrect_high
validation::4703,['car racing'],Racing.,1.0,"['Racing.', 'Racing.', 'Basketball.', 'Racing.', 'Basketball.', 'Racing.', 'Racing.', 'Tennis.', 'Tennis.', 'Racing.']",0.9502705392332348,What sport is on the television?,,True,0.8140452349615311,1,correct_low
validation::4706,['6'],3.,0.0,"['4.', '3.', '3.', '2.', '3.', '3.', '3.', '4.', '3.', '3.']",0.8018185525433372,How many laptop screens are on the table?,,False,0.8140452349615311,0,incorrect_high
validation::4708,['4'],3.,0.0,"['3.', '3.', '3.', '2.', '3.', '3.', '3.', '2.', '3.', '3.']",0.5004024235381879,How many buttons on the man's sleeve?,,False,0.8140452349615311,0,incorrect_high
validation::4715,['5'],2.,0.0,"['2.', '2.', '2.', '2.', '2.', '2.', '2.', '2.', '2.', '2.']",-0.0,how many people?,,False,0.8140452349615311,0,incorrect_high
validation::4716,['bocquet'],Bocquet.,1.0,"['Bocquet.', 'Bocquet.', 'Bocquet.', 'Bocquet.', 'Bocquet.', 'Bocquet.', 'Bocquet.', 'Bocquet.', 'Bocquet.', 'Bocquet.']",-0.0,What is Paul's last name?,,True,0.8140452349615311,0,correct_high
validation::4717,['deep dish'],Thin crust.,0.0,"['Thin crust.', 'Deep dish.', 'Thin crust.', 'Deep dish.', 'Thin crust.', 'Deep dish.', 'Thin crust.', 'Deep dish.', 'Deep dish.', 'Thin crust.']",0.6931471805599453,Does this look like deep dish pizza or thin crust pizza?,,False,0.8140452349615311,0,incorrect_high
validation::4718,['3'],1.,0.0,"['3.', '2.', '2.', '3.', '1.', '4.', '1.', '3.', '2.', '1.']",1.313834033192747,How many men are batting left-handed?,,False,0.8140452349615311,1,incorrect_low
validation::4723,['15923'],15923.,1.0,"['15923.', '15923.', '15923.', '15923.', '15929.', '15923.', '15923.', '15923.', '15.', '15823.']",0.9404479886553264,What number is this firehouse?,,True,0.8140452349615311,1,correct_low
validation::473,['green'],Red.,0.0,"['Red.', 'Red.', 'Red.', 'Green.', 'Green.', 'Red.', 'Green.', 'Red.', 'Yellow.', 'Red.']",0.8979457248567797,What color are the lights down the street to the left?,,False,0.8140452349615311,1,incorrect_low
validation::4730,['1'],2.,0.0,"['2.', '2.', '3.', '2.', '2.', '3.', '1.', '2.', '2.', '2.']",0.8018185525433372,How many balding men are there?,,False,0.8140452349615311,0,incorrect_high
validation::4733,['2'],2.,1.0,"['2.', '2.', '1.', '2.', '2.', '2.', '1.', '1.', '1.', '2.']",0.6730116670092565,How many towels can be seen?,,True,0.8140452349615311,0,correct_high
validation::4735,['playing tennis'],Playing tennis.,1.0,"['Playing tennis.', 'Playing tennis.', 'Playing wii.', 'Playing tennis.', 'Serving.', 'Tennis.', 'Playing tennis.', 'Playing wii.', 'Playing tennis.', 'Playing wii.']",0.8979457248567797,What is the man doing?,,True,0.8140452349615311,1,correct_low
validation::4736,['5'],5.,1.0,"['5.', '5.', '5.', '5.', '5.', '3.', '5.', '5.', '5.', '5.']",0.3250829733914482,what number is on the middle sticker on the right side?,,True,0.8140452349615311,0,correct_high
validation::4738,['thermostat'],Thermostat.,1.0,"['Thermostat.', 'Thermostat.', 'Thermostat.', 'Thermostat.', 'Clock.', 'Clock.', 'Thermostat.', 'Thermostat.', 'Thermostat.', 'Thermostat.']",0.5004024235381879,What is above the light switch next to the door?,,True,0.8140452349615311,0,correct_high
validation::4739,['2'],5.,0.0,"['5.', '11.', '4.', '7.', '9.', '12.', '2.', '3.', '8.', '8.']",2.1639556568820564,How many logs are there?,,False,0.8140452349615311,1,incorrect_low
validation::4742,['right'],Right.,1.0,"['Right.', 'Left.', 'Right.', 'Right.', 'Left.', 'Right.', 'Right.', 'Right.', 'Right.', 'Right.']",0.5004024235381879,Which of the skier's feet is closer to the end of the rail?,,True,0.8140452349615311,0,correct_high
validation::4746,['10'],10.,1.0,"['7.', '5.', '2.', '7.', '5.', '8.', '10.', '3.', '5.', '4.']",1.834371970281624,how many fingers can you see?,,True,0.8140452349615311,1,correct_low
validation::4747,['water'],Water.,1.0,"['Water.', 'Water.', 'Water.', 'Water.', 'Water.', 'Water.', 'Water.', 'Water.', 'Water.', 'Water.']",-0.0,what is the first word on the sign?,,True,0.8140452349615311,0,correct_high
validation::4748,['2'],2.,1.0,"['2.', '1.', '3.', '2.', '2.', '2.', '1.', '2.', '2.', '2.']",0.8018185525433372,how many mammals are in this picture?,,True,0.8140452349615311,0,correct_high
validation::4750,['keyboard'],Desk.,0.0,"['Desk.', 'Desk.', 'Desk.', 'Desk.', 'Desk.', 'Table.', 'Desk.', 'Desk.', 'Desk.', 'Table.']",0.5004024235381879,What are the hind legs on?,,False,0.8140452349615311,0,incorrect_high
validation::4754,['n'],N.,1.0,"['N.', 'No letter.', 'N.', 'N.', 'No letter.', '0.', 'No letter.', 'None.', 'N.', 'N.']",1.0296530140645737,what letter on the shoes?,,True,0.8140452349615311,1,correct_low
validation::4755,['8'],8.,1.0,"['8.', '8.', '8.', '8.', '8.', '8.', '8.', '8.', '8.', '8.']",-0.0,How many foots are visible?,,True,0.8140452349615311,0,correct_high
validation::4756,['wheelchair'],Handicap.,0.0,"['Wheelchair.', 'Handicap.', 'Handicap.', 'Handicap.', 'Handicap.', 'Handicap.', 'Wheelchair.', 'Handicap.', 'Handicap.', 'Handicap.']",0.5004024235381879,what symbol is on the upper left hand of the bus?,,True,0.8140452349615311,0,correct_high
validation::4758,['2'],2.,1.0,"['2.', '2.', '2.', '2.', '2.', '2.', '2.', '2.', '2.', '2.']",-0.0,how many persons are on the boat?,,True,0.8140452349615311,0,correct_high
validation::4759,['teddy bear'],Toilet paper.,0.0,"['Tissue.', 'Toilet paper.', 'Child.', 'Toilet paper.', 'Tissue.', 'Toilet paper.', 'Baby wipes.', 'Container.', 'Kid.', 'Shelf.']",1.3592367006650063,what is on the toilet?,,False,0.8140452349615311,1,incorrect_low
validation::4760,['rope'],Rope.,1.0,"['Rope.', 'Rope.', 'Rope.', 'Rope.', 'Rope.', 'Rope.', 'Rope.', 'Rope.', 'Rope.', 'Rope.']",-0.0,What blocks the people from entering the sitting area?,,True,0.8140452349615311,0,correct_high
validation::4761,['pink'],Red.,0.0,"['Red.', 'Red.', 'Blue.', 'Burgundy.', 'Red.', 'Red.', 'Red.', 'Red.', 'Red.', 'Red.']",0.639031859650177,What color is the black girl's dress?,,False,0.8140452349615311,0,incorrect_high
validation::4765,['2'],2.,1.0,"['2.', '2.', '2.', '2.', '2.', '2.', '2.', '2.', '2.', '2.']",-0.0,how many potatoes?,,True,0.8140452349615311,0,correct_high
validation::4766,['volvo'],Volvo.,1.0,"['Volvo.', 'Volvo.', 'Volvo.', 'Volvo.', 'Volvo.', 'Volvo.', 'Volvo.', 'Volvo.', 'Volvo.', 'Volvo.']",-0.0,What brand is present on the front of the bus?,,True,0.8140452349615311,0,correct_high
validation::4772,['o'],N.,0.0,"['N.', 'N.', 'N.', 'N.', 'N.', 'N.', 'N.', 'N.', 'N.', 'N.']",-0.0,What is the 2nd letter on the bottle?,,False,0.8140452349615311,0,incorrect_high
validation::4774,['red and white'],Green and red.,1.0,"['Red and white.', 'Red and green.', 'Blue and white.', 'Brown and white.', 'Blue and red.', 'White and brown.', 'Red and white.', 'Red and green.', 'Red and white.', 'Brown and white.']",1.5047882836811908,what two colors are on the farmhouse on the cow?,,False,0.8140452349615311,1,incorrect_low
validation::4777,['3'],2.,0.0,"['2.', '2.', '2.', '2.', '2.', '2.', '2.', '2.', '2.', '2.']",-0.0,How many different types of animals can be seen in the photo?,,False,0.8140452349615311,0,incorrect_high
validation::4778,['0'],0.,1.0,"['1.', '0.', '1.', '0.', '0.', '1.', '0.', '0.', '1.', '0.']",0.6730116670092565,How many yellow vases are on the blue table?,,True,0.8140452349615311,0,correct_high
validation::4779,['1'],0.,0.0,"['0.', '0.', '0.', '1.', '0.', '0.', '0.', '0.', '0.', '0.']",0.3250829733914482,how many pieces f chicken are in the right picture?,,False,0.8140452349615311,0,incorrect_high
validation::4785,['circle'],Circle.,1.0,"['Circle.', 'Circle.', 'Square.', 'Circle.', 'Circle.', 'Circle.', 'Round.', 'Circle.', 'Moon.', 'Round.']",1.0888999753452235,What shape is the large button in the middle?,,True,0.8140452349615311,1,correct_low
validation::4786,['nothing'],Nothing.,1.0,"['Nothing.', 'Nothing.', 'Nothing.', 'nothing.', 'Sandals.', 'Nothing.', 'Nothing.', 'Nothing.', 'Nothing.', 'Nothing.']",0.3250829733914482,What is she wearing on her feet?,,True,0.8140452349615311,0,correct_high
validation::4787,['2'],2.,1.0,"['2.', '1.', '2.', '2.', '2.', '2.', '2.', '2.', '2.', '2.']",0.3250829733914482,How many slices of cheese are there?,,True,0.8140452349615311,0,correct_high
validation::4794,['2'],1.,0.0,"['0.', '1.', '3.', '2.', '1.', '1.', '2.', '0.', '0.', '0.']",1.2798542258336676,how many pillows on the right side of the bed?,,False,0.8140452349615311,1,incorrect_low
validation::4799,['1'],1.,1.0,"['1.', '1.', '1.', '1.', '1.', '1.', '1.', '1.', '1.', '1.']",-0.0,How many teddy bears have shoes in this picture?,,True,0.8140452349615311,0,correct_high
validation::4802,['suitcase'],Suitcase.,1.0,"['Suitcase.', 'Suitcase.', 'Suitcase.', 'Suitcase.', 'Suitcase.', 'Suitcase.', 'Suitcase.', 'Suitcase.', 'Suitcase.', 'Suitcase.']",-0.0,What is on top of the person?,,True,0.8140452349615311,0,correct_high
validation::4803,['blue'],Green.,0.0,"['Green.', 'Green.', 'Green.', 'Green.', 'Green.', 'Green.', 'Black.', 'Black.', 'Black.', 'Green.']",0.6108643020548935,what is the color of the door?,,False,0.8140452349615311,0,incorrect_high
validation::4810,['chicago'],Chicago.,1.0,"['Chicago.', 'Chicago.', 'Chicago.', 'Chicago.', 'Chicago.', 'Chicago.', 'Chicago.', 'Chicago.', 'Chicago.', 'Chicago.']",-0.0,In what city does this image take place?,,True,0.8140452349615311,0,correct_high
validation::4813,['11'],12.,0.0,"['10.', '12.', '10.', '12.', '12.', '9.', '10.', '10.', '9.', '10.']",1.0296530140645737,how many medhu vada are there?,,False,0.8140452349615311,1,incorrect_low
validation::4814,['2'],1.,0.0,"['1.', '1.', '2.', '2.', '2.', '1.', '2.', '1.', '1.', '2.']",0.6931471805599453,how many lenses visible,,False,0.8140452349615311,0,incorrect_high
validation::4815,['2'],2.,1.0,"['3.', '2.', '2.', '3.', '2.', '3.', '3.', '2.', '2.', '2.']",0.6730116670092565,How many chairs are visible?,,True,0.8140452349615311,0,correct_high
validation::4816,['2'],1.,0.0,"['2.', '2.', '1.', '2.', '2.', '2.', '1.', '3.', '3.', '1.']",1.0296530140645737,how many plates are there?,,False,0.8140452349615311,1,incorrect_low
validation::4817,['2013'],Unknown.,0.0,"['Unanswerable.', 'Unknown.', '1990.', 'Unknown.', '0.', '1997.', '1991.', 'Unknown.', 'Unknown.', '2013.']",1.4978661367769952,What year are the plastic food containers from?,,False,0.8140452349615311,1,incorrect_low
validation::4818,['7'],12.,0.0,"['12.', '12.', '3.', '6.', '1:00.', '2.', '12.', '11.', 'Xii.', '11.']",1.834371970281624,What hour mark is the clock approaching?,,False,0.8140452349615311,1,incorrect_low
validation::4820,['fork'],Fork.,1.0,"['Fork.', 'Napkin.', 'Fork.', 'Fork.', 'Glass.', 'Fork.', 'Water glass.', 'Fork.', 'Fork.', 'Fork.']",0.9404479886553264,What is above the spoon?,,True,0.8140452349615311,1,correct_low
validation::4821,['8'],5.,0.0,"['6.', '5.', '5.', '0.', '5.', '5.', '9.', '5.', '5.', '5.']",0.9404479886553264,How many stars are in the blue rectangle on the front of the hydrant?,,False,0.8140452349615311,1,incorrect_low
validation::4825,['yellow'],Red.,0.0,"['White.', 'Blue.', 'White.', 'White.', 'Red.', 'Red.', 'Red.', 'Red.', 'Red.', 'Pink.']",1.1682824501765623,what color is the lanyard being worn by the first lady on the left?,,False,0.8140452349615311,1,incorrect_low
validation::4827,['2'],2.,1.0,"['2.', '2.', '4.', '3.', '2.', '1.', '2.', '2.', '2.', '2.']",0.9404479886553264,How many chairs?,,True,0.8140452349615311,1,correct_low
validation::4830,['peeled'],Peeled.,1.0,"['Peeled.', 'Peeled.', 'Peeled.', 'Peeled.', 'Peeled.', 'Peeled.', 'Peeled.', 'Peeled.', 'Peeled.', 'Peeled.']",-0.0,Is the fruit on the plate peeled or unpeeled.,,True,0.8140452349615311,0,correct_high
validation::4833,['cheese'],Cheese.,1.0,"['Cheese.', 'Cheese.', 'Cheese.', 'Cheese.', 'Cheese.', 'Cheese.', 'Pepperoni.', 'Cheese.', 'Cheese.', 'Cheese.']",0.3250829733914482,what kind of pizza is this,,True,0.8140452349615311,0,correct_high
validation::4835,['2'],2.,1.0,"['5.', '1.', '4.', '4.', '4.', '3.', '3.', '2.', '2.', '1.']",1.5571130980576458,How many tops of benches are there?,,True,0.8140452349615311,1,correct_low
validation::4837,['detroit'],Detroit.,1.0,"['Detroit.', 'Detroit.', 'Detroit.', 'Detroit.', 'Detroit.', 'Detroit.', 'Detroit.', 'Detroit.', 'Detroit.', 'Detroit.']",-0.0,Which sign is a city in Michigan?,,True,0.8140452349615311,0,correct_high
validation::4839,['public toilet'],Public toilet.,1.0,"['Public toilet.', 'Public toilet.', 'Public toilet.', 'Public toilet.', 'Public toilet.', 'Public toilet.', 'Public toilet.', 'Public Toilet.', 'Public toilet.', 'Public toilet.']",-0.0,Where does the sign lead you to?,,True,0.8140452349615311,0,correct_high
validation::4840,['86902'],86902.,1.0,"['86902.', '86902.', '86902.', '86902.', '86902.', '86902.', '86902.', '86902.', '86902.', '86902.']",-0.0,what is this trains number?,,True,0.8140452349615311,0,correct_high
validation::4841,['ski'],Skis.,0.0,"['Skis.', 'Skis.', 'Skis.', 'Poles.', 'Skis.', 'Ski.', 'Skis.', 'Skis.', 'Skis.', 'Poles.']",0.5004024235381879,What type of equipment does the person have who is closest to the snowboarder?,,True,0.8140452349615311,0,correct_high
validation::4845,['circle'],Hexagon.,0.0,"['Hexagon.', 'Octagon.', 'Hexagon.', 'Hexagon.', 'Hexagon.', 'Hexagon.', 'Hexagon.', 'Hexagon.', 'Hexagon.', 'Hexagon.']",0.3250829733914482,What shape makes up the tile,,False,0.8140452349615311,0,incorrect_high
validation::4848,['milkshake'],Milkshake.,1.0,"['Soda.', 'Milkshake.', 'Root beer.', 'Mudslide.', 'Milkshake.', 'Milkshake.', 'Root beer.', 'Shake.', 'Shake.', 'Milkshake.']",1.0888999753452235,What drink is on the table?,,True,0.8140452349615311,1,correct_low
validation::4849,['5'],3.,0.0,"['3.', '3.', '4.', '4.', '3.', '3.', '3.', '4.', '4.', '3.']",0.6730116670092565,"including partially, how many people?",,False,0.8140452349615311,0,incorrect_high
validation::4852,['6'],3.,0.0,"['6.', '3.', '3.', '6.', '3.', '8.', '2.', '6.', '6.', '6.']",1.1682824501765623,How many power lines are visible?,,False,0.8140452349615311,1,incorrect_low
validation::4854,['pears'],Flower.,0.0,"['Flower.', 'Pentagon.', 'Floral.', 'Flowers.', 'Polka dots.', 'Flower.', 'Flower.', 'Blue.', 'Blue dots.', 'Flowers.']",1.2275294114572126,what is the design on the plate in the lower left corner?,,False,0.8140452349615311,1,incorrect_low
validation::4855,['2'],2.,1.0,"['2.', '2.', '2.', '1.', '2.', '0.', '2.', '2.', '2.', '2.']",0.639031859650177,How many of the man's hands have food in them for the giraffes?,,True,0.8140452349615311,0,correct_high
validation::4859,['3'],2.,0.0,"['2.', '3.', '2.', '2.', '3.', '3.', '2.', '2.', '2.', '1.']",0.8979457248567797,How many chains?,,False,0.8140452349615311,1,incorrect_low
validation::4863,['hb-hzc'],Hb-hzc.,1.0,"['Hb-hzc.', 'Hb-hzc.', 'Hb-hzc.', 'Hb-hzc.', 'Hb-hzc.', 'Hb-hzc.', 'Hb-hzc.', 'Hb-hzc.', 'Hb-hzc.', 'Hb-hzc.']",-0.0,What letters are on the lower part of the back of the plane?,,True,0.8140452349615311,0,correct_high
validation::4864,['purple'],Black.,0.0,"['Black.', 'Black.', 'Black.', 'Blue.', 'Blue.', 'Black.', 'Black.', 'Black.', 'White.', 'Blue.']",0.8979457248567797,What color is the curtain?,,False,0.8140452349615311,1,incorrect_low
validation::4868,['on the sheep'],On sheep.,1.0,"['On sheep.', 'On sheep.', 'On sheep.', 'On sheep.', 'Sheep.', 'On sheep.', 'On sheep.', 'On sheep.', 'On sheep.', 'Sheep.']",-0.0,Where are the ladies hands?,,True,0.8140452349615311,0,correct_high
validation::4869,['truck'],Truck.,1.0,"['Truck.', 'Truck.', 'Truck.', 'Truck.', 'Truck.', 'Truck.', 'Truck.', 'Truck.', 'Truck.', 'Truck.']",-0.0,Where is the dog on top of?,,True,0.8140452349615311,0,correct_high
validation::4872,['present'],Picture.,0.0,"['Shelf.', 'Picture.', 'Toy.', 'Mirror.', 'Gift.', 'Picture.', 'Picture.', 'Mirror.', 'Picture.', 'Mirror.']",1.4184836619456564,what is above the blonde head on wall?,,False,0.8140452349615311,1,incorrect_low
validation::488,['kite'],Bird.,0.0,"['Bird.', 'Bird.', 'Bird.', 'Bird.', 'Bird.', 'Bird.', 'Bird.', 'Bird.', 'Bird.', 'Bird.']",-0.0,is the black thing in the sky a bird or a kite?,,False,0.8140452349615311,0,incorrect_high
validation::4880,['3'],3.,1.0,"['2.', '4.', '3.', '3.', '3.', '3.', '4.', '2.', '4.', '3.']",1.0296530140645737,How many total eyes of the bears can be seen?,,True,0.8140452349615311,1,correct_low
validation::4883,['black'],Yellow.,0.0,"['Yellow.', 'Yellow.', 'Blue.', 'Yellow.', 'Yellow.', 'Yellow.', 'Yellow.', 'Black.', 'Blue.', 'Blue.']",0.8979457248567797,What color is the top of the train?,,False,0.8140452349615311,1,incorrect_low
validation::4884,['2'],2.,1.0,"['2.', '4.', '2.', '2.', '3.', '2.', '2.', '2.', '4.', '2.']",0.8018185525433372,How many propellers are there?,,True,0.8140452349615311,0,correct_high
validation::4885,['puma'],None.,0.0,"['Bird.', 'Snake.', 'None.', 'None.', 'none.', 'None.', 'None.', 'None.', 'None.', 'Mouse.']",0.9404479886553264,What animal can be seen on the man's footwear?,,False,0.8140452349615311,1,incorrect_low
validation::4889,['comedy central'],Sbs.,0.0,"['Sesa.', 'Sofa.', 'Red.', 'Cbs.', 'It says cbs.', 'E! ent.', 'Sesa.', 'Pbs.', 'Xm.', 'Cbs.']",1.834371970281624,What does the logo say in the bottom right of the screen?,,False,0.8140452349615311,1,incorrect_low
validation::4893,['3'],2.,0.0,"['3.', '2.', '2.', '2.', '2.', '3.', '2.', '2.', '2.', '3.']",0.6108643020548935,How many zebras can be seen?,,False,0.8140452349615311,0,incorrect_high
validation::4895,['22'],22.,1.0,"['22.', '22.', '22.', '22.', '22.', '22.', '22.', '22.', '22.', '22.']",-0.0,what number is written in lights at the top of the bus?,,True,0.8140452349615311,0,correct_high
validation::4896,['3'],5.,0.0,"['5.', '5.', '6.', '4.', '5.', '8.', '4.', '5.', '7.', '3.']",1.6094379124341005,How many benches are there?,,False,0.8140452349615311,1,incorrect_low
validation::4897,['6'],0.,0.0,"['2.', '3.', '1.', '1.', '0.', '3.', '3.', '0.', '1.', '0.']",1.313834033192747,How many oranges are there?,,False,0.8140452349615311,1,incorrect_low
validation::4898,['scott brown'],Scott brown.,1.0,"['Scott brown.', 'Scott brown.', 'Scott brown.', 'Scott brown.', 'Scott brown.', 'Scott brown.', 'Scott brown.', 'Scott brown.', 'Scott brown.', 'Scott brown.']",-0.0,What's the name of the politician being advertised on the bus?,,True,0.8140452349615311,0,correct_high
validation::49,['tan'],Tan.,1.0,"['Tan.', 'Tan.', 'White.', 'Cream.', 'Tan.', 'White.', 'Tan.', 'White.', 'Tan.', 'Gray.']",1.1682824501765623,What is the color of the trouser the man is wearing?,,True,0.8140452349615311,1,correct_low
validation::4902,['red'],Blue.,0.0,"['Blue.', 'Blue.', 'Yellow.', 'Blue.', 'Black.', 'Blue.', 'Brown.', 'Brown.', 'Blue.', 'Brown.']",1.1682824501765623,What color is the house that is not grey or white?,,False,0.8140452349615311,1,incorrect_low
validation::4903,['bottom'],Bottom.,1.0,"['Bottom.', 'Bottom.', 'Bottom.', 'Bottom.', 'Bottom.', 'Bottom.', 'Bottom.', 'Bottom.', 'Bottom.', 'Bottom.']",-0.0,Are the people at the top or bottom of the rocks?,,True,0.8140452349615311,0,correct_high
validation::4904,['3'],3.,1.0,"['3.', '3.', '4.', '3.', '4.', '3.', '4.', '4.', '3.', '3.']",0.6730116670092565,How many colors on his shirt?,,True,0.8140452349615311,0,correct_high
validation::4906,['6'],4.,0.0,"['4.', '5.', '5.', '5.', '5.', '7.', '6.', '8.', '4.', '10.']",1.6094379124341,How many plates are in the stack?,,False,0.8140452349615311,1,incorrect_low
validation::4908,['6'],7.,0.0,"['3.', '7.', '7.', '6.', '4.', '7.', '7.', '3.', '5.', '7.']",1.3592367006650063,How many colors make up the rainbow on the cake?,,False,0.8140452349615311,1,incorrect_low
validation::4910,['3'],2.,0.0,"['2.', '2.', '2.', '2.', '2.', '2.', '2.', '2.', '2.', '2.']",-0.0,how many people are visible?,,False,0.8140452349615311,0,incorrect_high
validation::4911,['6'],5.,0.0,"['6.', '10.', '7.', '5.', '5.', '7.', '7.', '5.', '4.', '4.']",1.5047882836811908,How many analog clocks are shown?,,False,0.8140452349615311,1,incorrect_low
validation::4912,['lasalle street'],Classic theater.,0.0,"['Classic theatre.', 'Classic.', 'Classic cars at work.', 'Cashman equipment.', 'Hard to see.', 'Classical.', 'Clark street bridge.', 'Classic theater.', 'Classic car.', 'Classic.']",1.834371970281624,What does the sign say,,False,0.8140452349615311,1,incorrect_low
validation::4915,['1'],2.,0.0,"['1.', '0.', '2.', '3.', '2.', '1.', '1.', '1.', '3.', '0.']",1.3321790402101223,"In the group of three girls, how many are holding a bag of some kind?",,False,0.8140452349615311,1,incorrect_low
validation::4918,['marc'],Coach.,0.0,"['None.', 'None.', 'Coach.', 'Coach.', 'None.', 'None.', 'Coach.', 'Vuitton.', 'Unknown.', 'Versace.']",1.4184836619456564,What name is on the woman's black bag?,,False,0.8140452349615311,1,incorrect_low
validation::4919,['dolphin'],Dolphin.,1.0,"['Dolphin.', 'Dolphin.', 'Fish.', 'Dolphin.', 'Water ski.', 'Dolphin.', 'Dolphin.', 'Dolphin.', 'Dolphin.', 'Dolphin.']",0.639031859650177,What is the woman standing on?,,True,0.8140452349615311,0,correct_high
validation::4920,['the'],The.,1.0,"['The.', 'The.', 'The.', 'The.', 'On.', 'The.', 'The.', 'The.', 'The.', 'The.']",0.3250829733914482,What is the first word on the poster behind the man with the glasses?,,True,0.8140452349615311,0,correct_high
validation::4921,['2e85'],2e85.,1.0,"['2e85.', '2e85.', '2e85.', '2e85.', '2e85.', '2e85.', '2e85.', '2e85.', '2e85.', '2e85.']",-0.0,what letters and numbers are on the top front of the train?,,True,0.8140452349615311,0,correct_high
validation::4922,['2'],2.,1.0,"['2.', '2.', '2.', '2.', '3.', '3.', '2.', '2.', '3.', '2.']",0.6108643020548935,How many green rooves do you see?,,True,0.8140452349615311,0,correct_high
validation::4923,['female'],Male.,0.0,"['Male.', 'Female.', 'Female.', 'Female.', 'Male.', 'Male.', 'Female.', 'Male.', 'Female.', 'Male.']",0.6931471805599453,What gender is the person riding the horse?,,False,0.8140452349615311,0,incorrect_high
validation::4924,['3'],3.,1.0,"['3.', '3.', '3.', '3.', '3.', '3.', '3.', '3.', '3.', '3.']",-0.0,How many animals in this picture?,,True,0.8140452349615311,0,correct_high
validation::4927,['balloon'],Balloon.,1.0,"['Balloon.', 'Balloon.', 'Balloon.', 'Balloon.', 'Balloon.', 'Balloon.', 'Balloon.', 'Balloon.', 'Balloon.', 'Balloon.']",-0.0,what is the little girl holding in her left hand?,,True,0.8140452349615311,0,correct_high
validation::493,['2'],2.,1.0,"['2.', '2.', '2.', '2.', '2.', '2.', '2.', '2.', '2.', '2.']",-0.0,What is the number of the batter?,,True,0.8140452349615311,0,correct_high
validation::4931,['1'],1.,1.0,"['1.', '1.', '1.', '1.', '0.', '2.', '1.', '2.', '2.', '2.']",0.9433483923290392,How many animals are shown looking at the camera taking the picture?,,True,0.8140452349615311,1,correct_low
validation::4932,['white black and ginger'],"Black, white, brown.",1.0,"['Black white and brown.', 'White, yellow, black.', 'White black and brown.', 'Brown, black and white.', 'Black, orange and white.', 'Black, white, brown.', 'Black white and brown.', 'Brown, black, and white.', 'Black, white, and brown.', 'White black and brown.']",1.0888999753452238,What are the three colors on the cat?,,False,0.8140452349615311,1,incorrect_low
validation::4933,['left'],Right.,0.0,"['Right.', 'Right.', 'Right.', 'Left.', 'Right.', 'Right.', 'Right.', 'Right.', 'Right.', 'Right.']",0.3250829733914482,Is the propellor plane on the left or right?,,False,0.8140452349615311,0,incorrect_high
validation::4934,['12'],12.,1.0,"['12.', '12.', '10.', '10.', '12.', '12.', '8.', '12.', '12.', '8.']",0.9502705392332348,How many legs are in this image included hidden?,,True,0.8140452349615311,1,correct_low
validation::4936,['2'],2.,1.0,"['2.', '2.', '2.', '3.', '2.', '2.', '2.', '3.', '3.', '4.']",0.8979457248567797,How many children are there?,,True,0.8140452349615311,1,correct_low
validation::4938,['sad'],Anger.,0.0,"['Anger.', 'Anger.', 'Frowny.', 'Anger.', 'Anger.', 'Anger.', 'Anger.', 'Anger.', 'Frowning.', 'Anger.']",0.5004024235381879,What face expression is the red light portraying?,,False,0.8140452349615311,0,incorrect_high
validation::4949,['2'],0.,0.0,"['2.', '5.', '0.', '4.', '0.', '1.', '3.', '3.', '1.', '0.']",1.6957425341696348,how many hands are visible on the railing?,,False,0.8140452349615311,1,incorrect_low
validation::495,['twitter'],Twitter.,1.0,"['Twitter.', 'Twitter.', 'Twitter.', 'Twitter.', 'Twitter.', 'Twitter.', 'Twitter.', 'Twitter.', 'Twitter.', 'Twitter.']",-0.0,What website is open on the laptop?,,True,0.8140452349615311,0,correct_high
validation::4951,['checkers'],Checkers.,1.0,"['Checker.', 'Checkers.', 'Chess.', 'Chess.', 'Chess.', 'Checkers.', 'Checkers.', 'Chess.', 'Chess.', 'Checkers.']",0.9433483923290392,What is the name of the game set up on the table?,,True,0.8140452349615311,1,correct_low
validation::4953,['ball'],Kite.,0.0,"['Kite.', 'Kite.', 'Kite.', 'Kite.', 'Kite.', 'Kite.', 'Kite.', 'Kite.', 'Nothing.', 'Kite.']",0.3250829733914482,What is the little girl in pink holding?,,False,0.8140452349615311,0,incorrect_high
validation::4955,['white'],White.,1.0,"['White.', 'White.', 'White.', 'White.', 'White.', 'White.', 'White.', 'White.', 'White.', 'White.']",-0.0,What color is the fabric behind the couch against the wall?,,True,0.8140452349615311,0,correct_high
validation::4957,['black'],Black.,1.0,"['Black.', 'Black.', 'Black.', 'Black.', 'Black.', 'Black.', 'Black.', 'Black.', 'Black.', 'Black.']",-0.0,What color is the girl's hair bow?,,True,0.8140452349615311,0,correct_high
validation::4959,['s'],S.,1.0,"['S.', 'S.', 'S.', 'R.', 'S.', 'S.', 'K.', 'S.', 'S.', 'S.']",0.639031859650177,What letter can you clearly see in the right corner of the image?,,True,0.8140452349615311,0,correct_high
validation::4961,['dell'],Dell.,1.0,"['Dell.', 'Dell.', 'Dell.', 'Dell.', 'Dell.', 'Dell.', 'Dell.', 'Dell.', 'Dell.', 'Dell.']",-0.0,What is the brand of the laptop?,,True,0.8140452349615311,0,correct_high
validation::4962,['black'],Black.,1.0,"['Black.', 'Black.', 'Black.', 'Black.', 'Black.', 'Black.', 'Black.', 'Black.', 'Black.', 'Black.']",-0.0,What color is on the umbrella's besides yellow and white?,,True,0.8140452349615311,0,correct_high
validation::4965,['4'],4.,1.0,"['3.', '5.', '5.', '6.', '4.', '3.', '2.', '4.', '4.', '3.']",1.5047882836811908,how many shakers on rear table?,,True,0.8140452349615311,1,correct_low
validation::4966,['right'],Right.,1.0,"['Right.', 'Right.', 'Right.', 'Right.', 'Right.', 'Right.', 'Right.', 'Right.', 'Right.', 'Right.']",-0.0,Is the visible fabric hand towel to the right or left of the sink it's next to?,,True,0.8140452349615311,0,correct_high
validation::4967,['1'],3.,0.0,"['4.', '3.', '4.', '3.', '4.', '4.', '3.', '3.', '3.', '4.']",0.6931471805599453,How many sheep are in the sunlight?,,False,0.8140452349615311,0,incorrect_high
validation::4968,['left'],Right.,0.0,"['Right.', 'Right.', 'Left.', 'Right.', 'Right.', 'Left.', 'Right.', 'Right.', 'Right.', 'Left.']",0.6108643020548935,Which hand is the man holding the umbrella with?,,False,0.8140452349615311,0,incorrect_high
validation::497,['green and red'],Blue and red.,1.0,"['Blue and red.', 'Blue and red.', 'Red and blue.', 'Blue and white.', 'Blue and red.', 'Red and blue.', 'Red and blue.', 'Red and green.', 'Blue and green.', 'Blue and red.']",0.9404479886553264,what two colors are the lights on the bottom of the laptop?,,False,0.8140452349615311,1,incorrect_low
validation::4970,['4'],2.,0.0,"['2.', '2.', '2.', '2.', '2.', '2.', '3.', '2.', '2.', '2.']",0.3250829733914482,how many paws do you see?,,False,0.8140452349615311,0,incorrect_high
validation::4973,['pickle'],Pickle.,1.0,"['Pickle.', 'Pickle.', 'Pickle.', 'Pickle.', 'Pickle.', 'Pickle.', 'Pickle.', 'Pickle.', 'Pickle.', 'Pickle.']",-0.0,What is on top of the slaw?,,True,0.8140452349615311,0,correct_high
validation::4975,['1'],1.,1.0,"['1.', '1.', '3.', '5.', '3.', '3.', '1.', '2.', '2.', '2.']",1.313834033192747,how many silver trains are in the image?,,True,0.8140452349615311,1,correct_low
validation::4977,['2'],3.,0.0,"['3.', '2.', '2.', '3.', '5.', '3.', '1.', '2.', '3.', '2.']",1.193549604098133,How many dark spots are on the cats back?,,False,0.8140452349615311,1,incorrect_low
validation::4978,['3'],1.,0.0,"['1.', '1.', '1.', '1.', '1.', '1.', '1.', '1.', '1.', '1.']",-0.0,How many engines are visible?,,False,0.8140452349615311,0,incorrect_high
validation::498,['chest'],Chest.,1.0,"['Chest.', 'Chest.', 'Chest.', 'Chest.', 'Chest.', 'Chest.', 'Chest.', 'Chest.', 'Chest.', 'Chest.']",-0.0,"Which part of the toucan has a lighter shade of yellow, the bill or the chest?",,True,0.8140452349615311,0,correct_high
validation::4982,['bears'],Stuffed animals.,0.0,"['Toys.', 'Teddy bears.', 'Teddy bears.', 'Teddy bears.', 'Bears.', 'Stuffed animals.', 'Stuffed animals.', 'Muppets.', 'Stuffed animals.', 'Bears.']",1.5047882836811908,What are dressed as soldiers?,,True,0.8140452349615311,1,correct_low
validation::4983,['star'],Star.,1.0,"['Star.', 'Star.', 'Star.', 'Star.', 'Star.', 'Star.', 'Star.', 'Star.', 'Star.', 'Star.']",-0.0,What is hanging on the wall?,,True,0.8140452349615311,0,correct_high
validation::4992,['right'],Left.,0.0,"['Left.', 'Left.', 'Left.', 'Left.', 'Right.', 'Right.', 'Left.', 'Right.', 'Left.', 'Left.']",0.6108643020548935,Which hand is in the air?,,False,0.8140452349615311,0,incorrect_high
validation::4996,['10'],3.,0.0,"['3.', '5.', '4.', '5.', '3.', '4.', '2.', '5.', '6.', '1.']",1.6957425341696346,how many floor tiles are touching the kite,,False,0.8140452349615311,1,incorrect_low
validation::4997,['2'],2.,1.0,"['1.', '2.', '2.', '2.', '2.', '3.', '2.', '2.', '2.', '3.']",0.8018185525433373,How many hot dogs are on the plate?,,True,0.8140452349615311,0,correct_high
validation::500,['1'],0.,0.0,"['0.', '1.', '2.', '0.', '0.', '0.', '2.', '0.', '0.', '0.']",0.8018185525433373,How many hands are up in the air?,,False,0.8140452349615311,0,incorrect_high
validation::5002,['blue'],Blue.,1.0,"['Blue.', 'Black.', 'Blue.', 'No scarf.', 'Blue.', 'Blue.', 'Blue.', 'Blue.', 'Blue.', 'Blue.']",0.639031859650177,What color scarf is the girl in the green jacket wearing?,,True,0.8140452349615311,0,correct_high
validation::5003,['white and black'],White and brown.,1.0,"['White and black.', 'Black and white.', 'White and brown.', 'White and black.', 'Black and white.', 'Black and white.', 'White and black.', 'Black and white.', 'Black and white.', 'Black and white.']",0.3250829733914482,What 2 colors is the dog?,,False,0.8140452349615311,0,incorrect_high
validation::5004,['3'],2.,0.0,"['2.', '1.', '1.', '1.', '1.', '2.', '2.', '1.', '2.', '1.']",0.6730116670092565,How many roman numerals below the billboard?,,False,0.8140452349615311,0,incorrect_high
validation::5007,['red'],Red.,1.0,"['Red.', 'White.', 'White.', 'Red.', 'Red.', 'Red.', 'Red.', 'Red.', 'Red.', 'Red.']",0.5004024235381879,What color is the crosswalk?,,True,0.8140452349615311,0,correct_high
validation::5009,['3'],1.,0.0,"['1.', '2.', '1.', '2.', '1.', '1.', '1.', '1.', '0.', '2.']",0.8979457248567797,How many benches are visible?,,False,0.8140452349615311,1,incorrect_low
validation::501,['fun never smelled so good'],Fun never stops.,1.0,"['Fun never stops.', 'Fun never goes out of style.', 'Fun never.', 'Fun never gets.', 'Fun never stops.', 'Fun never stops.', 'Fun never stops.', 'Fun never stops.', 'Fun never stops.', 'Fun never goes.']",0.5004024235381879,What does the top part of the sign in the left window say?,,False,0.8140452349615311,0,incorrect_high
validation::5010,['2'],2.,1.0,"['2.', '1.', '2.', '1.', '2.', '2.', '1.', '2.', '1.', '2.']",0.6730116670092565,How many eyes can be seen?,,True,0.8140452349615311,0,correct_high
validation::5017,['3'],3.,1.0,"['3.', '2.', '4.', '3.', '3.', '4.', '3.', '3.', '3.', '3.']",0.8018185525433373,How many people are sitting in chairs?,,True,0.8140452349615311,0,correct_high
validation::5020,['90020'],90015.,0.0,"['90019.', '165285.', '90041.', '90027.', '90043.', '90032.', '90041.', '165.', 'Unknown.', '5.']",2.163955656882057,What number is written on the front of the train?,,False,0.8140452349615311,1,incorrect_low
validation::5021,['1'],1.,1.0,"['1.', '1.', '1.', '1.', '1.', '1.', '1.', '1.', '1.', '1.']",-0.0,How many pockets on front of man's shirt?,,True,0.8140452349615311,0,correct_high
validation::5022,['cakebread cellars'],Cakebread cellars.,1.0,"['Cookbread cellars.', 'Lakebread cellars.', 'Cakebread cellars.', 'Carneros cellars.', 'Lakewood.', 'Cakebread.', 'California.', 'Cardbread cellars.', 'Cache creek.', 'Sakebread cellars.']",2.163955656882057,What vineyard is printed on the glasses?,,True,0.8140452349615311,1,correct_low
validation::5027,['right'],Left.,0.0,"['Right.', 'Down.', 'Right.', 'Up.', 'Left.', 'Left.', 'Right.', 'Left.', 'Right.', 'Left.']",1.1935496040981333,what direction in the cat looking?,,False,0.8140452349615311,1,incorrect_low
validation::5030,['tights'],Jeans.,0.0,"['Shorts.', 'Socks.', 'Jeans.', 'Jeans.', 'Socks.', 'Socks.', 'Shorts.', 'Shorts.', 'Jeans.', 'Jeans.']",1.0888999753452238,What is on the legs of the person closest to the camera?,,False,0.8140452349615311,1,incorrect_low
validation::5031,"['brown, black and white']","Black, brown, white.",1.0,"['Brown, black, white.', 'Black, brown, white.', 'Brown, black, white.', 'Black, brown, and white.', 'Black, brown and white.', 'Black brown and white.', 'Black, brown, and white.', 'Black brown and white.', 'Brown black white.', 'Black, brown, white.']",0.5004024235381879,What 3 colors make up the animals?,,True,0.8140452349615311,0,correct_high
validation::5033,['55'],55.,1.0,"['55.', '55.', '55.', '55.', '55.', '55.', '55.', '55.', '55.', '55.']",-0.0,What number is lit up above the traffic light?,,True,0.8140452349615311,0,correct_high
validation::5036,['sidewalk'],Street.,0.0,"['Side of road.', 'Street.', 'Street.', 'Sidewalk.', 'Street.', 'Street.', 'Street.', 'Street.', 'Street.', 'Street.']",0.3250829733914482,Where is the car parked?,,False,0.8140452349615311,0,incorrect_high
validation::5037,['surftotal'],Total.,0.0,"['Gov total.', 'Nothing.', 'Total.', 'Total.', 'Volcom.', 'Sunctotal.', 'Surf total.', 'Banzai.', 'Total.', 'Total.']",1.7480673485460891,What's written on the second yellow surf board from the left?,,True,0.8140452349615311,1,correct_low
validation::504,['books'],Books.,1.0,"['Books.', 'Books.', 'Books.', 'Books.', 'Books.', 'Books.', 'Books.', 'Books.', 'Books.', 'Books.']",-0.0,what can you check out here?,,True,0.8140452349615311,0,correct_high
validation::5040,['2'],3.,0.0,"['0.', '0.', '3.', '3.', '3.', '2.', '2.', '2.', '3.', '4.']",1.2798542258336674,how many yellow cabs?,,False,0.8140452349615311,1,incorrect_low
validation::5042,['sunglasses'],Hat.,0.0,"['Hat.', 'Hat.', 'Hat.', 'Hat.', 'Hat.', 'Yarmulke.', 'Hat.', 'Hat.', 'Sunglasses.', 'Hat.']",0.639031859650177,what is on the guys bald head?,,False,0.8140452349615311,0,incorrect_high
validation::5048,['2'],2.,1.0,"['3.', '3.', '3.', '2.', '2.', '2.', '3.', '3.', '2.', '2.']",0.6931471805599453,How many dormers are visible on the building?,,True,0.8140452349615311,0,correct_high
validation::5049,['blue and white'],Blue and white.,1.0,"['Blue and green.', 'Black and blue.', 'Blue and white.', 'Blue and yellow.', 'Blue.', 'Blue, black and white.', 'Blue.', 'Blue and yellow.', 'Blue.', 'White and blue.']",1.6957425341696346,What are the colors of the racquet?,,True,0.8140452349615311,1,correct_low
validation::505,['fire department'],Fire.,1.0,"['Fire department.', 'Fire department.', 'Fire Department.', 'Fire Department.', 'Arch Street Vol Fire Department.', 'Fire.', 'Fire department.', 'Fire department.', 'Fire.', 'Fire.']",0.3250829733914482,what department building is shown in the image?,,True,0.8140452349615311,0,correct_high
validation::5050,['3'],4.,0.0,"['4.', '3.', '4.', '5.', '3.', '4.', '2.', '3.', '3.', '4.']",1.193549604098133,How many glasses,,False,0.8140452349615311,1,incorrect_low
validation::5051,['802'],802.,1.0,"['802.', '802.', '802.', '802.', '802.', '802.', '802.', '802.', '802.', '802.']",-0.0,what are the first 3 numbers on the license plate?,,True,0.8140452349615311,0,correct_high
validation::5057,['strainer'],Colander.,0.0,"['Strainer.', 'Strainer.', 'Strainer.', 'Strainer.', 'Strainer.', 'Colander.', 'Strainer.', 'Colander.', 'Strainer.', 'Table.']",0.8018185525433372,What are the bananas sitting on?,,True,0.8140452349615311,0,correct_high
validation::5059,['comb'],Toothbrush holder.,0.0,"['Toothbrush holder.', 'Toothbrush holder.', 'Toothbrush holder.', 'Toothbrush holder.', 'Toothbrush.', 'Toothbrush holder.', 'Toothbrush holder.', 'Toothbrush holder.', 'Toothbrush holder.', 'Toothbrush holder.']",0.3250829733914482,What is the blue item called?,,False,0.8140452349615311,0,incorrect_high
validation::5064,['1'],1.,1.0,"['1.', '1.', '1.', '1.', '1.', '1.', '1.', '1.', '1.', '1.']",-0.0,How many pair of shoes are there?,,True,0.8140452349615311,0,correct_high
validation::5065,['shaking hands'],Shaking hands.,1.0,"['Shaking hands.', 'Shaking hands.', 'Shaking hands.', 'Tennis.', 'Shaking hands.', 'Shaking hands.', 'Shaking hands.', 'Shaking hands.', 'Shaking hands.', 'Shaking hands.']",0.3250829733914482,What are the two women in front doing?,,True,0.8140452349615311,0,correct_high
validation::5067,['green'],Green.,1.0,"['Yellow.', 'Yellow.', 'Gray.', 'Gray.', 'Gray.', 'Silver.', 'Gray.', 'Gray.', 'Green.', 'Gray.']",1.0888999753452235,What color is the plane?,,True,0.8140452349615311,1,correct_low
validation::5070,['1'],2.,0.0,"['0.', '2.', '4.', '2.', '3.', '0.', '3.', '2.', '2.', '2.']",1.2206072645530175,How many bushes?,,False,0.8140452349615311,1,incorrect_low
validation::5071,['4'],2.,0.0,"['2.', '5.', '3.', '4.', '4.', '2.', '2.', '3.', '2.', '4.']",1.2798542258336676,How many blue pillows total are seen?,,False,0.8140452349615311,1,incorrect_low
validation::5072,['cake'],Fork.,0.0,"['Fork.', 'Napkin.', 'Fork and knife.', 'Fork.', 'Fork.', 'Napkin.', 'Napkin.', 'Fork.', 'Fork.', 'Fork.']",0.8979457248567797,What is the woman holding in her left hand?,,False,0.8140452349615311,1,incorrect_low
validation::5073,['9'],10.,0.0,"['9.', '10.', '10.', '9.', '10.', '9.', '8.', '7.', '9.', '8.']",1.2798542258336674,how many animals?,,False,0.8140452349615311,1,incorrect_low
validation::5076,['pink and black'],Black and yellow.,1.0,"['Black and yellow.', 'Black and yellow.', 'Black and yellow.', 'Black and yellow.', 'Black and yellow.', 'Black and yellow.', 'Black and yellow.', 'Black and yellow.', 'Yellow and black.', 'Black and yellow.']",-0.0,what 2 colors are on the comb,,False,0.8140452349615311,0,incorrect_high
validation::5077,['stop'],Walk.,0.0,"['Stop.', 'Walk.', 'Walk.', 'Walk.', 'Walk.', 'Walk.', 'Walk.', 'Stop.', 'Walk.', 'Stop.']",0.6108643020548935,Is there a walk or a stop signal shown on the traffic light?,,False,0.8140452349615311,0,incorrect_high
validation::5080,['2'],1.,0.0,"['2.', '2.', '1.', '2.', '1.', '1.', '1.', '1.', '1.', '2.']",0.6730116670092565,How many elephant calf are present?,,False,0.8140452349615311,0,incorrect_high
validation::5085,['3'],3.,1.0,"['3.', '3.', '3.', '4.', '3.', '3.', '3.', '3.', '3.', '3.']",0.3250829733914482,how many visible legs are on the table?,,True,0.8140452349615311,0,correct_high
validation::5087,['sign'],Box.,0.0,"['Box.', 'Box.', 'Tire.', 'License plate.', 'Tire.', 'License plate.', 'Paper bag.', 'Bottle.', 'Bag.', 'Box.']",1.6957425341696346,What is setting on the back of the green bike?,,False,0.8140452349615311,1,incorrect_low
validation::5090,['right'],Right.,1.0,"['Right.', 'Right.', 'Right.', 'Right.', 'Right.', 'Right.', 'Right.', 'Right.', 'Right one.', 'Right.']",-0.0,which phone is darker?,,True,0.8140452349615311,0,correct_high
validation::5092,['keyboard'],Keyboard.,1.0,"['Keyboard.', 'Keyboard.', 'Keyboard.', 'Keyboard.', 'Keyboard.', 'Keyboard.', 'Keyboard.', 'Keyboard.', 'Keyboard.', 'Keyboard.']",-0.0,what electronic device is under the laptop?,,True,0.8140452349615311,0,correct_high
validation::5094,['m'],M.,1.0,"['N.', 'M', 'M.', 'M.', 'M.', 'M.', 'M.', 'M.', 'M', 'M.']",0.3250829733914482,What is the first letter of the second word on the banner behind them?,,True,0.8140452349615311,0,correct_high
validation::5095,['salt'],Salt.,1.0,"['Salt.', 'Salt.', 'Salt.', 'Salt.', 'Salt.', 'Salt.', 'Salt.', 'Salt.', 'Salt.', 'Salt.']",-0.0,what is on the edge of the cup?,,True,0.8140452349615311,0,correct_high
validation::51,['hammock'],Hammock.,1.0,"['Hammock.', 'Sled.', 'Hammock.', 'Hammock.', 'Hammock.', 'Hammock.', 'Hammock.', 'Hammock.', 'Platform.', 'Swing.']",0.9404479886553264,What is the bear on?,,True,0.8140452349615311,1,correct_low
validation::5102,['6'],4.,0.0,"['4.', '3.', '5.', '4.', '4.', '4.', '4.', '3.', '4.', '3.']",0.8979457248567797,How many number are there in the bottom left corner?,,False,0.8140452349615311,1,incorrect_low
validation::5107,['beer'],Beer.,1.0,"['Beer.', 'Beer.', 'Beer.', 'Beer.', 'Beer.', 'Beer.', 'Beer.', 'Beer.', 'Beer.', 'Beer.']",-0.0,What is in the glass behind the bread plate?,,True,0.8140452349615311,0,correct_high
validation::5108,['1'],1.,1.0,"['1.', '2.', '1.', '1.', '2.', '1.', '2.', '1.', '1.', '1.']",0.6108643020548935,How many birds are not flying?,,True,0.8140452349615311,0,correct_high
validation::5116,['33'],33.,1.0,"['33.', '33.', '33.', '33.', '33.', '33.', '33.', '33.', '33.', '23.']",0.3250829733914482,What number is on the blue shirt?,,True,0.8140452349615311,0,correct_high
validation::5118,['2'],2.,1.0,"['2.', '1.', '1.', '2.', '1.', '2.', '1.', '1.', '2.', '2.']",0.6931471805599453,How many items is the person holding up?,,True,0.8140452349615311,0,correct_high
validation::5123,['0'],2.,0.0,"['2.', '3.', '2.', '2.', '2.', '2.', '2.', '2.', '2.', '2.']",0.3250829733914482,How many airplanes are flying under the bridge?,,False,0.8140452349615311,0,incorrect_high
validation::5125,['white'],Silver.,0.0,"['Black.', 'Silver.', 'Black.', 'Black.', 'Silver.', 'Silver.', 'Silver.', 'Black and silver.', 'Silver.', 'Black.']",0.9433483923290392,What color is the front suspension?,,False,0.8140452349615311,1,incorrect_low
validation::5131,['4'],4.,1.0,"['4.', '4.', '4.', '2.', '4.', '4.', '4.', '4.', '4.', '4.']",0.3250829733914482,how many eyes?,,True,0.8140452349615311,0,correct_high
validation::5132,['5'],4.,0.0,"['4.', '4.', '4.', '4.', '4.', '4.', '4.', '4.', '5.', '4.']",0.3250829733914482,How many spokes does the wheel on the gray car have?,,False,0.8140452349615311,0,incorrect_high
validation::5137,['2'],1.,0.0,"['1.', '2.', '2.', '1.', '2.', '2.', '2.', '1.', '1.', '2.']",0.6730116670092565,How many people are in the photo?,,False,0.8140452349615311,0,incorrect_high
validation::5138,['2'],3.,0.0,"['3.', '3.', '3.', '3.', '3.', '3.', '3.', '3.', '3.', '3.']",-0.0,How many lines visible in the crosswalk nearest the woman?,,False,0.8140452349615311,0,incorrect_high
validation::5139,['red'],Purple.,0.0,"['Red.', 'Brown.', 'Purple.', 'Purple.', 'Brown.', 'Purple.', 'Purple.', 'Purple.', 'Multi-colored.', 'Purple.']",1.0888999753452235,What color is the flower like shape in the vase?,,False,0.8140452349615311,1,incorrect_low
validation::5146,['green'],Green.,1.0,"['Green.', 'Yellow.', 'White.', 'Blue.', 'Green.', 'Green.', 'Green.', 'Green.', 'Green.', 'Green.']",0.9404479886553264,What color is the train's roof?,,True,0.8140452349615311,1,correct_low
validation::5147,['8'],3.,0.0,"['1.', '3.', '4.', '5.', '1.', '3.', '3.', '4.', '4.', '3.']",1.2798542258336674,How many of the dog's nails are visible?,,False,0.8140452349615311,1,incorrect_low
validation::515,['4'],4.,1.0,"['4.', '4.', '4.', '4.', '4.', '4.', '4.', '4.', '4.', '4.']",-0.0,What is the number of the athelete in white at the front of the image?,,True,0.8140452349615311,0,correct_high
validation::5150,['heart'],Heart.,1.0,"['Heart.', 'Heart.', 'Heart.', 'Heart.', 'Heart.', 'Heart.', 'Heart.', 'Heart.', 'Heart.', 'Heart.']",-0.0,"What is the shape seen next to the word ""you"" on the container above the pizza on the left?",,True,0.8140452349615311,0,correct_high
validation::5155,['y'],Y.,1.0,"['W.', 'Y.', 'Y.', 'E.', 'U.', 'Y.', 'F.', 'Y.', 'Y.', 'Y.']",1.2275294114572126,What is the 4th character if the license plate?,,True,0.8140452349615311,1,correct_low
validation::516,['bracelet'],Watch.,0.0,"['Watch.', 'Nothing.', 'Bracelet.', 'Watch.', 'Watch.', 'Watch.', 'Bracelet.', 'Watch.', 'Watch.', 'Nothing.']",0.9502705392332348,What is on the wrist of the woman to the right?,,False,0.8140452349615311,1,incorrect_low
validation::5160,['brown'],Blonde.,0.0,"['Blonde.', 'Blonde.', 'Blonde.', 'Blonde.', 'Blonde.', 'Blonde.', 'Blonde.', 'Blonde.', 'Blonde.', 'Blonde.']",-0.0,What color is the boy's hair?,,False,0.8140452349615311,0,incorrect_high
validation::5163,['6'],4.,0.0,"['4.', '4.', '4.', '3.', '3.', '3.', '4.', '2.', '4.', '4.']",0.8979457248567797,How many pieces of bread are left on the bread plate in the center?,,False,0.8140452349615311,1,incorrect_low
validation::5168,['4'],4.,1.0,"['8.', '7.', '4.', '11.', '0.', '4.', '6.', '4.', '4.', '6.']",1.6094379124341005,How many cinnamon rolls are on the clear rectangle tray 2nd from the lower right?,,True,0.8140452349615311,1,correct_low
validation::5169,['3'],4.,0.0,"['3.', '5.', '2.', '0.', '5.', '0.', '4.', '6.', '4.', '4.']",1.6957425341696346,How many hands are clearly visible?,,False,0.8140452349615311,1,incorrect_low
validation::5172,['open'],Open.,1.0,"['Open.', 'Open.', 'Open.', 'Open.', 'Open.', 'Open.', 'Open.', 'Open.', 'Open.', 'Open.']",-0.0,Are the birds' mouths open or closed?,,True,0.8140452349615311,0,correct_high
validation::5173,['1'],2.,0.0,"['2.', '3.', '2.', '3.', '5.', '2.', '3.', '3.', '3.', '3.']",0.8979457248567797,How many vessels are clearly visible behind the man standing on the boat?,,False,0.8140452349615311,1,incorrect_low
validation::5174,['2'],2.,1.0,"['2.', '2.', '2.', '2.', '2.', '2.', '2.', '2.', '3.', '1.']",0.639031859650177,How many mobile homes are shown?,,True,0.8140452349615311,0,correct_high
validation::5178,['2'],3.,0.0,"['4.', '2.', '2.', '3.', '3.', '3.', '4.', '2.', '3.', '2.']",1.0549201679861442,How many kites are in the sky?,,False,0.8140452349615311,1,incorrect_low
validation::5179,['nose'],Eyes.,0.0,"['Nose.', 'Eyes.', 'Eyes.', 'Eyes.', 'Nose.', 'Nose.', 'Eyes.', 'Eyes.', 'Eyes.', 'Eyes.']",0.6108643020548935,Which body part on the person's face is visible?,,False,0.8140452349615311,0,incorrect_high
validation::5183,['57'],57.,1.0,"['57.', '57.', '57.', '57.', '57.', '57.', '57.', '57.', '57.', '57.']",-0.0,What is the number on the door?,,True,0.8140452349615311,0,correct_high
validation::5185,['unanswerable'],None.,0.0,"['Unknown.', 'Dasani.', 'None.', 'Dasani.', 'None.', 'Dasani.', 'Dasani.', 'H.', 'None.', 'None.']",1.1935496040981333,what brand is on the cup?,,True,0.8140452349615311,1,correct_low
validation::5188,['fish'],Fish.,1.0,"['Fish.', 'Fish.', 'Fish.', 'Fish.', 'Fish.', 'Big fish.', 'Fish.', 'Fish.', 'Fish.', 'Fish.']",0.3250829733914482,What is the image on the tie?,,True,0.8140452349615311,0,correct_high
validation::519,['skirt'],Shorts.,0.0,"['Shorts.', 'Shorts.', 'Shorts.', 'Shorts.', 'Shorts.', 'Shorts.', 'Shorts.', 'shorts.', 'Shorts.', 'Shorts.']",-0.0,is the woman wearing shorts or a skirt?,,False,0.8140452349615311,0,incorrect_high
validation::5198,['express'],Express.,1.0,"['Express.', 'Express.', 'Express.', 'Express.', 'Express.', 'Express.', 'Express.', 'Express.', 'Express.', 'Express.']",-0.0,What is the word that starts with an E on the side of the plane?,,True,0.8140452349615311,0,correct_high
validation::5199,['353'],353.,1.0,"['353.', '353.', '353.', '353.', '353.', '353.', '353.', '353.', '353.', '353.']",-0.0,What number is on the train?,,True,0.8140452349615311,0,correct_high
validation::52,['what is the pickup line today'],What is the pitchup line today.,1.0,"['What is the pick up line today.', 'What is the pick up line today.', 'What is the pickup line today.', 'What is the pickup line today.', 'What is the pickup line today.', 'What is the pick up line today.', 'What is the pitchup line today.', 'What is the pickup line today.', 'What is the pitchup line today.', 'What is the pitchup line today.']",-0.0,What is written on the cake?,,False,0.8140452349615311,0,incorrect_high
validation::520,['blonde'],Brown.,0.0,"['Brown.', 'Blonde.', 'Red.', 'Brown.', 'Blonde.', 'Red.', 'Brown.', 'Brown.', 'Brown.', 'Blonde.']",1.0296530140645737,What color is the man's hair?,,False,0.8140452349615311,1,incorrect_low
validation::5201,['3'],2.,0.0,"['3.', '2.', '2.', '2.', '2.', '2.', '3.', '2.', '2.', '2.']",0.5004024235381879,How many helmets?,,False,0.8140452349615311,0,incorrect_high
validation::5202,['3'],3.,1.0,"['3.', '2.', '4.', '3.', '3.', '3.', '3.', '3.', '3.', '4.']",0.8018185525433373,How many people with red jackets are in the circle?,,True,0.8140452349615311,0,correct_high
validation::5206,['19'],15.,0.0,"['18.', '20.', '15.', '15.', '17.', '18.', '14.', '14.', '14.', '17.']",1.5571130980576458,how many birds are sitting on the water?,,False,0.8140452349615311,1,incorrect_low
validation::5207,['4'],3.,0.0,"['3.', '3.', '3.', '3.', '3.', '3.', '3.', '3.', '3.', '3.']",-0.0,How many buttons are on the sleeve of the suit?,,False,0.8140452349615311,0,incorrect_high
validation::5209,['boat'],Car.,0.0,"['Car.', 'Car.', 'Car.', 'Boat.', 'Black car.', 'Car.', 'Boat.', 'Black car.', 'Boat.', 'Car.']",0.6108643020548935,Is the black car or the boat closer to the water?,,False,0.8140452349615311,0,incorrect_high
validation::521,['flowers'],Wrist.,0.0,"['Wrist.', 'Wrist.', 'Wedding bouquet.', 'Wrist.', 'Wrist.', 'Wrist.', 'Wrist.', 'Wrist.', 'Wrist.', 'Wrist.']",0.3250829733914482,what is the man grabbing?,,False,0.8140452349615311,0,incorrect_high
validation::5210,['3'],2.,0.0,"['2.', '2.', '1.', '1.', '1.', '0.', '1.', '1.', '3.', '1.']",1.0888999753452235,How many people have their mouths open?,,False,0.8140452349615311,1,incorrect_low
validation::5216,['green'],Green.,1.0,"['Green.', 'Green.', 'Green.', 'Green.', 'Green.', 'Green.', 'Green.', 'Green.', 'Green.', 'Green.']",-0.0,what color is the rear bucket?,,True,0.8140452349615311,0,correct_high
validation::5218,['tent'],Shelter.,0.0,"['Shelter.', 'Ski lift.', 'Building.', 'Shelter.', 'Fence.', 'Lift.', 'building.', 'Sled.', 'Building.', 'Shelter.']",1.2275294114572126,What is the orange object on the right?,,True,0.8140452349615311,1,correct_low
validation::5219,['space bar'],Number pad.,0.0,"['Number pad.', 'Number pad.', 'Number pad.', 'Number pad.', 'Number pad.', 'Number pad.', 'Letters.', 'F keys.', 'Number pad.', 'Number pad.']",0.639031859650177,What part of the keyboard are the fingers resting on?,,False,0.8140452349615311,0,incorrect_high
validation::5220,['yellow and red'],Yellow and red.,1.0,"['Yellow and red.', 'Yellow and red.', 'Yellow and red.', 'Yellow and red.', 'Red and yellow.', 'Yellow and red.', 'Yellow and red.', 'Yellow and red.', 'Yellow and red.', 'Red and yellow.']",-0.0,What are the two kinds of carrots he's selling according to the signs?,,True,0.8140452349615311,0,correct_high
validation::5221,['unanswerable'],Toy.,0.0,"['Toy.', 'Toy.', 'Toy.', 'Toy.', 'Toy.', 'Toy.', 'Toys.', 'Tissue.', 'Toy.', 'Air freshener.']",0.639031859650177,What is hanging from the doorknob in the background?,,False,0.8140452349615311,0,incorrect_high
validation::5222,['north temple'],State st.,0.0,"['State st.', 'S 4th st.', '3900 s.', 'D. state blvd.', 'State st.', '50 n.', 'Bluff st.', 'Idaho.', 'Onn St.', 'S state st.']",2.163955656882057,What street would a car that is turning left enter?,,False,0.8140452349615311,1,incorrect_low
validation::5223,['below'],Above.,0.0,"['Below.', 'Above.', 'Above.', 'Above.', 'Above.', 'Above.', 'Above.', 'Below.', 'Above.', 'Below.']",0.6108643020548935,Is the wallet above or below the phone on the table in the foreground?,,False,0.8140452349615311,0,incorrect_high
validation::5224,['white'],Brown.,0.0,"['White.', 'Brown.', 'Brown.', 'Brown.', 'Brown.', 'Brown.', 'Brown.', 'Brown.', 'Brown.', 'Brown.']",0.3250829733914482,What color is the glaze on the donut?,,False,0.8140452349615311,0,incorrect_high
validation::523,['10'],8.,0.0,"['7.', '8.', '8.', '7.', '16.', '8.', '9.', '10.', '8.', '8.']",1.3592367006650063,how many peices of clothing on line?,,False,0.8140452349615311,1,incorrect_low
validation::5233,['9'],8.,0.0,"['Many.', '10.', '10.', '8.', '8.', '10.', '9.', '6.', '7.', '7.']",1.6957425341696346,how many elephant?,,False,0.8140452349615311,1,incorrect_low
validation::5239,['left'],Left.,1.0,"['None.', 'Left.', 'Left.', 'Left.', 'Left.', 'Left.', 'Left.', 'Left.', 'Left.', 'Left.']",0.3250829733914482,which car is red?,,True,0.8140452349615311,0,correct_high
validation::5240,['rca'],Sanyo.,0.0,"['Directtv.', 'Samsung.', 'Samsung.', 'Direct tv.', 'Sanyo.', 'DirecTV.', 'Direct tv.', 'None.', 'TiVo.', 'Samsung.']",1.4184836619456564,Which brand name can be seen on the remote?,,False,0.8140452349615311,1,incorrect_low
validation::5241,['787'],0.,0.0,"['No numbers.', '0.', 'No numbers.', '0.', '0.', 'No numbers.', 'No numbers.', 'No numbers.', '0.', 'No numbers.']",-0.0,What numbers are on the plane's tail?,,False,0.8140452349615311,0,incorrect_high
validation::5242,['right'],down.,0.0,"['down.', 'Down.', 'Down.', 'down', 'downward.', 'Downward.', 'down', 'down.', 'down', 'downward.']",-0.0,what direction are the stripes pointing,,False,0.8140452349615311,0,incorrect_high
validation::5244,['peace sign'],Heart.,0.0,"['Heart.', 'Cross.', 'Cross.', 'Heart.', 'X.', 'Heart.', 'X.', 'Heart.', 'Cross.', 'No.']",1.2798542258336674,what Red symbol is visible on the poster?,,False,0.8140452349615311,1,incorrect_low
validation::5250,['lizard'],Dinosaur.,0.0,"['Lizard.', 'Dinosaur.', 'Dragon.', 'Dinosaur.', 'Dinosaur.', 'Human.', 'Dinosaur.', 'Butterfly.', 'Dinosaur.', 'Snake.']",1.4978661367769952,What animal type is the green kite on the right?,,False,0.8140452349615311,1,incorrect_low
validation::5253,['25'],0.,0.0,"['3.', '0.', '0.', '5.', '8.', '0.', '8.', '0.', '5.', '5.']",1.2798542258336676,what number can be seen on the stove control panel?,,False,0.8140452349615311,1,incorrect_low
validation::5255,['fork'],Fork.,1.0,"['Fork.', 'Fork.', 'Fork.', 'Fork.', 'Fork.', 'Fork.', 'Fork.', 'Fork.', 'Fork.', 'Fork.']",-0.0,Which utensil is on the right side of the plate?,,True,0.8140452349615311,0,correct_high
validation::5256,['2'],2.,1.0,"['4.', '2.', '5.', '2.', '4.', '2.', '2.', '2.', '0.', '2.']",1.0888999753452235,how many people are in the black picture frame?,,True,0.8140452349615311,1,correct_low
validation::5257,['4'],4.,1.0,"['4.', '4.', '4.', '4.', '4.', '4.', '4.', '4.', '4.', '4.']",-0.0,What is the middle number of the three white numbers?,,True,0.8140452349615311,0,correct_high
validation::5259,['elbows'],Ears.,0.0,"['Ears.', 'Elbows.', 'Ears.', 'Elbows.', 'Ears.', 'Ears.', 'Elbows.', 'Ears.', 'Elbows.', 'Ears.']",0.6730116670092565,Are the child's elbows or ears higher?,,False,0.8140452349615311,0,incorrect_high
validation::526,['3'],2.,0.0,"['1.', '1.', '1.', '2.', '1.', '1.', '4.', '2.', '3.', '1.']",1.0888999753452235,"How many tall, street lights are in the in the background?",,False,0.8140452349615311,1,incorrect_low
validation::5267,['3'],3.,1.0,"['3.', '2.', '3.', '3.', '3.', '4.', '3.', '3.', '3.', '2.']",0.8018185525433372,How many leaves can be seen in focus in the foreground?,,True,0.8140452349615311,0,correct_high
validation::5268,['917'],917.,1.0,"['917.', '917.', '917.', '917.', '917.', '917.', '917.', '917.', '917.', '917.']",-0.0,what is the number on the train?,,True,0.8140452349615311,0,correct_high
validation::5269,['white'],White.,1.0,"['White.', 'White.', 'White and yellow.', 'White.', 'White.', 'White.', 'White.', 'White.', 'White.', 'White.']",0.3250829733914482,What color are the discs that the people in yellow shirts are holding?,,True,0.8140452349615311,0,correct_high
validation::5271,['mts'],Mts.,1.0,"['Mts.', 'Mts.', 'Mts.', 'Mtbd.', 'Mts.', 'Mts.', 'Mts.', 'Mts.', 'Metro.', 'Mts.']",0.639031859650177,Which acronym is on the side of the red and white bus?,,True,0.8140452349615311,0,correct_high
validation::5273,['left'],Left.,1.0,"['Right.', 'Right.', 'Left.', 'Left.', 'Left.', 'Right.', 'Left.', 'Left.', 'Right.', 'Right.']",0.6931471805599453,on which side of the white striped line is the woman standing?,,True,0.8140452349615311,0,correct_high
validation::5274,['please flush'],Please flush.,1.0,"['Please flush.', 'Please flush.', 'Please flush.', 'Please flush.', 'Please flush.', 'Please flush.', 'Please flush.', 'Please flush.', 'Please flush.', 'Please flush.']",-0.0,"what is the written text after the word ""chodta"" ?",,True,0.8140452349615311,0,correct_high
validation::5276,['knife'],Knife.,1.0,"['Knife.', 'Knife.', 'Knife.', 'Knife.', 'Spoon.', 'Knife.', 'Spoon.', 'Knife.', 'Knife.', 'Knife.']",0.5004024235381879,"besides a fork, what other utensil is on the plate?",,True,0.8140452349615311,0,correct_high
validation::5277,['3'],2.,0.0,"['2.', '2.', '2.', '2.', '2.', '2.', '2.', '2.', '2.', '2.']",-0.0,How many steps are there?,,False,0.8140452349615311,0,incorrect_high
validation::5280,['mailbox'],Sign.,0.0,"['Sign.', 'Sign.', 'Sign.', 'Sign.', 'Sign.', 'Sign.', 'Sign.', 'Sign.', 'Sign.', 'Snow.']",0.3250829733914482,What object is labeled 107?,,False,0.8140452349615311,0,incorrect_high
validation::5281,['3'],6.,0.0,"['4.', '6.', '4.', '0.', '6.', '3.', '2.', '0.', '6.', '8.']",1.6957425341696346,How many windows are beneath the three windows on top?,,False,0.8140452349615311,1,incorrect_low
validation::5282,['lg'],Lg.,1.0,"['Lg.', 'Lg.', 'Lg.', 'Lg.', 'Lg.', 'Lg.', 'Lg.', 'Lg.', 'Lg.', 'Lg.']",-0.0,What brand of TV is the cat looking at?,,True,0.8140452349615311,0,correct_high
validation::5284,['nightmares'],Dodgers.,0.0,"['Baseball.', 'Dodgers.', 'White soxes.', 'Lions.', 'Blue.', 'Mariners.', 'Braves.', 'Mariners.', 'Cubs.', 'Blue jays.']",2.163955656882057,What team is playing?,,False,0.8140452349615311,1,incorrect_low
validation::5286,['2'],3.,0.0,"['3.', '3.', '2.', '4.', '3.', '3.', '3.', '2.', '2.', '2.']",0.9433483923290392,How many umbrellas are all red in the picture?,,False,0.8140452349615311,1,incorrect_low
validation::5287,['5'],3.,0.0,"['3.', '3.', '4.', '2.', '3.', '2.', '3.', '2.', '3.', '3.']",0.8979457248567798,How many people are standing by the train?,,False,0.8140452349615311,1,incorrect_low
validation::5289,['1'],4.,0.0,"['4.', '4.', '4.', '4.', '4.', '4.', '4.', '4.', '4.', '4.']",-0.0,How many ears are visible?,,False,0.8140452349615311,0,incorrect_high
validation::529,['kitten'],Kitten.,1.0,"['Kitten.', 'Kitten.', 'Kitten.', 'Kitten.', 'Kitten.', 'Kitten.', 'Kitten.', 'Kitten.', 'Kitten.', 'Kitten.']",-0.0,What is this animal called when it is under 1 year old?,,True,0.8140452349615311,0,correct_high
validation::5290,['string'],String.,1.0,"['String.', 'Kite.', 'String.', 'String.', 'String.', 'String.', 'Kite.', 'Kite string.', 'String.', 'Kite string.']",0.9502705392332348,What is between the man's fingers?,,True,0.8140452349615311,1,correct_low
validation::5294,['marucci'],Easton.,0.0,"['Easton.', 'Easton.', 'Easton.', 'Catalina.', 'Franklin.', 'Easton.', 'Easton.', ""Sam's club."", 'Easton.', ""Sam's.""]",1.2275294114572126,What does the ball player's bat say on it?,,False,0.8140452349615311,1,incorrect_low
validation::5298,['fireplace'],Table.,0.0,"['Dining table.', 'On table.', 'On mantle.', 'On table.', 'On mantle.', 'Table.', 'On mantle.', 'On table.', 'Table.', 'Table.']",0.8979457248567798,Where are the statues of the dogs?,,False,0.8140452349615311,1,incorrect_low
validation::5299,['4'],1.,0.0,"['0.', '0.', '1.', '1.', '1.', '0.', '0.', '0.', '0.', '0.']",0.6108643020548935,How many total long stripes are on the surfboard?,,False,0.8140452349615311,0,incorrect_high
validation::5300,['2'],3.,0.0,"['5.', '3.', '4.', '1.', '4.', '2.', 'Several.', '1.', '5.', '4.']",1.6957425341696346,How many used tissues are on the counter?,,False,0.8140452349615311,1,incorrect_low
validation::5301,['tea'],Teddy.,0.0,"['Teddy.', 'TEA.', 'Teddy bear.', 'Teddy bear.', 'Teddy.', 'Teddy bear.', 'TEA.', 'Teddy bear.', 'Teddy.', 'Teddy.']",0.5004024235381879,What is the first word before rooms in the signage?,,False,0.8140452349615311,0,incorrect_high
validation::5305,['harley'],Davidson.,0.0,"['Harley.', 'Davidson.', 'W.', 'Davidson.', 'Davidson.', 'Harley.', 'Davidson.', 'Davidson.', 'Har.', 'Harley.']",1.1682824501765623,What is the first part that is visible of the white letters on the sign?,,False,0.8140452349615311,1,incorrect_low
validation::5309,['2'],2.,1.0,"['2.', '1.', '2.', '2.', '2.', '2.', '2.', '2.', '1.', '1.']",0.6108643020548935,How many males are in the front?,,True,0.8140452349615311,0,correct_high
validation::5310,['unanswerable'],Lamps.,0.0,"['Vases.', 'Lanterns.', 'Decorations.', 'Lanterns.', 'Lanterns.', 'Lamp shade.', 'Lamps.', 'Lights.', 'Lamps.', 'Lamps.']",1.4184836619456562,What are the blue and orange balls?,,False,0.8140452349615311,1,incorrect_low
validation::5311,['fence'],Dirt.,0.0,"['Dirt.', 'Dirt.', 'Dirt.', 'Dirt.', 'Dirt.', 'Dirt.', 'Dirt.', 'Dirt.', 'Dirt.', 'Dirt.']",-0.0,What are the sheep standing on?,,False,0.8140452349615311,0,incorrect_high
validation::5312,['18'],10.,0.0,"['5.', 'Many.', 'Many.', '5.', '10.', '5.', '11.', '5.', '11.', '10.']",1.3321790402101223,How many rings does the notebook have?,,False,0.8140452349615311,1,incorrect_low
validation::5313,['b17'],B 17.,0.0,"['B 17.', 'B 17.', 'B 17.', 'B 17.', 'B 17.', 'B 17.', 'B 17.', 'B 17.', 'B17.', 'B 17.']",-0.0,What does the flag on the right side of the picture say?,,True,0.8140452349615311,0,correct_high
validation::5314,['1'],3.,0.0,"['2.', '3.', '3.', '3.', '3.', '3.', '4.', '3.', '4.', '3.']",0.8018185525433373,How many fingers are visible in the picture?,,False,0.8140452349615311,0,incorrect_high
validation::5318,['ameritech'],Ameritech.,1.0,"['Ameritech.', 'Ameritech.', 'Ameritech.', 'Ameritech.', 'Motorola.', 'Ameritech.', 'Ameritech.', 'Ameritech.', 'Ameritech.', 'Ameritech.']",0.3250829733914482,This is a cellular product powered by who?,,True,0.8140452349615311,0,correct_high
validation::5320,['2'],2.,1.0,"['2.', '2.', '2.', '2.', '2.', '2.', '2.', '2.', '2.', '2.']",-0.0,how many people are shown?,,True,0.8140452349615311,0,correct_high
validation::5322,['7'],6.,0.0,"['6.', '6.', '7.', '6.', '6.', '6.', '6.', '6.', '6.', '6.']",0.3250829733914482,How many people are standing?,,False,0.8140452349615311,0,incorrect_high
validation::5324,['remote'],Game.,0.0,"['Wii controller.', 'Game controller.', 'Wii controller.', 'Game.', 'Game.', 'Remote.', 'Cell phone.', 'Remote.', 'Game.', 'Remote.']",1.5047882836811908,What is the boy holding?,,False,0.8140452349615311,1,incorrect_low
validation::5326,['purple'],Purple.,1.0,"['Purple.', 'Purple.', 'Purple.', 'Purple.', 'Purple.', 'Purple.', 'Purple.', 'Purple.', 'Purple.', 'Purple.']",-0.0,What color is the biggest piece of round confetti on the bottom rightish?,,True,0.8140452349615311,0,correct_high
validation::5327,['6'],5.,0.0,"['6.', '4.', '7.', '4.', '4.', '4.', '4.', '4.', '5.', '4.']",0.9404479886553264,How many shoes are visible?,,False,0.8140452349615311,1,incorrect_low
validation::5330,['0'],0.,1.0,"['0.', '0.', '0.', '0.', '0.', '2.', '0.', '0.', '1.', '0.']",0.639031859650177,How many bears are looking toward the camera?,,True,0.8140452349615311,0,correct_high
validation::5331,['property'],Property.,1.0,"['PROPERTY.', 'Of.', 'PROPERTY.', 'Property.', 'Property.', 'Old.', 'Property.', 'Property.', 'PROPERTY.', 'OF.']",0.8018185525433372,What is the first word on the kid's shirt?,,True,0.8140452349615311,0,correct_high
validation::5333,['0'],2.,0.0,"['2.', '1.', '2.', '2.', '2.', '1.', '2.', '2.', '3.', '0.']",1.0888999753452235,how many eyes are visible?,,False,0.8140452349615311,1,incorrect_low
validation::5334,['cow'],Cow.,1.0,"['Cow.', 'Cows.', 'None.', 'Cows.', 'None.', 'Cows.', 'Cow.', 'Cow.', 'None.', 'Cows.']",0.6108643020548935,What type if animal walking next to the horses?,,True,0.8140452349615311,0,correct_high
validation::5338,['third'],Home.,0.0,"['Home.', 'Home.', 'Home.', 'Home.', 'Home.', 'Home.', 'Home.', 'Home.', 'Sliding into first.', 'Home.']",0.3250829733914482,what base is the runner almost at,,False,0.8140452349615311,0,incorrect_high
validation::5340,['vacuum'],Snowboard.,0.0,"['Snowboard.', 'Surfboard.', 'Hair dryer.', 'Snowboard.', 'Snowboard.', 'Snowboard.', 'Snowboard.', 'Snowboard.', 'Ironing board.', 'Sovel.']",1.2275294114572126,What is the green and white item near the left side?,,False,0.8140452349615311,1,incorrect_low
validation::5341,['green'],Green.,1.0,"['Yellow.', 'Green.', 'Green and blue.', 'Black.', 'Green and blue.', 'Black.', 'Blue.', 'Green and blue.', 'Blue.', 'Green.']",1.5571130980576458,what is the accent color on the soccer ball,,True,0.8140452349615311,1,correct_low
validation::5343,['camera'],Phone.,0.0,"['Phone.', 'Phone.', 'Phone.', 'Phone.', 'Cell phone.', 'Phone.', 'Phone.', 'Phone.', 'Phone.', 'Phone.']",0.3250829733914482,What is the lady with the glasses looking at?,,False,0.8140452349615311,0,incorrect_high
validation::5344,['coolers'],Coolers.,1.0,"['Chairs.', 'Coolers.', 'Coolers.', 'Coolers.', 'Cooler.', 'Coolers.', 'Cooler.', 'Cooler.', 'Chairs.', 'Cooler.']",0.5004024235381879,What are the people sitting on top of?,,True,0.8140452349615311,0,correct_high
validation::5345,['banana split'],Banana split.,1.0,"['Banana split.', 'Banana split.', 'Banana split.', 'Banana split.', 'Banana split.', 'Banana split.', 'Banana split.', 'Banana split.', 'Banana split.', 'Banana split.']",-0.0,What is the name of the dessert on the table?,,True,0.8140452349615311,0,correct_high
validation::535,['4'],2.,0.0,"['3.', '2.', '2.', '3.', '4.', '3.', '3.', '4.', '4.', '4.']",1.0549201679861442,How many boards make up the seat of the bench?,,False,0.8140452349615311,1,incorrect_low
validation::5350,['3'],0.,0.0,"['2.', '0.', '0.', '0.', '3.', '0.', '0.', '4.', '3.', '0.']",1.0888999753452235,how many tents on shore?,,False,0.8140452349615311,1,incorrect_low
validation::5353,['blue'],Yellow.,0.0,"['White.', 'Yellow.', 'Yellow.', 'Yellow.', 'Yellow.', 'Yellow.', 'Yellow.', 'Yellow.', 'Yellow.', 'Yellow.']",0.3250829733914482,What color is the center of the flower on the desk?,,False,0.8140452349615311,0,incorrect_high
validation::5358,['888'],888.,1.0,"['888.', '888.', '888.', '888.', '888.', '888.', '888.', '888.', '888.', '888.']",-0.0,What number is on the picture?,,True,0.8140452349615311,0,correct_high
validation::5359,['smiley face'],Paper towels.,0.0,"['Food.', 'Meat.', 'Meat.', 'Words.', 'Pizza.', 'Paper towels.', 'Nothing.', 'Meat.', 'Water.', 'Tortillas.']",1.9730014063936128,What is on the bag to the right of the man on the right,,False,0.8140452349615311,1,incorrect_low
validation::5364,['cord'],Hair.,0.0,"['Hair.', 'Hair.', 'Hair.', 'Earphone.', 'Hair.', 'Headphone cord.', 'Cord.', 'Hair.', 'Hair.', 'Headphones.']",1.0888999753452235,what is the black curvy line?,,False,0.8140452349615311,1,incorrect_low
validation::5366,['5'],10.,0.0,"['9.', '7.', '7.', '9.', '9.', '12.', '7.', '8.', '9.', '9.']",1.1682824501765623,how many tomato slices are there?,,False,0.8140452349615311,1,incorrect_low
validation::5367,['down'],Down.,1.0,"['Down.', 'Down.', 'Down.', 'Down.', 'Down.', 'Down.', 'At camera.', 'Down.', 'Camera.', 'At camera.']",0.6108643020548935,Where is the cat looking?,,True,0.8140452349615311,0,correct_high
validation::5368,['4'],4.,1.0,"['6.', '2.', '4.', '4.', '4.', '7.', '8.', '3.', '3.', '6.']",1.6957425341696346,How many doors on the train?,,True,0.8140452349615311,1,correct_low
validation::5369,['2'],1.,0.0,"['1.', '1.', '1.', '1.', '1.', '1.', '2.', '1.', '1.', '2.']",0.5004024235381879,how many people are wearing sunglasses?,,False,0.8140452349615311,0,incorrect_high
validation::537,['light'],License plate.,0.0,"['License plate.', 'License plate.', 'License plate.', 'License plate.', 'License plate.', 'License plate.', 'License plate.', 'License plate.', 'Number plate.', 'License plate.']",0.3250829733914482,What is on back of the motorbike?,,False,0.8140452349615311,0,incorrect_high
validation::5372,['2'],1.,0.0,"['1.', '1.', '2.', '1.', '1.', '2.', '1.', '1.', '1.', '1.']",0.5004024235381879,how many boats are in the picture?,,False,0.8140452349615311,0,incorrect_high
validation::5374,['1019'],1019.,1.0,"['1019.', '1013.', '1019.', '1013.', '23.', '1019.', '1013.', '1019.', '1019.', '1013.']",0.9433483923290392,What number is the approaching bus?,,True,0.8140452349615311,1,correct_low
validation::5377,['1'],2.,0.0,"['2.', '2.', '2.', '2.', '2.', '1.', '2.', '2.', '1.', '1.']",0.6108643020548935,How many wheels of the van are visible in this picture?,,False,0.8140452349615311,0,incorrect_high
validation::5379,['30'],20.,0.0,"['28.', '18.', '16.', '21.', '20.', '19.', '18.', '19.', '20.', '20.']",1.6957425341696346,how many sausages?,,False,0.8140452349615311,1,incorrect_low
validation::5380,['1'],2.,0.0,"['1.', '2.', '4.', '3.', '1.', '4.', '3.', '3.', '2.', '3.']",1.3321790402101223,How many slices of cheese can be seen in the image?,,False,0.8140452349615311,1,incorrect_low
validation::5383,['1'],2.,0.0,"['2.', '2.', '2.', '2.', '2.', '2.', '2.', '2.', '2.', '2.']",-0.0,How many ski poles are visible?,,False,0.8140452349615311,0,incorrect_high
validation::5384,['fedex'],Dhl.,0.0,"['Dpd.', 'Dhl.', 'Dhl.', 'Dhl.', 'Fedex.', 'Dhl.', 'Dhl.', 'Dhl.', 'Dhl.', 'Dhl.']",0.639031859650177,what is the name the package delivery company?,,False,0.8140452349615311,0,incorrect_high
validation::5387,['4'],4.,1.0,"['4.', '4.', '4.', '4.', '4.', '4.', '4.', '4.', '4.', '5.']",0.3250829733914482,How many Zebra ears can be seen?,,True,0.8140452349615311,0,correct_high
validation::5388,['1'],1.,1.0,"['1.', '1.', '1.', '1.', '1.', '1.', '1.', '1.', '1.', '3.']",0.3250829733914482,How many bowls are in this image?,,True,0.8140452349615311,0,correct_high
validation::5389,['1'],1.,1.0,"['2.', '1.', '1.', '1.', '1.', '1.', '1.', '1.', '2.', '1.']",0.5004024235381879,How many blue cushions are there?,,True,0.8140452349615311,0,correct_high
validation::5394,['circle'],Round.,0.0,"['Round.', 'Round.', 'Round.', 'Round.', 'Round.', 'Round.', 'Round.', 'Round.', 'Round.', 'Round.']",-0.0,What shape is the spot on the ceiling?,,True,0.8140452349615311,0,correct_high
validation::5395,['olive'],None.,0.0,"['No oil.', 'None.', 'none.', 'No oil.', 'None.', 'Vegetable oil.', 'None.', 'None.', 'None.', 'None.']",0.3250829733914482,what oil is pictured?,,False,0.8140452349615311,0,incorrect_high
validation::5396,['camera'],Camera.,1.0,"['Camera.', 'Camera.', 'Camera.', 'Baseball bat.', 'Camera.', 'Camera.', 'Camera.', 'Camera.', 'Camera.', 'Bat.']",0.639031859650177,What is in the hands of the man standing opposite the woman?,,True,0.8140452349615311,0,correct_high
validation::54,['black'],Black.,1.0,"['Black.', 'White.', 'Black.', 'Black.', 'Black.', 'Black.', 'Black.', 'Brown.', 'Black.', 'Black.']",0.639031859650177,What color are the kitchen chairs?,,True,0.8140452349615311,0,correct_high
validation::540,['3'],2.,0.0,"['2.', '5.', '2.', '2.', '3.', '3.', '2.', '3.', '3.', '3.']",0.9433483923290392,How many tops of umbrellas do you see?,,False,0.8140452349615311,1,incorrect_low
validation::5408,['bananas'],Bananas.,1.0,"['Bananas.', 'Bananas.', 'Bananas.', 'Bananas.', 'Bananas.', 'Bananas.', 'Bananas.', 'Bananas.', 'Bananas.', 'Bananas.']",-0.0,"In this image, what are the fruits that are not red called?",,True,0.8140452349615311,0,correct_high
validation::5410,['angled'],Angled.,1.0,"['Angled.', 'Angled.', 'angled.', 'Angled.', 'Angled.', 'Angled.', 'Angled.', 'Angled.', 'Angled.', 'Angled.']",-0.0,Is this photo straight or angled?,,True,0.8140452349615311,0,correct_high
validation::5412,['left'],Left.,1.0,"['Right.', 'Right.', 'Left.', 'Left.', 'Right.', 'Right.', 'Right.', 'Right.', 'Right.', 'Right.']",0.5004024235381879,"Which of the panda's front paws is more forward, their left or right?",,True,0.8140452349615311,0,correct_high
validation::5416,['black'],White.,0.0,"['Black.', 'Blue.', 'White.', 'Black.', 'White.', 'Black.', 'White.', 'White.', 'Black.', 'Black.']",0.9433483923290392,what color shirt is the man who is serving wearing?,,False,0.8140452349615311,1,incorrect_low
validation::5419,['0'],2.,0.0,"['2.', '2.', '2.', '2.', '2.', '2.', '2.', '2.', '2.', '2.']",-0.0,How many visible ears in the photo?,,False,0.8140452349615311,0,incorrect_high
validation::5420,['3'],2.,0.0,"['2.', '2.', '2.', '2.', '2.', '2.', '2.', '2.', '1.', '1.']",0.5004024235381879,How many hands are being used to cut the cake?,,False,0.8140452349615311,0,incorrect_high
validation::5424,['left'],Right.,0.0,"['Left.', 'Left.', 'Right.', 'Right.', 'Left.', 'Left.', 'Right.', 'Right.', 'Right.', 'Left.']",0.6931471805599453,In which hand is the person holding the phone?,,False,0.8140452349615311,0,incorrect_high
validation::5427,['pizza'],Carrots.,0.0,"['Carrot.', 'Carrot.', 'Carrot.', 'Carrots.', 'Carrot.', 'Carrots.', 'Carrots.', 'Carrot.', 'Carrot.', 'Chicken.']",0.3250829733914482,What is the largest food represented in the bottom right arrangement?,,False,0.8140452349615311,0,incorrect_high
validation::5438,['3'],2.,0.0,"['3.', '2.', '2.', '3.', '2.', '2.', '4.', '4.', '2.', '2.']",0.9502705392332348,How many white cups?,,False,0.8140452349615311,1,incorrect_low
validation::544,['red'],Yellow.,0.0,"['Red and white.', 'Red.', 'Yellow.', 'White.', 'Red and white.', 'Yellow.', 'Yellow.', 'Yellow and white.', 'White.', 'Yellow.']",1.4708084763221112,What color is the lifeguard tower?,,False,0.8140452349615311,1,incorrect_low
validation::5441,['2'],2.,1.0,"['2.', '2.', '2.', '2.', '2.', '2.', '2.', '2.', '2.', '2.']",-0.0,how many persons are there?,,True,0.8140452349615311,0,correct_high
validation::5444,['4'],5.,0.0,"['5.', '5.', '6.', '6.', '6.', '4.', '5.', '6.', '6.', '5.']",0.9433483923290392,how many clipboards are on the wall?,,False,0.8140452349615311,1,incorrect_low
validation::5445,['glass'],Metal.,0.0,"['Metal.', 'Metal.', 'Metal.', 'Metal.', 'Metal.', 'Metal.', 'Metal.', 'Metal.', 'Metal.', 'Metal.']",-0.0,What material is the end of the curtain rod?,,False,0.8140452349615311,0,incorrect_high
validation::5446,['on the tape'],On tape.,1.0,"['On tape.', 'On tape.', 'On tape.', 'On tape.', 'Roll of tape.', 'On tape.', 'On tape.', 'On tape.', 'On tape.', 'On tape.']",-0.0,Where are the scissors?,,True,0.8140452349615311,0,correct_high
validation::5449,['motorcycle'],Motorcycle.,1.0,"['Motorcycle.', 'Motorcycle.', 'Motorcycle.', 'Motorcycle.', 'Motorcycle.', 'Motorcycle.', 'Handicap.', 'Motorcycle.', 'Handicap.', 'Motorcycle.']",0.5004024235381879,What word is painted on the pavement?,,True,0.8140452349615311,0,correct_high
validation::545,['2'],2.,1.0,"['4.', '2.', '2.', '2.', '2.', '2.', '2.', '2.', '2.', '4.']",0.5004024235381879,How many boards visibly make up the back of he bench?,,True,0.8140452349615311,0,correct_high
validation::5452,['4'],2.,0.0,"['7.', '6.', '0.', '2.', '0.', '3.', '2.', '4.', '2.', '2.']",1.6094379124341,How many lines are visible on the hull of the boat?,,False,0.8140452349615311,1,incorrect_low
validation::5455,['umbrella'],Nothing.,0.0,"['Nothing.', 'Nothing.', 'Nothing.', 'Nothing.', 'There is no table in the image.', 'Nothing.', 'Nothing.', 'There is nothing on the table in the image.', 'Nothing.', 'Nothing.']",0.3250829733914482,What is on the table in the image?,,False,0.8140452349615311,0,incorrect_high
validation::5456,['0'],0.,1.0,"['0.', '1.', '0.', '0.', '0.', '0.', '0.', '0.', '0.', '0.']",0.3250829733914482,How many animals are looking straight up in the photo?,,True,0.8140452349615311,0,correct_high
validation::5457,['1 and 2'],11 and 12.,0.0,"['9 and 10.', '8 and 9.', 'Xii and i.', '11 and 12.', 'Xii and i.', 'Xii and i.', '11 and 12.', '11 and 12.', '11 and 12.', 'Xii and i.']",1.1935496040981333,Which two numbers is the hand between in the top right of the clock?,,False,0.8140452349615311,1,incorrect_low
validation::5458,['2'],1.,0.0,"['0.', '0.', '1.', '1.', '0.', '1.', '0.', '1.', '1.', '1.']",0.6730116670092565,how many holes in the floor?,,False,0.8140452349615311,0,incorrect_high
validation::5461,['nobody'],Owner.,0.0,"['Owner.', 'Owner.', 'Owner.', 'Owner.', 'Owner.', 'Owner.', 'Owner.', 'Owner.', 'Owner.', 'Owner.']",-0.0,who is holding the leash?,,False,0.8140452349615311,0,incorrect_high
validation::5464,['0'],4.,0.0,"['10.', '6.', '9.', '9.', '4.', '6.', '9.', '8.', '9.', '6.']",1.4184836619456564,How many fingers are visible?,,False,0.8140452349615311,1,incorrect_low
validation::5465,['right'],Right.,1.0,"['Right.', 'Left.', 'Left.', 'Left.', 'To the right.', 'Up.', 'To right.', 'Right.', 'Up.', 'Right.']",1.0296530140645737,What direction is the man looking?,,True,0.8140452349615311,1,correct_low
validation::5466,['black'],White.,0.0,"['White.', 'White.', 'White.', 'White.', 'White.', 'White.', 'White.', 'Black.', 'White.', 'Pink.']",0.639031859650177,What color is the player's bra straps?,,False,0.8140452349615311,0,incorrect_high
validation::5467,['1188645'],1486668.,0.0,"['Blurred.', '9486811.', '5618868.', '1186363.', '149869.', '588969.', '249649.', 'Www.actransit.org.', 'Ab1966b.', 'Ild868.']",2.302585092994045,What is the bus's license plate number?,,False,0.8140452349615311,1,incorrect_low
validation::5473,['6:55'],12:15.,0.0,"['12:50.', '8:04.', '4:20.', '3:10.', '3:45.', '3:10.', '3:00.', '2:18.', '7:37.', '2:10.']",2.163955656882057,What time is on the clock?,,False,0.8140452349615311,1,incorrect_low
validation::5474,['up'],Up.,1.0,"['Up.', 'Left.', 'Up.', 'Right.', 'Up.', 'Up.', 'Right.', 'Up.', 'Upwards.', 'Left.']",0.9502705392332348,Which way is the arrow pointing to?,,True,0.8140452349615311,1,correct_low
validation::5475,['1'],1.,1.0,"['1.', '1.', '1.', '1.', '2.', '2.', '1.', '1.', '2.', '0.']",0.8979457248567797,How many of the dogs tails are on top of the black blanket?,,True,0.8140452349615311,1,correct_low
validation::5476,['black and white'],Black and gray.,1.0,"['Black and yellow.', 'Black and gray.', 'Black and blue.', 'Black and gray.', 'Black and silver.', 'Black and blue.', 'Black and gray.', 'Black and gray.', 'Black and gray.', 'Black and grey.']",1.0888999753452235,What two colors is the man's suit?,,False,0.8140452349615311,1,incorrect_low
validation::5477,['raft'],Buoy.,0.0,"['Buoy.', 'Life preserver.', 'Life preserver.', 'Inflatable.', 'Lifeboat.', 'Buoy.', 'Life preserver.', 'Buoy.', 'Life preserver.', 'Life preserver.']",1.1682824501765623,What is the red thing to the right of the white boat with the blue stripe?,,False,0.8140452349615311,1,incorrect_low
validation::548,['6'],6.,1.0,"['6.', '8.', '6.', '8.', '6.', '6.', '6.', '5.', '6.', '6.']",0.8018185525433372,how many horse legs can be seen,,True,0.8140452349615311,0,correct_high
validation::5482,['spoon'],Spoon.,1.0,"['Fork.', 'Spoon.', 'Fork.', 'Spoon.', 'Spoon.', 'Spoon.', 'Spoon.', 'Spoon.', 'Spoon.', 'Spoon.']",0.5004024235381879,Which cutlery has food stains?,,True,0.8140452349615311,0,correct_high
validation::5487,['new york'],New york.,1.0,"['New york.', 'New york.', 'New york.', 'New york.', 'New york.', 'New york.', 'New york.', 'New york.', 'New york.', 'New york.']",-0.0,What city is on the man's shirt?,,True,0.8140452349615311,0,correct_high
validation::5490,['4'],3.,0.0,"['3.', '4.', '3.', '4.', '3.', '3.', '3.', '3.', '4.', '4.']",0.6730116670092565,How many noses are there?,,False,0.8140452349615311,0,incorrect_high
validation::5494,['pizza'],Pizza.,1.0,"['Pizza.', 'Pizza.', 'Pizza.', 'Pizza.', 'Donut.', 'Donut.', 'Pizza.', 'Hot dog.', 'Hot dog.', 'Pizza.']",0.9502705392332348,What is being eaten?,,True,0.8140452349615311,1,correct_low
validation::5497,['plastic'],Plastic.,1.0,"['Metal.', 'Plastic.', 'Plastic.', 'Wire.', 'Plastic.', 'Metal.', 'Wire.', 'Plastic.', 'Wire.', 'Plastic.']",1.0296530140645737,What is the orange fencing made of?,,True,0.8140452349615311,1,correct_low
validation::5499,['dke'],LOVE.,0.0,"['Wtf.', 'None.', 'LOVE.', 'Ibm.', 'LOL.', 'YD.', 'BARBI.', 'DVE.', 'NO TO.', 'LOVE.']",2.163955656882057,What letters are scrapped into the left part of toilet seat,,False,0.8140452349615311,1,incorrect_low
validation::550,['left'],Left.,1.0,"['Left.', 'Right.', 'Right.', 'Left.', 'Left.', 'Left.', 'Right.', 'Left.', 'Left.', 'Left.']",0.6108643020548935,What side is the ball going towards in this picture?,,True,0.8140452349615311,0,correct_high
validation::5500,['2'],1.,0.0,"['1.', '1.', '1.', '1.', '2.', '2.', '1.', '1.', '1.', '1.']",0.5004024235381879,How many legs of the bird can be seen?,,False,0.8140452349615311,0,incorrect_high
validation::5501,['4'],4.,1.0,"['4.', '7.', '11.', '7.', '4.', '5.', '5.', '3.', '6.', '4.']",1.6957425341696346,How many horizontal blue stripes are part of the design on the wall?,,True,0.8140452349615311,1,correct_low
validation::5502,['cutting pizza'],Cooking.,0.0,"['Cooking.', 'Cooking.', 'Cooking.', 'Cooking pizza.', 'Cooking.', 'Cooking.', 'Cooking.', 'Cooking.', 'Cooking.', 'Cooking.']",0.3250829733914482,What is the person doing?,,True,0.8140452349615311,0,correct_high
validation::5505,['3'],3.,1.0,"['2.', '3.', '2.', '3.', '3.', '3.', '2.', '3.', '3.', '3.']",0.6108643020548935,How many animals in this picture?,,True,0.8140452349615311,0,correct_high
validation::5506,['1'],0.,0.0,"['0.', '0.', '0.', '0.', '0.', '0.', '0.', '0.', '0.', '0.']",-0.0,How many black cows can be seen?,,False,0.8140452349615311,0,incorrect_high
validation::551,['speed'],Speed.,1.0,"['Speed.', 'Speed.', 'Speed.', 'Speed.', 'Speed.', 'Speed.', 'Speed.', 'Speed.', 'Speed.', 'Speed.']",-0.0,what kind of laws enforced?,,True,0.8140452349615311,0,correct_high
validation::5515,['2'],2.,1.0,"['1.', '2.', '1.', '4.', '2.', '1.', '4.', '4.', '1.', '2.']",1.0888999753452238,how many buildings are there?,,True,0.8140452349615311,1,correct_low
validation::552,['3'],6.,0.0,"['6.', '6.', '6.', '6.', '6.', '8.', '3.', '4.', '3.', '3.']",1.1682824501765623,how many window panes are on the garage door?,,False,0.8140452349615311,1,incorrect_low
validation::5526,['5'],4.,0.0,"['4.', '4.', '4.', '4.', '4.', '4.', '4.', '4.', '4.', '4.']",-0.0,How many wheels does this skateboard have?,,False,0.8140452349615311,0,incorrect_high
validation::5528,['6:30'],Noon.,0.0,"['Noon.', 'Noon.', '0.', ""Don't know."", 'Noon.', '12:00.', '1:10.', 'Noon.', 'No clock.', 'No clock.']",1.3592367006650063,what time is on the clock?,,False,0.8140452349615311,1,incorrect_low
validation::5530,['6'],6.,1.0,"['3.', '8.', '8.', '62.', '6.', '14.', '62.', '101.', '4.', '1.']",2.025326220770068,What number is on the boy's tank top?,,True,0.8140452349615311,1,correct_low
validation::5533,['12'],10.,0.0,"['10.', '3.', '8.', '3.', '10.', '10.', '2.', '9.', '9.', '10.']",1.4708084763221112,What number is the small hand of the clock on?,,False,0.8140452349615311,1,incorrect_low
validation::5534,['2'],1.,0.0,"['1.', '2.', '1.', '1.', '1.', '2.', '1.', '2.', '1.', '1.']",0.6108643020548935,"How many traffic signs are on this pole, even those partially visible?",,False,0.8140452349615311,0,incorrect_high
validation::5535,['20'],8.,0.0,"['0.', '8.', '8.', '8.', '8.', '0.', '8.', '6.', '8.', '6.']",0.9502705392332348,what number is on the back of the batter?,,False,0.8140452349615311,1,incorrect_low
validation::5537,['elephant'],Elephant.,1.0,"['Elephant.', 'Elephant.', 'Elephant.', 'Elephant.', 'Elephant.', 'No.', 'Elephant.', 'Elephant.', 'Elephant.', 'Elephant.']",0.3250829733914482,Is the man looking at the camera or at the elephant?,,True,0.8140452349615311,0,correct_high
validation::5540,['2'],2.,1.0,"[""There are four items on the sink's countertop: folding towels and two sinks with faucets."", '2.', '6.', '3.', '2.', '2.', '2.', '5.', '1.', '3.']",1.6094379124341005,How many items are on the sinks countertop?,,True,0.8140452349615311,1,correct_low
validation::5548,['0'],1.,0.0,"['1.', '1.', '1.', '1.', '1.', '1.', '1.', '1.', '1.', '1.']",-0.0,How many dogs are in the room?,,False,0.8140452349615311,0,incorrect_high
validation::5549,['0'],0.,1.0,"['0.', '0.', '0.', '0.', '0.', '0.', '0.', '0.', '0.', '0.']",-0.0,How many knives are shown?,,True,0.8140452349615311,0,correct_high
validation::555,['chevrolet'],Chevrolet.,1.0,"['Chevrolet.', 'Chevrolet.', 'Chevrolet.', 'Chevrolet.', 'Chevrolet.', 'Chevrolet.', 'Chevrolet.', 'Chevrolet.', 'Chevy.', 'Chevrolet.']",-0.0,What make is the red pickup?,,True,0.8140452349615311,0,correct_high
validation::5550,['2'],4.,0.0,"['3.', '2.', '4.', '3.', '3.', '2.', '2.', '4.', '4.', '2.']",1.0888999753452238,How many tires are shown on the white car?,,False,0.8140452349615311,1,incorrect_low
validation::5552,['3'],3.,1.0,"['3.', '3.', '3.', '3.', '2.', '3.', '3.', '3.', '3.', '2.']",0.5004024235381879,How many colors does the hat of the cat have in this picture?,,True,0.8140452349615311,0,correct_high
validation::5558,['2'],2.,1.0,"['2.', '2.', '2.', '2.', '2.', '2.', '2.', '2.', '2.', '2.']",-0.0,how many different shoes?,,True,0.8140452349615311,0,correct_high
validation::556,['orange'],Black.,0.0,"['White.', 'Black.', 'Black.', 'Black.', 'White.', 'Black.', 'Orange.', 'Black.', 'Yellow.', 'Black.']",1.0888999753452235,what color are the ski pole baskets?,,False,0.8140452349615311,1,incorrect_low
validation::5562,['towel'],Scarf.,0.0,"['Scarf.', 'Bandana.', 'Hat.', 'Hat.', 'Hat.', 'Hat.', 'Hat.', 'Hat.', 'Scarf.', 'Hat.']",0.8018185525433373,what is on the girls head,,False,0.8140452349615311,0,incorrect_high
validation::5563,['horse'],Ram.,0.0,"['Bison.', 'Horse.', 'Ram.', 'Horse.', 'Bird.', 'Ram.', 'RAM.', 'RAM.', 'Ram.', 'Mustang.']",1.3592367006650063,what is the animal in the emblem of the blue car?,,False,0.8140452349615311,1,incorrect_low
validation::5565,['862'],862.,1.0,"['862.', '862.', '862.', '862.', '862.', '862.', '862.', '862.', '862.', '862.']",-0.0,What is the number on the parking meter?,,True,0.8140452349615311,0,correct_high
validation::5568,['blue'],Blue.,1.0,"['Blue.', 'Blue.', 'Blue.', 'Blue.', 'Blue.', 'Blue.', 'Blue.', 'Blue.', 'Blue.', 'Blue.']",-0.0,What color is the back of the yellow bus?,,True,0.8140452349615311,0,correct_high
validation::557,['soap dish'],Soap.,1.0,"['Soap.', 'Soap.', 'Soap.', 'Soap.', 'Soap.', 'Soap.', 'Soap.', 'Soap.', 'Soap.', 'Soap.']",-0.0,What is placed near the sink tap?,,True,0.8140452349615311,0,correct_high
validation::5574,['green'],Green.,1.0,"['Green.', 'White.', 'Black.', 'Yellow.', 'Black.', 'White.', 'White.', 'White.', 'Green.', 'Gray.']",1.4708084763221112,What color are the person's shoes?,,True,0.8140452349615311,1,correct_low
validation::5575,['30'],30.,1.0,"['30.', '30.', '30.', '30.', '30.', '30.', '30.', '30.', '30.', '30.']",-0.0,What is the jersey number of Navaro?,,True,0.8140452349615311,0,correct_high
validation::5577,['red'],Red.,1.0,"['Green.', 'Red.', 'Red.', 'Red.', 'Red.', 'Red.', 'Red and white.', 'Red.', 'Red.', 'Red.']",0.639031859650177,What color are the bags behind the fence?,,True,0.8140452349615311,0,correct_high
validation::5582,['985'],985.,1.0,"['985.', '985.', '985.', '985.', '985.', '985.', '985.', '985.', '985.', '985.']",-0.0,What is the bus number?,,True,0.8140452349615311,0,correct_high
validation::5585,['cone'],Motorcycle.,0.0,"['Motorcycle.', 'Motorcycle.', 'Police motorcycle.', 'Police motorcycle.', 'Motorcycle.', 'People.', 'Police motorcycle.', 'Police motorcycle.', 'Motorcycle.', 'Police motorcycle.']",0.9433483923290392,What is in front of the barrier next to an English flag?,,False,0.8140452349615311,1,incorrect_low
validation::559,['right'],Left.,0.0,"['Left.', 'Left.', 'Left.', 'Left.', 'Left.', 'Left.', 'Left.', 'Right.', 'Right.', 'Left.']",0.5004024235381879,which wrist is he wearing a watch on?,,False,0.8140452349615311,0,incorrect_high
validation::5590,['3'],2.,0.0,"['2.', '2.', '4.', '4.', '1.', '2.', '3.', '5.', '2.', '2.']",1.3592367006650063,how many arm rests?,,False,0.8140452349615311,1,incorrect_low
validation::5595,['1'],1.,1.0,"['2.', '1.', '1.', '1.', '1.', '2.', '1.', '1.', '1.', '4.']",0.8018185525433372,How many hands can be seen touching the motorcycle?,,True,0.8140452349615311,0,correct_high
validation::5597,['3'],3.,1.0,"['3.', '3.', '3.', '3.', '3.', '3.', '4.', '3.', '3.', '3.']",0.3250829733914482,How many sheep are in the scene?,,True,0.8140452349615311,0,correct_high
validation::5598,['1'],1.,1.0,"['1.', '1.', '1.', '1.', '0.', '1.', '0.', '0.', '1.', '0.']",0.6730116670092565,how many persons are there?,,True,0.8140452349615311,0,correct_high
validation::5601,['gloves'],Diapers.,0.0,"['Clothes.', 'Diapers.', 'Diapers.', 'Hospital gowns.', 'Diapers.', 'Clothes.', 'Diapers.', 'Diapers.', 'Diapers.', 'Diapers.']",0.8018185525433372,What are hanging on the rack?,,False,0.8140452349615311,0,incorrect_high
validation::5607,['black'],White.,0.0,"['Brown.', 'White.', 'Black.', 'Gray.', 'Red.', 'Black.', 'Black.', 'White.', 'White.', 'Black.']",1.4184836619456564,What color are the wingtips of this bird?,,False,0.8140452349615311,1,incorrect_low
validation::5608,['2'],1.,0.0,"['0.', '1.', '2.', '1.', '1.', '1.', '1.', '1.', '1.', '1.']",0.639031859650177,How many mirrors are in this room?,,False,0.8140452349615311,0,incorrect_high
validation::5609,['cross'],Round.,0.0,"['Hexagon.', 'Star.', 'Round.', 'Star.', 'Star.', 'Star.', 'Round.', 'Round.', 'Star.', 'Star.']",0.8979457248567798,what shape is on the screw?,,False,0.8140452349615311,1,incorrect_low
validation::561,['kite'],Kite.,1.0,"['Kite.', 'Kite.', 'Kite.', 'Kite.', 'Kite.', 'Kite.', 'Kite.', 'Kite.', 'Kite.', 'Kite.']",-0.0,What is the boy holding in his right hand?,,True,0.8140452349615311,0,correct_high
validation::5614,['left'],Left.,1.0,"['Left.', 'Left.', 'Left.', 'Left.', 'Right.', 'Right.', 'Left.', 'Right.', 'Left.', 'Left.']",0.6108643020548935,Which hand on the bat is closer to the knob?,,True,0.8140452349615311,0,correct_high
validation::5615,['27'],2.,0.0,"['7.', '7.', '2.', '2.', '2.', '2.', '6.', '2.', '2.', '7.']",0.8979457248567797,What is the number on the sign?,,False,0.8140452349615311,1,incorrect_low
validation::5616,['1'],1.,1.0,"['1.', '1.', '2.', '1.', '1.', '1.', '1.', '1.', '1.', '1.']",0.3250829733914482,How many baby giraffes are visible?,,True,0.8140452349615311,0,correct_high
validation::5617,['1'],3.,0.0,"['3.', '4.', '3.', '3.', '3.', '3.', '3.', '2.', '4.', '3.']",0.8018185525433372,How many bikes are in full view?,,False,0.8140452349615311,0,incorrect_high
validation::562,['white'],White.,1.0,"['White.', 'White.', 'White.', 'Black.', 'White.', 'Black.', 'White.', 'White.', 'White.', 'White.']",0.5004024235381879,What color are the man's shoelaces,,True,0.8140452349615311,0,correct_high
validation::5620,['4'],4.,1.0,"['4.', '4.', '4.', '4.', '4.', '5.', '4.', '3.', '4.', '4.']",0.639031859650177,How many people are seen sitting down?,,True,0.8140452349615311,0,correct_high
validation::5621,['5441'],5421.,0.0,"['5421.', '54214.', '8421.', '54.', '5421.', '5421.', '2.', '64214.', '6621.', '3421.']",1.9730014063936128,What is the number on the top right corner of the back of the bus?,,False,0.8140452349615311,1,incorrect_low
validation::5626,['4'],3.,0.0,"['3.', '3.', '2.', '3.', '5.', '4.', '3.', '4.', '4.', '4.']",1.1935496040981333,how many persons are wearing green T-shirts?,,False,0.8140452349615311,1,incorrect_low
validation::5629,['2'],1.,0.0,"['1.', '1.', '2.', '2.', '1.', '1.', '1.', '2.', '1.', '2.']",0.6730116670092565,How many plants are there?,,False,0.8140452349615311,0,incorrect_high
validation::5633,['3'],2.,0.0,"['2.', '2.', '2.', '2.', '2.', '2.', '2.', '2.', '2.', '2.']",-0.0,how many  openings of refrigerator?,,False,0.8140452349615311,0,incorrect_high
validation::564,['pw'],Pw.,1.0,"['Pw.', 'Pw.', 'Pw.', 'Pw.', 'Pw.', 'Pw.', 'Pw.', 'Pw.', 'Pw.', 'Pw.']",-0.0,what are the two initails on the back of the shirt?,,True,0.8140452349615311,0,correct_high
validation::5640,['4'],2.,0.0,"['2.', '2.', '2.', '2.', '2.', '1.', '2.', '2.', '1.', '2.']",0.5004024235381879,how many shapes are on the netting of her racket?,,False,0.8140452349615311,0,incorrect_high
validation::5641,['white'],White.,1.0,"['White.', 'White.', 'White.', 'White.', 'White.', 'White.', 'Brown.', 'White.', 'White.', 'White.']",0.3250829733914482,What color does this zebra have an unusual amount of?,,True,0.8140452349615311,0,correct_high
validation::5643,['2'],0.,0.0,"['0.', '0.', '1.', '0.', '0.', '0.', '0.', '2.', '0.', '0.']",0.639031859650177,How many tattoos do you see?,,False,0.8140452349615311,0,incorrect_high
validation::5645,['ladles'],Pots.,0.0,"['Potholders.', 'Knives.', 'Spoons.', 'Knives.', 'S spoons.', 'Potholders.', 'Knives.', 'Knives.', 'Spoons.', 'Trays.']",1.4708084763221112,What are the two black things hanging on the wall?,,False,0.8140452349615311,1,incorrect_low
validation::5646,['1'],10.,0.0,"['10.', '8.', '11.', '2.', '10.', '3.', '5.', '2.', '2.', '10.']",1.6434177197931796,Which number is the hour hand pointing to on the clock to the left?,,False,0.8140452349615311,1,incorrect_low
validation::5647,['open'],Closed.,0.0,"['Closed.', 'Open.', 'Closed.', 'Open.', 'Closed.', 'Closed.', 'Closed.', 'Closed.', 'Closed.', 'Closed.']",0.5004024235381879,Is his mouth closed or open?,,False,0.8140452349615311,0,incorrect_high
validation::5650,['3'],4.,0.0,"['4.', '4.', '4.', '4.', '4.', '4.', '4.', '4.', '4.', '4.']",-0.0,How many poles are seen in this picture?,,False,0.8140452349615311,0,incorrect_high
validation::5652,['15'],13.,0.0,"['13.', '16.', '13.', '13.', '13.', '11.', '13.', '11.', '12.', '15.']",1.3592367006650063,How many elephants are there?,,False,0.8140452349615311,1,incorrect_low
validation::5659,['1'],2.,0.0,"['3.', '2.', '2.', '3.', '3.', '2.', '2.', '2.', '2.', '2.']",0.6108643020548935,How many zebras are looking straight ahead?,,False,0.8140452349615311,0,incorrect_high
validation::5661,['2'],2.,1.0,"['3.', '2.', '2.', '2.', '2.', '2.', '2.', '2.', '2.', '2.']",0.3250829733914482,How many adult sheep are there?,,True,0.8140452349615311,0,correct_high
validation::5662,['3'],3.,1.0,"['3.', '3.', '2.', '3.', '3.', '2.', '3.', '2.', '3.', '2.']",0.6730116670092565,how many people have on mitts?,,True,0.8140452349615311,0,correct_high
validation::5664,['1'],1.,1.0,"['1.', '1.', '1.', '1.', '1.', '1.', '1.', '1.', '1.', '1.']",-0.0,How many birds are not blurred?,,True,0.8140452349615311,0,correct_high
validation::5667,['picnic'],Picnic.,1.0,"['Picnic.', 'Picnic.', 'Tea party.', 'Picnic.', 'Picnic.', 'Picnic.', 'Picnic.', 'Picnic.', 'Picnic.', 'Picnic.']",0.3250829733914482,what activity are the Bears carrying out?,,True,0.8140452349615311,0,correct_high
validation::5673,['baseball'],Baseball.,1.0,"['Baseball.', 'Baseball.', 'Baseball.', 'Ball.', 'Ball.', 'Ball.', 'Baseball.', 'Baseball.', 'Baseball.', 'Baseball.']",0.6108643020548935,what does the child is holding?,,True,0.8140452349615311,0,correct_high
validation::5674,['orange and blue'],Blue and orange.,1.0,"['Purple and blue.', 'Blue and orange.', 'Blue and orange.', 'Blue and orange.', 'Blue and orange.', 'Orange and blue.', 'Blue and purple.', 'Blue and orange.', 'Orange and blue.', 'Blue and orange.']",0.5004024235381879,What are the two teams' colors?,,True,0.8140452349615311,0,correct_high
validation::5677,['brown'],Pink.,0.0,"['Pink.', 'Pink.', 'Pink.', 'Blue.', 'Brown.', 'Red.', 'Tan.', 'Purple.', 'Pink.', 'Blue.']",1.6094379124341,What color is the handtowel?,,False,0.8140452349615311,1,incorrect_low
validation::5679,['1'],3.,0.0,"['4.', '2.', '2.', '4.', '3.', '2.', '3.', '3.', '2.', '2.']",1.0296530140645737,How many small pillars are there?,,False,0.8140452349615311,1,incorrect_low
validation::5680,['12'],10.,0.0,"['10.', '10.', '10.', '11.', '7.', '10.', '10.', '11.', '9.', '10.']",1.0888999753452235,How many visible people are in the photo?,,False,0.8140452349615311,1,incorrect_low
validation::5681,['tilted'],The front wheel of the motorcycle is tilted.,0.0,"['The front wheel of the motorcycle is tilted.', 'The front wheel of the motorcycle is tilted.', 'The front wheel of the motorcycle is tilted.', 'The front wheel of the motorcycle is tilted.', 'The front wheel of the motorcycle is tilted to the side.', 'The front wheel of the motorcycle is tilted.', 'The front wheel of the motorcycle is tilted to the side.', 'The front wheel of the motorcycle is tilted to the side.', 'The front wheel of the motorcycle is tilted.', 'The front wheel of the motorcycle is tilted to the side.']",-0.0,Is the front wheel of the motorcycle straight or tilted?,,True,0.8140452349615311,0,correct_high
validation::5683,['blue'],Blue.,1.0,"['Blue.', 'Black.', 'Blue.', 'Blue.', 'Blue.', 'Blue.', 'Black.', 'Blue.', 'Blue.', 'Blue.']",0.5004024235381879,What color are the end of the sleeves?,,True,0.8140452349615311,0,correct_high
validation::5684,['bills'],Bills.,1.0,"['Bills.', 'Bills.', 'Bills.', 'Bills.', 'Bills.', 'Bills.', 'Bills.', 'Bills.', 'Bills.', 'Bills.']",-0.0,post no what?,,True,0.8140452349615311,0,correct_high
validation::5685,['sandals'],Boots.,0.0,"['Tennis shoes.', 'Boots.', 'Boots.', 'Boots.', 'Sneakers.', 'Sneakers.', 'Boots.', 'Boots.', 'Flats.', 'Boots.']",1.0888999753452235,What kind of shoes is the woman wearing?,,False,0.8140452349615311,1,incorrect_low
validation::5687,['1'],1.,1.0,"['1.', '2.', '1.', '1.', '1.', '1.', '1.', '2.', '1.', '1.']",0.5004024235381879,how many hats are visible in the picture?,,True,0.8140452349615311,0,correct_high
validation::5688,['5'],6.,0.0,"['9.', '7.', '9.', '7.', '5.', '7.', '8.', '7.', '8.', '5.']",1.3321790402101223,how many pillows even partially visible are there?,,False,0.8140452349615311,1,incorrect_low
validation::5690,['4'],4.,1.0,"['2.', '4.', '4.', '4.', '4.', '4.', '2.', '2.', '4.', '4.']",0.6108643020548935,How many legs of the giraffe can be seen in the photo?,,True,0.8140452349615311,0,correct_high
validation::5693,['3'],4.,0.0,"['4.', '4.', '4.', '4.', '4.', '4.', '4.', '4.', '4.', '4.']",-0.0,How many of tines on the fork?,,False,0.8140452349615311,0,incorrect_high
validation::5697,['left'],All of them.,0.0,"['All of them.', 'None.', 'Everyone.', 'None.', 'All.', 'All of them.', 'Coach.', 'Everyone.', 'All of them.', 'None.']",0.8979457248567797,which person on the field has their socks showing?,,False,0.8140452349615311,1,incorrect_low
validation::5699,['pepper'],Pepper.,1.0,"['Herbs.', 'Herbs.', 'Herbs.', 'Pepper.', 'Parsley.', 'Herbs.', 'None.', 'Herbs.', 'Parsley.', 'Herbs.']",1.0888999753452235,What garnish is inside of the soup?,,True,0.8140452349615311,1,correct_low
validation::570,['3'],3.,1.0,"['3.', '3.', '4.', '3.', '3.', '3.', '3.', '3.', '1.', '3.']",0.639031859650177,how many zebra are there?,,True,0.8140452349615311,0,correct_high
validation::5700,['lion'],Lion,1.0,"['Lion', 'Lion', 'Lion', 'Lion', 'Lion', 'Lion', 'Lion', 'Lion', 'Lion', 'Lion']",-0.0,"Which one of the following is NOT seen in this picture: lion, people or giraffe?",,True,0.8140452349615311,0,correct_high
validation::5701,['4'],3.,0.0,"['3.', '3.', '3.', '3.', '3.', '3.', '3.', '3.', '3.', '4.']",0.3250829733914482,How many slices of pizza does the girl have?,,False,0.8140452349615311,0,incorrect_high
validation::5703,['2'],2,1.0,"['2.', '2', '2', '2.', '2.', '2', 'Two.', '2', '2', '2']",-0.0,What number is the girl signaling with her fingers?,,True,0.8140452349615311,0,correct_high
validation::5715,['open'],Open.,1.0,"['Open.', 'Open.', 'Open.', 'Open.', 'Open.', 'Open.', 'Open.', 'Open.', 'Open.', 'Open.']",-0.0,Is the door to the room open or closed?,,True,0.8140452349615311,0,correct_high
validation::5716,['masts'],Sail masts.,1.0,"['Sail masts.', 'Sail masts.', 'Masts.', 'Sail mast.', 'Sails.', 'Pylons.', 'Masts.', 'Sails.', 'Flagpoles.', 'Masts.']",1.5047882836811908,What are the vertical poles called?,,True,0.8140452349615311,1,correct_low
validation::5719,['red and gold'],Red and green.,1.0,"['Red and green.', 'Red and orange.', 'Red.', 'Red and green.', 'Red and white.', 'Red and green.', 'Red and plaid.', 'Red and green.', 'Red.', 'Red and white.']",1.4708084763221114,What colors are the bow?,,False,0.8140452349615311,1,incorrect_low
validation::572,['camera'],Camera.,1.0,"['Camera.', 'Couch.', 'To the right.', 'Couch.', 'Couch.', 'Couch.', 'Up.', 'Left.', 'Up.', 'At another cat.']",1.6094379124341005,Where is the cat looking?,,True,0.8140452349615311,1,correct_low
validation::5721,['4'],4.,1.0,"['4.', '2.', '3.', '3.', '2.', '3.', '3.', '3.', '4.', '3.']",0.9502705392332348,How many limbs are visible?,,True,0.8140452349615311,1,correct_low
validation::5722,['trucks'],Trucks.,1.0,"['Trucks.', 'Trucks.', 'Trucks.', 'Trucks.', 'Trucks.', 'Trucks.', 'Trucks.', 'Trucks.', 'Trucks.', 'Trucks.']",-0.0,What does the sign say can not go on that street?,,True,0.8140452349615311,0,correct_high
validation::5723,['left'],Left.,1.0,"['Left.', 'Right.', 'Left.', 'Left.', 'Right.', 'Left.', 'Right.', 'Right.', 'Left.', 'Right.']",0.6931471805599453,"Which lamp shade is more triangular, left or right.",,True,0.8140452349615311,0,correct_high
validation::5726,['5'],7.,0.0,"['4.', '7.', '8.', '9.', '7.', '5.', '5.', '8.', '5.', '3.']",1.6957425341696346,How many of these planes are producing a clearly visible white plume?,,False,0.8140452349615311,1,incorrect_low
validation::5727,['3'],1.,0.0,"['4.', '1.', '1.', '1.', '1.', '1.', '2.', '3.', '4.', '4.']",1.1682824501765623,How many overhead traffic lights are there?,,False,0.8140452349615311,1,incorrect_low
validation::5731,['peacock'],Peacock.,1.0,"['Bird.', 'Peacock.', 'Peacock.', 'Peacock.', 'Peacock.', 'Black.', 'Peacock.', 'Peacock.', 'Peacock.', 'Peacock.']",0.639031859650177,What kind of feathers are in the vase?,,True,0.8140452349615311,0,correct_high
validation::5733,['california'],California.,1.0,"['California.', 'California.', 'California.', 'California.', 'California.', 'California.', 'California.', 'California.', 'California.', 'California.']",-0.0,What state is the white automobile from?,,True,0.8140452349615311,0,correct_high
validation::5736,['3'],2.,0.0,"['8.', '11.', '4.', '1.', '2.', '2.', '2.', '2.', '2.', '2.']",1.2275294114572126,How many poles can we see holding up the banners?,,False,0.8140452349615311,1,incorrect_low
validation::5740,['bear'],Mammal.,0.0,"['Mammal.', 'Mammal.', 'Mammal.', 'Mammal.', 'Mammal.', 'Mammal.', 'Mammals.', 'Ursidae.', 'Mammal.', 'Bear.']",0.639031859650177,What taxonomic class is this animal in?,,True,0.8140452349615311,0,correct_high
validation::5741,['kangaroo'],Kangaroo.,1.0,"['Kangaroo.', 'Kangaroo.', 'Qantas.', 'Kangaroo.', 'Qantas.', 'Kangaroo.', 'Qantas.', 'Kangaroo.', 'Kangaroo.', 'Qantas.']",0.6730116670092565,What is on the tail of the plane?,,True,0.8140452349615311,0,correct_high
validation::5742,['0'],2.,0.0,"['2.', '2.', '2.', '1.', '1.', '2.', '2.', '1.', '1.', '1.']",0.6931471805599453,how many tails can be seen?,,False,0.8140452349615311,0,incorrect_high
validation::5746,['3'],2.,0.0,"['3.', '2.', '2.', '2.', '2.', '2.', '2.', '2.', '2.', '2.']",0.3250829733914482,How many horizontal slats on the back of the bench?,,False,0.8140452349615311,0,incorrect_high
validation::5748,['3'],2.,0.0,"['3.', '2.', '3.', '2.', '3.', '3.', '3.', '4.', '2.', '2.']",0.9433483923290392,How many bed mattresses are in the photo?,,False,0.8140452349615311,1,incorrect_low
validation::5749,['black'],Silver.,0.0,"['Silver.', 'Silver.', 'Silver.', 'Gold.', 'Silver.', 'Silver.', 'Silver.', 'Silver.', 'Silver.', 'Gold.']",0.5004024235381879,what color is the woman's watch band?,,False,0.8140452349615311,0,incorrect_high
validation::5750,['2'],3.,0.0,"['2.', '5.', '1.', '4.', '4.', '3.', '1.', '4.', '6.', '2.']",1.6957425341696346,how many drawers are closed?,,False,0.8140452349615311,1,incorrect_low
validation::5751,['brown'],Brown.,1.0,"['Brown.', 'Brown.', 'Brown.', 'Brown.', 'Brown.', 'Brown.', 'Brown.', 'Brown.', 'Brown.', 'Brown.']",-0.0,What color is the woman wearing?,,True,0.8140452349615311,0,correct_high
validation::5754,['tongs'],Hot dog.,0.0,"['Hot dog.', 'Hot dog.', 'Hot dog.', 'Hot dog.', 'Hot dog.', 'Bun.', 'Hot dog.', 'Hot dog.', 'Bun.', 'Hot dog.']",0.5004024235381879,What is the woman in the front holding in her right hand?,,False,0.8140452349615311,0,incorrect_high
validation::5757,['901'],901.,1.0,"['801.', '901.', '601.', '607.', '601.', '101.', '901.', '601.', '801.', '301.']",1.6957425341696344,What is the number on the train?,,True,0.8140452349615311,1,correct_low
validation::576,['53'],3.,0.0,"['3.', '3.', '3.', '1053.', '1553.', '50.', '6153.', '1063.', '3.', '50.']",1.6094379124341005,What number is painted on the wall?,,False,0.8140452349615311,1,incorrect_low
validation::5760,['3'],3.,1.0,"['4.', '4.', '4.', '3.', '4.', '3.', '3.', '4.', '6.', '4.']",0.8979457248567797,How many rectangular cubish blackish items are hanging off the railing above the train?,,True,0.8140452349615311,1,correct_low
validation::5762,['foot pedal'],Foot.,1.0,"['Step on a pedal.', 'Foot.', 'Foot.', 'Foot.', 'Step on a pedal.', 'Foot.', 'Foot.', 'Foot.', 'Foot.', 'Foot.']",0.5004024235381879,How do you open the garbage can?,,True,0.8140452349615311,0,correct_high
validation::5764,['5'],4.,0.0,"['2.', '4.', '4.', '4.', '4.', '4.', '3.', '4.', '4.', '5.']",0.9404479886553264,How many eye are visible?,,False,0.8140452349615311,1,incorrect_low
validation::5765,['orange'],Orange.,1.0,"['Orange.', 'Orange.', 'Orange.', 'Orange.', 'Orange.', 'Orange.', 'Orange.', 'Orange.', 'Red.', 'Orange.']",0.3250829733914482,What color is the vegetable's inside?,,True,0.8140452349615311,0,correct_high
validation::5767,['6'],6.,1.0,"['6.', '5.', '5.', '7.', '7.', '6.', '7.', '8.', '8.', '6.']",1.366158847569202,How many legs are shown?,,True,0.8140452349615311,1,correct_low
validation::5769,['4'],2.,0.0,"['2.', '2.', '2.', '2.', '2.', '2.', '2.', '2.', '2.', '2.']",-0.0,how many hands holding the pie?,,False,0.8140452349615311,0,incorrect_high
validation::577,['male'],Female.,0.0,"['Female.', 'Man.', 'Male.', 'Female.', 'Male.', 'Female.', 'Male.', 'Male.', 'Male.', 'Female.']",0.6730116670092565,What gender is the person on the ground?,,False,0.8140452349615311,0,incorrect_high
validation::5772,['1'],2.,0.0,"['3.', '2.', '2.', '2.', '3.', '2.', '2.', '2.', '2.', '2.']",0.5004024235381879,How many wheels can be seen on the red bus on the right hand side of the photo?,,False,0.8140452349615311,0,incorrect_high
validation::5773,['1'],2.,0.0,"['1.', '1.', '3.', '2.', '2.', '1.', '1.', '2.', '1.', '2.']",0.9433483923290392,How many buttons are shown?,,False,0.8140452349615311,1,incorrect_low
validation::5777,['2'],2.,1.0,"['3.', '3.', '2.', '2.', '2.', '2.', '2.', '2.', '2.', '2.']",0.5004024235381879,How many people is the horse pulling?,,True,0.8140452349615311,0,correct_high
validation::5780,['red and yellow'],Blue and yellow.,1.0,"['Yellow and blue.', 'Blue and red.', 'Black and yellow.', 'Blue and yellow.', 'Blue and red.', 'Blue and yellow.', 'Black and yellow.', 'White and red.', 'Black and yellow.', 'Blue and red.']",1.313834033192747,what two colors are the robot on the napkins?,,False,0.8140452349615311,1,incorrect_low
validation::5782,['shawl'],Shawl.,1.0,"['Shawl.', 'Shawl.', 'Fringe.', 'Shawl.', 'Purse.', 'Shawl.', 'Shawl.', 'Shawl.', 'Shawl.', 'Shawl.']",0.639031859650177,"What article of clothing does the woman on the right have, that the woman on the left does not?",,True,0.8140452349615311,0,correct_high
validation::5789,['4'],4.,1.0,"['5.', '4.', '5.', '5.', '4.', '5.', '4.', '5.', '5.', '4.']",0.6730116670092565,How many fingers can be seen on the man's hand?,,True,0.8140452349615311,0,correct_high
validation::5790,['3'],2.,0.0,"['2.', '2.', '2.', '2.', '2.', '2.', '2.', '2.', '2.', '2.']",-0.0,how many people?,,False,0.8140452349615311,0,incorrect_high
validation::5791,['handicap'],Handicap.,1.0,"['Handicap.', 'Handicap.', 'Handicapped.', 'Handicapped.', 'Handicap.', 'Handicap.', 'Handicapped.', 'Handicapped.', 'Handicapped.', 'Handicap.']",-0.0,The blue sign in front of the white car denotes what kind of parking?,,True,0.8140452349615311,0,correct_high
validation::5794,['blue'],Blue.,1.0,"['Blue.', 'Blue.', 'Blue.', 'Blue.', 'Blue.', 'Blue.', 'Blue.', 'Blue.', 'Blue.', 'Blue.']",-0.0,What color is the board besides orange and white?,,True,0.8140452349615311,0,correct_high
validation::5796,['3'],3.,1.0,"['3.', '3.', '3.', '3.', '3.', '5.', '3.', '3.', '3.', '3.']",0.3250829733914482,How many total headlights can be seen on the vehicles that are parked at the curb?,,True,0.8140452349615311,0,correct_high
validation::5802,['waterloo'],Waterloo.,1.0,"['Waterloo.', 'Waterloo.', 'Waterloo.', 'Waterloo.', 'Waterloo.', 'Waterloo.', 'Waterloo.', 'Waterloo.', 'Waterloo.', 'Waterloo.']",-0.0,What city is on the top left display in the front of the train?,,True,0.8140452349615311,0,correct_high
validation::5807,['8'],8.,1.0,"['8.', '8.', '8.', '8.', '8.', '8.', '8.', '8.', '8.', '8.']",-0.0,How many total legs in this picture?,,True,0.8140452349615311,0,correct_high
validation::5810,['dell'],Dell.,1.0,"['Dell.', 'Dell.', 'Dell.', 'Dell.', 'Dell.', 'Dell.', 'Dell.', 'Dell.', 'Dell.', 'Dell.']",-0.0,What brand is the laptop?,,True,0.8140452349615311,0,correct_high
validation::5819,['black'],Black.,1.0,"['Black.', 'Black.', 'Black.', 'Black.', 'Black.', 'Black.', 'Black.', 'Black.', 'Black.', 'Black.']",-0.0,what color is the rope,,True,0.8140452349615311,0,correct_high
validation::582,['laying down'],Sitting.,0.0,"['Sitting.', 'Laying down.', 'Sitting.', 'Sitting.', 'Sitting.', 'Sitting.', 'Sitting.', 'Sitting.', 'Looking at bird.', 'Sitting.']",0.639031859650177,What is the cat doing by the tree?,,False,0.8140452349615311,0,incorrect_high
validation::5825,['1'],0.,0.0,"['0.', '0.', '0.', '0.', '0.', '0.', '0.', '0.', '0.', '0.']",-0.0,How many people are wearing a red cap?,,False,0.8140452349615311,0,incorrect_high
validation::5826,['4'],1.,0.0,"['4.', '4.', '4.', '2.', '5.', '5.', '5.', '1.', '5.', '4.']",1.1935496040981333,How many people are faced away from the water?,,False,0.8140452349615311,1,incorrect_low
validation::5827,['top'],Top.,1.0,"['Bottom half.', 'Lower.', 'Top.', 'Lower half.', 'Top.', 'Lower.', 'Lower.', 'Lower.', 'Lower.', 'Lower.']",0.5004024235381879,Are there more skiers in the top half of the image or lower half?,,True,0.8140452349615311,0,correct_high
validation::5828,['unmade'],Unmade.,1.0,"['Unmade.', 'Unmade.', 'Unmade.', 'Unmade.', 'Unmade.', 'Unmade.', 'Unmade.', 'Unmade.', 'Unmade.', 'Unmade.']",-0.0,Is the bed unmade or made?,,True,0.8140452349615311,0,correct_high
validation::5829,['black diamond'],Black diamond.,1.0,"['Black.', 'Black diamonds.', 'Black diamond.', 'Black diamond.', 'Black diamond.', 'Black diamonds.', 'Black diamonds.', 'Black diamond.', 'Black diamond.', 'Black diamond.']",0.3250829733914482,What brand is the snow axe?,,True,0.8140452349615311,0,correct_high
validation::5831,['the'],Exit.,0.0,"['No divider.', 'No words.', 'Baggage.', 'Nothing.', ""Can't read it."", 'WORLD.', 'Porter.', 'Exit.', 'First.', 'Exit.']",2.025326220770068,what is the first word on the divider?,,False,0.8140452349615311,1,incorrect_low
validation::5833,['1'],1.,1.0,"['1.', '1.', '1.', '1.', '1.', '1.', '1.', '1.', '1.', '1.']",-0.0,How many taxis are there in this picture?,,True,0.8140452349615311,0,correct_high
validation::5838,['2103'],2103.,1.0,"['2103.', '2103.', '2103.', '2103.', '2103.', '2103.', '2103.', '2103.', '2103.', '2103.']",-0.0,what is the 4 digit number?,,True,0.8140452349615311,0,correct_high
validation::5839,['blue'],No bike.,0.0,"['Gray.', 'No bike.', 'Gray.', 'No bike.', 'No bike.', 'No bike.', 'No bike.', 'Blue.', 'No bike.', 'Blue.']",2.025326220770068,What color is the bike?,,False,0.8140452349615311,1,incorrect_low
validation::5843,['10'],10.,1.0,"['13.', '5.', '2.', '12.', '4.', '10.', '2.', '8.', '0.', '6.']",2.163955656882057,How many knobs that can be turned?,,True,0.8140452349615311,1,correct_low
validation::5844,['apple'],Apple.,1.0,"['Apple.', 'Apple.', 'Apple.', 'Apple.', 'Apple.', 'Apple.', 'Apple.', 'Apple.', 'Apple.', 'Apple.']",-0.0,what is the fruit in the middle,,True,0.8140452349615311,0,correct_high
validation::5845,['9'],8.,0.0,"['7.', '11.', '9.', '8.', '7.', '6.', '8.', '8.', '8.', '8.']",1.3592367006650063,How many sheep are there?,,False,0.8140452349615311,1,incorrect_low
validation::5846,['2'],2.,1.0,"['2.', '2.', '3.', '2.', '2.', '2.', '1.', '1.', '2.', '1.']",0.8979457248567798,How many pillows are there?,,True,0.8140452349615311,1,correct_low
validation::5848,['mcdonalds'],Mcdonalds.,1.0,"['Mcdonalds.', 'Mcdonalds.', 'Mcdonalds.', ""Mcdonald's."", 'Mcdonalds.', 'Mcdonalds.', 'Mcdonalds.', ""Mcdonald's."", ""Mcdonald's."", ""Mcdonald's.""]",-0.0,what restaurant is this food from?,,True,0.8140452349615311,0,correct_high
validation::585,['2'],1.,0.0,"['2.', '1.', '1.', '2.', '7.', '1.', '2.', '1.', '1.', '1.']",0.8979457248567797,How many dogs can we see?,,False,0.8140452349615311,1,incorrect_low
validation::5850,['kerttuli'],Kerttuli.,1.0,"['Kerttuli.', 'Kerttuli.', 'Kerttuli.', 'Kerttuli.', 'Kerttuli.', 'Kerttuli.', 'Kerttuli.', 'Kerttuli.', 'Kerttuli.', 'Kerttuli.']",-0.0,What word is on the clock?,,True,0.8140452349615311,0,correct_high
validation::5852,['22'],27.,0.0,"['7.', '22.', '200.', '501.', '700.', '224.', '77.', '2.', '27.', '27.']",2.1639556568820564,What is the building number on the building with the red doors?,,False,0.8140452349615311,1,incorrect_low
validation::5854,['chain'],Chain.,1.0,"['Chains.', 'Cow.', 'Chain.', 'Cow.', 'Chains.', 'Cow.', 'Chain.', 'Cow.', 'Cow.', 'Chains.']",0.6931471805599453,what is on the rail?,,True,0.8140452349615311,0,correct_high
validation::5857,['black'],Pink.,0.0,"['Pink.', 'Green.', 'Black.', 'Pink.', 'Pink.', 'Black.', 'Pink.', 'Pink.', 'Pink.', 'Pink.']",0.8018185525433373,What color are the shoulders on her jacket?,,False,0.8140452349615311,0,incorrect_high
validation::5858,['5'],4.,0.0,"['2.', '3.', '3.', '2.', '4.', '5.', '4.', '3.', '4.', '5.']",1.366158847569202,"Including the seconds hand, how many clock hands are visible in total?",,False,0.8140452349615311,1,incorrect_low
validation::5859,['black'],White.,0.0,"['Black.', 'Black.', 'White.', 'Black.', 'Black.', 'White.', 'White.', 'White.', 'Black.', 'Black.']",0.6730116670092565,Are the black or the white stripes thicker on this Zebra?,,False,0.8140452349615311,0,incorrect_high
validation::586,['2'],2.,1.0,"['1.', '3.', '3.', '1.', '2.', '2.', '2.', '3.', '3.', '2.']",1.0549201679861442,How many chair lifts are there?,,True,0.8140452349615311,1,correct_low
validation::5862,['yellow green red'],Rainbow.,0.0,"['Yellow pink purple green.', 'Yellow, green, red, blue.', 'Yellow black orange and white.', 'Yellow, pink, blue and green.', 'Rainbow.', 'Yellow and red.', 'Rainbow.', 'Rainbow.', 'Yellow.', 'Yellow orange pink blue.']",1.9730014063936128,What colors are the kite's streamers?,,True,0.8140452349615311,1,correct_low
validation::5863,['2'],3.,0.0,"['3.', '3.', '2.', '3.', '3.', '3.', '3.', '3.', '4.', '3.']",0.639031859650177,How many guys are wearing orange short pants in this picture?,,False,0.8140452349615311,0,incorrect_high
validation::5869,['l'],B.,0.0,"['M.', 'W.', 'B', 'Baltimore.', 'D.', 'L.', 'B.', 'B.', 'B.', 'L']",1.6094379124341005,what is the first capital of poster on wall?,,False,0.8140452349615311,1,incorrect_low
validation::5870,['1'],1.,1.0,"['1.', '1.', '1.', '1.', '2.', '1.', '1.', '1.', '1.', '1.']",0.3250829733914482,How many adult giraffes are in the photo?,,True,0.8140452349615311,0,correct_high
validation::5871,['wireless g rangeplus'],Wireless g.,1.0,"['Wireless G.', 'Wireless g.', 'Wireless g.', 'Wireless g.', 'Wireless g.', 'Wireless g.', 'Wireless g.', 'Wireless g.', 'Wireless g.', 'Wireless g.']",-0.0,What is the second network option,,True,0.8140452349615311,0,correct_high
validation::5872,['ct'],Ct.,1.0,"['Ct.', 'Ct.', 'Ct.', 'Ct.', 'Ct.', 'Ct.', 'Ct.', 'Ct.', 'Ct.', 'Ct.']",-0.0,Which two letters appear on the far right of the green sign?,,True,0.8140452349615311,0,correct_high
validation::5873,['0'],0.,1.0,"['0.', '0.', '0.', '0.', '0.', '0.', '0.', '0.', '0.', '0.']",-0.0,How many tricycles are in this picture?,,True,0.8140452349615311,0,correct_high
validation::5874,['van'],Van.,1.0,"['Van.', 'Van.', 'Van.', 'Van.', 'Van.', 'Van.', 'Van.', 'Van.', 'Van.', 'Van.']",-0.0,What is the first word on the side of the bus?,,True,0.8140452349615311,0,correct_high
validation::5877,['bridge'],Bridge.,1.0,"['Bridge.', 'Bridge.', 'Bridge.', 'Tunnel.', 'Bridge.', 'Bridge.', 'Bridge.', 'Bridge.', 'Bridge.', 'Tunnel.']",0.5004024235381879,What is the green object over the tracks?,,True,0.8140452349615311,0,correct_high
validation::5880,['plant'],Plant.,1.0,"['Plant.', 'Plant.', 'Plant.', 'Plant.', 'Plant.', 'Plant.', 'Plant.', 'Plant.', 'Plant.', 'Plant.']",-0.0,"Which of the following is NOT on the table: a cat, a TV or a plant?",,True,0.8140452349615311,0,correct_high
validation::5881,['2'],1.,0.0,"['1 and 1.', '3.', '3.', '1.', '1 dog, 1 person.', '1.', '1 animal 1 person sitting.', '1.', '1.', '1 animal, 1 person sitting.']",0.8018185525433372,how many animals and people sitting?,,False,0.8140452349615311,0,incorrect_high
validation::5885,['8'],10.,0.0,"['3.', '8.', '10.', '11.', '7.', '5.', '11.', '8.', '10.', '6.']",1.8866967846580784,How many bottles are on the table?,,False,0.8140452349615311,1,incorrect_low
validation::5886,['2'],2.,1.0,"['2.', '2.', '2.', '2.', '2.', '2.', '2.', '2.', '2.', '2.']",-0.0,how many different types of fruit are in the scene?,,True,0.8140452349615311,0,correct_high
validation::5887,['on the wall'],Wall.,1.0,"['On wall.', 'Left.', 'Wall.', 'On toilet.', 'Wall.', 'Right side.', 'Left of toilet.', 'Wall.', 'Against wall.', 'Unknown.']",1.4978661367769952,Where is the toilet paper?,,True,0.8140452349615311,1,correct_low
validation::5889,['newport'],Newport.,1.0,"['Newport.', 'Newport.', 'Leeuwarden.', 'Flewpert.', 'Newport.', 'Newport.', 'Fleuvert.', 'Nieuport.', 'Newport.', 'Newport.']",0.9404479886553264,What is the bottom-most word on the clock?,,True,0.8140452349615311,1,correct_low
validation::5895,['2'],2.,1.0,"['3.', '1.', '2.', '3.', '2.', '3.', '2.', '2.', '1.', '2.']",1.0296530140645737,How many items are holding the bottom of the computer up?,,True,0.8140452349615311,1,correct_low
validation::5899,['bird'],Bird.,1.0,"['Cat.', 'Bird.', 'Dog.', 'Cat.', 'Bird.', 'Dog.', 'Horse.', 'Fish.', 'Bird.', 'Fish.']",1.5571130980576458,What animal is the shape of the blue picture in the back?,,True,0.8140452349615311,1,correct_low
validation::590,['4'],4.,1.0,"['6.', '4.', '3.', '4.', '3.', '4.', '5.', '4.', '4.', '5.']",1.2206072645530175,How many kid are in the table?,,True,0.8140452349615311,1,correct_low
validation::5903,['sydney'],Sonoma.,0.0,"['Sompo.', 'Medibank.', 'Sonys.', 'Sou.', 'Sonic.', 'Soul.', 'Sonnet.', 'Sonys.', 'Sonoma.', 'Sonus.']",1.8866967846580784,What does the ground say?,,False,0.8140452349615311,1,incorrect_low
validation::5905,['horses'],Horses.,1.0,"['Horses.', 'Horses.', 'Horses.', 'Horses.', 'Horses.', 'Horses.', 'Horses.', 'Horses.', 'Horses.', 'Horses.']",-0.0,What kind of animals are the men riding on?,,True,0.8140452349615311,0,correct_high
validation::5908,['3'],1.,0.0,"['1.', '1.', '1.', '1.', '2.', '1.', '2.', '2.', '1.', '1.']",0.6108643020548935,How many fingernails are visible?,,False,0.8140452349615311,0,incorrect_high
validation::5909,['3804'],3804.,1.0,"['3804.', '3804.', '725.', '3804.', '3304.', 'Not visible.', '3804.', '3804.', '3804.', '2804.']",1.2275294114572126,What is the number on the side of the bus?,,True,0.8140452349615311,1,correct_low
validation::5914,['unanswerable'],Glazed.,0.0,"['Glazed.', 'Cinnamon sugar.', 'Sugar.', 'Glazed.', 'Rice krispie.', 'Frosted.', 'Rice krispies.', 'Rice krispies.', 'Sprinkle.', 'Sugar.']",1.6957425341696346,what kind of doughnut is the center picture on the box?,,False,0.8140452349615311,1,incorrect_low
validation::5915,['yellow'],White.,0.0,"['White.', 'White.', 'White.', 'White.', 'White.', 'White.', 'White.', 'White.', 'White.', 'White.']",-0.0,What color are the girls socks who is not holding a tennis racket?,,False,0.8140452349615311,0,incorrect_high
validation::592,['moths'],Moths.,1.0,"['Moths.', 'Moths.', 'Crickets.', 'Moths.', 'Moths.', 'Moths.', 'Moths.', 'Moths.', 'Crickets.', 'Moths.']",0.5004024235381879,Are those moths or crickets?,,True,0.8140452349615311,0,correct_high
validation::5921,['b'],B.,1.0,"['F.', 'B.', 'M.', 'C.', 'B.', 'B.', 'B.', 'B.', 'B.', 'B.']",0.9404479886553264,What is the first fully visible letter on the left side of the train?,,True,0.8140452349615311,1,correct_low
validation::5933,['wheat'],White.,0.0,"['White.', 'Wheat.', 'Wheat.', 'White.', 'Wheat.', 'Wheat.', 'White.', 'White.', 'White.', 'White.']",0.6730116670092565,Does the bread appear to be wheat or white bread?,,False,0.8140452349615311,0,incorrect_high
validation::5936,['3'],3.,1.0,"['3.', '3.', '3.', '4.', '3.', '3.', '3.', '3.', '3.', '4.']",0.5004024235381879,How many figurines are on the shelf above the people?,,True,0.8140452349615311,0,correct_high
validation::5937,['3'],4.,0.0,"['4.', '4.', '4.', '4.', '4.', '4.', '4.', '4.', '4.', '4.']",-0.0,how many legs?,,False,0.8140452349615311,0,incorrect_high
validation::594,['quit'],QUIT.,1.0,"['Quit.', 'Quit.', 'QUIT.', 'QUIT.', 'QUIT.', 'QUIT.', 'QUIT.', 'Quint.', 'QUIT.', 'Quit.']",-0.0,what word is under the avatar?,,True,0.8140452349615311,0,correct_high
validation::5940,['2013'],2013.,1.0,"['2013.', '2013.', '2012.', '2015.', '2013.', '2013.', '2013.', '2018.', '2013.', '2013.']",0.9404479886553264,What year was the photo taken?,,True,0.8140452349615311,1,correct_low
validation::5942,['left'],Left.,1.0,"['Left.', 'Left.', 'Left.', 'Left.', 'Left.', 'Left.', 'Left.', 'Left.', 'Left.', 'Left.']",-0.0,which one is taller?,,True,0.8140452349615311,0,correct_high
validation::5943,['crown'],None.,0.0,"['None.', 'None.', 'None.', 'None.', 'Cap.', 'None.', 'None.', 'None.', 'Hat.', 'None.']",0.639031859650177,What head wear is seen in this image?,,False,0.8140452349615311,0,incorrect_high
validation::5945,['3'],1.,0.0,"['1.', '1.', '1.', '1.', '2.', '1.', '1.', '1.', '1.', '1.']",0.3250829733914482,How many flags are flying on or near this building?,,False,0.8140452349615311,0,incorrect_high
validation::5946,['white'],White.,1.0,"['White.', 'White.', 'White.', 'Gray.', 'White.', 'Silver.', 'Gray.', 'White.', 'White.', 'Gray.']",0.8979457248567797,what color is the item in the mans hand,,True,0.8140452349615311,1,correct_low
validation::5954,['left'],Right.,0.0,"['Left.', 'Right.', 'Left.', 'Left.', 'Right.', 'Right.', 'Right.', 'Right.', 'Right.', 'Right.']",0.6108643020548935,What hand is being used to try to block the throw?,,False,0.8140452349615311,0,incorrect_high
validation::5956,['left'],Left.,1.0,"['Right.', 'Right.', 'Right.', 'Right.', 'Right.', 'Left.', 'Right.', 'Left.', 'Left.', 'Right.']",0.6108643020548935,In what direction is the adult giraffe staring at?,,True,0.8140452349615311,0,correct_high
validation::5958,['top'],Top.,1.0,"['Top.', 'Top.', 'Top.', 'Top.', 'Top.', 'Top.', 'Top.', 'Top.', 'Top.', 'Top.']",-0.0,Is the nose of the plane further from the bottom or top of the image?,,True,0.8140452349615311,0,correct_high
validation::596,['white'],White.,1.0,"['White.', 'White.', 'White.', 'White.', 'White.', 'White.', 'White.', 'White.', 'White.', 'White.']",-0.0,What color is the shirt of the person closest to the camera?,,True,0.8140452349615311,0,correct_high
validation::5961,['2'],2.,1.0,"['2.', '2.', '0.', '2.', '1.', '2.', '0.', '2.', '2.', '2.']",0.8018185525433372,How many of the cat's nostrils are visible?,,True,0.8140452349615311,0,correct_high
validation::5964,['9'],9.,1.0,"['9.', '9.', '8.', '9.', '3.', '8.', '9.', '9.', '9.', '9.']",0.8018185525433372,What number is on the jersey of the person to the far left in the dugout?,,True,0.8140452349615311,0,correct_high
validation::5965,['2'],2.,1.0,"['3.', '3.', '3.', '4.', '3.', '3.', '2.', '3.', '2.', '3.']",0.8018185525433373,How man piercings can we see on this man?,,True,0.8140452349615311,0,correct_high
validation::5967,['apart'],Apart.,1.0,"['Apart.', 'Crossed.', 'Apart.', 'Apart.', 'Apart.', 'Apart.', 'Apart.', 'Apart.', 'Apart.', 'Apart.']",0.3250829733914482,Are the skier's legs crossed or apart?,,True,0.8140452349615311,0,correct_high
validation::5969,['1'],2.,0.0,"['2.', '2.', '2.', '2.', '2.', '2.', '2.', '2.', '2.', '2.']",-0.0,how many people are surfing?,,False,0.8140452349615311,0,incorrect_high
validation::597,['ties'],Belts.,0.0,"['Fabric.', 'Ties.', 'Belts.', 'Belts.', 'Fabric.', 'Beaded belts.', 'Fabric.', 'Ties.', 'Belts.', 'Belts.']",1.2798542258336676,What is for sale on the table?,,False,0.8140452349615311,1,incorrect_low
validation::5971,['15104'],15104.,1.0,"['15.', '15104.', '151804.', '150.', '456894.', '15104.', '15104.', '151804.', '15104.', '15104.']",1.3592367006650063,What is the red number?,,True,0.8140452349615311,1,correct_low
validation::5973,['nike'],Nike.,1.0,"['Nike.', 'Nike.', 'Nike.', 'Nike.', 'Nike.', 'Nike.', 'Nike.', 'New balance.', 'Nike.', 'New balance.']",0.5004024235381879,What brand are the sneakers that can be seen?,,True,0.8140452349615311,0,correct_high
validation::5980,['bowl'],Bowl.,1.0,"['Bowl.', 'Bowl.', 'Bowl.', 'Bowl.', 'Bowl.', 'Bowl.', 'Bowl.', 'Bowl.', 'Bowl.', 'Bowl.']",-0.0,Is this a plate or a bowl?,,True,0.8140452349615311,0,correct_high
validation::5981,['4'],2.,0.0,"['2.', '4.', '2.', '4.', '3.', '6.', '2.', '4.', '4.', '7.']",1.4184836619456564,How many books are visible on the lower shelf?,,False,0.8140452349615311,1,incorrect_low
validation::5987,['2'],1.,0.0,"['1.', '1.', '1.', '0.', '1.', '1.', '1.', '1.', '0.', '1.']",0.5004024235381879,How many horses have white in there foreheads?,,False,0.8140452349615311,0,incorrect_high
validation::5988,['sun'],Shade.,0.0,"['Shade.', 'Shade.', 'Shade.', 'Shade.', 'Shade.', 'Shade.', 'Shade.', 'Shade.', 'Shade.', 'Shade.']",-0.0,Is the bicycle in the sun or in the shade?,,False,0.8140452349615311,0,incorrect_high
validation::5989,['chiquita anana'],Chiquita banana.,1.0,"['Chiquita banana.', 'Chiquita banana.', 'Chiquita nana.', 'Chiquita banana.', 'Chiquita banana.', 'Chiquita banana.', 'Chiquita banana.', 'Chiquita banana.', 'Chiquita banana.', 'Chiquita banana.']",-0.0,What does the tapestry behind the women say?,,True,0.8140452349615311,0,correct_high
validation::5990,['2'],4.,0.0,"['4.', '4.', '4.', '4.', '4.', '4.', '4.', '4.', '4.', '4.']",-0.0,What is the total number of ears and eyes visible?,,False,0.8140452349615311,0,incorrect_high
validation::5992,['2'],2.,1.0,"['2.', '2.', '3.', '2.', '2.', '2.', '2.', '2.', '2.', '2.']",0.3250829733914482,How many cups are there?,,True,0.8140452349615311,0,correct_high
validation::5994,['train'],Train.,1.0,"['Train.', 'Train.', 'Train.', 'Train.', 'Train.', 'Train.', 'Train.', 'Train.', 'Train.', 'Train.']",-0.0,What is the vehicle in the center?,,True,0.8140452349615311,0,correct_high
validation::6001,['1'],0.,0.0,"['2.', '0.', '0.', '0.', '2.', '0.', '0.', '2.', '0.', '0.']",0.6108643020548935,how many cups are there ?,,False,0.8140452349615311,0,incorrect_high
validation::6005,['left'],Right.,0.0,"['Right.', 'Right.', 'Left.', 'Right.', 'Left.', 'Right.', 'Right.', 'Left.', 'Left.', 'Right.']",0.6730116670092565,Which arm is supporting the bag?,,False,0.8140452349615311,0,incorrect_high
validation::6007,['5'],1.,0.0,"['5.', '4.', '1.', '2.', '1.', '2.', '1.', '4.', '1.', '2.']",1.2798542258336676,how many large branches does the tree have?,,False,0.8140452349615311,1,incorrect_low
validation::6010,['3'],2.,0.0,"['2.', '2.', '2.', '2.', '2.', '3.', '2.', '2.', '1.', '1.']",0.8018185525433373,How many red Santa hats are on the table that the TV is on?,,False,0.8140452349615311,0,incorrect_high
validation::6012,['star alliance'],Star alliance.,1.0,"['Star alliance.', 'Ana.', 'Star alliance.', 'Star alliance.', 'Star alliance.', 'Star alliance.', 'Star alliance.', 'Star alliance.', 'Star alliance.', 'Star alliance.']",0.3250829733914482,What is the name of the airline?,,True,0.8140452349615311,0,correct_high
validation::6015,['4'],2.,0.0,"['3.', '2.', '2.', '4.', '2.', '2.', '2.', '4.', '2.', '2.']",0.8018185525433373,How many giraffe eyes can be seen between the two?,,False,0.8140452349615311,0,incorrect_high
validation::602,['south west'],South west.,1.0,"['South west.', 'South west.', 'South west.', 'South west.', 'South west.', 'South west.', 'South west.', 'South west.', 'South west.', 'South west.']",-0.0,What 2 words can be seen on the train?,,True,0.8140452349615311,0,correct_high
validation::6021,['left'],Forward.,0.0,"['Forward.', 'Forward.', 'Forward.', 'Forward.', 'Forward.', 'Forward.', 'Forward.', 'Forward.', 'Forward.', 'Forward.']",-0.0,In what direction is the man staring?,,False,0.8140452349615311,0,incorrect_high
validation::6026,['forward'],Right.,0.0,"['Down.', 'Right.', 'Up.', 'Right.', 'Left.', 'Right.', 'Right.', 'Forward.', 'Right.', 'Right.']",1.2275294114572126,What direction is the horse carriage moving towards?,,False,0.8140452349615311,1,incorrect_low
validation::603,['child'],Adult.,0.0,"['Adult.', 'Adult.', 'Child.', 'Adult.', 'Child.', 'Child.', 'Adult.', 'Child.', 'Adult.', 'Child.']",0.6931471805599453,Is the backpack in the middle generally for a child or an adult?,,False,0.8140452349615311,0,incorrect_high
validation::6031,['2'],4.,0.0,"['3.', '4.', '4.', '3.', '4.', '4.', '4.', '4.', '4.', '4.']",0.5004024235381879,How many hooves visible?,,False,0.8140452349615311,0,incorrect_high
validation::6035,['4'],0.,0.0,"['1.', '0.', '0.', '0.', '0.', '1.', '0.', '0.', '1.', '0.']",0.6108643020548935,How many people have green shirts on?,,False,0.8140452349615311,0,incorrect_high
validation::6041,['0'],0.,1.0,"['0.', '0.', '0.', '0.', '0.', '1.', '0.', '0.', '0.', '0.']",0.3250829733914482,How many refrigerator doors are open?,,True,0.8140452349615311,0,correct_high
validation::6042,['6'],4.,0.0,"['4.', '4.', '7.', '3.', '7.', '8.', '4.', '5.', '5.', '7.']",1.5047882836811908,How many grate/bar lines/poles are there under the cow's hooves?,,False,0.8140452349615311,1,incorrect_low
validation::6043,['forests'],Forests.,1.0,"['Forests.', 'Forests.', 'Forests.', 'Forests.', 'Forests.', 'Forests.', 'Forests.', 'Forests.', 'Forest.', 'Forests.']",-0.0,What habitat is this species found in?,,True,0.8140452349615311,0,correct_high
validation::6045,['49'],10.,0.0,"['50.', '50.', '720.', 'Not visible.', '8.', '12.', '3.', '22.', 'Not visible.', '15.']",2.025326220770068,what is the route number?,,False,0.8140452349615311,1,incorrect_low
validation::6046,['1'],0.,0.0,"['1.', '0.', '0.', '1.', '0.', '0.', '0.', '0.', '0.', '0.']",0.5004024235381879,how many trees is the giraffe touching?,,False,0.8140452349615311,0,incorrect_high
validation::6048,['blue'],Red.,0.0,"['Red.', 'Red.', 'Red.', 'White.', 'White.', 'Red.', 'Red.', 'Yellow.', 'White.', 'White.']",0.9433483923290392,what color is the text kiosk on the store?,,False,0.8140452349615311,1,incorrect_low
validation::6049,['pink'],Pink.,1.0,"['Pink.', 'Pink.', 'Pink.', 'Pink.', 'Pink.', 'Pink.', 'Black.', 'Pink.', 'Pink.', 'Black.']",0.5004024235381879,What color is the kid's jacket?,,True,0.8140452349615311,0,correct_high
validation::6050,['supervalue'],Superdrug.,0.0,"['Super value.', 'Supervalue.', 'Supervalue.', 'Superdrug.', 'Supervalue.', 'Supervalue.', 'Supervalu.', 'Supervalue.', 'Supervalu.', 'Supervalue.']",0.3250829733914482,What store is listed on the white plastic bag?,,False,0.8140452349615311,0,incorrect_high
validation::6053,['tripod'],Camera.,0.0,"['Camera.', 'Cat.', 'Camera.', 'Camera.', 'Camera.', 'Camera.', 'Camera.', 'Camera.', 'Camera.', 'Camera.']",0.3250829733914482,What is she holding in her left hand?,,False,0.8140452349615311,0,incorrect_high
validation::6061,['1'],1.,1.0,"['1.', '2.', '1.', '1.', '1.', '1.', '1.', '1.', '1.', '1.']",0.3250829733914482,How many eyes are visible?,,True,0.8140452349615311,0,correct_high
validation::6062,['syrup'],Cookie.,0.0,"['Cookie.', 'Cookie.', 'Cookie.', 'Cookie.', 'Cookie.', 'Cookie.', 'Cookie.', 'Cookie.', 'Cookie.', 'Cookie.']",-0.0,What is the brown thing on top of the icecream?,,False,0.8140452349615311,0,incorrect_high
validation::6066,['2'],1.,0.0,"['2.', '2.', '2.', '2.', '2.', '1.', '2.', '2.', '1.', '2.']",0.5004024235381879,how many windows,,False,0.8140452349615311,0,incorrect_high
validation::6067,['4'],3.,0.0,"['4.', '5.', '5.', '2.', '5.', '3.', '3.', '3.', '3.', '3.']",1.1682824501765623,How many tails do you see?,,False,0.8140452349615311,1,incorrect_low
validation::6070,['flower'],Flower.,1.0,"['Flower.', 'Flower.', 'Flower.', 'Flower.', 'Flower.', 'Flower.', 'Flower.', 'Flower.', 'Flower.', 'Flower.']",-0.0,What is on top of the cake?,,True,0.8140452349615311,0,correct_high
validation::6071,['phones'],Cell phone.,0.0,"['Cell phone.', 'Cell phone.', 'Cell phone.', 'With cell phones.', 'Cell phone.', 'Cell phone.', 'Cell phone.', 'Cell phone.', 'Cell phone.', 'Phone.']",0.3250829733914482,how do they take pictures?,,True,0.8140452349615311,0,correct_high
validation::6072,['1'],5.,0.0,"['4.', '3.', '5.', '5.', '5.', '5.', '4.', '5.', '5.', '5.']",0.8018185525433373,How many fingers of the glove can be seen in the darker glove colour?,,False,0.8140452349615311,0,incorrect_high
validation::6077,['spoon'],Spoon.,1.0,"['Spoon.', 'Spoon', 'Spoon', 'Spoon', 'Spoon.', 'Spoon.', 'Spoon.', 'Spoon.', 'Spoon.', 'Spoon.']",-0.0,"Which of the following is the woman NOT holding: fork, spoon or knife?",,True,0.8140452349615311,0,correct_high
validation::6081,['woman'],Woman.,1.0,"['Abstract.', 'Flower.', 'Abstract.', 'Woman.', 'Nude woman.', 'Pear.', 'Woman.', 'Abstract.', 'Fish.', 'Fish.']",1.6957425341696346,what picture is on the cup?,,True,0.8140452349615311,1,correct_low
validation::6083,['green'],Yellow.,0.0,"['Yellow.', 'Yellow.', 'Yellow.', 'Yellow.', 'Yellow.', 'Yellow.', 'Yellow.', 'Yellow.', 'Yellow.', 'Yellow.']",-0.0,What color is the cell phone case to the left of the beverage container?,,False,0.8140452349615311,0,incorrect_high
validation::6084,['6'],4.,0.0,"['4.', '4.', '4.', '4.', '3.', '2.', '4.', '3.', '4.', '3.']",0.8979457248567797,How many red traffic signals are visible?,,False,0.8140452349615311,1,incorrect_low
validation::6085,['0'],0.,1.0,"['2.', '2.', '0.', '0.', '0.', '1.', '0.', '0.', '0.', '0.']",0.8018185525433372,How many of the people's mouths can be seen in the photo?,,True,0.8140452349615311,0,correct_high
validation::6087,['pepperoni and cheese'],Pepperoni and cheese.,1.0,"['Pepperoni.', 'Pepperoni and cheese.', 'Pepperoni and cheese.', 'Pepperoni and cheese.', 'Pepperoni and cheese.', 'Pepperoni and cheese.', 'Pepperoni and cheese.', 'Pepperoni and cheese.', 'Pepperoni and cheese.', 'Pepperoni and cheese.']",0.3250829733914482,what two toppings are on the pizza?,,True,0.8140452349615311,0,correct_high
validation::6089,['apple'],Watermelon.,0.0,"['None.', 'Strawberry.', 'Apple.', 'Strawberry.', 'Watermelon.', 'Cherry.', 'Watermelon.', 'Strawberry.', 'Apple.', 'Strawberry.']",1.4708084763221114,what fruit is on the girl's shirt?,,False,0.8140452349615311,1,incorrect_low
validation::6090,['9'],8.,0.0,"['8.', '8.', '8.', '8.', '9.', '8.', '9.', '8.', 'Nine.', '7.']",0.8979457248567797,How many meatballs are present?,,False,0.8140452349615311,1,incorrect_low
validation::6097,['2'],2.,1.0,"['2.', '2.', '2.', '2.', '2.', '2.', '2.', '2.', '2.', '3.']",0.3250829733914482,how many tennis balls are shown?,,True,0.8140452349615311,0,correct_high
validation::6102,['towel'],Towel.,1.0,"['Towel.', 'Towel.', 'Oven mitt.', 'Dishtowel.', 'Towel.', 'Towel.', 'Towel.', 'Spoon.', 'Towel.', 'Towel.']",0.9404479886553264,What is hanging off the front of the stove?,,True,0.8140452349615311,1,correct_low
validation::611,['1'],1.,1.0,"['1.', '2.', '1.', '1.', '1.', '1.', '1.', '1.', '1.', '1.']",0.3250829733914482,How many orange suitcases?,,True,0.8140452349615311,0,correct_high
validation::6110,['3'],3.,1.0,"['3.', '3.', '3.', '3.', '4.', '3.', '3.', '3.', '3.', '3.']",0.3250829733914482,How many oranges not sliced?,,True,0.8140452349615311,0,correct_high
validation::6111,['2'],2.,1.0,"['2.', '2.', '2.', '2.', '2.', '2.', '1.', '2.', '2.', '2.']",0.3250829733914482,How many eyes of the bear are visible?,,True,0.8140452349615311,0,correct_high
validation::6113,['horse'],Horse show.,1.0,"['Horse show.', 'Horse show.', 'Horse show.', 'Horse show.', 'Horse show.', 'Horse.', 'Horse show.', 'Horse show.', 'Horse show.', 'Horse show.']",-0.0,What type of show is displayed on the white banner.,,True,0.8140452349615311,0,correct_high
validation::6114,['outside'],Outside.,1.0,"['Outside.', 'Inside.', 'Inside.', 'Inside.', 'Inside.', 'Inside.', 'Outside.', 'Outside.', 'Outside.', 'Inside.']",0.6730116670092565,Is the cat inside or outside?,,True,0.8140452349615311,0,correct_high
validation::6116,['shamrock'],Shamrock.,1.0,"['Shamrock.', 'Shamrock.', 'Shamrock.', 'Shamrock.', 'Clovers.', 'Shamrock.', 'Shamrock.', 'Clovers.', 'Shamrock.', 'Shamrock.']",0.5004024235381879,What is the green decoration in the front right?,,True,0.8140452349615311,0,correct_high
validation::6117,['top'],Right.,0.0,"['Left.', 'Left.', 'Left.', 'Right.', 'Left.', 'Left.', 'Right.', 'Right.', 'Left.', 'Left.']",0.6108643020548935,which side is the flusher on?,,False,0.8140452349615311,0,incorrect_high
validation::6118,['1'],1.,1.0,"['1.', '1.', '1.', '1.', '1.', '1.', '1.', '2.', '1.', '1.']",0.3250829733914482,How many cats?,,True,0.8140452349615311,0,correct_high
validation::6119,['black and white'],White.,1.0,"['White.', 'Blue and red.', 'Blue and red.', 'White.', 'White.', 'Red and white.', 'White.', 'White.', 'White.', 'White.']",0.8018185525433372,What colors are the straps to his helmet?,,False,0.8140452349615311,0,incorrect_high
validation::6122,['beige'],Black.,0.0,"['Red.', 'Black.', 'Black.', 'Black.', 'White.', 'Black.', 'Beige.', 'Black.', 'Black.', 'Black.']",0.9404479886553264,What color are the interior seats of the red car?,,False,0.8140452349615311,1,incorrect_low
validation::6123,['2'],1.,0.0,"['2.', '1.', '1.', '2.', '3.', '3.', '0.', '3.', '1.', '1.']",1.2798542258336674,how many cows are facing the camera?,,False,0.8140452349615311,1,incorrect_low
validation::6124,['oil'],Oil.,1.0,"['Oil.', 'Oil.', 'Oil.', 'Oil.', 'Oil.', 'Oil.', 'Oil.', 'Oil.', 'Oil.', 'Oil.']",-0.0,What is the liquid in the photo?,,True,0.8140452349615311,0,correct_high
validation::6125,['at the camera'],At camera.,1.0,"['Camera.', 'Camera.', 'At camera.', 'At the camera.', 'Forward.', 'To his left.', 'Camera.', 'Camera.', 'At camera.', 'To his left.']",0.8018185525433373,Where is the man staring?,,True,0.8140452349615311,0,correct_high
validation::6129,['2'],1.,0.0,"['1.', '3.', '1.', '1.', '2.', '2.', '2.', '3.', '4.', '3.']",1.313834033192747,How many white cows are present?,,False,0.8140452349615311,1,incorrect_low
validation::613,['1'],0.,0.0,"['1.', '0.', '1.', '0.', '0.', '0.', '0.', '0.', '2.', '0.']",0.8018185525433372,How many knives are there?,,False,0.8140452349615311,0,incorrect_high
validation::6130,['2'],2.,1.0,"['2.', '2.', '2.', '2.', '2.', '2.', '2.', '2.', '2.', '2.']",-0.0,How many rails are shown in this image?,,True,0.8140452349615311,0,correct_high
validation::6134,['5'],1.,0.0,"['0.', '1.', '1.', '1.', '1.', '0.', '1.', '1.', '2.', '1.']",0.8018185525433372,How many fingernails do we see?,,False,0.8140452349615311,0,incorrect_high
validation::6137,['59 west 8th st.'],59 West 8th St.,1.0,"['59 west 8th st.', '59 West 8th St.', '59 west 8th st.', '59 west 8th st.', '59 West 8th St.', '59 west 8th st.', '59 west 8th st.', '59 West 8th St.', '59 west 8th st.', '59 West 8th St.']",-0.0,What is the address of the subway according to the sign?,,True,0.8140452349615311,0,correct_high
validation::6140,['3'],3.,1.0,"['6.', '6.', '6.', '4.', '3.', '0.', '2.', '3.', '3.', '4.']",1.5047882836811908,How many cartons of eggs are there in the refrigerator?,,True,0.8140452349615311,1,correct_low
validation::6141,['left'],Left.,1.0,"['Left.', 'Left.', 'Left.', 'Left.', 'Left.', 'Left.', 'Left.', 'Left.', 'Left.', 'Left.']",-0.0,Which way is the arrow above the stop sign pointing?,,True,0.8140452349615311,0,correct_high
validation::6143,['0'],0.,1.0,"['0.', '0.', '2.', '0.', '0.', '0.', '0.', '0.', '2.', '0.']",0.5004024235381879,How many boats are in the water?,,True,0.8140452349615311,0,correct_high
validation::6145,['person'],Circle.,0.0,"['Circle.', 'Circle.', 'Circle.', 'Rectangle.', 'Circle.', 'Circle.', 'Circle.', 'Circle.', 'Circle.', 'Circle.']",0.3250829733914482,What shape is the green light?,,False,0.8140452349615311,0,incorrect_high
validation::6147,['poster'],Picture.,0.0,"['Picture.', 'Picture.', 'Picture.', 'Picture.', 'Picture.', 'Picture.', 'Picture.', 'Picture.', 'Picture.', 'Poster.']",0.3250829733914482,What is hanging on the wall?,,True,0.8140452349615311,0,correct_high
validation::6150,['mountain'],Mountain.,1.0,"['Mountain.', 'Mountains.', 'Mountain.', 'Mountains.', 'Mountain.', 'Mountain.', 'Mountains.', 'Mountains.', 'Mountains.', 'Mountain.']",-0.0,What geological feature is in the background?,,True,0.8140452349615311,0,correct_high
validation::6153,['white'],Silver.,0.0,"['White.', 'Silver.', 'Brown.', 'Silver.', 'White.', 'Silver.', 'Silver.', 'Silver.', 'Silver.', 'Silver.']",0.8018185525433372,what color is the dishwasher?,,False,0.8140452349615311,0,incorrect_high
validation::6155,['left'],Right.,0.0,"['Left.', 'Right.', 'Left.', 'Right.', 'Left.', 'Right.', 'Right.', 'Left.', 'Right.', 'Right.']",0.6730116670092565,Which foot is in front on the board?,,False,0.8140452349615311,0,incorrect_high
validation::6156,['1'],1.,1.0,"['1.', '5.', '4.', '1.', '4.', '1.', '2.', '2.', '1.', '0.']",1.4708084763221114,What large single digit number is on the train?,,True,0.8140452349615311,1,correct_low
validation::6157,['5'],3.,0.0,"['6.', '0.', '5.', '8.', '0.', '6.', '6.', '6.', '6.', '2.']",1.3592367006650063,What is the last number on the ear tag of the cow on the left?,,False,0.8140452349615311,1,incorrect_low
validation::6160,['starship'],Stagecoach.,0.0,"['Stagecoach.', 'Star.', 'Stagecoach.', 'Spriderbus.', 'Stagecoach.', 'Stagecoach.', 'Starbus.', 'Starbus.', 'Stagecoach.', ""Stephen's.""]",1.3592367006650063,what is the name of the bus?,,False,0.8140452349615311,1,incorrect_low
validation::6162,['3'],3.,1.0,"['0.', '7.', '3.', '3.', '3.', '4.', '3.', '3.', '4.', '2.']",1.3592367006650063,How many spray painted diamond shapes towards the right?,,True,0.8140452349615311,1,correct_low
validation::6167,['lions'],Lions.,1.0,"['Lions.', 'Lions.', 'Lions.', 'Lions.', 'Lions.', 'Lions.', 'Lions.', 'Lions', 'Lions.', 'Lions.']",-0.0,"Which one of the following is NOT pictured here: lions, zebras or bushes?",,True,0.8140452349615311,0,correct_high
validation::6170,['gazelle'],Schwinn.,0.0,"['Schwinn.', 'Schwinn.', 'Schwinn.', 'Schwinn.', 'Schwinn.', 'Schwinn.', 'Schwinn.', 'Schwinn.', 'Schwinn.', 'Schwinn.']",-0.0,What brand is the pink bike?,,False,0.8140452349615311,0,incorrect_high
validation::6175,['silver'],Red.,0.0,"['Red.', 'Red.', 'Black.', 'White.', 'Red.', 'Red.', 'Red.', 'Red.', 'White.', 'Red.']",0.8018185525433373,What color are the man's ski boots?,,False,0.8140452349615311,0,incorrect_high
validation::6177,['blue'],White.,0.0,"['White.', 'Blue.', 'White.', 'Gray.', 'White.', 'White.', 'White.', 'White.', 'White.', 'Blue.']",0.8018185525433372,What color is the sky?,,False,0.8140452349615311,0,incorrect_high
validation::618,['0'],1.,0.0,"['1.', '1.', '1.', '1.', '1.', '1.', '1.', '1.', '1.', '1.']",-0.0,how many persons are looking to the camera?,,False,0.8140452349615311,0,incorrect_high
validation::6181,['1'],1.,1.0,"['1.', '1.', '1.', '1.', '2.', '1.', '2.', '2.', '2.', '2.']",0.6931471805599453,how many rings can you see?,,True,0.8140452349615311,0,correct_high
validation::6182,['3'],0.,0.0,"['0.', '0.', '0.', '0.', '0.', '0.', '0.', '0.', '0.', '0.']",-0.0,How  many green portable toilets are seen in background on the left side of the photo?,,False,0.8140452349615311,0,incorrect_high
validation::6183,['acer'],Acer.,1.0,"['Acer.', 'Acer.', 'Acer.', 'Acer.', 'Acer.', 'Acer.', 'Acer.', 'Acer.', 'Acer.', 'Acer.']",-0.0,Which brand is this laptop?,,True,0.8140452349615311,0,correct_high
validation::6186,['6'],2.,0.0,"['2.', '2.', '2.', '2.', '3.', '3.', '2.', '2.', '5.', '6.']",1.0888999753452235,how many bottles are on the 2nd shelf of the refrigerator?,,False,0.8140452349615311,1,incorrect_low
validation::6187,['bar'],Bar.,1.0,"['Bar.', 'Bar.', 'Bar.', 'Bar.', 'Bar.', 'Bar.', 'Bar.', 'Bar.', 'Bar.', 'Bar.']",-0.0,What word is seen in the window?,,True,0.8140452349615311,0,correct_high
validation::6189,['floor'],Ceiling.,0.0,"['Ceiling.', 'Ceiling.', 'Floor.', 'Floor.', 'Ceiling.', 'Ceiling.', 'Ceiling.', 'Ceiling.', 'Floor.', 'Ceiling.']",0.6108643020548935,Is the bitten part of the donut facing the floor or the ceiling?,,False,0.8140452349615311,0,incorrect_high
validation::619,['green'],White.,0.0,"['Green.', 'White.', 'White.', 'Green.', 'White.', 'White.', 'Green.', 'White.', 'Orange.', 'Yellow.']",1.1682824501765623,what color is the sprinkle nearest the center of the cupcake?,,False,0.8140452349615311,1,incorrect_low
validation::6190,['surfers'],Benches.,0.0,"['Equal.', 'Benches.', 'Benches.', 'Benches.', 'Benches.', 'Benches.', 'Benches.', 'Benches.', 'Benches.', 'Benches.']",0.3250829733914482,Are there more surfers or benches visible?,,False,0.8140452349615311,0,incorrect_high
validation::6191,['yellow'],Black.,0.0,"['Blue.', 'Red.', 'Black.', 'Black.', 'White.', 'Black.', 'Black.', 'Brown.', 'Black.', 'Black.']",1.2275294114572126,What color hat does the guy to the far right of the photo have on?,,False,0.8140452349615311,1,incorrect_low
validation::6193,['3'],4.,0.0,"['4.', '4.', '4.', '5.', '4.', '3.', '4.', '4.', '4.', '3.']",0.8018185525433373,How many framed pictures appear to hang on the wall?,,False,0.8140452349615311,0,incorrect_high
validation::6194,['basketball hoop'],Porch.,0.0,"['Porch.', 'Porch.', 'Porch.', 'Porch.', 'Porch.', 'Porch.', 'porch.', 'Porch.', 'Porch.', 'Porch.']",-0.0,what is over the front door of the white building?,,False,0.8140452349615311,0,incorrect_high
validation::6196,['4'],0.,0.0,"['12.', '0.', '4.', '2.', '8.', '6.', '0.', '4.', '2.', '2.']",1.6957425341696346,how many nails can you see?,,False,0.8140452349615311,1,incorrect_low
validation::6198,['3'],3.,1.0,"['2.', '2.', '3.', '2.', '3.', '4.', '2.', '4.', '2.', '3.']",1.0296530140645737,how many people have on hats?,,True,0.8140452349615311,1,correct_low
validation::6199,['5'],6.,0.0,"['6.', '6.', '6.', '4.', '4.', '4.', '4.', '4.', '4.', '4.']",0.6108643020548935,"Between the horse and the man, how many legs can you see?",,False,0.8140452349615311,0,incorrect_high
validation::62,['powdered sugar'],Powdered sugar.,1.0,"['Powdered sugar.', 'Powdered sugar.', 'Powdered sugar.', 'Powdered sugar.', 'Powdered sugar.', 'Powdered sugar.', 'Powdered sugar.', 'Powdered sugar.', 'Powdered sugar.', 'Powdered sugar.']",-0.0,What is sprinkled all over the plate?,,True,0.8140452349615311,0,correct_high
validation::6200,['6'],5.,0.0,"['5.', '5.', '5.', '8.', '5.', '5.', '5.', '6.', '6.', '6.']",0.8979457248567798,How many flags?,,False,0.8140452349615311,1,incorrect_low
validation::6201,['4'],3.,0.0,"['1.', '1.', '3.', '4.', '2.', '3.', '3.', '2.', '3.', '2.']",1.2798542258336674,how many guys facing the camera?,,False,0.8140452349615311,1,incorrect_low
validation::6202,['3'],3.,1.0,"['3.', '3.', '3.', '3.', '3.', '3.', '3.', '3.', '3.', '3.']",-0.0,How many cows are there?,,True,0.8140452349615311,0,correct_high
validation::6204,['2'],2.,1.0,"['1.', '1.', '2.', '2.', '2.', '2.', '2.', '1.', '2.', '1.']",0.6730116670092565,How many basins are there?,,True,0.8140452349615311,0,correct_high
validation::6206,['1'],3.,0.0,"['1.', '3.', '1.', '1.', '3.', '3.', '3.', '3.', '2.', '3.']",0.8979457248567797,How many buses are directly in front in the photo?,,False,0.8140452349615311,1,incorrect_low
validation::6210,['left'],Left.,1.0,"['Left.', 'Left.', 'Left.', 'Right.', 'Left.', 'Right.', 'Left.', 'Left.', 'Left.', 'Right.']",0.6108643020548935,Which direction are the giraffes heading?,,True,0.8140452349615311,0,correct_high
validation::6212,['white'],White.,1.0,"['White.', 'White.', 'White.', 'White.', 'White.', 'White.', 'White.', 'White.', 'White.', 'White.']",-0.0,What color car is shown most?,,True,0.8140452349615311,0,correct_high
validation::6214,['6'],10.,0.0,"['6.', '15.', '4.', '6.', '6.', '10.', '6.', '4.', '6.', '22.']",1.3592367006650063,The barrier has how many cutouts?,,False,0.8140452349615311,1,incorrect_low
validation::622,['4'],3.,0.0,"['3.', '4.', '2.', '2.', '4.', '3.', '2.', '5.', '3.', '4.']",1.313834033192747,How many zebras can be seen?,,False,0.8140452349615311,1,incorrect_low
validation::6224,['5'],4.,0.0,"['3.', '4.', '2.', '4.', '2.', '4.', '4.', '4.', '4.', '4.']",0.8018185525433373,How many lines does kite have?,,False,0.8140452349615311,0,incorrect_high
validation::6225,['smiley face'],Skull and crossbones.,0.0,"['Smiley face.', 'Smily face.', 'Skull and crossbones.', 'Skull and crossbones.', 'Skull and crossbones.', 'Smiley face.', 'Skull and crossbones.', 'Eye.', 'Smiley face.', 'Skull.']",1.193549604098133,What is the sticker on the back of the driver's helmet depicting?,,False,0.8140452349615311,1,incorrect_low
validation::6228,['blinkstarmedia.com'],Bhaskarananda.com.,0.0,"['Bhaskarasriimedia.com.', 'Bhaskaryananda.com.', 'Pinetreehillmediacom.', 'Blogspot.', 'Dunroaminmedia.com.', 'Binkbstagramodigycom.', 'Bihosikalmodja.com.', 'Binkashratnoida.com.', 'Bhuvanesh.511@yahoo.com.', 'Bhushatamodesa.com.']",2.302585092994045,What is the website shown on the lower right?,,False,0.8140452349615311,1,incorrect_low
validation::6230,['212'],546.,0.0,"['493.', '454.', '80v.', '504.', '787.', '438.', '861.', 'Wla.', '54b.', '463.']",2.302585092994045,What are the first three digits of the car's license plate in the foreground?,,False,0.8140452349615311,1,incorrect_low
validation::6233,['on the roof'],Sidewalk.,0.0,"['Standing by truck.', 'Sidewalk.', 'On truck.', 'On truck.', 'Standing by truck.', 'Sidewalk.', 'Sidewalk.', 'Outside.', 'Sidewalk.', 'Market.']",1.4708084763221112,where is the man?,,False,0.8140452349615311,1,incorrect_low
validation::6234,['veins'],Sweatbands.,0.0,"['Sweatbands.', 'Sweatbands.', 'Sweat bands.', 'Sweatbands.', 'Bands.', 'Sweat.', 'Wristbands.', 'Sweatbands.', 'Sweat marks.', 'Sweat marks.']",1.0296530140645737,what are the lines on his arm?,,False,0.8140452349615311,1,incorrect_low
validation::6237,['q'],A.,0.0,"['P.', 'A.', 'A.', 'A.', 'A.', 'A.', 'A.', 'A.', 'P.', 'M.']",0.8018185525433372,What is the letter within the red shape towards the back of the bus?,,False,0.8140452349615311,0,incorrect_high
validation::624,['0'],1.,0.0,"['1.', '0.', '0.', '1.', '1.', '0.', '1.', '1.', '1.', '1.']",0.6108643020548935,How many pencils are visible?,,False,0.8140452349615311,0,incorrect_high
validation::6242,['4'],10.,0.0,"['8.', '6.', '0.', '1.', 'Several.', '10.', '3.', '5.', '14.', '10.']",2.163955656882057,how many standing spectators?,,False,0.8140452349615311,1,incorrect_low
validation::6247,['motorcycle'],Bicycle.,0.0,"['Bicycle.', 'Bike.', 'Bicycle.', 'Bikes.', 'Bike.', 'Bike.', 'Bicycle.', 'Bicycle.', 'Bicycle.', 'Bicycle.']",-0.0,whats drawn on his tshirt?,,False,0.8140452349615311,0,incorrect_high
validation::625,['giraffe'],Right.,0.0,"['Giraffe.', 'Right.', 'Right.', 'Right.', 'Right.', 'Right.', 'Right.', 'Giraffe.', 'Right.', 'Right.']",-0.0,Is the man or the giraffe on the right?,,False,0.8140452349615311,0,incorrect_high
validation::6250,['0'],0.,1.0,"['2.', '0.', '1.', '1.', '1.', '1.', '1.', '2.', '2.', '1.']",0.8979457248567797,How many visible ears in the photo?,,True,0.8140452349615311,1,correct_low
validation::6254,['3'],2.,0.0,"['2.', '2.', '2.', '2.', '2.', '2.', '3.', '2.', '2.', '2.']",0.3250829733914482,How many animals in the picture?,,False,0.8140452349615311,0,incorrect_high
validation::6261,['rotary'],Corded.,0.0,"['Landline.', 'Corded.', 'Landline.', 'Landline.', 'Corded.', 'Corded.', 'Landline.', 'Corded.', 'Corded.', 'Landline.']",0.6931471805599453,What kind of phone is in the background?,,True,0.8140452349615311,0,correct_high
validation::6263,['2'],1.,0.0,"['3.', '1.', '2.', '3.', '2.', '2.', '2.', '3.', '2.', '1.']",1.0296530140645737,How many eyes are visible?,,False,0.8140452349615311,1,incorrect_low
validation::6266,['2'],2.,1.0,"['3.', '3.', '2.', '2.', '2.', '3.', '2.', '2.', '2.', '2.']",0.6108643020548935,How many towels are there?,,True,0.8140452349615311,0,correct_high
validation::6267,['1:50'],12:00.,0.0,"['2:05.', '3:20.', '11:10.', '10:30.', '2:00.', '5:05.', '1:40.', '5:00.', '9:45.', '6:05.']",2.302585092994045,What time does the clock show,,False,0.8140452349615311,1,incorrect_low
validation::6270,['clock'],Clock.,1.0,"['Clock.', 'Clock.', 'Clock.', 'Clock.', 'Clock.', 'Clock.', 'Clock.', 'Clock.', 'Clock.', 'Clock.']",-0.0,what is in the forefront on the right side of the image?,,True,0.8140452349615311,0,correct_high
validation::6273,['1'],2.,0.0,"['2.', '2.', '2.', '2.', '1.', '2.', '2.', '2.', '3.', '2.']",0.639031859650177,How many paws are visible?,,False,0.8140452349615311,0,incorrect_high
validation::6277,['4'],5.,0.0,"['5.', '5.', '5.', '5.', '5.', '5.', '5.', '6.', '6.', '5.']",0.5004024235381879,how many palm trees are on the curtain?,,False,0.8140452349615311,0,incorrect_high
validation::6280,['3'],4.,0.0,"['3.', '4.', '4.', '4.', '6.', '4.', '5.', '5.', '4.', '6.']",1.2206072645530175,What is the largest number of floor tiles seen in any row?,,False,0.8140452349615311,1,incorrect_low
validation::6281,['3'],2.,0.0,"['2.', '2.', '2.', '3.', '2.', '2.', '1.', '2.', '2.', '2.']",0.639031859650177,how many video game controllers do you see?,,False,0.8140452349615311,0,incorrect_high
validation::6283,['1'],5.,0.0,"['9.', '5.', '6.', '8.', '5.', '3.', '7.', '5.', '4.', '7.']",1.834371970281624,How many vertical beams are shown from the wall in the background?,,False,0.8140452349615311,1,incorrect_low
validation::6287,['right'],Right.,1.0,"['Right.', 'Right.', 'Right.', 'Left.', 'Right.', 'Right.', 'Right.', 'Left.', 'Right.', 'Left.']",0.6108643020548935,Which of the man in the foreground's feet is on the front of the skateboard?,,True,0.8140452349615311,0,correct_high
validation::6289,['arrow'],Arrow.,1.0,"['Arrow.', 'Arrow.', 'Arrow.', 'Arrow.', 'Arrow.', 'Arrow.', 'Arrows.', 'Arrow.', 'Arrow.', 'Arrow.']",-0.0,What symbol is embossed into the container's lid?,,True,0.8140452349615311,0,correct_high
validation::6294,['4'],2.,0.0,"['2.', '4.', '4.', '4.', '4.', '4.', '2.', '5.', '3.', '2.']",1.1682824501765623,How many smaller arches in total on the sides of the main doorway?,,False,0.8140452349615311,1,incorrect_low
validation::6299,['www.imageoptimizer.net'],Www.imageoptimizer.net.,1.0,"['Www.imageoptimizer.net.', 'Www.imageoptimizer.net.', 'Www.imageoptimizer.net.', 'Www.imageoptimizer.net.', 'Www.imageoptimizer.net.', 'Www.imageoptimizer.net.', 'Www.imageoptimizer.net.', 'Www.imageoptimizer.net.', 'Www.imageoptimizer.net.', 'Www.imageoptimizer.net.']",-0.0,What is the website on the bottom right of the photo?,,True,0.8140452349615311,0,correct_high
validation::630,['1'],1.,1.0,"['2.', '1.', '1.', '0.', '0.', '3.', '0.', '1.', '4.', '1.']",1.4184836619456564,How many of the cows are white?,,True,0.8140452349615311,1,correct_low
validation::6300,['75'],Stop.,0.0,"['Stop.', 'Nothing.', 'Stop.', 'slow down.', '21526.', 'Speed bumps.', 'Slow.', 'Slow.', 'Stop.', 'Stop.']",1.4184836619456564,what is written on the yellow signboard at the left side of the picture?,,False,0.8140452349615311,1,incorrect_low
validation::6301,['3'],2.,0.0,"['4.', '2.', '2.', '2.', '2.', 'Two.', '2.', '4.', '2.', '2.']",0.5004024235381879,How many flags are there?,,False,0.8140452349615311,0,incorrect_high
validation::6305,['dog'],Fun.,0.0,"['Fun.', 'Fun.', 'A sport.', 'Fun.', 'Fun.', 'Fun.', 'Fun.', 'Fun.', 'Fun.', 'Fun.']",0.3250829733914482,what is surfing?,,False,0.8140452349615311,0,incorrect_high
validation::6307,['2'],1.,0.0,"['1.', '2.', '2.', '2.', '2.', '0.', '2.', '1.', '1.', '1.']",0.9433483923290392,How many stuffed animals are visible in the image?,,False,0.8140452349615311,1,incorrect_low
validation::631,['kogi'],Kogi.,1.0,"['Kogi.', 'Kogi.', 'Kogi.', 'Kogi.', 'Kogi.', 'Kogi.', 'Kogi.', 'Kogi.', 'Kogi.', 'Kogi.']",-0.0,what is the big word on the left food truck?,,True,0.8140452349615311,0,correct_high
validation::6313,['right'],One laying down.,0.0,"['One laying down.', 'One laying down.', 'Lying down.', 'Sitting.', 'Right.', 'One laying down.', 'One laying down.', 'Right.', 'Right.', 'Right.']",0.9433483923290392,Which zebra is younger?,,False,0.8140452349615311,1,incorrect_low
validation::6316,['cnn'],Cnn.,1.0,"['Ann moore.', 'Cnn.', 'Cnn money.', 'Mtv.', 'none.', 'Ann one.', 'Ann moore.', 'Cnn.', 'Cnn.', 'Battalion.']",1.6957425341696346,What network name is on the blue shirt?,,True,0.8140452349615311,1,correct_low
validation::6319,['3'],3.,1.0,"['4.', '3.', '3.', '4.', '3.', '5.', '3.', '4.', '3.', '3.']",0.8979457248567797,how many teddy bears?,,True,0.8140452349615311,1,correct_low
validation::6322,['2'],2.,1.0,"['1.', '1.', '2.', '2.', '1.', '1.', '2.', '1.', '2.', '2.']",0.6931471805599453,How many people are in the water and not actively surfing?,,True,0.8140452349615311,0,correct_high
validation::6324,['sidewalk'],Street.,0.0,"['Street.', 'Street.', 'Driveway.', 'Street.', 'Street.', 'Street.', 'Street.', 'On street.', 'Street.', 'Street.']",0.3250829733914482,Where is the girl standing?,,False,0.8140452349615311,0,incorrect_high
validation::6327,['v'],V.,1.0,"['V.', 'V.', 'V.', 'V.', 'V.', 'V.', 'V.', 'V.', 'V.', 'V.']",-0.0,What is the first letter seen on the street sign seen on the far right hand side of the photo?,,True,0.8140452349615311,0,correct_high
validation::6329,['spices'],Spices.,1.0,"['Pans.', 'Spices.', 'Spices.', 'Cans.', 'Spices.', 'Spices.', 'Spices.', 'Spices.', 'Baskets.', 'Baskets.']",1.0888999753452238,What are kept above the stove?,,True,0.8140452349615311,1,correct_low
validation::6333,['2'],1.,0.0,"['2.', '1.', '1.', '1.', '1.', '2.', '1.', '2.', '2.', '2.']",0.6931471805599453,How many lit up clocks can you see?,,False,0.8140452349615311,0,incorrect_high
validation::6335,['tennis court'],Tennis court.,1.0,"['Hard.', 'Hard.', 'Tennis court.', 'Tennis court.', 'Hard.', 'Hard.', 'Tennis court.', 'Tennis court.', 'Tennis court.', 'Tennis court.']",0.6730116670092565,What type of playing surface is this?,,True,0.8140452349615311,0,correct_high
validation::6338,['9020'],9020.,1.0,"['9020.', '9020.', '0871.', '9020.', '9020.', '9020.', '9020.', '0811.', '9020.', '1101.']",0.9404479886553264,What is the 4 digit numbers on the left of the bus?,,True,0.8140452349615311,1,correct_low
validation::6339,['3'],2.,0.0,"['2.', '3.', '2.', '2.', '2.', '2.', '2.', '3.', '3.', '2.']",0.6108643020548935,How many people are in the group closest to the front?,,False,0.8140452349615311,0,incorrect_high
validation::6340,['3804'],3804.,1.0,"['3804.', '3804.', '3804.', '3804.', '16.', '3804.', '3804.', '3804.', '3894.', '3804.']",0.639031859650177,what is the bus number?,,True,0.8140452349615311,0,correct_high
validation::6341,['2'],2.,1.0,"['2.', '2.', '2.', '2.', '2.', '3.', '2.', '3.', '2.', '2.']",0.5004024235381879,how many redheads?,,True,0.8140452349615311,0,correct_high
validation::6342,['keys'],Keys.,1.0,"['Keys.', 'Keys.', 'Keys.', 'Keys.', 'Keys.', 'Keys.', 'Keys.', 'Keys.', 'Keys.', 'Keys.']",-0.0,What are the items lying on the table below the wrist of the man wearing a ring?,,True,0.8140452349615311,0,correct_high
validation::6346,['9'],10.,0.0,"['18.', '10.', '7.', '6.', '3.', 'Several.', '9.', '14.', '10.', '6.']",2.025326220770068,How many potato chips are shown on the side of the van?,,False,0.8140452349615311,1,incorrect_low
validation::6347,['slices'],Slices.,1.0,"['Slices.', 'Slices.', 'Slices.', 'Slices.', 'Slices.', 'Slices.', 'Slices.', 'Slices.', 'Square.', 'Slices.']",0.3250829733914482,Was this pizza cut into square or slices?,,True,0.8140452349615311,0,correct_high
validation::6348,['mexico'],Mexico.,1.0,"['Mexico.', 'Mexico.', 'Mexico.', 'Mexico.', 'Mexico.', 'Mexico.', 'Mexico.', 'Mexico.', 'Mexico.', 'Mexico.']",-0.0,What is the name on the jersey?,,True,0.8140452349615311,0,correct_high
validation::6350,['0'],0.,1.0,"['2.', '2.', '0.', '0.', '2.', '0.', '0.', '3.', '0.', '2.']",0.9433483923290392,How many legs of the zebra can be seen?,,True,0.8140452349615311,1,correct_low
validation::6353,['yellow'],Yellow.,1.0,"['Yellow.', 'Yellow.', 'Yellow.', 'Yellow.', 'Yellow.', 'Yellow.', 'Yellow.', 'Yellow.', 'Yellow.', 'Yellow.']",-0.0,What is the colour of the sign in the very upper middle back on the fence?,,True,0.8140452349615311,0,correct_high
validation::6354,['carlsberg'],Carlsberg.,1.0,"['Carlsberg.', 'Carlsberg.', 'Carlsberg.', 'Carlsberg.', 'Carlsberg.', 'Carlsberg.', 'Carlsberg.', 'Carlsberg.', 'Carlsberg.', 'Carlsberg.']",-0.0,what brand of beer is showing?,,True,0.8140452349615311,0,correct_high
validation::6356,['8'],7.,0.0,"['5.', '8.', '9.', '6.', '9.', '6.', '7.', '5.', '6.', '6.']",1.4708084763221114,How many flowers are present in the vase?,,False,0.8140452349615311,1,incorrect_low
validation::6357,['8'],5.,0.0,"['5.', '3.', '5.', '4.', '2.', '5.', '7.', '5.', '2.', '5.']",1.3592367006650063,how many fingers can you see?,,False,0.8140452349615311,1,incorrect_low
validation::6358,['2'],2.,1.0,"['2.', '2.', '2.', '2.', '2.', '2.', '2.', '2.', '2.', '2.']",-0.0,How many people are cutting the cake?,,True,0.8140452349615311,0,correct_high
validation::636,['2011'],2011.,1.0,"['2011.', '2011.', '2011.', '2011.', '2011.', '2011.', '2011.', '2011.', '2011.', '2011.']",-0.0,what year is it?,,True,0.8140452349615311,0,correct_high
validation::6363,['duck'],Bird.,0.0,"['Kangaroo.', 'Bird.', 'Shark.', 'Bird.', 'Bird.', 'Bird.', 'Bird.', 'Bird.', 'Bird.', 'Cat.']",0.9404479886553264,What animal is featured on the bus?,,True,0.8140452349615311,1,correct_low
validation::6371,['left'],Right.,0.0,"['Right side.', 'Right.', 'Left.', 'Right.', 'Right.', 'Right.', 'Right.', 'Right.', 'Right.', 'Left.']",0.5004024235381879,"Which side of the bear running at the camera can we see, It's left side or right side?",,False,0.8140452349615311,0,incorrect_high
validation::6372,['purple'],Purple.,1.0,"['Purple.', 'Purple.', 'Purple.', 'Purple.', 'Purple.', 'Purple.', 'Pink.', 'Purple.', 'Purple.', 'Purple.']",0.3250829733914482,What color is the flower in the woman's hair?,,True,0.8140452349615311,0,correct_high
validation::6375,['flughafen'],Flughafen.,1.0,"['Airport.', 'Flughafen.', 'Flightlot.', 'Flughafen.', 'The one that says flughafen.', 'Flugafen.', 'Flughafen.', 'Flughafen.', 'Schiffhauen.', 'Flughafen.']",0.9404479886553264,Which sign shows an airport?,,True,0.8140452349615311,1,correct_low
validation::6376,['p'],B,0.0,"['B', 'E', 'N', 'B', 'B', 'E', 'N', 'E', 'B', 'F']",1.2798542258336674,"what is the letter after letter ""A"" found on the box behind?",,False,0.8140452349615311,1,incorrect_low
validation::6377,['plums'],Apple.,0.0,"['Apple.', 'Apple.', 'Apples.', 'Apple.', 'Apple.', 'Apple.', 'Apple.', 'Apple.', 'Apple.', 'Apple.']",-0.0,what fruit is with the bananas?,,False,0.8140452349615311,0,incorrect_high
validation::6378,['2'],1.,0.0,"['1.', '1.', '1.', '1.', '1.', '1.', '1.', '1.', '1.', '1.']",-0.0,How many eyes are shown in this image?,,False,0.8140452349615311,0,incorrect_high
validation::6379,['left'],Right.,0.0,"['Right.', 'Left.', 'Right.', 'Left.', 'Left.', 'Right.', 'Left.', 'Left.', 'Right.', 'Right.']",0.6931471805599453,On which foot is the man standing on the skateboard?,,False,0.8140452349615311,0,incorrect_high
validation::638,['red'],Red.,1.0,"['Red.', 'Red.', 'Red.', 'Red.', 'Red.', 'Red.', 'Red.', 'Red.', 'Orange.', 'Red.']",0.3250829733914482,what is the color of the boat?,,True,0.8140452349615311,0,correct_high
validation::6380,['welcome'],Welcome.,1.0,"['Welcome.', 'Welcome.', 'Welcome.', 'Welcome.', 'Welcome.', 'Welcome.', 'Welcome.', 'Welcome.', 'Welcome.', 'Welcome.']",-0.0,What is the word that starts with a W that can be seen in the lower left hand panel in the photo?,,True,0.8140452349615311,0,correct_high
validation::6381,['tallahassee'],"Capps, greenville, st. petersburg, tallahassee",0.0,"['Greenville, St. Petersburg, Tallahassee.', 'St. petersburg', 'Capps, greenville, st. petersburg, tallahassee', 'Tallahassee.', 'St. petersburg.', 'St. petersburg, tallahassee.', 'Greenville, st petersburg, tallahassee.', 'St petersburg.', 'Greenville st petersburg tallahassee.', 'Cedar key']",1.6434177197931796,where can you go on the 90 West,,True,0.8140452349615311,1,correct_low
validation::6383,['3'],3.,1.0,"['3.', '3.', '3.', '4.', '4.', '3.', '3.', '3.', '3.', '3.']",0.5004024235381879,How many planes are not in the air?,,True,0.8140452349615311,0,correct_high
validation::6388,['0'],1.,0.0,"['2.', '1.', '1.', '2.', '2.', '1.', '0.', '3.', '1.', '0.']",1.2798542258336674,How many eyes of the elephant are visible  in this picture?,,False,0.8140452349615311,1,incorrect_low
validation::6390,['spoon'],Spoon.,1.0,"['Spoon.', 'Spoon.', 'Spoon.', 'Spoon.', 'Spoon.', 'Spoon.', 'Spoon.', 'Spoon.', 'Spoon.', 'Lid.']",0.3250829733914482,What does the bowl match with?,,True,0.8140452349615311,0,correct_high
validation::6391,['people'],Books.,0.0,"['Books.', 'Dog.', 'Books.', 'Books.', 'Dog.', 'Cat.', 'Books.', 'Books.', 'Cat.', 'Cat.']",1.0296530140645737,what is in the picture on the shelf?,,False,0.8140452349615311,1,incorrect_low
validation::6392,['straps'],Hands.,0.0,"['Shoulder.', 'By hand.', 'By a person.', 'Over shoulder.', 'On shoulder.', 'Over the shoulder.', 'Over shoulder.', 'On shoulders.', 'On shoulder.', 'Over shoulder.']",0.639031859650177,How is the bear being supported?,,False,0.8140452349615311,0,incorrect_high
validation::6393,['e18 047'],E18 047.,1.0,"['E18 047.', 'E18 047.', 'E18 047.', 'E18 047.', 'E18 047.', 'E18 047.', 'E18-47.', 'E18.047.', 'E18 047.', 'E18 047.']",-0.0,What is the number of the train?,,True,0.8140452349615311,0,correct_high
validation::6394,['longoria'],Lunguila.,0.0,"['Longoria.', 'Lemuro.', 'LONGOBIO.', 'LONGOBIO.', 'Longoria.', 'LONGOBARDO.', 'Lunguida.', 'Longoria.', 'LONGO.', 'LONGOBARDIA.']",1.2275294114572126,What is the name on the batter's uniform?,,False,0.8140452349615311,1,incorrect_low
validation::6395,['5'],3.,0.0,"['3.', '3.', '3.', '3.', '3.', '3.', '3.', '3.', '3.', '3.']",-0.0,How many price tags are there?,,False,0.8140452349615311,0,incorrect_high
validation::6396,['extended'],Extended.,1.0,"['Extended.', 'Extended.', 'Extended.', 'Extended.', 'Extended.', 'Extended.', 'Extended.', 'Extended.', 'Extended.', 'Extended.']",-0.0,Is the luggage hand retracted or extended?,,True,0.8140452349615311,0,correct_high
validation::6397,['0'],2.,0.0,"['2.', '2.', '1.', '2.', '1.', '1.', '2.', '1.', '2.', '2.']",0.6730116670092565,How many buttons does the man with the jacket have buttoned?,,False,0.8140452349615311,0,incorrect_high
validation::64,['left'],Right.,0.0,"['Left.', 'Left.', 'Left.', 'Left.', 'Right.', 'Left.', 'Right.', 'Right.', 'Right.', 'Right.']",0.6931471805599453,Which of the man's hands are closer to the front of the surfboard?,,False,0.8140452349615311,0,incorrect_high
validation::640,['red'],White.,0.0,"['White.', 'White.', 'Blue.', 'White.', 'White.', 'Blue.', 'White.', 'White.', 'White.', 'Red.']",0.8018185525433372,What color is the little light right of the big light?,,False,0.8140452349615311,0,incorrect_high
validation::6400,['2'],1.,0.0,"['1.', '1.', '1.', '1.', '1.', '1.', '1.', '1.', '1.', '2.']",0.3250829733914482,How many birds can be seen?,,False,0.8140452349615311,0,incorrect_high
validation::6402,['3'],1.,0.0,"['1.', '1.', '1.', '1.', '1.', '2.', '1.', '1.', '1.', '1.']",0.3250829733914482,How many sections of mirror are mounted to the rear of the sink?,,False,0.8140452349615311,0,incorrect_high
validation::6407,['7'],6.,0.0,"['7.', '8.', '10.', '7.', '6.', '6.', '10.', '6.', '6.', '8.']",1.3321790402101223,how many persons are there?,,False,0.8140452349615311,1,incorrect_low
validation::6414,['star'],Star.,1.0,"['Star.', 'Star.', 'Star.', 'Star.', 'Star.', 'Star.', 'Star.', 'Star.', 'Star.', 'Star.']",-0.0,What is drawn above the elephants left eye?,,True,0.8140452349615311,0,correct_high
validation::6415,['h'],H.,1.0,"['H.', 'H.', 'H.', 'H.', 'H.', 'H.', 'H.', 'H.', 'H.', 'H.']",-0.0,What is the first big letter written in color blue on the picture?,,True,0.8140452349615311,0,correct_high
validation::6417,['frabisa'],Zrabisa.,0.0,"['Zrabisa.', 'Zrabisa.', 'Zrabisa.', 'Zrabisa.', 'Zrabisa.', 'Zrabisa.', 'Zrabisa.', 'Zrabisa.', 'Zrabisa.', 'Zrabisa.']",-0.0,What is written in cursive in the lower right corner?,,False,0.8140452349615311,0,incorrect_high
validation::6418,['racket'],Nothing.,0.0,"['Nothing.', 'Nothing.', 'Nothing.', 'Nothing.', 'Nothing.', 'Nothing.', 'Nothing.', 'Nothing.', 'Nothing.', 'Nothing.']",-0.0,What is in her left hand?,,False,0.8140452349615311,0,incorrect_high
validation::6422,['6'],6.,1.0,"['4.', '6.', '7.', '8.', '8.', '7.', '7.', '4.', '7.', '4.']",1.2798542258336674,how many carrot pieces?,,True,0.8140452349615311,1,correct_low
validation::6423,['5'],1.,0.0,"['2.', '2.', '2.', '0.', '2.', '1.', '1.', '2.', '1.', '4.']",1.1682824501765623,How many books are there?,,False,0.8140452349615311,1,incorrect_low
validation::6427,['brown'],Orange.,0.0,"['Brown.', 'Orange.', 'Orange.', 'Brown.', 'Brown.', 'Brown.', 'Brown.', 'Brown.', 'Orange.', 'Orange.']",0.6730116670092565,What is the predominate color of the cat's tail?,,False,0.8140452349615311,0,incorrect_high
validation::643,['4'],5.,0.0,"['5.', '4.', '4.', '5.', '5.', '4.', '5.', '5.', '6.', '5.']",0.8979457248567797,how many blue mats are on the fence?,,False,0.8140452349615311,1,incorrect_low
validation::6430,['bottle'],Panda.,0.0,"['Panda.', 'Panda.', 'Bowl.', 'Panda.', 'Panda.', 'Nothing.', 'Bowl.', 'Treat.', 'Panda.', 'Bowl.']",1.1682824501765623,What is the person holding?,,False,0.8140452349615311,1,incorrect_low
validation::6431,['askew'],Askew.,1.0,"['Askew.', 'Askew.', 'Askew.', 'Askew.', 'Askew.', 'Askw.', 'Askew.', 'Askew.', 'Askew.', 'Askew.']",-0.0,Is the hat straight on his head or askew?,,True,0.8140452349615311,0,correct_high
validation::6432,['9'],8.,0.0,"['9.', '7.', '8.', '8.', '7.', '7.', '6.', '7.', '7.', '8.']",1.1682824501765623,How many living creatures on the beach?,,False,0.8140452349615311,1,incorrect_low
validation::6434,['wakeboarding'],Water skiing.,0.0,"['Sailing.', 'Water skiing.', 'Water skiing.', 'Skiing.', 'Water skiing.', 'Water skiing.', 'Water skiing.', 'Water skiing.', 'Skiing.', 'Water skiing.']",0.8018185525433373,What is the man doing?,,False,0.8140452349615311,0,incorrect_high
validation::6437,['cutting cake'],Serving cake.,1.0,"['Serving cake.', 'Serving cake.', 'Cutting cake.', 'Cutting cake.', 'Sitting.', 'Cutting cake.', 'Laughing.', 'Smiling.', 'Cutting cake.', 'Serving cake.']",1.4184836619456564,What is the woman on the right side doing?,,True,0.8140452349615311,1,correct_low
validation::6439,['50'],5.00.,0.0,"['15 euros.', '15.00.', '50 cents.', '100.', '5.00.', '5.00.', '$50.00.', '80.00.', '5.95.', '5.00.']",1.9730014063936128,What is the price of each toilet?,,False,0.8140452349615311,1,incorrect_low
validation::6440,['rickshaw'],Rickshaw.,1.0,"['Rickshaw.', 'Rickshaw.', 'Rickshaw.', 'Rickshaw.', 'Rickshaw.', 'Sidecar.', 'Rickshaw.', 'Rickshaw.', 'Bicycle.', 'Rickshaw.']",0.639031859650177,What is the carriage to the right of the bike in the front called?,,True,0.8140452349615311,0,correct_high
validation::6441,['37'],50.,0.0,"['Ee.', '50.', '86.', '25.', 'Df.', '95.', 'Xv.', '2.', 'Xx.', '91.']",2.302585092994045,What are the last two numbers of the license plate?,,False,0.8140452349615311,1,incorrect_low
validation::6443,['black'],Black.,1.0,"['Brown.', 'Black.', 'Black.', 'Brown.', 'Black.', 'Black.', 'Brown.', 'Brown.', 'White.', 'Brown.']",0.9433483923290392,What color is the person's hair?,,True,0.8140452349615311,1,correct_low
validation::6444,['10:42'],10:42.,1.0,"['10:42.', '10:42.', '10:42.', '4:42.', '10:42.', '10:42.', '10:42 PM.', '10:42.', '10:42.', '10.42.']",0.639031859650177,What time does the phone say it is?,,True,0.8140452349615311,0,correct_high
validation::6448,['pink'],Red.,0.0,"['Orange.', 'Orange.', 'Pink.', 'Orange.', 'Pink.', 'Pink.', 'Pink.', 'Pink.', 'Red.', 'Pink.']",0.8979457248567797,what color are the finger nails,,False,0.8140452349615311,1,incorrect_low
validation::6449,['4'],5.,0.0,"['5.', '5.', '10.', '4.', '6.', '9.', '10.', '4.', '9.', '3.']",1.7480673485460894,how many fingers can you see?,,False,0.8140452349615311,1,incorrect_low
validation::6450,['owl'],None.,0.0,"['None.', 'None.', 'Lexus.', 'None.', 'Lexus.', 'None.', 'None.', 'Lexus.', 'Dove.', 'None.']",0.8979457248567797,What kind of bird appears on the sponsor's logo?,,False,0.8140452349615311,1,incorrect_low
validation::6451,['4'],4.,1.0,"['6.', '4.', '4.', '4.', '4.', '8.', '4.', '6.', '4.', '4.']",0.8018185525433372,How many legs are shown?,,True,0.8140452349615311,0,correct_high
validation::6453,['zebras'],Zebras.,1.0,"['Zebras.', 'Zebras.', 'Zebras.', 'Zebras.', 'Zebras.', 'Zebras.', 'Zebras.', 'Zebras.', 'Zebras.', 'Zebras.']",-0.0,"Which one of the following is NOT seen in this picture: zebras, giraffes or trees?",,True,0.8140452349615311,0,correct_high
validation::6454,['cylinders'],Rectangular.,0.0,"['Rectangular.', 'Rectangle.', 'Rectangular.', 'Rectangular.', 'rectangle.', 'Rectangular.', 'Rectangle.', 'Rectangular.', 'Rectangle.', 'Rectangular.']",-0.0,What shape are the poles holding up the seat of the bench?,,False,0.8140452349615311,0,incorrect_high
validation::6456,['down'],Down.,1.0,"['Down.', 'Forward.', 'Straight.', 'Forward.', 'Down.', 'Down.', 'Forward.', 'Straight.', 'Forward.', 'Forward.']",1.0296530140645737,In which direction is the man looking?,,True,0.8140452349615311,1,correct_low
validation::6460,['13'],13.,1.0,"['13.', '13.', '13.', '13.', '13.', '13.', '13.', '13.', '13.', '13.']",-0.0,What numbers are written in red on the black jersey?,,True,0.8140452349615311,0,correct_high
validation::6464,['bows'],Ribbon.,0.0,"['Napkin.', 'Plastic wrap.', 'Napkin.', 'Rubber band.', 'Napkin.', 'Napkin.', 'Rubber band.', 'Satin ribbon.', 'Spool.', 'Ribbon.']",1.6094379124341005,What is tied around the serving utensils at the bottom of the image?,,True,0.8140452349615311,1,correct_low
validation::6465,['nordstrom'],Nordstrom.,1.0,"['Nordstrom.', 'Nordstrom.', 'Nordstrom.', 'Nordstrom.', 'Nordstrom.', 'Nordstrom.', 'Nordstrom.', 'Nordstrom.', 'Nordstrom.', 'Nordstrom.']",-0.0,What is the name of the store the flag is flying near?,,True,0.8140452349615311,0,correct_high
validation::6468,['brown'],Brown.,1.0,"['Brown.', 'Brown.', 'Brown.', 'Brown.', 'Red.', 'Brown.', 'Brown.', 'Brown.', 'Brown.', 'Brown.']",0.3250829733914482,What color is the spoon handle?,,True,0.8140452349615311,0,correct_high
validation::6470,['webcam'],Camera.,0.0,"['Screen.', 'Camera.', 'Worms.', 'Camera.', 'Webcam.', 'Camera.', 'Webcam.', 'Camera.', 'Camera.', 'Camera.']",1.0888999753452238,what is on top of the black laptop?,,True,0.8140452349615311,1,correct_low
validation::6471,['left'],Right.,0.0,"['Left.', 'Right.', 'Right.', 'Both.', 'Left.', 'Left.', 'Right.', 'Right.', 'Right.', 'Left.']",0.9433483923290392,what hand is touching the skateboard?,,False,0.8140452349615311,1,incorrect_low
validation::6473,['10'],4.,0.0,"['4.', '4.', '5.', '6.', '4.', '3.', '4.', '4.', '5.', '4.']",1.0888999753452235,How many shrimps are visible on a plate?,,False,0.8140452349615311,1,incorrect_low
validation::6474,['john'],John.,1.0,"['John.', 'John.', 'John.', 'John.', 'John.', 'John.', 'John.', 'John.', 'John.', 'John.']",-0.0,What first name is shown in this image?,,True,0.8140452349615311,0,correct_high
validation::6475,['4'],3.,0.0,"['3.', '3.', '3.', '3.', '3.', '3.', '3.', '3.', '3.', '3.']",-0.0,How many buttons are on the suit sleeve to the right?,,False,0.8140452349615311,0,incorrect_high
validation::6476,['left'],Left.,1.0,"['Right.', 'Left.', 'Left.', 'Right.', 'Left.', 'Right.', 'Left.', 'Left.', 'Left.', 'Right.']",0.6730116670092565,What side of the giraffe is facing the camera?,,True,0.8140452349615311,0,correct_high
validation::6477,['3'],1.,0.0,"['1.', '4.', '2.', '1.', '4.', '1.', '4.', '4.', '1.', '2.']",1.0549201679861442,How many finger nails are visible?,,False,0.8140452349615311,1,incorrect_low
validation::648,['1'],2.,0.0,"['2.', '4.', '2.', '2.', '2.', '3.', '2.', '2.', '2.', '3.']",0.8018185525433373,How many lights are there above the train's windshield?,,False,0.8140452349615311,0,incorrect_high
validation::6482,['3'],1.,0.0,"['2.', '2.', '1.', '2.', '1.', '2.', '2.', '2.', '1.', '1.']",0.6730116670092565,How many vehicles can be seen?,,False,0.8140452349615311,0,incorrect_high
validation::6483,['1'],1.,1.0,"['2.', '2.', '1.', '1.', '1.', '2.', '1.', '1.', '1.', '3.']",0.8979457248567797,how many persons are there?,,True,0.8140452349615311,1,correct_low
validation::6486,['on fire'],Exploding.,0.0,"['Exploding.', 'Exploding.', 'Melting.', 'Exploding.', 'Melting.', 'Exploding.', 'Exploding.', 'Exploding.', 'Exploding.', 'Exploding.']",0.5004024235381879,What is happening to the robot on this man's tie?,,True,0.8140452349615311,0,correct_high
validation::649,['2'],1.,0.0,"['1.', '3.', '2.', '1.', '1.', '4.', '1.', '3.', '3.', '2.']",1.2798542258336674,How many long boards are on the back of the bench in the area where someone might rest their back?,,False,0.8140452349615311,1,incorrect_low
validation::6492,['1'],2.,0.0,"['2.', '2.', '3.', '2.', '2.', '2.', '2.', '2.', '1.', '2.']",0.639031859650177,how many door handles?,,False,0.8140452349615311,0,incorrect_high
validation::6493,['white'],White.,1.0,"['White.', 'White.', 'Blue.', 'White.', 'Yellow.', 'Black.', 'White.', 'Yellow.', 'White.', 'White.']",1.0888999753452235,What color are the fins on his surfboard?,,True,0.8140452349615311,1,correct_low
validation::6494,['2'],0.,0.0,"['0.', '0.', '0.', '0.', '0.', '0.', '0.', '0.', '0.', '0.']",-0.0,How many black horse ears are pictured?,,False,0.8140452349615311,0,incorrect_high
validation::6497,['bmw'],Bmw.,1.0,"['Bmw.', 'Bmw.', 'Bmw.', 'Bmw.', 'Bmw.', 'Bmw.', 'Bmw.', 'Bmw.', 'Bmw.', 'Bmw.']",-0.0,what is the brand of the motorcycles?,,True,0.8140452349615311,0,correct_high
validation::65,['3'],3.,1.0,"['3.', '3.', '3.', '2.', '2.', '3.', '3.', '4.', '3.', '4.']",0.9502705392332348,how many tracks can be seen?,,True,0.8140452349615311,1,correct_low
validation::6500,['mexican food'],Mexican.,1.0,"['Mexican.', 'Mexican food.', 'Mexican.', 'Mexican food.', 'Mexican food.', 'Mexican food.', 'Mexican.', 'Mexican.', 'Mexican.', 'Mexican food.']",-0.0,What type of food is being advertised on these signs?,,True,0.8140452349615311,0,correct_high
validation::6501,['3'],3.,1.0,"['3.', '3.', '3.', '3.', '3.', '3.', '3.', '3.', '3.', '4.']",0.3250829733914482,How many living beings are in the photo?,,True,0.8140452349615311,0,correct_high
validation::6503,['on'],On.,1.0,"['On.', 'On.', 'On.', 'On.', 'In.', 'On.', 'On.', 'On.', 'In.', 'On.']",0.5004024235381879,Are the chopsticks on or in the bowl?,,True,0.8140452349615311,0,correct_high
validation::6505,['inches'],Inches.,1.0,"['Point.', 'Inches.', 'Oprhance.', 'Ounce.', 'Inches.', 'Innings.', 'Inches.', 'Ounce.', 'Ounce.', 'Inches.']",1.4184836619456564,"What word is printed on the glove right after it says ""10.5""?",,True,0.8140452349615311,1,correct_low
validation::6507,['noodles'],Noodles.,1.0,"['Noodles.', 'Noodles.', 'Noodles.', 'Pasta.', 'Stir-fry.', 'Beef and broccoli.', 'Noodles.', 'Stir fry.', 'Lo mein.', 'Noodles.']",1.3592367006650063,What is the dish in the bowl?,,True,0.8140452349615311,1,correct_low
validation::6508,['silver'],Silver.,1.0,"['Silver.', 'Silver.', 'Silver.', 'Silver.', 'Silver.', 'Silver.', 'Silver.', 'Silver.', 'Black.', 'Silver.']",0.3250829733914482,What is the color of the flash tap?,,True,0.8140452349615311,0,correct_high
validation::651,['2'],2.,1.0,"['2.', '2.', '2.', '2.', '2.', '2.', '2.', '2.', '2.', '2.']",-0.0,How many cats?,,True,0.8140452349615311,0,correct_high
validation::6510,['k'],K.,1.0,"['W.', 'K.', 'K.', 'K.', 'K.', 'K.', 'K.', 'E.', 'K.', 'K.']",0.639031859650177,what is first letter on hydrant?,,True,0.8140452349615311,0,correct_high
validation::6513,['bird'],Bird.,1.0,"['Bird.', 'Bird.', 'Duck.', 'Parrot.', 'Bird.', 'Deer.', 'Deer.', 'Bird.', 'Green bird.', 'Bird.']",1.3592367006650063,Which animal is the shortest?,,True,0.8140452349615311,1,correct_low
validation::6515,['bedford'],Ford.,0.0,"['Mercedes.', 'Ford.', 'Autokara.', 'Ford.', 'Edford.', 'Fargo.', 'Ford.', 'Ford.', 'Edfitson.', 'Eford.']",1.6094379124341005,What brand is the van in the front?,,False,0.8140452349615311,1,incorrect_low
validation::6517,['bus'],Bicycle.,0.0,"['Bicycle.', 'Skateboarding.', 'Bike.', 'Skateboard.', 'Skateboard.', 'Skateboard.', 'Motorcycle.', 'Bicycle.', 'Biciclet.', 'Skateboard.']",0.9433483923290392,what is crossed out on top sign?,,False,0.8140452349615311,1,incorrect_low
validation::6518,['left'],Right,0.0,"['Front right', 'Right', 'Right', 'Right', 'Front right', 'Fill', 'Right.', 'Right', 'Right', 'Front right.']",0.8979457248567797,Which glass has more wine in it,,False,0.8140452349615311,1,incorrect_low
validation::652,['4'],4.,1.0,"['4.', '4.', '4.', '4.', '4.', '4.', '4.', '4.', '4.', '4.']",-0.0,How many burners are visible?,,True,0.8140452349615311,0,correct_high
validation::6523,['white'],White.,1.0,"['Yellow.', 'Blue.', 'Yellow.', 'Yellow.', 'White.', 'Yellow.', 'Yellow.', 'White.', 'White.', 'Red.']",1.1682824501765623,What color is the circle thing beside the hanging rackets?,,True,0.8140452349615311,1,correct_low
validation::6525,['african burial ground way'],African burial ground way.,1.0,"['African burial ground way.', 'African burial ground way.', 'African burial ground way.', 'African burial ground way.', 'African burial ground way.', 'African burial ground way.', 'African burial ground way.', 'African burial ground way.', 'African burial ground way.', 'African burial ground way.']",-0.0,What is the street name with the name of a continent in it?,,True,0.8140452349615311,0,correct_high
validation::6528,['left'],Right.,0.0,"['Right.', 'Left.', 'Right.', 'Right.', 'Right.', 'Right.', 'Left.', 'Right.', 'Right.', 'Right.']",0.5004024235381879,Which hand is holding the skateboard?,,False,0.8140452349615311,0,incorrect_high
validation::6529,['left'],Left.,1.0,"['Left.', 'Left.', 'Right.', 'Right.', 'Left.', 'Right.', 'Left.', 'Right.', 'Left.', 'Left.']",0.6730116670092565,Is the animal facing left or right?,,True,0.8140452349615311,0,correct_high
validation::6530,['epaulet'],Patch.,0.0,"['Patches.', 'Badge.', 'Pocket.', 'Patch.', 'Name tag.', 'P.', 'Name tag.', 'Badge.', 'Name tag.', 'Name tag.']",1.4708084763221114,What is on the woman's shoulder?,,True,0.8140452349615311,1,correct_low
validation::6532,['divine transportation'],Divine transportation.,1.0,"['Divine transportation.', 'Divine transportation.', 'Divine transportation.', 'Divine transportation.', 'Divine transportation.', 'Divine transportation.', 'Divine transportation.', 'Divine transportation.', 'Divine transportation.', 'Divine transportation.']",-0.0,What is the name of the company that owns the bus?,,True,0.8140452349615311,0,correct_high
validation::6533,['under armour'],Nike.,0.0,"['Nike.', 'Adidas.', 'New balance.', 'Under armour.', 'Nike.', 'Nike.', 'Adidas.', 'Nike.', 'Nike.', 'Nike.']",1.0888999753452235,what brand shoe does the man on the right have?,,False,0.8140452349615311,1,incorrect_low
validation::6537,['3'],2.,0.0,"['2.', '2.', '2.', '2.', '2.', '2.', '2.', '2.', '2.', '2.']",-0.0,How many people are playing?,,False,0.8140452349615311,0,incorrect_high
validation::654,['0'],0.,1.0,"['0.', '0.', '0.', '0.', '2.', '0.', '1.', '2.', '0.', '0.']",0.8018185525433372,How many of the man's hands do we see?,,True,0.8140452349615311,0,correct_high
validation::659,['13'],14.,0.0,"['14.', '14.', '13.', '16.', '16.', 'Many.', '16.', '18.', '11.', '20.']",1.834371970281624,How many sheep in this picture,,False,0.8140452349615311,1,incorrect_low
validation::66,['5'],7.,0.0,"['9.', '7.', '7.', '9.', '9.', '7.', '7.', '6.', '7.', '8.']",1.1682824501765623,how many planes are emitting smoke,,False,0.8140452349615311,1,incorrect_low
validation::661,['2'],4.,0.0,"['4.', '4.', '4.', '2.', '4.', '4.', '4.', '4.', '4.', '4.']",0.3250829733914482,How many pillows are there?,,False,0.8140452349615311,0,incorrect_high
validation::666,['2'],1 eye and 1 beak.,0.0,"['2 and 1.', '1 eye 1 beak.', '2.', '1.', '3 eyes 1 beak.', '2.', '2.', '2.', '1 eye and 1 beak.', '1 eye, 1 beak.']",1.1935496040981333,How many eyes plus how many beaks are visible?,,True,0.8140452349615311,1,correct_low
validation::667,['left'],Right.,0.0,"['Right.', 'Right.', 'Left.', 'Right.', 'Left.', 'Left.', 'Right.', 'Right.', 'Right.', 'Left.']",0.6730116670092565,Which of the surfer's feet is closest to the front of the surfboard?,,False,0.8140452349615311,0,incorrect_high
validation::672,['0'],1.,0.0,"['1.', '1.', '1.', '1.', '1.', '2.', '1.', '2.', '1.', '1.']",0.5004024235381879,How many cows are shown?,,False,0.8140452349615311,0,incorrect_high
validation::673,['ajax'],409.,0.0,"['409.', '409.', 'Ajax.', 'Clorox.', 'Windex.', '409.', 'Dif.', 'Rust-oleum.', 'Ajax.', '409.']",1.6094379124341,what cleanser is on countertop?,,False,0.8140452349615311,1,incorrect_low
validation::674,['2.81'],2.81.,1.0,"['2.811.', '2.81.', '2.811.', '2.81.', '2.811.', '2.81.', '2.811.', '2.81.', '2.811.', '2.81']",0.6931471805599453,What is the price for regular gas according to the gas station sign?,,True,0.8140452349615311,0,correct_high
validation::675,['red'],Black.,0.0,"['Red.', 'Black.', 'White.', 'Black.', 'Black.', 'Black.', 'Black.', 'Black.', 'Black.', 'Black.']",0.639031859650177,What color shoes is the skater in the black shirt wearing?,,False,0.8140452349615311,0,incorrect_high
validation::68,['2'],3.,0.0,"['4.', '3.', '3.', '3.', '3.', '3.', '2.', '2.', '2.', '3.']",0.8979457248567798,How many people are not sitting on the bench?,,False,0.8140452349615311,1,incorrect_low
validation::682,['one way'],W 44th st.,0.0,"['Wall st.', 'Safeway.', 'Ny.', 'W. 34th st.', 'W47th st.', 'W 44th st.', '42nd st.', 'Hurry.', 'Ila.', 'All.']",2.302585092994045,What does the sign say?,,False,0.8140452349615311,1,incorrect_low
validation::684,['white'],Green.,0.0,"['Green.', 'Green.', 'Green.', 'Green.', 'Blue.', 'Green.', 'Blue.', 'Blue.', 'Blue.', 'Blue.']",0.6931471805599453,What color are the laces on the shoes?,,False,0.8140452349615311,0,incorrect_high
validation::685,['22'],1.,0.0,"['4.', '1.', '1.', '62.', '1.', '1.', '1.', '1.', '1.', '1.']",0.639031859650177,what number is on the fourth motorcycle from the left?,,False,0.8140452349615311,0,incorrect_high
validation::687,['2'],1.,0.0,"['2.', '1.', '1.', '1.', '1.', '2.', '1.', '1.', '1.', '2.']",0.6108643020548935,How many of the trainers have pony tails?,,False,0.8140452349615311,0,incorrect_high
validation::688,['4'],3.,0.0,"['2.', '3.', '2.', '2.', '3.', '3.', '1.', '3.', '3.', '3.']",0.8979457248567797,How many of the cat's paws are visible?,,False,0.8140452349615311,1,incorrect_low
validation::689,['2'],4.,0.0,"['4.', '2.', '3.', '4.', '3.', '3.', '4.', '4.', '3.', '3.']",0.9433483923290392,How many fingers do you see?,,False,0.8140452349615311,1,incorrect_low
validation::691,['red sox'],Red sox.,1.0,"['Red sox.', 'Red sox.', 'Red sox.', 'Red sox.', 'Red sox.', 'Red sox.', 'Red sox.', 'Red sox.', 'Red sox.', 'Red sox.']",-0.0,What is written on the shirt of the person who is standing in the middle between the two men?,,True,0.8140452349615311,0,correct_high
validation::696,['green'],Green.,1.0,"['Yellow.', 'Yellow.', 'Green.', 'Green.', 'Green.', 'Green.', 'Green.', 'Green.', 'Green.', 'Green.']",0.5004024235381879,What color are the cat’s pupils?,,True,0.8140452349615311,0,correct_high
validation::701,['brunette'],Ginger.,0.0,"['Brunette.', 'Bronde.', 'Redhead.', 'Ginger.', 'Eskimo.', 'Redhead.', 'Gingers.', 'Girl.', 'Blonde.', 'Blonde.']",1.8866967846580784,What is the name for someone with her color hair?,,False,0.8140452349615311,1,incorrect_low
validation::702,['3'],2.,0.0,"['5.', '2.', '3.', '3.', '2.', '3.', '1.', '2.', '2.', '1.']",1.2798542258336676,How many balls are in the bowl?,,False,0.8140452349615311,1,incorrect_low
validation::703,['0'],0.,1.0,"['0.', '0.', '0.', '0.', '0.', '0.', '0.', '0.', '0.', '0.']",-0.0,How many visible napkins in the photo?,,True,0.8140452349615311,0,correct_high
validation::704,['blue'],Purple.,0.0,"['Pink.', 'Purple.', 'Purple.', 'Purple.', 'Blue.', 'Blue and red.', 'White.', 'White.', 'Blue.', 'Purple.']",1.4708084763221114,What color are the flowers on the tie of the person holding the cake?,,False,0.8140452349615311,1,incorrect_low
validation::708,['2'],1.,0.0,"['2.', '2.', '1.', '2.', '2.', '1.', '2.', '2.', '1.', '2.']",0.6108643020548935,How many poles are there?,,False,0.8140452349615311,0,incorrect_high
validation::710,['right'],Right.,1.0,"['Left.', 'Left.', 'Left.', 'Right.', 'Left.', 'Right.', 'Left.', 'Left.', 'Left.', 'Left.']",0.5004024235381879,Which of the batter's hands is closer to the top of the bat?,,True,0.8140452349615311,0,correct_high
validation::714,['black'],Gray.,0.0,"['Gray.', 'Gray.', 'White.', 'Gray.', 'Gray.', 'Gray.', 'White.', 'Black.', 'Gray.', 'Gray.']",0.8018185525433372,What color is the zipper of the skier's coat?,,False,0.8140452349615311,0,incorrect_high
validation::715,['6'],0.,0.0,"['12.', '0.', '2.', '12.', '0.', '7.', '2.', '12.', '5.', '8.']",1.6957425341696346,How many screws in the center of the bench?,,False,0.8140452349615311,1,incorrect_low
validation::716,['usa'],None.,0.0,"['None.', 'No flag.', 'None.', 'None.', 'None.', 'American.', 'None.', 'None.', 'None.', 'None.']",0.3250829733914482,What flag does the hydrant represent?,,False,0.8140452349615311,0,incorrect_high
validation::721,['stockton'],San francisco.,0.0,"['Los angeles.', 'Seattle.', 'San francisco.', 'San francisco.', 'Seattle.', 'San francisco.', 'Seattle.', 'Los angeles.', 'Seattle.', 'Los angeles.']",1.0888999753452238,What city is on the front of the bus?,,False,0.8140452349615311,1,incorrect_low
validation::722,['richard'],Richard.,1.0,"['Richard.', 'Richard.', 'Richard.', 'Richard.', 'Richard.', 'Richard.', 'Richard.', 'Richard.', 'Richard.', 'Richard.']",-0.0,What is the photographer's first name?,,True,0.8140452349615311,0,correct_high
validation::728,['mirror'],Bird.,0.0,"['Bird.', 'Bird.', 'Himself.', 'Bird.', 'Bird.', 'Fish.', 'Bird.', 'Bird.', 'Bird.', 'Bird.']",0.639031859650177,What is the cat looking at?,,False,0.8140452349615311,0,incorrect_high
validation::73,['front'],Back.,0.0,"['Front.', 'Back.', 'Back hooves.', 'Front.', 'Back.', 'Back.', 'Back.', 'Back.', 'Back.', 'Back.']",0.5004024235381879,Are more of the horse's front hooves or back hooves visible?,,False,0.8140452349615311,0,incorrect_high
validation::734,['cat'],Chair.,0.0,"['Left.', 'Left.', 'On chair.', 'Chair.', 'Left.', 'On couch.', 'Left.', 'Chair.', 'Left.', 'Bottom left.']",1.1682824501765623,Where is the animal in this picture?,,False,0.8140452349615311,1,incorrect_low
validation::741,['left'],Right.,0.0,"['Right.', 'Left.', 'Right.', 'Right.', 'Right.', 'Right.', 'Right.', 'Right.', 'Left.', 'Right.']",0.5004024235381879,Is the player left or right handed?,,False,0.8140452349615311,0,incorrect_high
validation::746,['042'],1065.,0.0,"['2.', '4.', '57.', '4339.', '612.', '1.', '235.', '1125.', '5.', '32.']",2.302585092994045,what number is on the horses harness,,False,0.8140452349615311,1,incorrect_low
validation::748,['exhibit'],Exhibit.,1.0,"['Exhibit.', 'Exhibit.', 'Exhibit.', 'Exhibit.', 'Exhibit.', 'Exhibit.', 'Exhibit.', 'Exhibit.', 'Exhibit.', 'Exhibit.']",-0.0,What is the 2nd word in orange lights?,,True,0.8140452349615311,0,correct_high
validation::749,['belmont'],Unknown.,0.0,"['Unknown.', 'Nothing.', 'Delivery.', 'Unknown.', 'Unknown.', 'Bonsai.', 'Box.', 'Monogramed name.', 'Tape.', 'Home hardware.']",1.7480673485460891,What is written on the brown cardboard box on the counter?,,False,0.8140452349615311,1,incorrect_low
validation::75,['2'],1.,0.0,"['1.', '1.', '1.', '1.', '1.', '1.', '6.', '2.', '1.', '2.']",0.8018185525433373,How many types of vegetables are there?,,False,0.8140452349615311,0,incorrect_high
validation::752,['black'],White.,0.0,"['White.', 'White.', 'White.', 'White.', 'White.', 'White.', 'White.', 'Gray.', 'White.', 'White.']",0.3250829733914482,What color is the trim on the hull?,,False,0.8140452349615311,0,incorrect_high
validation::757,['2'],2.,1.0,"['2.', '2.', '2.', '1.', '2.', '2.', '2.', '2.', '2.', '1.']",0.5004024235381879,How many cups are on the counter?,,True,0.8140452349615311,0,correct_high
validation::766,['2'],0.,0.0,"['1.', '0.', '1.', '0.', '0.', '0.', '2.', '0.', '0.', '2.']",0.9502705392332348,"In the front group, how many zebras are eating grass?",,False,0.8140452349615311,1,incorrect_low
validation::769,['turkey'],Turkey.,1.0,"['Turkey.', 'Turkey.', 'Turkey.', 'Turkey.', 'Turkey.', 'Turkey.', 'Turkey.', 'Turkey.', 'Turkey.', 'Turkey.']",-0.0,Which animal is the person's shirt to the right?,,True,0.8140452349615311,0,correct_high
validation::77,['left'],Left.,1.0,"['Left.', 'Right.', 'Left.', 'Left.', 'Left.', 'Right.', 'Right.', 'Left.', 'Left.', 'Left.']",0.6108643020548935,Is the beige vehicle passing the left or right side of the cow?,,True,0.8140452349615311,0,correct_high
validation::770,['red'],Brown.,0.0,"['Brown.', 'Brown.', 'Brown.', 'Brown.', 'Brown.', 'Brown.', 'Brown.', 'White.', 'Brown.', 'Brown.']",0.3250829733914482,What color does the bottom of the tail appear to be on the left zebra?,,False,0.8140452349615311,0,incorrect_high
validation::779,['pot'],Pot.,1.0,"['Pot.', 'Burger.', 'Spatula.', 'Pot.', 'Tongs.', 'Pot.', 'Tongs.', 'Tongs.', 'Spatula.', 'Tongs.']",1.2798542258336676,What is the man to the right holding in his right hand?,,True,0.8140452349615311,1,correct_low
validation::784,['hand dryer rubbish'],Unintelligible.,0.0,"['Psalm cardh hisburls.', 'Privs.', 'Tysyo ofah hisbhur.', 'Unintelligible.', 'Psyco oman hissbur.', 'Unclear.', 'Unreadable.', 'Escalator.', 'Hvisahan hissein.', 'John murray.']",2.025326220770068,what is the written text?,,False,0.8140452349615311,1,incorrect_low
validation::785,['gladys'],Parking.,0.0,"['Parking.', 'Gladys.', 'Parking gladys.', 'Parking.', 'Parking.', 'Parking.', 'Parking.', 'Parking.', 'Gladys.', 'Gladys.']",0.8979457248567797,What does the sign in the middle say?,,False,0.8140452349615311,1,incorrect_low
validation::787,['candle'],Nothing.,0.0,"['Nothing.', 'Nothing.', 'Nothing.', 'Nothing.', 'Nothing.', 'Nothing.', 'Nothing.', 'Nothing.', 'Nothing.', 'Nothing.']",-0.0,What is the little white figurine by the mirror holding up?,,False,0.8140452349615311,0,incorrect_high
validation::79,['riding a bike'],Jumping.,0.0,"['Jumping.', 'Cycling.', 'Jumping.', 'Wheelie.', 'Riding bike.', 'Riding bike.', 'Cycling.', 'Jumping.', 'Jumping.', 'Jumping.']",0.6931471805599453,What is the guy in front of the skateboarder doing?,,False,0.8140452349615311,0,incorrect_high
validation::790,['grass'],Grass.,1.0,"['Grass.', 'Grass.', 'Dirt.', 'Grass.', 'Grass.', 'Grass.', 'Grass.', 'Grass.', 'Grass.', 'Grass.']",0.3250829733914482,What stained the batter's pants?,,True,0.8140452349615311,0,correct_high
validation::792,['serving'],Playing volleyball.,0.0,"['Jumping.', 'Playing volleyball.', 'Playing volleyball.', 'Playing badminton.', 'Serving.', 'Playing volleyball.', 'Playing volleyball.', 'Playing volleyball.', 'Jumping.', 'Playing volleyball.']",1.0888999753452235,What is the man who is standing near the camera doing?,,False,0.8140452349615311,1,incorrect_low
validation::801,['11'],6.,0.0,"['9.', '4.', '6.', '6.', '8.', '6.', '5.', '12.', '12.', '8.']",1.6957425341696346,How many boxes are here?,,False,0.8140452349615311,1,incorrect_low
validation::808,['sony'],Sony.,1.0,"['Sony.', 'Sony.', 'Sony.', 'Sony.', 'Sony.', 'Sony.', 'Sony.', 'Sony.', 'Sony.', 'Sony.']",-0.0,What is the brand on this camera?,,True,0.8140452349615311,0,correct_high
validation::812,['2'],2.,1.0,"['2.', '2.', '2.', '2.', '2.', '3.', '2.', '1.', '4.', '3.']",1.0888999753452235,How many apple stems are seen in the photo?,,True,0.8140452349615311,1,correct_low
validation::814,['blender'],Toaster.,0.0,"['Toaster.', 'Blender.', 'Blender.', 'Toaster.', 'Toaster.', 'Toaster.', 'Toaster.', 'Toaster.', 'Blender.', 'Toaster.']",0.6108643020548935,"Which of the following is not on the counter: microwave, toaster, blender?",,False,0.8140452349615311,0,incorrect_high
validation::816,['ballew'],Ballen.,0.0,"['Bfallen.', 'Ballow.', 'Bollen.', 'Ballen.', 'Ballen.', 'Ballen.', 'Ballen.', 'Bowen.', 'Ballen.', 'Bowden.']",1.2275294114572126,What is cole's last name?,,False,0.8140452349615311,1,incorrect_low
validation::818,['1'],1.,1.0,"['1.', '1.', '1.', '1.', '1.', '1.', '1.', '1.', '1.', '1.']",-0.0,How many adult animals are in the photo?,,True,0.8140452349615311,0,correct_high
validation::819,['2'],2.,1.0,"['0.', '2.', '2.', '2.', '2.', '2.', '1.', '2.', '4.', '2.']",0.9404479886553264,how many rivets are holding the knife handle to the blade?,,True,0.8140452349615311,1,correct_low
validation::82,['speed'],Speed.,1.0,"['Speed.', 'Speed.', 'Speed.', 'Speed.', 'Speed.', 'Speed.', 'Speed.', 'Speed laws.', 'Speed.', 'Speed.']",-0.0,What kind of laws are enforced here?,,True,0.8140452349615311,0,correct_high
validation::822,['1'],1.,1.0,"['1.', '1.', '1.', '1.', '1.', '2.', '2.', '1.', '1.', '1.']",0.5004024235381879,How many horses are there?,,True,0.8140452349615311,0,correct_high
validation::825,['1'],Two wheels can be seen on the white van on the right hand side of the picture.,0.0,"['Two wheels can be seen on the white van on the right hand side of the picture.', 'Three wheels can be seen on the white van on the right hand side of the picture.', 'Two wheels can be seen on the white van on the right hand side of the picture.', 'Two wheels can be seen on the white van on the right hand side of the picture.', 'Two wheels can be seen on the white van on the right hand side of the picture.', 'Two.', 'Two wheels can be seen on the white van on the right hand side of the picture.', 'Two wheels can be seen on the white van on the right-hand side of the picture.', 'Two wheels can be seen on the white van on the right side of the picture - the left front and left rear wheels.', 'One wheel can be seen on the white van on the right hand side of the picture.']",0.9404479886553264,How many wheels can be seen on the white van on the right hand side of the picture?,,False,0.8140452349615311,1,incorrect_low
validation::827,['falling'],Surfing.,0.0,"['Surfing.', 'Surfing.', 'Surfing.', 'Surfing.', 'Surfing.', 'Surfing.', 'Surfing.', 'Surfing.', 'Surfing.', 'Surfing.']",-0.0,What is happening to the man?,,False,0.8140452349615311,0,incorrect_high
validation::829,['guitar'],Guitar.,1.0,"['Guitar.', 'Book.', 'Guitar.', 'Guitar.', 'Bow and arrow.', 'Guitar.', 'Poster.', 'Sword.', 'Skateboard.', 'Guitar.']",1.4978661367769952,What is the person on the right holding in the poster on the left hand side of the far wall?,,True,0.8140452349615311,1,correct_low
validation::832,['multiple tickets'],New york.,0.0,"['New york.', 'New york.', 'New york.', 'New york.', 'New york.', 'New york.', 'New york.', 'New york.', 'New york.', 'New york.']",-0.0,what are the two bold words on the bottom?,,False,0.8140452349615311,0,incorrect_high
validation::834,['white'],Brown.,0.0,"['Brown.', 'Green.', 'Green.', 'Brown.', 'Brown.', 'Brown.', 'Brown.', 'Brown.', 'Brown.', 'Brown.']",0.5004024235381879,what color is the flowering pot closest to the women wearing white pants,,False,0.8140452349615311,0,incorrect_high
validation::836,['adidas'],Nike.,0.0,"['New balance.', 'Nike.', 'Nike.', 'Nike.', 'Nike.', 'Adidas.', 'Nike.', 'Nike.', 'Nike.', 'Nike.']",0.639031859650177,What is the brand of the first person's shoes?,,False,0.8140452349615311,0,incorrect_high
validation::837,['white'],White.,1.0,"['Black.', 'White.', 'White.', 'White.', 'White.', 'White.', 'White.', 'Black.', 'White.', 'White.']",0.5004024235381879,What color is the vehicle near the tarmac?,,True,0.8140452349615311,0,correct_high
validation::840,['strawberries'],Strawberries.,1.0,"['Yes.', 'More pieces of strawberries are visible.', 'Strawberries.', 'Strawberries.', 'Yes.', 'Strawberries.', 'Strawberries.', 'Strawberries.', 'Strawberries.', 'Strawberries.']",-0.0,Are there more pieces of strawberries or orange visible?,,True,0.8140452349615311,0,correct_high
validation::845,['0'],0.,1.0,"['0.', '0.', '0.', '0.', '0.', '0.', '0.', '0.', '0.', '0.']",-0.0,How many people are on the left side of the image?,,True,0.8140452349615311,0,correct_high
validation::846,['right'],Right.,1.0,"['Left.', 'Right.', 'Left.', 'Right.', 'Left.', 'Right.', 'Left.', 'Right.', 'Right.', 'Right.']",0.6730116670092565,what side of the bird do you see?,,True,0.8140452349615311,0,correct_high
validation::848,['0'],2.,0.0,"['2.', '2.', '2.', '2.', '1.', '1.', '2.', '2.', '1.', '2.']",0.6108643020548935,How many visible eyes the kid are showing?,,False,0.8140452349615311,0,incorrect_high
validation::85,['yellow'],White.,0.0,"['White.', 'White.', 'White.', 'White.', 'White.', 'White.', 'White.', 'White.', 'White.', 'Brown.']",0.3250829733914482,What color is the tablecloth?,,False,0.8140452349615311,0,incorrect_high
validation::852,['metal'],Metal.,1.0,"['Metal.', 'Metal.', 'Metal.', 'Wood.', 'Metal.', 'Metal.', 'Metal.', 'Metal.', 'Metal.', 'Metal.']",0.3250829733914482,what is the fence made of?,,True,0.8140452349615311,0,correct_high
validation::855,['north'],Right.,0.0,"['Right.', 'Left.', 'Right.', 'Right.', 'Left.', 'Right.', 'Right.', 'Right.', 'Left.', 'Left.']",0.6730116670092565,In what direction should you drive if you are looking for visitor info?,,False,0.8140452349615311,0,incorrect_high
validation::856,['51'],0.,0.0,"['8.', '8.', '0.', '8.', '9.', '10.', '0.', '8.', '9.', '9.']",1.2798542258336674,What number is on the back of a shirt of a person on the sidewalk?,,False,0.8140452349615311,1,incorrect_low
validation::857,['hollywood'],Hollywood.,1.0,"['Hollywood.', 'Hollywood.', 'Hollywood.', 'Hollywood.', 'Hollywood.', 'Hollywood.', 'Hollywood.', 'Hollywood.', 'Hollywood.', 'Hollywood.']",-0.0,What is the name on the street sign?,,True,0.8140452349615311,0,correct_high
validation::858,['white'],White.,1.0,"['White.', 'White.', 'White.', 'White.', 'White.', 'White.', 'White.', 'White.', 'White.', 'White.']",-0.0,What color socks is the person in tan shorts wearing?,,True,0.8140452349615311,0,correct_high
validation::859,['14'],12.,0.0,"['13.', '14.', '11.', '12.', '12.', '12.', '11.', '12.', '14.', '10.']",1.4708084763221114,How many people are there?,,False,0.8140452349615311,1,incorrect_low
validation::860,['black'],Blue.,0.0,"['Blue.', 'Blue.', 'Blue.', 'Blue.', 'Blue.', 'Blue.', 'Blue.', 'White.', 'Blue.', 'Blue.']",0.3250829733914482,What color is the top part of the paddle board?,,False,0.8140452349615311,0,incorrect_high
validation::862,['grater'],Grater.,1.0,"['Grater.', 'Grater.', 'Grater.', 'A grinder.', 'Grater.', 'Grater.', 'Grater.', 'Grater.', 'Grater.', 'Grater.']",0.3250829733914482,what is next to the cheese on the green plate in the center of the table?,,True,0.8140452349615311,0,correct_high
validation::863,['1'],2.,0.0,"['2.', '0.', '1.', '3.', '2.', '3.', '2.', '1.', '2.', '3.']",1.2798542258336676,How many people visibly have on sunglasses?,,False,0.8140452349615311,1,incorrect_low
validation::864,['truck'],Truck.,1.0,"['Truck.', 'Truck.', 'Truck.', 'Truck.', 'Truck.', 'Truck.', 'Truck.', 'Truck.', 'Truck.', 'Truck.']",-0.0,What type is the red vehicle?,,True,0.8140452349615311,0,correct_high
validation::869,['134'],134.,1.0,"['734.', '134.', '134.', '134.', '734.', '134.', '734.', '134.', '134.', '134.']",0.6108643020548935,What is the address on the shop?,,True,0.8140452349615311,0,correct_high
validation::87,['k'],K.,1.0,"['K.', 'K.', 'K.', 'K.', 'K.', 'K.', 'K.', 'K.', 'K.', 'K.']",-0.0,What is the last letter on the shirt of the woman sitting on the left?,,True,0.8140452349615311,0,correct_high
validation::874,['samuel adams'],Samuel adams.,1.0,"['Samuel adams.', 'Samuel adams.', 'Samuel adams.', 'Samuel adams.', 'Samuel adams.', 'Samuel adams.', 'Samuel adams.', 'Samuel adams.', 'Samuel adams.', 'Samuel adams.']",-0.0,What brand is on the umbrella?,,True,0.8140452349615311,0,correct_high
validation::875,['peppers'],Peppers.,1.0,"['Peppers.', 'Peppers.', 'Peppers.', 'Peppers.', 'Peppers.', 'Papper.', 'Melons.', 'Peppers.', 'Peppers.', 'Papayas.']",0.639031859650177,what kind of fruit is in the front three center baskets,,True,0.8140452349615311,0,correct_high
validation::878,['black'],Black.,1.0,"['Black.', 'Black.', 'Red.', 'Red.', 'Black.', 'Blue.', 'White.', 'Black.', 'Black.', 'Black.']",1.0888999753452235,What color is the cap of the person by the fence?,,True,0.8140452349615311,1,correct_low
validation::886,['f'],P.,0.0,"['I.', 'S.', 'N.', 'G.', 'H.', 'P.', 'O.', 'W.', 'J.', 'K.']",2.302585092994045,What is the first letter on the box on the righthand side?,,False,0.8140452349615311,1,incorrect_low
validation::887,['white'],White.,1.0,"['White.', 'White.', 'White.', 'White.', 'White.', 'White.', 'White.', 'White.', 'White.', 'White.']",-0.0,"Besides orange, what other color is the cat?",,True,0.8140452349615311,0,correct_high
validation::888,['dc'],Dc.,1.0,"['Dc.', 'Dc.', 'Dc.', 'Dc.', 'Dc.', 'X.', 'Dc.', 'Dc.', 'Dc.', 'Dc.']",0.3250829733914482,what brand is the boys red shirt,,True,0.8140452349615311,0,correct_high
validation::89,['left'],Right.,0.0,"['Right.', 'Left.', 'Right.', 'Left.', 'Left.', 'Right.', 'Left.', 'Right.', 'Left.', 'Right.']",0.6931471805599453,Which leg is the woman balancing on?,,False,0.8140452349615311,0,incorrect_high
validation::894,['1'],0.,0.0,"['5.', '1.', '0.', '4.', '0.', '0.', '0.', '2.', '2.', '4.']",1.4708084763221114,How many candles are there?,,False,0.8140452349615311,1,incorrect_low
validation::895,['michelle'],Obama.,0.0,"['Obama.', 'Obama.', 'Obama.', 'Obama.', 'Obama.', 'Obama.', 'Obama.', 'Obama.', 'Obama.', 'Obama.']",-0.0,Whose name is printed on the sign on the left?,,False,0.8140452349615311,0,incorrect_high
validation::9,['below'],Below.,1.0,"['Below.', 'Below.', 'Below.', 'Above.', 'Below.', 'Below.', 'Below.', 'Below.', 'Below.', 'Below.']",0.3250829733914482,Is the camera below or above the plane?,,True,0.8140452349615311,0,correct_high
validation::906,['filming'],Nothing.,0.0,"['Pushing.', 'Pushing.', 'Jumping.', 'Push.', 'Filming.', 'Nothing.', 'Pushing.', 'Pushing.', 'Filming.', 'Taking picture.']",1.3592367006650063,What is the person closest to the camera doing to the person who is skating?,,False,0.8140452349615311,1,incorrect_low
validation::91,['select'],Enter.,0.0,"['Enter.', 'Ok.', 'Play/pause.', 'Enter.', '0.', 'Enter.', 'Enter.', 'Enter.', 'Enter.', 'Enter.']",0.9404479886553264,What does the big black middle button say?,,False,0.8140452349615311,1,incorrect_low
validation::914,['77'],3.,0.0,"['4.', '5.', '3.', '3.', '9.', '10.', '3.', '3.', '7.', '5.']",1.6094379124341005,What is the white number on a red background?,,False,0.8140452349615311,1,incorrect_low
validation::916,['spokane'],Spokane.,1.0,"['Spokane.', 'Spokane.', 'Spokane.', 'Spokane.', 'Spokane.', 'Spokane.', 'Spokane.', 'Spokane.', 'Spokane.', 'Spokane.']",-0.0,What team do these players belong to?,,True,0.8140452349615311,0,correct_high
validation::920,['basketball'],Running.,0.0,"['Karate.', 'Tennis.', 'Basketball.', 'Basketball.', 'Running.', 'Running.', 'Running.', 'Running.', 'Basketball.', 'Martial arts.']",1.4184836619456564,What sport is the third figure from the right playing?,,False,0.8140452349615311,1,incorrect_low
validation::921,['6'],8.,0.0,"['5.', '6.', '5.', '5.', '6.', '6.', '7.', '8.', '10.', '5.']",1.4184836619456564,How many boats that look like cars?,,False,0.8140452349615311,1,incorrect_low
validation::923,['0'],6.,0.0,"['6.', '6.', '4.', '6.', '6.', '6.', '6.', '6.', '6.', '6.']",0.3250829733914482,How many bagels are in the box?,,False,0.8140452349615311,0,incorrect_high
validation::924,['elephant'],Dinosaur.,0.0,"['Lions.', 'Cows.', 'Pandas.', 'Cats.', 'Hearts.', 'Dinosaur.', 'Cows.', 'Dinosaur.', 'Llamas.', 'Hedgehog.']",2.025326220770068,What animal is in the pattern on the girl's shirt?,,False,0.8140452349615311,1,incorrect_low
validation::925,['8:17'],1:55.,0.0,"['3:28.', '4:30.', '3:25.', '4:10.', '2:10.', '12:50.', '3:30.', '5:00.', '3:45.', '3:00.']",2.302585092994045,What time is it?,,False,0.8140452349615311,1,incorrect_low
validation::926,['17'],4.,0.0,"['4.', '4.', '4.', '4.', '4.', '4.', '4.', '4.', '4.', '4.']",-0.0,what number is on the highest jersey?,,False,0.8140452349615311,0,incorrect_high
validation::929,['2'],3.,0.0,"['3.', '2.', '4.', '3.', '4.', '1.', '3.', '3.', '3.', '2.']",1.2206072645530173,How many trucks are there?,,False,0.8140452349615311,1,incorrect_low
validation::930,['2'],2.,1.0,"['2.', '4.', '3.', '2.', '2.', '4.', '2.', '4.', '3.', '4.']",1.0549201679861442,How many human fingers are visible?,,True,0.8140452349615311,1,correct_low
validation::932,['2'],2.,1.0,"['2.', '2.', '3.', '4.', '5.', '1.', '2.', '5.', '2.', '2.']",1.3592367006650063,How many finger nails in the photo?,,True,0.8140452349615311,1,correct_low
validation::933,['green'],White.,0.0,"['Red.', 'Blue.', 'White.', 'White.', 'White.', 'White.', 'White.', 'White.', 'White.', 'White.']",0.639031859650177,What color is the logo on his shoes?,,False,0.8140452349615311,0,incorrect_high
validation::934,['coca cola'],Coke.,0.0,"['Coke.', 'Coke.', 'Coke.', 'Coca cola.', 'Coke.', 'Coca-cola.', 'Coke.', 'Coke.', 'Coke.', 'Coke.']",-0.0,What drink in on the sign?,,True,0.8140452349615311,0,correct_high
validation::936,['3'],3.,1.0,"['3.', '3.', '5.', '3.', '5.', '5.', '4.', '6.', '4.', '3.']",1.2798542258336674,How many vertical rails make up the fence in the background?,,True,0.8140452349615311,1,correct_low
validation::942,['7'],10.,0.0,"['7.', '9.', '11.', '7.', '9.', '8.', '7.', '11.', '9.', '5.']",1.5047882836811908,How many patches on the wall?,,False,0.8140452349615311,1,incorrect_low
validation::944,['box'],Box.,1.0,"['Boxes.', 'Box.', 'Box.', 'Matches.', 'Box.', 'Wood.', 'Box.', 'Box.', 'Box.', 'Cardboard.']",0.639031859650177,what are the scissors sitting on?,,True,0.8140452349615311,0,correct_high
validation::947,['baxter'],Baxter.,1.0,"['Baxter.', 'Baxter.', 'Baxter.', 'Baxter.', 'Baxter.', 'Baxter.', 'Baxter.', 'Baxter st.', 'Baxter.', 'Baxter.']",0.3250829733914482,What is the name of the street on the closest street sign to the camera?,,True,0.8140452349615311,0,correct_high
validation::952,['b'],B.,1.0,"['B.', 'B.', 'B.', 'B.', 'B.', 'B.', 'B.', 'B.', 'B.', 'B.']",-0.0,What letter is on the man's shirt?,,True,0.8140452349615311,0,correct_high
validation::955,['76'],6.,0.0,"['729.', '3.', '6.', '95.', '916.', '72.', '5.', '717.', '9, 6.', '4.']",2.302585092994045,What number is on the person?,,False,0.8140452349615311,1,incorrect_low
validation::959,['lynn'],Lynn.,1.0,"['Lynn.', 'Lynn.', 'Lynn.', 'Lynn.', 'Lynn st.', 'Lynn.', 'Lynn.', 'Lynn.', 'Lynn.', 'Lynn.']",0.3250829733914482,What is the name of the street on the green sign?,,True,0.8140452349615311,0,correct_high
validation::961,['2'],2.,1.0,"['2.', '2.', '2.', '2.', '0.', '1.', '2.', '0.', '2.', '2.']",0.8018185525433372,"How many bottles are visible on the woman's side, below the chairs?",,True,0.8140452349615311,0,correct_high
validation::967,['blueberry'],Blueberries.,0.0,"['Blueberries.', 'Blueberry.', 'Blueberry.', 'Blueberries.', 'Blueberries.', 'Blueberries.', 'Blueberry.', 'Blueberry.', 'Blueberry.', 'Blueberries.']",-0.0,What kind of fruit is in the bread?,,True,0.8140452349615311,0,correct_high
validation::968,['4'],3.,0.0,"['4.', '3.', '3.', '3.', '2.', '4.', '3.', '4.', '3.', '3.']",0.8979457248567797,how many people are seated?,,False,0.8140452349615311,1,incorrect_low
validation::97,['wall and rug'],"Carpet, wall.",0.0,"['Flooring, wall.', 'Carpet, sofa.', 'Carpet and wall.', 'Carpet and wall.', 'Couch, carpet.', 'Floor, wall.', 'Couch and floor.', 'Couch, carpet.', 'Cushions.', 'Carpet, couch.']",0.9433483923290392,What 2 things in the photo are orange?,,True,0.8140452349615311,1,correct_low
validation::971,['purple'],Purple.,1.0,"['Purple.', 'Purple.', 'Purple.', 'Purple.', 'Purple.', 'Purple.', 'Purple.', 'Purple.', 'Purple.', 'Purple.']",-0.0,What color is his under shirt?,,True,0.8140452349615311,0,correct_high
validation::973,['40'],2.,0.0,"['226.', '5.', '85.', '7.', '20.', '2.', '9.', '7.', '6.', '44.']",2.163955656882057,What is the number at the top of the yellow sticker on the far left side of the rear of the truck,,False,0.8140452349615311,1,incorrect_low
validation::977,['fifi'],Fifi.,1.0,"['Fifi.', 'Fifi.', 'Fifi.', 'Fifi.', 'Fifi.', 'Fifi.', 'Fifi.', 'Fifi.', 'Fifi.', 'Fifi.']",-0.0,what is the name painted on the airplane?,,True,0.8140452349615311,0,correct_high
validation::978,['4'],4.,1.0,"['4.', '4.', '4.', '4.', '4.', '4.', '4.', '4.', '4.', '4.']",-0.0,how many horses?,,True,0.8140452349615311,0,correct_high
validation::980,['0'],0.,1.0,"['0.', '0.', '0.', '0.', '0.', '0.', '0.', '0.', '0.', '0.']",-0.0,How many rhinos are present on the right side?,,True,0.8140452349615311,0,correct_high
validation::982,['happy'],The.,0.0,"['The.', 'Walking.', 'The.', 'The.', 'The.', 'The.', 'The.', 'Stop.', 'The.', 'The.']",0.639031859650177,"what word is to the left of ""dog"" on the leash?",,False,0.8140452349615311,0,incorrect_high
validation::983,['silver'],Silver.,1.0,"['Silver.', 'Silver.', 'Silver.', 'Silver.', 'Silver.', 'Silver.', 'Silver.', 'Silver.', 'Silver.', 'Silver.']",-0.0,What color is the regfrigerator?,,True,0.8140452349615311,0,correct_high
validation::984,['3'],1.,0.0,"['1.', '1.', '1.', '2.', '1.', '2.', '1.', '1.', '2.', '1.']",0.6108643020548935,How many train cars can you see?,,False,0.8140452349615311,0,incorrect_high
validation::986,['24'],24.,1.0,"['24.', '24.', '24.', '24.', '24.', '24.', '24.', '24.', '24.', '24.']",-0.0,"What number is just above the word ""Hour"" on the sign in the photo?",,True,0.8140452349615311,0,correct_high
validation::987,['8'],3.,0.0,"['1.', '2.', '4.', '3.', '4.', '8.', '6.', '3.', '2.', '4.']",1.6957425341696346,How many of the man's fingernails are visible?,,False,0.8140452349615311,1,incorrect_low
validation::988,['8543'],6543.,0.0,"['6368.', '6848.', '22223.', '6549.', '2546.', '8847.', '5843.', '2843.', '5347.', '6943.']",2.302585092994045,What is the numbers written on the bus?,,False,0.8140452349615311,1,incorrect_low
validation::989,['2'],3.,0.0,"['3.', '3.', '2.', '2.', '3.', '2.', '3.', '3.', '2.', '4.']",0.9433483923290392,how many volunteers are there?,,False,0.8140452349615311,1,incorrect_low
validation::991,['up'],Right.,0.0,"['Right.', 'Forward.', 'Forward.', 'Forward.', 'Right.', 'Forward.', 'Right.', 'Forward.', 'Forward.', 'Right.']",0.6730116670092565,Which way are the boy's looking?,,False,0.8140452349615311,0,incorrect_high
validation::998,['4'],1.,0.0,"['4.', '2.', '1.', '2.', '2.', '3.', '3.', '4.', '0.', '3.']",1.5047882836811908,How many dishes are clear in the frame?,,False,0.8140452349615311,1,incorrect_low
validation::999,['2'],2.,1.0,"['2.', '2.', '1.', 'There are 8 bicycles in the scene.', '6.', '2.', '5.', '5.', '0.', '2.']",1.6094379124341005,How many bicycles are in the scene?,,True,0.8140452349615311,1,correct_low
