id,ground_truth,low_t_generation,accuracy,n_generations,cluster_assignment_entropy,question,p_true,LLM_verdict,DSE_threshold,DSE_b_entropy,category_dse
train::100,['6'],7,0.0,"['8', '6', '8', '7', '7', '8', '7', '6', 'Six.', 'Six.']",1.0888999753452238,How many stripes in total?,,False,0.32561809404461245,1,incorrect_low
train::105,['3'],Three.,0.0,"['Three.', 'Three.', 'Three.', 'Three.', 'Three.', 'Three.', 'Three.', 'Three.', 'Three.', 'Three.']",-0.0,how many lights are there?,,True,0.32561809404461245,0,correct_high
train::107,['lightning'],Lightning bolt.,1.0,"['Lightning bolt.', 'Lightning bolt.', 'Lightning bolt.', 'Lightning bolt.', 'Lightning bolt.', 'Lightning bolt.', 'Snowflake.', 'Lightning bolt.', 'Lightning bolt.', 'Lightning bolt.']",0.3250829733914482,What weather symbol is on the black part of the ski?,,True,0.32561809404461245,0,correct_high
train::108,['4'],3,0.0,"['3', '3', '3', '3', '3', '3', '3', '3', '3', '3']",-0.0,How many people in this photo are wearing sunglasses?,,False,0.32561809404461245,0,incorrect_high
train::109,['4'],5,0.0,"['6', '5', '5', '6', '5', '5', '5', '5', 'Five.', '5']",0.5004024235381879,How many coffee cups are there?,,False,0.32561809404461245,1,incorrect_low
train::113,['england'],England.,1.0,"['England', 'England.', 'England', 'England.', 'England', 'England', 'England.', 'England.', 'England', 'England.']",-0.0,What country is on the bear's shirt?,,True,0.32561809404461245,0,correct_high
train::114,['2'],6,0.0,"['4', '6', '7', 'Five.', '6', '6', '5', '6', '6', '5']",1.1682824501765623,how many pieces of meat?,,False,0.32561809404461245,1,incorrect_low
train::117,['flowers'],Daisies.,0.0,"['Daisy flowers.', 'Daisies.', 'Daisy flowers.', 'Daisy flowers.', 'Daisies.', 'Daisies.', 'Daisy flowers.', 'Daisies.', 'Daisies.', 'Daisies.']",-0.0,what is on the blanket?,,True,0.32561809404461245,0,correct_high
train::119,['12:13'],1:51,0.0,"['1:35', '12:06', '12:28', '1:56', '1:39', '12:23', '12:08', '12:04', '1:34', '12:28']",2.163955656882057,What is the exact time?,,False,0.32561809404461245,1,incorrect_low
train::121,['6200'],6200,1.0,"['6200', '6200', '6200', '6200', '6200', '6200', '6200', '6200', '6200', '6200']",-0.0,what number is on the bottom left of the bus?,,True,0.32561809404461245,0,correct_high
train::125,['32'],31,0.0,"['31', '31', '31', '31', '31', '31', '31', '31', '31', '31']",-0.0,What is the third number in the series of four numbers on the black rectangular sign?,,False,0.32561809404461245,0,incorrect_high
train::127,['taxed'],TAXED,1.0,"['TAXED', 'TAXED', 'TAXED', 'TAXED', 'TAXED', 'TAXED', 'TAXED', 'TAXED', 'TAXED', 'TAXED']",-0.0,What's the first word on the sign?,,True,0.32561809404461245,0,correct_high
train::131,['3'],Two.,0.0,"['Two.', 'Two.', 'Two.', 'Two.', 'Two.', 'Two.', 'Two.', 'Two.', 'Two.', 'Two.']",-0.0,how many people are sitting on a motorcycle?,,False,0.32561809404461245,0,incorrect_high
train::133,['honda'],Hero Honda,1.0,"['Hero Honda', 'Hero Honda', 'Hero Honda', 'Hero Honda', 'Hero Honda', 'Hero Honda', 'Hero Honda', 'Hero Honda', 'Hero Honda', 'Hero Honda']",-0.0,what vehicle brand is on the sign?,,True,0.32561809404461245,0,correct_high
train::139,['2'],Two.,0.0,"['Two.', 'Two.', 'Two.', 'Two.', 'Two.', 'Two.', 'Two.', 'Two.', 'Two.', 'Two.']",-0.0,How many of the bird's wings are outstretched?,,True,0.32561809404461245,0,correct_high
train::140,['century'],Century,1.0,"['Century', 'Century', 'Century', 'Century', 'Century', 'Century', 'Century', 'Century', 'Century', 'Century']",-0.0,What is the first word in red on the emblem?,,True,0.32561809404461245,0,correct_high
train::141,['2'],Four.,0.0,"['Four.', 'Four.', 'Four.', 'Four.', 'Four.', 'Four.', 'Four.', 'Four.', 'Four.', 'Four.']",-0.0,how many paws are visible?,,False,0.32561809404461245,0,incorrect_high
train::142,['15'],6,0.0,"['7', '4', '6', '4', '6', '6', '8', '8', '6', '6']",1.2206072645530175,How many icons are on the laptop's screen?,,False,0.32561809404461245,1,incorrect_low
train::144,['logitech'],Logitech,1.0,"['Logitech', 'Logitech', 'Logitech', 'Logitech', 'Logitech', 'Logitech', 'Logitech', 'Logitech', 'Logitech', 'Logitech']",-0.0,what brand of mouse?,,True,0.32561809404461245,0,correct_high
train::146,['3'],Four.,0.0,"['Four.', 'Four.', 'Four.', 'Four.', 'Four.', 'Four.', 'Four.', 'Four.', 'Four.', 'Four.']",-0.0,Around how many sides of the coffee table are there seats?,,False,0.32561809404461245,0,incorrect_high
train::148,['3'],"2 cars, 1 bike.",0.0,"['2 cars, 1 bike.', '2 cars, 1 bike.', '2 cars, 1 bike.', '2 cars, 1 bike.', '3 cars, 1 bike.', '3 cars, 1 bike.', '2 cars, 1 bike.', '2 cars, 1 bike.', '3 cars, 1 bike.', '2 cars, 1 bike.']",0.6108643020548935,How many cars and bikes are in the photo total?,,True,0.32561809404461245,1,correct_low
train::149,['bottom'],Bottom.,1.0,"['Top.', 'Top.', 'Top.', 'Bottom.', 'Top.', 'Top.', 'Bottom.', 'Top.', 'Bottom.', 'Top.']",0.6108643020548935,Is the button to open the microwave on the bottom or top of the panel on the right?,,True,0.32561809404461245,1,correct_low
train::154,['p'],!,0.0,"['T', '!', 'T', 'T', '!', 'T', '!', 'T', 'T', '!']",0.6730116670092565,What is the last white letter on the sign?,,True,0.32561809404461245,1,correct_low
train::156,['2'],Zero.,0.0,"['Zero.', 'Zero.', 'Zero.', 'Zero.', 'Zero.', 'Zero.', 'Zero.', 'Zero.', 'Zero.', 'Zero.']",-0.0,How many child locks can you see on the cabinets?,,False,0.32561809404461245,0,incorrect_high
train::160,['3'],One.,0.0,"['One.', 'One.', 'One.', 'One.', 'One.', 'One.', 'One.', 'One.', 'One.', 'One.']",-0.0,how many leaves are on the branch on the bottom right of the image?,,True,0.32561809404461245,0,correct_high
train::162,['4'],Approximately 10.,0.0,"['Approximately 10.', 'Approximately 10-15.', 'Approximately 10-15.', 'Approximately 12-15.', 'Approximately 10-15.', 'Approximately 12.', 'Approximately 10.', 'Approximately 10.', 'Approximately 8.', 'Approximately 8-10.']",1.6434177197931796,How many donuts on the top rack?,,False,0.32561809404461245,1,incorrect_low
train::165,['sitting'],Sitting.,1.0,"['Sitting.', 'Sitting.', 'Sitting.', 'Sitting.', 'Sitting.', 'Sitting.', 'Sitting.', 'Sitting.', 'Sitting.', 'Sitting and watching.']",0.3250829733914482,What is the boy in the background doing?,,True,0.32561809404461245,0,correct_high
train::174,['sitting'],Holding an umbrella.,0.0,"['Holding an umbrella.', 'Holding an umbrella.', 'Holding an umbrella.', 'Holding an umbrella.', 'Holding an umbrella.', 'Holding an umbrella.', 'Holding an umbrella.', 'Holding an umbrella.', 'Holding an umbrella.', 'Holding an umbrella.']",-0.0,What is the woman that is closest to the camera doing?,,False,0.32561809404461245,0,incorrect_high
train::181,['teacups'],Cups.,0.0,"['Cups.', 'Cups.', 'Cups.', 'Cups.', 'Cups.', 'Cups.', 'Cups.', 'Cups.', 'Cups.', 'Cups.']",-0.0,What objects make up the numbers on the clock?,,True,0.32561809404461245,0,correct_high
train::185,['1'],One.,0.0,"['One.', 'Two.', 'Two.', 'One.', 'Zero.', 'One.', 'Zero.', 'Two.', 'Three.', 'Two.']",1.2798542258336674,How many buttons are on the baby's shirt?,,True,0.32561809404461245,1,correct_low
train::188,['snow'],Skis.,0.0,"['Ski boots.', 'Skis.', 'Skis.', 'Skis.', 'Skis', 'Ski boots.', 'Skis.', 'Skis.', 'Skis.', 'Skis.']",0.5004024235381879,What is on the bottom of the skiers foot?,,False,0.32561809404461245,1,incorrect_low
train::189,['7'],4,0.0,"['4', '4', '4', '4', '4', '4', '4', '4', '4', '4']",-0.0,how many knobs on the stove,,False,0.32561809404461245,0,incorrect_high
train::190,['fire hydrant'],A water fountain.,0.0,"['A water fountain.', 'A water fountain.', 'A water fountain.', 'A water fountain.', 'A water fountain.', 'A water fountain.', 'A water fountain.', 'A water fountain.', 'A water fountain.', 'A water fountain.']",-0.0,What is this man grabbing on to?,,False,0.32561809404461245,0,incorrect_high
train::193,['hostages'],HOSTAGES,1.0,"['HOSTAGES', 'HOSTAGES', 'HOSTAGES', 'HOSTAGES', 'HOSTAGES', 'HOSTAGES', 'HOSTAGES', 'HOSTAGES', 'HOSTAGES', 'HOSTAGES']",-0.0,What does the black sign in the middle top of the building on the left say?,,True,0.32561809404461245,0,correct_high
train::196,['1'],One.,0.0,"['One.', 'One.', 'One.', 'One.', 'One.', 'One.', 'One.', 'One.', 'One.', 'One.']",-0.0,How many street signs are shown?,,True,0.32561809404461245,0,correct_high
train::199,['7'],Seven.,0.0,"['Seven.', 'Nine.', 'Seven.', '9', '8', '8', 'Seven.', 'Nine.', 'Nine.', 'Seven.']",1.0549201679861442,How many stories are shown?,,True,0.32561809404461245,1,correct_low
train::20,['death'],Death.,1.0,"['Death.', 'Death.', 'Death.', '""Death""', 'Death.', 'Death.', 'Death.', 'Death.', 'Death.', 'Death']",-0.0,what is the saying on cap?,,True,0.32561809404461245,0,correct_high
train::202,['1'],2,0.0,"['2', '3', 'Two.', '2', '2', '3', '0', '0', 'Two.', '3']",1.0296530140645737,How many red circles on the curtain have a white spot in the middle?,,False,0.32561809404461245,1,incorrect_low
train::204,['left'],Right.,0.0,"['Right.', 'Right.', 'Right.', 'Right hand.', 'Right.', 'Right.', 'Right.', 'Right.', 'Right.', 'Right.']",-0.0,What hand is the kid touching the apple with?,,False,0.32561809404461245,0,incorrect_high
train::205,['1'],One.,0.0,"['One.', 'One.', 'One.', 'One.', 'One.', 'One.', 'One.', 'One.', 'One.', 'One.']",-0.0,How many tusks can you see?,,True,0.32561809404461245,0,correct_high
train::207,['thumbs up'],A thumbs-up.,0.0,"['Waving.', 'A thumbs-up.', 'Cheering.', 'A thumbs-up.', 'A thumbs-up.', 'A thumbs-up.', 'Cheers/waving.', ""He's waving."", 'Cheering/waving.', 'Waving.']",1.2798542258336676,What gesture is the man in blue giving?,,True,0.32561809404461245,1,correct_low
train::213,['3'],Two.,0.0,"['2', '2', 'Two.', 'Two.', 'Two.', 'Two.', 'Two.', 'Two.', 'Two.', '2']",-0.0,How many pillows are there?,,False,0.32561809404461245,0,incorrect_high
train::215,['fish'],A fish.,1.0,"['A fish.', 'A fish.', 'A fish.', 'A fish.', 'A fish.', 'A fish.', 'A fish.', 'A fish.', 'A fish.', 'A fish.']",-0.0,What is in the bear's mouth?,,True,0.32561809404461245,0,correct_high
train::220,['4'],3,0.0,"['3', '3', '3', '3', '3', '3', '3', 'Three.', 'Three.', '3']",-0.0,how many windows on the left building?,,False,0.32561809404461245,0,incorrect_high
train::222,['12:00'],10:28,0.0,"['10:18', '12:28', '10:21', '12:28', '10:29', '10:29', '10:22', '10:20', '10:31', '10:28']",2.025326220770068,what time does the clock show?,,False,0.32561809404461245,1,incorrect_low
train::226,['2'],Two.,0.0,"['Two.', 'Two.', 'Two.', 'Two.', 'Two.', 'Two.', 'Two.', 'Two.', 'Two.', 'Two.']",-0.0,How many eyes can you see?,,True,0.32561809404461245,0,correct_high
train::227,['flag'],Pink markers.,0.0,"['Pink flags.', 'Pink flags.', 'Pink flags.', 'Pink flags.', 'Pink ribbons.', 'Pink markers.', 'Pink and orange markers.', 'Pink flags.', 'Pink markers.', 'Pink markers.']",1.1682824501765623,What is hanging on the rope?,,False,0.32561809404461245,1,incorrect_low
train::23,['diagonal'],Diagonal.,1.0,"['Diagonal.', 'Diagonal.', 'Diagonal.', 'Diagonal.', 'Diagonal.', 'Diagonal.', 'Diagonal.', 'Diagonal.', 'Diagonal.', 'Diagonal.']",-0.0,Which direction are the stripes on the tie?,,True,0.32561809404461245,0,correct_high
train::232,['n23456'],N23456,1.0,"['N23456', 'N23456', 'N23456', 'N23456', 'N23456', 'N23456', 'N23456', 'N23456', 'N23456', 'N23456']",-0.0,what is written  the vehicle ?,,True,0.32561809404461245,0,correct_high
train::237,['6'],6,1.0,"['6', '6', '6', '6', '6', '6', '6', '6', '6', '6']",-0.0,How many framed pieces are on the left wall?,,True,0.32561809404461245,0,correct_high
train::24,['0'],Zero.,0.0,"['Zero.', 'Zero.', 'Zero.', 'Zero.', 'Zero.', 'Zero.', 'Zero.', 'Zero.', 'Zero.', 'Zero.']",-0.0,How many chickens are there?,,True,0.32561809404461245,0,correct_high
train::248,['telegraph'],Telegraph,1.0,"['Telegraph', 'Telegraph', 'Telegraph', 'Telegraph.', 'Telegraph', 'Telegraph', 'Telegraph', 'Telegraph', 'Telegraph', 'Telegraph']",-0.0,What does the lettering on the building to the left of the horse say?,,True,0.32561809404461245,0,correct_high
train::249,['up'],Up.,1.0,"['Up.', 'Up.', 'Up.', 'Up.', 'Up.', 'Up.', 'Up.', 'Up.', 'Up.', 'Up.']",-0.0,What direction is the bear looking?,,True,0.32561809404461245,0,correct_high
train::253,['157'],57,0.0,"['57', '57', '57', '57', '57', '57', '57', '57', '57', '57']",-0.0,what number is on the tag?,,False,0.32561809404461245,0,incorrect_high
train::254,['2'],Two.,0.0,"['Two.', 'Two.', 'Two.', 'Two.', 'Two.', 'Two.', 'Two.', 'Two.', 'Two.', 'Two.']",-0.0,How many pens are present?,,True,0.32561809404461245,0,correct_high
train::255,['carpet'],Carpet.,1.0,"['Carpet.', 'Carpet.', 'Carpet.', 'Carpet.', 'Carpet.', 'Carpet.', 'Carpet.', 'Carpet.', 'Carpet.', 'Carpet.']",-0.0,what kind of flooring is in the dining room,,True,0.32561809404461245,0,correct_high
train::256,['unanswerable'],Pothos.,0.0,"['Pothos.', 'Pothos.', 'Pothos.', 'Pothos.', 'Pothos.', 'Pothos.', 'Pothos.', 'Pothos.', 'Pothos.', 'Pothos']",-0.0,What type of ivy vine is hanging from the top of the image?,,False,0.32561809404461245,0,incorrect_high
train::260,['veil'],A veil.,1.0,"['A veil.', 'A veil.', 'A veil.', 'A veil.', 'A veil.', 'A veil.', 'A veil.', 'A veil.', 'A veil.', 'A veil.']",-0.0,What is the woman wearing on her head?,,True,0.32561809404461245,0,correct_high
train::264,['zodiac signs'],Zodiac signs.,1.0,"['Zodiac signs.', 'Zodiac signs.', 'Zodiac signs.', 'Zodiac signs.', 'Zodiac signs.', 'Zodiac signs.', 'The zodiac signs.', 'Zodiac signs.', 'Zodiac signs.', 'Zodiac signs.']",-0.0,What do the figures on the middle clock face represent?,,True,0.32561809404461245,0,correct_high
train::265,['tomatoes'],Tomatoes,1.0,"['Tomatoes.', 'Tomatoes', 'Tomatoes.', 'Tomatoes', 'Tomatoes.', 'Tomatoes.', 'Tomatoes', 'Tomatoes', 'Tomatoes', 'Tomatoes.']",-0.0,"Which one of the following is NOT pictured here: tomatoes, knife or carrots?",,True,0.32561809404461245,0,correct_high
train::266,['excavator'],Excavator.,1.0,"['Excavator.', 'Excavator.', 'Excavator.', 'Excavator.', 'Excavator.', 'Excavator.', 'Excavator.', 'Excavator.', 'Excavator.', 'Excavator.']",-0.0,What is that machine with the big scoop called?,,True,0.32561809404461245,0,correct_high
train::267,['water bottle'],A water bottle.,1.0,"['A water bottle.', 'A water bottle.', 'Water bottle.', 'A water bottle.', 'A water bottle.', 'A water bottle.', 'A water bottle.', 'Water bottle.', 'Water bottle.', 'Water bottle.']",-0.0,What object in the green backpack has an orange circle printed on it?,,True,0.32561809404461245,0,correct_high
train::269,['nothing'],A poster.,0.0,"['A poster.', 'A poster.', 'A poster.', 'A poster.', 'A poster.', 'A poster.', 'A poster.', 'A poster.', 'A poster.', 'A poster.']",-0.0,What is hanging on the coatrack?,,False,0.32561809404461245,0,incorrect_high
train::272,['steel city'],Steel City,1.0,"['Steel City', 'Steel City', 'Steel City', 'Steel City', 'Steel City', 'Steel City', 'Steel City', 'Steel City', 'Steel City', 'Steel City']",-0.0,What is the nickname of the city the Harley Davidson dealership is in?,,True,0.32561809404461245,0,correct_high
train::273,['sonada'],Sonada.,1.0,"['Sonada.', 'Sonada.', 'Sonada.', 'Sonada.', 'Sonada.', 'Sonada', 'Sonada.', 'Sonada.', 'Sonada.', 'Sonada.']",-0.0,What brand is the suitcase?,,True,0.32561809404461245,0,correct_high
train::277,['5'],8,0.0,"['8', '7', '6', '7', '7', '7', '8', '8', '7', '7']",0.8979457248567797,How many potatoes are there?,,False,0.32561809404461245,1,incorrect_low
train::28,['4'],3,0.0,"['3', '3', '3', '3', '3', '3', '3', '3', '3', '3']",-0.0,How many sheep are visibly standing?,,False,0.32561809404461245,0,incorrect_high
train::280,['3'],Three.,0.0,"['Three.', 'Three.', 'Three.', '3', '3', '3', 'Three.', 'Three.', 'Three.', 'Three.']",-0.0,how many wheels are visible,,True,0.32561809404461245,0,correct_high
train::281,['right'],Right.,1.0,"['Right.', 'Right.', 'Right.', 'Right.', 'Right.', 'Right.', 'Right.', 'Right.', 'Right.', 'Right.']",-0.0,Is the brown horse on the left or right of the image?,,True,0.32561809404461245,0,correct_high
train::282,['writing'],Writing.,1.0,"['Writing.', 'Writing.', 'Writing.', 'Writing.', 'Writing.', 'Writing.', 'Writing.', 'Writing.', 'Writing.', 'Writing.']",-0.0,Is the person typing or writing?,,True,0.32561809404461245,0,correct_high
train::286,['sun'],A star.,0.0,"['Star.', 'A star.', 'Star.', 'A star.', 'A star.', 'A star.', 'A star.', 'A star.', 'A star.', 'A star.']",-0.0,What is the top tattoo on her arm?,,False,0.32561809404461245,0,incorrect_high
train::288,['1'],2,0.0,"['2', 'Two.', 'Two.', 'Two.', '2', '2', 'Two.', 'Two.', 'Two.', 'Two.']",-0.0,how many people are there?,,False,0.32561809404461245,0,incorrect_high
train::289,['a'],A,1.0,"['A', 'A', 'A', 'A', 'A', 'A', 'A', 'A', 'A', 'A']",-0.0,What letter is on the red hat?,,True,0.32561809404461245,0,correct_high
train::29,['10'],Approximately 10.,1.0,"['Approximately 6.', '6', 'Approximately 6.', 'Approximately 6.', 'Approximately 9.', '8', 'Approximately 8.', 'Approximately 7.', 'Approximately 7.', 'Approximately 9.']",1.6957425341696346,How many chocolate muffins?,,True,0.32561809404461245,1,correct_low
train::291,['970 ml'],970 ml,1.0,"['970 ml', '970 ml', '970 ml', '970 ml', '970 ml', '970 ml', '970 ml', '970 ml', '970 ml', '970 ml']",-0.0,How much fluid comes in the bottle?,,True,0.32561809404461245,0,correct_high
train::293,['6'],8,0.0,"['9', '8', '7', '7', '8', '8', '7', '7', '8', '8']",0.9433483923290392,How many people are present in this photo,,False,0.32561809404461245,1,incorrect_low
train::294,['skateboard'],A race car.,0.0,"['A race car.', 'A race car.', 'A race car.', 'A race car.', 'A race car.', 'A race car.', 'A race car.', 'A race car.', 'A race car.', 'A race car.']",-0.0,What is the cake modeled after?,,False,0.32561809404461245,0,incorrect_high
train::296,['supreme'],Cheese.,0.0,"['Cheese.', 'Cheese.', 'Cheese.', 'Cheese.', 'Cheese.', 'Cheese.', 'Cheese.', 'Cheese.', 'Cheese pizza.', 'Cheese pizza.']",-0.0,What type of pizza is the man eating?,,False,0.32561809404461245,0,incorrect_high
train::299,['red'],Black.,0.0,"['Black.', 'Black.', 'Black.', 'Black.', 'Black', 'Black.', 'Black', 'Black.', 'Black.', 'Black.']",-0.0,What color is the plate with the noodles on the bottom right?,,False,0.32561809404461245,0,incorrect_high
train::3,['c'],C,1.0,"['C', 'C', 'C', 'C', 'C', 'C', 'C', 'C', 'C', 'C']",-0.0,What's the first letter of the brand name on the box?,,True,0.32561809404461245,0,correct_high
train::300,['left'],Right.,0.0,"['Right.', 'Right.', 'Right.', 'Right.', 'Right.', 'Right.', 'Right.', 'Right.', 'Right.', 'Right.']",-0.0,Is the right or left foot of the larger zebra in front?,,False,0.32561809404461245,0,incorrect_high
train::301,['86430'],86 430,0.0,"['86 430', '86 430', '86 430', '86 430', '86 430', '86 430', '86 430', '86 430', '86 430', '86 430']",-0.0,What is the number on the train?,,True,0.32561809404461245,0,correct_high
train::302,['board'],Longboard.,0.0,"['Longboard.', 'Longboard.', 'Longboard.', 'Longboard.', 'Deck.', 'Longboard.', 'Longboard.', 'Longboard.', 'Longboard.', 'Longboard.']",0.3250829733914482,What is the part of the skateboard he is on called?,,True,0.32561809404461245,0,correct_high
train::304,['2'],8,0.0,"['6', '8', '7', '6', '6', '6', 'Six.', '7', '8', '6']",0.9502705392332348,How many corners on top of the yellow sign in the foreground?,,False,0.32561809404461245,1,incorrect_low
train::305,['black'],White.,0.0,"['White.', 'White.', 'White.', 'White.', 'White.', 'White.', 'White.', 'White.', 'White.', 'White.']",-0.0,What color is the logo on the tennis player's socks?,,False,0.32561809404461245,0,incorrect_high
train::311,['3'],6,0.0,"['6', 'Seven.', 'Five', '6', 'Six.', 'Six', 'Six.', 'Seven.', '7', '6']",0.8979457248567797,"How many donuts are right above the ""Durian"" sign?",,False,0.32561809404461245,1,incorrect_low
train::315,['watching'],Holding the kite string.,0.0,"['Holding the kite string.', 'Holding a kite string.', 'Holding a kite string.', 'Holding the kite string.', 'Holding the kite string.', 'Holding the kite string.', 'Holding the kite string.', 'Holding the kite string.', 'Holding the kite string.', 'Holding a kite string.']",-0.0,What is the guy on the left doing?,,False,0.32561809404461245,0,incorrect_high
train::321,['baseball cap'],Yellow baseball cap.,1.0,"['Baseball cap.', 'Yellow baseball cap.', 'Yellow baseball cap.', 'A yellow baseball cap.', 'Baseball cap.', 'A yellow baseball cap.', 'Yellow baseball cap.', 'Yellow baseball cap.', 'Baseball cap.', 'Baseball cap.']",0.6730116670092565,What type of hat is the girl with the white sandals wearing?,,True,0.32561809404461245,1,correct_low
train::326,['2'],Three.,0.0,"['Three.', 'Three.', 'Three.', 'Three.', 'Three.', 'Three.', 'Three.', 'Three.', 'Three.', 'Three.']",-0.0,How many people appear to be working?,,False,0.32561809404461245,0,incorrect_high
train::327,['01'],BBC,0.0,"['50 Super', '50 News', 'BBC Earth.', '50 Super', 'BBC', '50 States', '50.', '50 News', '50 News.', 'BBC Earth.']",1.6957425341696346,what channel is the tv set to?,,False,0.32561809404461245,1,incorrect_low
train::33,['red'],Red.,1.0,"['Red.', 'Red.', 'Red.', 'Red.', 'Red.', 'Red.', 'Red.', 'Red.', 'Red.', 'Red.']",-0.0,What color is the guitar?,,True,0.32561809404461245,0,correct_high
train::331,['1'],3,0.0,"['3', '3', '3', '3', '3', '3', '3', '3', '3', '3']",-0.0,how many stems can you see?,,False,0.32561809404461245,0,incorrect_high
train::332,['full'],Empty.,0.0,"['Empty.', 'Empty.', 'Empty.', 'Empty.', 'Empty.', 'Empty.', 'Empty.', 'Empty.', 'Empty.', 'Empty.']",-0.0,Is the bathtub empty or full?,,False,0.32561809404461245,0,incorrect_high
train::333,['2'],5,0.0,"['4', '5', 'Four.', '5', 'Five.', '6', '5', '4', 'Five.', '5']",0.8979457248567797,How many utensils are on the stovetop?,,False,0.32561809404461245,1,incorrect_low
train::335,['3'],Six.,0.0,"['Six.', '6', '6', 'Six.', '6', 'Six.', 'Six.', 'Six.', '6', 'Six.']",-0.0,How many whiskers on each side on the depiction of the animal on front of the bus?,,False,0.32561809404461245,0,incorrect_high
train::337,['green'],Green.,1.0,"['Green.', 'Green.', 'Green.', 'Green.', 'Green.', 'Blue.', 'Green.', 'Green.', 'Green.', 'Blue.']",0.5004024235381879,What color box is on the orange box?,,True,0.32561809404461245,1,correct_low
train::338,['2'],4,0.0,"['4', '4', '4', '4', '4', '4', '4', '4', '4', '4']",-0.0,How many power poles are there?,,False,0.32561809404461245,0,incorrect_high
train::339,['schweppes'],Schweppes,1.0,"['Schweppes', 'Schweppes.', 'Schweppes.', 'Schweppes', 'Schweppes.', 'Schweppes', 'Schweppes', 'Schweppes', 'Schweppes', 'Schweppes.']",-0.0,What brand is advertised?,,True,0.32561809404461245,0,correct_high
train::343,['left'],His left arm.,1.0,"['Left.', 'His left arm.', 'His right arm.', 'His right arm.', 'Left.', 'His right arm.', 'His right arm.', 'His right arm.', 'His left arm.', 'Left.']",0.6931471805599453,Under which arm is the taller man holding his surfboard?,,True,0.32561809404461245,1,correct_low
train::345,['behind surfboard'],Behind the surfboard.,1.0,"['Behind the surfboard.', 'Behind the surfboard.', 'Behind the surfboard.', 'Behind the surfboard.', 'Behind the surfboard.', 'Behind the surfboard.', 'Behind the surfboard.', 'Behind the surfboard.', 'Behind the surfboard.', 'Behind the surfboard.']",-0.0,Where is the bicycle in this image?,,True,0.32561809404461245,0,correct_high
train::35,['18'],12,0.0,"['12', '11', '11', '13', '12', '12', '12', '13', '12', '11']",1.0296530140645737,How many pieces of fruit are on the plate?,,False,0.32561809404461245,1,incorrect_low
train::350,['2'],Two.,0.0,"['Two.', 'Two.', 'Two.', 'Two.', 'Two.', 'Two.', 'Two.', 'Two.', 'Two.', 'Two.']",-0.0,how many bottles of perfume are in view?,,True,0.32561809404461245,0,correct_high
train::351,['basket'],A basket.,1.0,"['A basket.', 'A basket.', 'A basket.', 'A basket.', 'A basket.', 'A basket.', 'A basket.', 'A basket.', 'A basket.', 'A basket.']",-0.0,what is on the first shelf of the table?,,True,0.32561809404461245,0,correct_high
train::353,['chair'],A chair.,1.0,"['A chair.', 'A chair.', 'A folding chair.', 'Chair.', 'A chair.', 'A chair.', 'A chair.', 'Chair.', 'A chair.', 'A chair.']",0.3250829733914482,on what piece of furniture is the laptop resting on?,,True,0.32561809404461245,0,correct_high
train::357,['2'],Two.,0.0,"['Two.', 'Two.', 'Two.', 'Two.', 'Two.', 'Two.', 'Two.', 'Two.', 'Two.', 'Two.']",-0.0,how many snowboards aren't touching the ground?,,True,0.32561809404461245,0,correct_high
train::360,['2'],Two.,0.0,"['Two.', 'Two.', 'Two.', 'Two.', 'Two.', 'Two.', 'Two.', 'Two.', 'Two.', 'Two.']",-0.0,how many green vegetables are there?,,True,0.32561809404461245,0,correct_high
train::361,['bird'],A starfish.,0.0,"['A sticker.', 'A bird.', 'A starfish.', 'A starfish.', 'A shell.', 'A small crab.', 'A seashell.', 'A starfish.', 'A starfish.', 'A starfish.']",1.3592367006650063,What is perched on the fin of his surfboard?,,False,0.32561809404461245,1,incorrect_low
train::362,['cellphone'],A phone.,0.0,"['A handgun.', 'A pistol.', 'A gun.', 'A cell phone.', 'A gun.', 'A gun.', 'A cell phone.', 'A pistol.', 'A phone.', 'A phone.']",1.366158847569202,What is in the case in the photo?,,True,0.32561809404461245,1,correct_low
train::365,['collar'],A collar.,1.0,"['A collar.', 'Collar.', 'A collar.', 'A collar.', 'A collar.', 'A collar.', 'Collar.', 'A collar.', 'A collar.', 'A collar.']",-0.0,what is the red object?,,True,0.32561809404461245,0,correct_high
train::366,['xtreme gulp'],Gulp,1.0,"['Gulp', 'Gulp', 'Gulp', 'Gulp', 'Gulp', 'Gulp', 'Gulp', 'Gulp', 'Gulp', 'Gulp']",-0.0,What is written on the red cup?,,False,0.32561809404461245,0,incorrect_high
train::368,['1'],One.,0.0,"['Two.', 'One.', 'One.', 'One.', 'One.', 'One.', 'One.', 'One.', 'One.', 'One.']",0.3250829733914482,How many giraffe tails are visible here?,,True,0.32561809404461245,0,correct_high
train::369,['3'],3,1.0,"['3', '3', '3', '3', '3', '3', '3', '3', '3', '3']",-0.0,how many on the field have something on their head?,,True,0.32561809404461245,0,correct_high
train::37,['2'],One.,0.0,"['One.', 'One.', 'One.', 'One.', 'One.', 'One.', 'One.', 'One.', 'One.', 'One.']",-0.0,how many eyes squinting?,,False,0.32561809404461245,0,incorrect_high
train::375,['10:08'],1:28,0.0,"['1:27', '1:26', '1:28', '1:27', '1:27', '1:28', '1:28', '1:22', '1:28', '1:25']",1.4184836619456564,what is the time on the clock?,,False,0.32561809404461245,1,incorrect_low
train::376,"['red, white, and black']","White, red, and black.",1.0,"['White, red, and black.', 'White, red, and black.', 'White, red, and black.', 'White, red, and black.', 'White, red, and black.', 'White, red, and black.', 'White, red, and black.', 'Red, white, and black.', 'White, red, and black.', 'White, red, and black.']",-0.0,What three colors are the kite?,,True,0.32561809404461245,0,correct_high
train::378,['4'],Three.,0.0,"['Three.', 'Three.', 'Three.', 'Three.', 'Three.', 'Three.', 'Four.', 'Four.', 'Four.', '3']",0.6108643020548935,How many tiaras are visible?,,False,0.32561809404461245,1,incorrect_low
train::383,['2'],Two.,0.0,"['Two.', 'Two.', 'Two.', 'Two.', 'Two.', 'Two.', 'Two.', 'Two.', 'Two.', 'Two.']",-0.0,How many men are wearing head pieces?,,True,0.32561809404461245,0,correct_high
train::387,['5'],Four.,0.0,"['Four.', 'Four.', 'Four.', 'Four.', 'Four.', 'Four.', 'Four.', 'Four.', 'Four.', 'Four.']",-0.0,How many animals are visible?,,False,0.32561809404461245,0,incorrect_high
train::388,['1'],1,1.0,"['1', '1', '1', '1', '1', '1', 'One.', '1', 'One.', 'One.']",-0.0,How many people wearing blue jacket?,,True,0.32561809404461245,0,correct_high
train::389,['pineapple'],Pineapples.,0.0,"['Pineapples.', 'Pineapples.', 'Pineapples.', 'Pineapples.', 'Pineapples.', 'Pineapples.', 'Pineapples.', 'Pineapples.', 'Pineapples.', 'Pineapples.']",-0.0,what pattern is on the clothes under the cat?,,True,0.32561809404461245,0,correct_high
train::390,['2'],2,1.0,"['2', '2', '2', 'Two.', '2', '2', '2', '2', '2', 'Two.']",-0.0,How many visible ears in the photo?,,True,0.32561809404461245,0,correct_high
train::391,['4'],6,0.0,"['6', '6', '5', '7', '6', '6', '6', '6', '6', '5']",0.8018185525433372,How many lights are there in the picture?,,False,0.32561809404461245,1,incorrect_low
train::393,['blue'],Blue.,1.0,"['Blue.', 'Blue.', 'Blue.', 'Blue.', 'Blue.', 'Blue.', 'Blue.', 'Blue.', 'Blue.', 'Blue.']",-0.0,What color is the sponge?,,True,0.32561809404461245,0,correct_high
train::395,['left'],Left.,1.0,"['Left.', 'Left.', 'Left.', 'Left.', 'Left.', 'Left.', 'Left.', 'Left.', 'Left.', 'Left.']",-0.0,"Which side of the image does the arrow right below the word ""west"" point to?",,True,0.32561809404461245,0,correct_high
train::396,['cigarette'],A cigarette.,1.0,"['A cigarette.', 'A cigarette.', 'A cigarette.', 'A cigarette.', 'A cigarette.', 'A cigarette.', 'A cigarette.', 'A cigarette.', 'A cigarette.', 'A cigarette.']",-0.0,What is the man in the striped shirt holding in his left hand?,,True,0.32561809404461245,0,correct_high
train::397,['5'],18,0.0,"['15', '22', '18', '24', '17', '14', '16', '18', '15', '14']",1.8866967846580784,How many tiles at lease partially visible in the row between the two soap dispensers?,,False,0.32561809404461245,1,incorrect_low
train::4,['ripples'],Ripples.,1.0,"['Ripples.', 'Ripples.', 'Ripples.', 'Ripples.', 'Ripples.', 'Ripples.', 'Ripples.', 'Ripples.', 'Ripples.', 'Ripples.']",-0.0,"What is the bird causing, in the water?",,True,0.32561809404461245,0,correct_high
train::40,['4'],4,1.0,"['4', '4', 'Four.', '3', '4', '4', '4', '3', 'Four.', '4']",0.5004024235381879,How many corners of the coffee table are visible?,,True,0.32561809404461245,1,correct_low
train::400,['brushing teeth'],Looking at a phone.,0.0,"['Looking at a phone.', 'Looking at a phone.', 'Looking at a phone.', 'Looking at a phone.', 'Looking at a phone.', 'Looking at a phone.', 'Looking at a phone.', 'Looking at his phone.', 'Looking at a phone.', 'Looking at a phone.']",0.3250829733914482,What is he doing with his right hand.,,False,0.32561809404461245,0,incorrect_high
train::401,['7'],7,1.0,"['7', '7', '7', '7', '7', '7', '7', '7', '7', '7']",-0.0,What number is on the back of the shirt of the player on the left?,,True,0.32561809404461245,0,correct_high
train::403,['cheese'],Produce.,0.0,"['Produce.', 'Produce.', 'Produce.', 'Produce.', 'Produce.', 'Produce.', 'Produce.', 'Produce.', 'Produce.', 'Produce.']",-0.0,What type of food is in the drawer?,,False,0.32561809404461245,0,incorrect_high
train::405,['3'],Three.,0.0,"['3', 'Three.', '3', '3', '2', '3', '3', 'Two.', '3', '3']",0.5004024235381879,How many women are wearing a ring?,,True,0.32561809404461245,1,correct_low
train::406,['3'],Three.,0.0,"['Three.', 'Three.', '3', 'Three.', 'Three.', 'Three.', 'Three.', 'Three.', 'Three.', '3']",-0.0,How many people can be seen in the picture?,,True,0.32561809404461245,0,correct_high
train::407,['shoes'],Her shorts.,0.0,"['Her shorts.', 'Her shorts.', 'Her shorts.', 'Shorts.', 'Her shorts.', 'Her shorts.', 'Her shorts.', 'Her shorts.', 'Her shorts.', 'Her shorts.']",0.3250829733914482,What item of clothing is touching the ground?,,False,0.32561809404461245,0,incorrect_high
train::408,['umbrella and shirt'],Umbrella and shirt.,1.0,"['Umbrella and shirt.', 'Umbrella and shirt.', 'Umbrella and shirt.', 'Umbrella and shirt.', 'Umbrella and shirt.', 'Umbrella and shirt.', 'Umbrella and shirt.', 'Umbrella and shirt.', 'Umbrella and shirt.', 'Umbrella and shirt.']",-0.0,What 2 items have stripes?,,True,0.32561809404461245,0,correct_high
train::409,['2'],6,0.0,"['6', '4', '6', 'Five.', 'Five.', '6', 'Four.', '6', 'Five.', '11']",1.2798542258336674,how many yellow buttons are on the remotes?,,False,0.32561809404461245,1,incorrect_low
train::41,['4'],8,0.0,"['8', '8', '8', '7', '7', '8', '8', '9', '10', '7']",1.1682824501765623,What is the number of plants?,,False,0.32561809404461245,1,incorrect_low
train::410,['ramp'],A skateboarder and a wooden box.,0.0,"['A skateboard and a wooden ramp.', 'A homemade skate ramp.', 'A wooden ramp.', 'A skateboarder and a small wooden box.', 'A skateboard and a wooden box.', 'A homemade ramp.', 'A skateboarder and a wooden ramp.', 'A skateboarder and a wooden box.', 'A wooden box and a skateboarder.', 'A ramp/box.']",2.163955656882057,what is in the road?,,False,0.32561809404461245,1,incorrect_low
train::412,['2'],Two.,0.0,"['Two.', 'Two.', 'Two.', 'Two.', 'Two.', 'Two.', 'Two.', 'Two.', 'Two.', 'Two.']",-0.0,How many baby elephants?,,True,0.32561809404461245,0,correct_high
train::414,['3'],3,1.0,"['3', '3', '3', 'Three.', 'Three.', 'Three.', 'Three.', '3', '3', '3']",-0.0,How many surfboards are there?,,True,0.32561809404461245,0,correct_high
train::417,['2'],One.,0.0,"['Two.', 'One.', 'Zero.', 'One.', 'One.', 'Three.', 'Zero.', 'One.', 'One.', 'Two.']",1.2206072645530173,How many holes are visible in the paper held by the man on the right?,,False,0.32561809404461245,1,incorrect_low
train::421,['segway'],A low wall.,0.0,"['A wall.', 'A low wall.', 'A low wall.', 'A low wall.', 'A low wall.', 'A low wall.', 'A wall.', 'A low wall.', 'A low wall.', 'A low wall.']",0.5004024235381879,what are the security guards feet propped up on?,,False,0.32561809404461245,1,incorrect_low
train::424,['3'],3,1.0,"['3', '3', '3', '3', '3', 'Three.', '2', 'Two.', '2', 'Three.']",0.6108643020548935,How many people are wearing white shorts in this picture?,,True,0.32561809404461245,1,correct_low
train::428,['1'],Three.,0.0,"['One.', 'Three.', 'Three.', 'Three.', 'Three.', 'One.', 'One.', 'Three.', 'Three.', 'Three.']",0.6108643020548935,How many of these objects should one drink from?,,False,0.32561809404461245,1,incorrect_low
train::429,['yellow'],Yellow.,1.0,"['Yellow.', 'Yellow.', 'Yellow.', 'Yellow.', 'Yellow.', 'Yellow.', 'Yellow.', 'Yellow.', 'Yellow.', 'Yellow.']",-0.0,What color is the bird's tracking legband?,,True,0.32561809404461245,0,correct_high
train::432,['cat'],Cat,1.0,"['Cat', 'Cat', 'Cat', 'Cat', 'Cat', 'Cat', 'Cat', 'Cat', 'Cat', 'Cat']",-0.0,"Which one of the following is NOT pictured here: sled, cat or bear?",,True,0.32561809404461245,0,correct_high
train::435,['toy story'],Toy Story,1.0,"['Toy Story', 'Toy Story', 'Toy Story', 'Toy Story', 'Toy Story', 'Toy Story', 'Toy Story', 'Toy Story', 'Toy Story', 'Toy Story']",-0.0,What is the name of the movie franchise depicted on the kite?,,True,0.32561809404461245,0,correct_high
train::436,['w'],W,1.0,"['W', 'W', 'W', 'W', 'W', 'W', 'W', 'W', 'W', 'W']",-0.0,What letter in on the man's jacket?,,True,0.32561809404461245,0,correct_high
train::438,['6'],8,0.0,"['8', '8', '9', '8', '8', '9', '8', '9', '8', '8']",0.6108643020548935,How many visible persons in the photo?,,False,0.32561809404461245,1,incorrect_low
train::439,['4'],6,0.0,"['6', '6', '6', '5', '6', '6', '6', '5', '6', '6']",0.5004024235381879,How many non-meat ingredients does this have?,,False,0.32561809404461245,1,incorrect_low
train::44,['blue'],Green.,0.0,"['Green.', 'Green.', 'Green.', 'Green.', 'Green.', 'Green.', 'Green.', 'Green.', 'Green.', 'Green.']",-0.0,What color shirt does the person fartherest to the left have on?,,False,0.32561809404461245,0,incorrect_high
train::442,['3'],3,1.0,"['3', '3', 'Three.', '3', 'Three.', '3', '3', '3', 'Three.', '3']",-0.0,How many boats have a red stripe on the bottom?,,True,0.32561809404461245,0,correct_high
train::448,['left'],Right.,0.0,"['Left.', 'Right.', 'Right.', 'Right.', 'Left.', 'Left.', 'Right.', 'Left.', 'Right.', 'Right.']",0.6730116670092565,Is the Sun more to the man flying the kites left or his right?,,False,0.32561809404461245,1,incorrect_low
train::449,['0'],Two.,0.0,"['Two.', 'Two.', 'Two.', 'Two.', 'Two.', 'Two.', 'Two.', 'Two.', 'Two.', 'Two.']",-0.0,How many hot dogs are in the photo?,,False,0.32561809404461245,0,incorrect_high
train::450,['5'],5,1.0,"['5', 'Five.', '5', '5', '5', '5', '5', '5', '5', '5']",-0.0,How many food items are on the plate?,,True,0.32561809404461245,0,correct_high
train::451,['2'],3,0.0,"['3', '3', '3', '3', '3', '3', 'Three.', '3', 'Three.', 'Three.']",-0.0,How many trains can be seen (either fully or partially)?,,False,0.32561809404461245,0,incorrect_high
train::452,['black'],Sunglasses.,0.0,"['Sunglasses.', 'Sunglasses.', 'Sunglasses.', 'Sunglasses.', 'Sunglasses.', 'Sunglasses.', 'Sunglasses.', 'Sunglasses.', 'Sunglasses.', 'Sunglasses.']",-0.0,What color glasses does the woman at the end of the table have on?,,False,0.32561809404461245,0,incorrect_high
train::453,['3'],Three.,0.0,"['Three.', 'Three.', 'Three.', 'Three.', 'Three.', 'Three.', 'Three.', 'Three.', 'Three.', 'Three.']",-0.0,How many carrots are there?,,True,0.32561809404461245,0,correct_high
train::457,['down'],Down.,1.0,"['Down.', 'Down.', 'Down.', 'Down.', 'Down.', 'Down.', 'Down.', 'Down.', 'Down.', 'Down.']",-0.0,Are the handle bars up or down?,,True,0.32561809404461245,0,correct_high
train::462,['4'],Three.,0.0,"['Three.', 'Three.', 'Three.', 'Three.', 'Three.', 'Three.', 'Four.', 'Three.', 'Three.', 'Three.']",0.3250829733914482,How many paws of the bear can be seen?,,False,0.32561809404461245,0,incorrect_high
train::463,['9'],7,0.0,"['7', '7', '7', '7', '7', '7', 'Seven.', '7', '7', '7']",-0.0,How many toliets are in this image?,,False,0.32561809404461245,0,incorrect_high
train::468,['united kingdom'],United Kingdom (UK),1.0,"['United Kingdom (UK)', 'United Kingdom (UK)', 'United Kingdom (Union Jack)', 'United Kingdom (UK)', 'United Kingdom (UK)', 'United Kingdom (UK)', 'United Kingdom (UK)', 'United Kingdom (UK)', 'United Kingdom (UK)', 'United Kingdom (UK)']",0.3250829733914482,What country design is displayed on the umbrella?,,True,0.32561809404461245,0,correct_high
train::471,['left'],Towards the castle.,0.0,"['Towards the castle.', 'Towards the castle.', 'Towards each other.', 'Towards the castle.', 'Towards the castle.', 'Towards the castle.', 'Towards the castle.', 'Towards the castle.', 'Towards the castle.', 'Towards each other.']",0.5004024235381879,In what direction are the cows looking?,,False,0.32561809404461245,1,incorrect_low
train::472,['c'],C,1.0,"['C', 'C', 'C', 'C', 'C', 'C', 'C', 'C', 'C', 'C']",-0.0,what is the first letter on the title of the building?,,True,0.32561809404461245,0,correct_high
train::473,['black'],White objects.,0.0,"['White objects.', 'White objects.', 'White objects.', 'White objects.', 'White objects.', 'White objects.', 'White objects.', 'White objects.', 'White objects.', 'White objects.']",-0.0,Are there more white objects or more black objects in the picture?,,False,0.32561809404461245,0,incorrect_high
train::475,['wyborowa'],WYBOROWA,1.0,"['WYBOROWA', 'WYBOROWA', 'WYBOROWA', 'WYBOROWA', 'WYBOROWA', 'WYBOROWA', 'WYBOROWA', 'WYBOROWA', 'WYBOROWA', 'WYBOROWA']",-0.0,What do the yellow words above the bar say?,,True,0.32561809404461245,0,correct_high
train::478,['2009'],2009,1.0,"['2009', '2009', '2009', '2009', '2009', '2009', '2009', '2009', '2009', '2009']",-0.0,What year is on the bottom?,,True,0.32561809404461245,0,correct_high
train::480,['4'],3,0.0,"['Three.', '3', 'Three.', 'Three.', 'Three.', 'Three.', '3', '3', 'Three.', '3']",-0.0,How many cabinet doors are below the sink?,,False,0.32561809404461245,0,incorrect_high
train::481,['american'],Kimball,0.0,"['Kimball', 'Kimball', 'Kimball', 'Kimball.', 'Kimball', 'Kimball', 'Kimberly', 'Kimball', 'Kimball.', 'Kimball']",-0.0,What word appears on the emblem that is on the sleeve of the player on the right?,,False,0.32561809404461245,0,incorrect_high
train::483,['5'],Four.,0.0,"['Four.', 'Four.', 'Four.', 'Four.', 'Four.', 'Four.', 'Four.', 'Four.', 'Four.', 'Four.']",-0.0,How many pillows are on the bed?,,False,0.32561809404461245,0,incorrect_high
train::485,['10'],12,0.0,"['12', '12', '12', '12', '12', '12', '12', '12', '12', '12']",-0.0,How many different pictures are in the collage?,,False,0.32561809404461245,0,incorrect_high
train::486,['left'],Left.,1.0,"['Left.', 'Left.', 'Left.', 'Left.', 'Left.', 'Left.', 'Left.', 'Left.', 'Left.', 'Left.']",-0.0,Is the shelving left or right of the sink?,,True,0.32561809404461245,0,correct_high
train::487,['rd'],Rd,1.0,"['Rd', 'Rd', 'Rd', 'Rd', 'Rd', 'Rd', 'Rd', 'Rd', 'Rd', 'Rd']",-0.0,What are the last two letters on the bottom green sign?,,True,0.32561809404461245,0,correct_high
train::488,['right'],Right.,1.0,"['Right.', 'Right.', 'Right.', 'Right.', 'Right.', 'Right.', 'Right.', 'Right.', 'Right.', 'Right.']",-0.0,The man on which side looks taller?,,True,0.32561809404461245,0,correct_high
train::489,['orange'],Orange.,1.0,"['Orange.', 'Orange.', 'Orange.', 'Orange.', 'Orange.', 'Orange.', 'Orange.', 'Orange.', 'Orange.', 'Orange.']",-0.0,What bright color is on the turn signal of the white car?,,True,0.32561809404461245,0,correct_high
train::493,['319459'],319459,1.0,"['319459', '319459', '319459', '319459', '319459', '319459', '319459', '319459', '319459', '319459']",-0.0,What 6 digit number can be seen on the back of the train?,,True,0.32561809404461245,0,correct_high
train::494,['towards'],Towards.,1.0,"['Towards.', 'Towards.', 'Towards.', 'Towards.', 'Towards.', 'Towards.', 'Towards.', 'Towards.', 'Towards.', 'Towards.']",-0.0,Is the child facing towards or away from the TV?,,True,0.32561809404461245,0,correct_high
train::495,['business lounge'],BUSINESS LOUNGE,1.0,"['BUSINESS LOUNGE', 'BUSINESS LOUNGE', 'BUSINESS LOUNGE', 'BUSINESS LOUNGE', 'BUSINESS LOUNGE', 'BUSINESS LOUNGE', 'BUSINESS LOUNGE', 'BUSINESS LOUNGE', 'BUSINESS LOUNGE', 'BUSINESS LOUNGE']",-0.0,What does the yellow sign read?,,True,0.32561809404461245,0,correct_high
train::496,['bicycle'],Bus.,0.0,"['Bus.', 'Bus.', 'Bus.', 'Bus.', 'Bus.', 'Bus.', 'Bus.', 'Bus.', 'Bus.', 'Bus.']",-0.0,what is the vechile in front of the dogs?,,False,0.32561809404461245,0,incorrect_high
train::497,['mouth'],Its tail.,0.0,"['Its tail.', 'Its tail.', 'Its tail.', 'Its tail.', 'Its tail.', 'Its tail.', 'Its tail.', 'Its tail.', 'Its tail.', 'Its tail.']",-0.0,"Other than its feet, what part of the zebra is touching the ground?",,False,0.32561809404461245,0,incorrect_high
train::499,['lion'],Lion.,1.0,"['Lion.', 'Lion.', 'Lion.', 'Lion.', 'Lion.', 'Lion.', 'Lion.', 'Lion.', 'Lion.', 'Lion.']",-0.0,What animal is in the picture?,,True,0.32561809404461245,0,correct_high
train::501,['white'],Red.,0.0,"['Red.', 'Red.', 'Red.', 'Red.', 'Red.', 'Red.', 'Red.', 'Red.', 'Red.', 'Red.']",-0.0,what color is the field of the sticker on the metal pole behind the fire hydrant?,,False,0.32561809404461245,0,incorrect_high
train::514,['2013'],2013,1.0,"['2013', '2013', '2013', '2013', '2013', '2013', '2013', '2013', '2013', '2013']",-0.0,In what year was this photo copyrighted?,,True,0.32561809404461245,0,correct_high
train::515,['metal'],Metal.,1.0,"['Metal.', 'Metal.', 'Metal.', 'Metal.', 'Metal.', 'Metal.', 'Metal.', 'Metal.', 'Metal.', 'Metal.']",-0.0,What kind of table is this plate on?,,True,0.32561809404461245,0,correct_high
train::516,['traffic lights'],Traffic lights.,1.0,"['Traffic lights.', 'Traffic lights.', 'Traffic lights.', 'Traffic lights.', 'Traffic lights.', 'Traffic lights.', 'Traffic lights.', 'Traffic lights.', 'Traffic lights.', 'Traffic lights.']",-0.0,What are the people on the utility truck working on?,,True,0.32561809404461245,0,correct_high
train::525,['6'],5,0.0,"['5', '6', '5', '5', '5', '6', '5', '5', '5', '5']",0.5004024235381879,how many big and medium white clumps?,,False,0.32561809404461245,1,incorrect_low
train::529,['1'],Two.,0.0,"['Two.', '2', 'Two.', 'Two.', 'Two.', 'Two.', '2', '2', 'Two.', 'Two.']",-0.0,how many garbage cans are visible?,,False,0.32561809404461245,0,incorrect_high
train::531,['right'],Right.,1.0,"['Right.', 'Right.', 'Right.', 'Right.', 'Right.', 'Right.', 'Right.', 'Right.', 'Right.', 'Right.']",-0.0,What direction are the arrows on the banner pointing towards?,,True,0.32561809404461245,0,correct_high
train::532,['3'],Two.,0.0,"['Two.', 'Two.', 'Two.', 'Two.', 'Two.', 'Two.', 'Two.', 'Two.', 'Two.', 'Two.']",-0.0,how many bags is the woman crossing the street carrying?,,False,0.32561809404461245,0,incorrect_high
train::534,['police'],Police officer.,1.0,"['Police officer.', 'Police officer.', 'Police officer.', 'Police officer.', 'Police officer.', 'Police officer.', 'Police officer.', 'Police officer.', 'Police officer.', 'Police officer.']",-0.0,What is the job of the person on the right?,,True,0.32561809404461245,0,correct_high
train::536,['yellow'],Red.,0.0,"['Red.', 'Red.', 'Red.', 'Red.', 'Red.', 'Red.', 'Red.', 'Red.', 'Red.', 'Red.']",-0.0,What color is the last section of the kite's tail?,,False,0.32561809404461245,0,incorrect_high
train::537,['3'],Three.,0.0,"['Three.', 'Four.', 'Three.', 'Three.', 'Four.', 'Three.', 'Three.', 'Three.', 'Four.', 'Four.']",0.6730116670092565,How many people are in the car on the bottle label?,,True,0.32561809404461245,1,correct_low
train::539,['bridge'],A building.,0.0,"['A carousel.', 'A building.', 'A building.', 'A stone building.', 'A railway station.', 'A carousel.', 'A shopfront.', 'A stone building.', 'A stone building.', 'A shopfront.']",1.5571130980576455,What type of structure is on the poster behind the girl in the striped shirt?,,False,0.32561809404461245,1,incorrect_low
train::541,['1750'],1750,1.0,"['1750', '1750', '1750', '1750', '1750', '1750', '1750', '1750', '1750', '1750']",-0.0,What is the numbers under the RD?,,True,0.32561809404461245,0,correct_high
train::542,['bagel'],A bagel with cream cheese.,0.0,"['A bagel with cream cheese.', 'A bagel with cream cheese.', 'A bagel with cream cheese.', 'A bagel with cream cheese.', 'A bagel with cream cheese.', 'A bagel with cream cheese.', 'A bagel with cream cheese.', 'A bagel with cream cheese.', 'A bagel with cream cheese.', 'A bagel with cream cheese.']",-0.0,What is on the plate?,,True,0.32561809404461245,0,correct_high
train::545,['leaves'],Canada and a red star.,0.0,"['Canada and a red star.', 'A stylized map of Canada and a red star.', 'Maps.', 'Canada and a red geometric pattern.', 'Maps.', 'Canada and a red star.', 'Flags.', 'Canada and a red star.', 'Canada and a red star.', 'Canada and a red star.']",1.3592367006650063,What is pictured on the front pillows?,,False,0.32561809404461245,1,incorrect_low
train::546,['green'],Pink.,0.0,"['Pink.', 'Pink.', 'Pink.', 'Pink.', 'Pink.', 'Pink.', 'Pink.', 'Pink.', 'Pink.', 'Pink.']",-0.0,what neon color is on the boots?,,False,0.32561809404461245,0,incorrect_high
train::547,['left'],Left.,1.0,"['Left.', 'Left.', 'Left.', 'Left.', 'Left.', 'Left.', 'Left.', 'Left.', 'Left.', 'Left.']",-0.0,Is the hat to the right or left of the bench from this perspective?,,True,0.32561809404461245,0,correct_high
train::548,['12'],11,0.0,"['10', '12', '13', '10', '11', '11', '12', '13', '11', '13']",1.3661588475692017,How many vehicles are visible?,,False,0.32561809404461245,1,incorrect_low
train::55,['left'],Left.,1.0,"['Left.', 'Left.', 'Left.', 'Left.', 'Left.', 'Left.', 'Left.', 'Left.', 'Left.', 'Left.']",-0.0,Is the real remote on the left or the right?,,True,0.32561809404461245,0,correct_high
train::551,['blue'],Red.,0.0,"['Red.', 'Red.', 'Red.', 'Red.', 'Red.', 'Red.', 'Red.', 'Red.', 'Red.', 'Red.']",-0.0,What color is the blanket behind the girl?,,False,0.32561809404461245,0,incorrect_high
train::552,['2'],Two.,0.0,"['Two.', 'Two.', 'Two.', 'Two.', 'Two.', 'Two.', 'Two.', 'Two.', 'Two.', 'Two.']",-0.0,How many cats are sleeping?,,True,0.32561809404461245,0,correct_high
train::553,['4'],Three.,0.0,"['Three.', 'Three.', 'Three.', 'Three.', 'Three.', 'Three.', 'Three.', 'Three.', 'Three.', 'Three.']",-0.0,How many pieces are peeled away from the fruit?,,False,0.32561809404461245,0,incorrect_high
train::555,['funnel cake'],Funnel Cake,1.0,"['Funnel cake.', 'Funnel Cake', 'Funnel Cake', 'Funnel Cake', 'Funnel cake', 'Funnel Cake', 'Funnel cake.', 'Funnel Cake.', 'Funnel cake', 'Funnel cake']",-0.0,what is $3.99?,,True,0.32561809404461245,0,correct_high
train::556,['skinny'],Skinny.,1.0,"['Skinny.', 'Skinny.', 'Skinny.', 'Skinny.', 'Skinny.', 'Skinny.', 'Skinny.', 'Skinny.', 'Skinny.', 'Skinny.']",-0.0,Is this vase skinny or wide?,,True,0.32561809404461245,0,correct_high
train::569,['red and green'],Green.,1.0,"['Green.', 'Green.', 'Green.', 'Green.', 'Green.', 'Green.', 'Orange.', 'Green.', 'Green.', 'Orange.']",0.5004024235381879,What color is the tennis ball?,,True,0.32561809404461245,1,correct_low
train::57,['1'],Zero.,0.0,"['Zero.', 'Zero.', 'Zero.', 'Zero.', 'Zero.', 'Zero.', 'Zero.', 'Zero.', 'Zero.', 'Zero.']",-0.0,how many clear glasses are next to the phone?,,False,0.32561809404461245,0,incorrect_high
train::571,['unanswerable'],"It's difficult to tell exactly what's inside, but it appears to be seeds.",0.0,"[""It's difficult to say for sure, but it appears to be a sweet bread, possibly cinnamon or raisin."", 'Likely, seeds.', 'Appears to be seeds.', ""It's difficult to tell exactly what's inside, but it appears to be some kind of filling, possibly seeds or nuts."", 'Seeds.', ""It's difficult to tell exactly what the filling is, but it appears to be seeds."", ""It's hard to tell exactly, but it looks like it could be a sweet bread like a cinnamon roll or pastry."", ""It's difficult to tell exactly, but it appears to be seeds."", ""It's hard to tell for sure, but it looks like it could be seeds."", 'Unknown.']",1.834371970281624,what kind of food was in the bread?,,True,0.32561809404461245,1,correct_low
train::572,['1'],Two.,0.0,"['Two.', 'Two.', 'Two.', 'Two.', 'Two.', 'Two.', 'Two.', 'Two.', 'Two.', 'Two.']",-0.0,How many towels are pink?,,False,0.32561809404461245,0,incorrect_high
train::573,['knife'],A knife.,1.0,"['A knife.', 'A knife.', 'A knife.', 'A knife.', 'A knife.', 'A knife.', 'A knife.', 'A knife.', 'A knife.', 'A knife.']",-0.0,What is next to the fork?,,True,0.32561809404461245,0,correct_high
train::574,['954'],964,0.0,"['964', '964', '964', '964', '964', '964', '964', '964', '964', '964']",-0.0,What number is shown on the display of the red and white bus?,,False,0.32561809404461245,0,incorrect_high
train::577,['white'],Purple.,0.0,"['Purple.', 'Purple.', 'Purple.', 'Purple.', 'Purple.', 'Purple.', 'Purple.', 'Purple.', 'Purple.', 'Purple.']",-0.0,What color is the writing on the frisbee?,,False,0.32561809404461245,0,incorrect_high
train::582,['paula'],Paulan,0.0,"['Paulan', 'PAUL', 'Paulan', 'PAUL', 'PAUL', 'Paulan', 'PAUL', 'Paulan', 'Paula', 'Paula']",0.6730116670092565,What is the first 5 letters of the beer?,,False,0.32561809404461245,1,incorrect_low
train::583,['left'],Right side.,0.0,"['Right side.', 'Right side.', 'Right side.', 'The right side.', 'The right side.', 'Right.', 'Right side.', 'Right side.', 'Right side.', ""The driver's side.""]",0.3250829733914482,Which side are drivers sitting in their vehicles?,,False,0.32561809404461245,0,incorrect_high
train::585,['9'],6,0.0,"['5', 'Four.', '6', 'Six.', '6', 'Six.', '6', '6', '6', '5']",0.8018185525433373,How many fingers are fully visible?,,False,0.32561809404461245,1,incorrect_low
train::588,['atari'],Atari,1.0,"['Atari.', 'Atari', 'Atari', 'Atari', 'Atari', 'Atari', 'Atari.', 'Atari', 'Atari', 'Atari.']",-0.0,What video game system is on the tv?,,True,0.32561809404461245,0,correct_high
train::59,['mayo'],Horseradish.,0.0,"['Mustard.', 'Mustard.', 'Horseradish.', 'Horseradish.', 'Mustard.', 'Mustard', 'Mustard.', 'Mustard.', 'Horseradish.', 'Horseradish.']",0.6730116670092565,What condiment is in the bottle with the lid open?,,False,0.32561809404461245,1,incorrect_low
train::590,['0'],Zero.,0.0,"['Zero.', 'Zero.', 'One.', 'Zero.', 'Two.', 'Zero.', 'Zero.', 'Zero.', 'Zero.', 'Zero.']",0.639031859650177,How many visible fangs in the photo?,,True,0.32561809404461245,1,correct_low
train::598,['vd 526 200'],VD-526-200,0.0,"['VD-526 200', 'VD-526-200', 'VD-526 200', 'VD-526-200', 'VD-526-200', 'VD-526-200', 'VD-526-200', 'VD-526-200', 'VD-526 200', 'VD-526 200']",-0.0,What is the number plate of the car that is on the right side?,,True,0.32561809404461245,0,correct_high
train::6,['white'],Blue.,0.0,"['Blue.', 'Blue.', 'Blue.', 'Blue.', 'Blue.', 'Blue.', 'Blue.', 'Blue.', 'Blue.', 'Blue.']",-0.0,What is the color of the pillowcase?,,False,0.32561809404461245,0,incorrect_high
train::600,['n'],N,1.0,"['N', 'N', 'N', 'N', 'N', 'N', 'N', 'N', 'N', 'N']",-0.0,What letter is on the boy's shoes?,,True,0.32561809404461245,0,correct_high
train::601,['2'],Two.,0.0,"['Two.', 'Two.', 'Two.', 'Two.', 'Two.', 'Two.', 'Two.', 'Two.', 'Two.', 'Two.']",-0.0,How many pillows are on the couch on the left?,,True,0.32561809404461245,0,correct_high
train::602,['nothing'],Chopsticks.,0.0,"['Chopsticks.', 'Chopsticks.', 'Chopsticks.', 'Chopsticks.', 'Chopsticks.', 'Chopsticks.', 'Chopsticks.', 'Chopsticks.', 'Chopsticks.', 'Chopsticks.']",-0.0,what is in the man's left hand?,,False,0.32561809404461245,0,incorrect_high
train::604,['lg'],LG,1.0,"['LG', 'LG', 'LG', 'LG', 'LG', 'LG', 'LG', 'LG', 'LG', 'LG']",-0.0,What brand is the laptop?,,True,0.32561809404461245,0,correct_high
train::605,['blue'],Blue.,1.0,"['Blue.', 'Blue.', 'Blue.', 'Blue.', 'Blue.', 'Blue.', 'Blue.', 'Blue.', 'Blue.', 'Blue.']",-0.0,What color is the siren light on the left of this picture?,,True,0.32561809404461245,0,correct_high
train::608,['back'],Back.,1.0,"['Back.', 'Front.', 'Back.', 'Back.', 'Front.', 'Front.', 'Back.', 'Back.', 'Back.', 'Front.']",0.6730116670092565,"Which pair of hooves are close together, back or front?",,True,0.32561809404461245,1,correct_low
train::609,['1'],Two.,0.0,"['2', 'Two.', 'Two.', 'Two.', 'Two.', '2', '2', 'Two.', 'Two.', 'Two.']",-0.0,How many hats can be seen in this image?,,False,0.32561809404461245,0,incorrect_high
train::613,['elephant'],An elephant.,1.0,"['An elephant.', 'An elephant.', 'An elephant.', 'An elephant.', 'An elephant.', 'An elephant.', 'An elephant.', 'An elephant.', 'An elephant.', 'An elephant.']",-0.0,what is chasing the dog?,,True,0.32561809404461245,0,correct_high
train::614,['crockpot'],A slow cooker.,0.0,"['A crock pot.', 'A slow cooker.', 'A slow cooker.', 'A slow cooker.', 'A slow cooker.', 'A slow cooker.', 'A slow cooker.', 'A slow cooker.', 'A slow cooker.', 'A slow cooker.']",-0.0,What is on the counter to the left of the refrigerator?,,True,0.32561809404461245,0,correct_high
train::617,['nobody'],The polar bear.,0.0,"['The polar bear.', 'The polar bear.', 'The polar bear.', 'The polar bear.', 'The polar bear.', 'The polar bear.', 'The polar bear.', 'The polar bear.', 'The polar bear.', 'The polar bear.']",-0.0,Who is asleep?,,False,0.32561809404461245,0,incorrect_high
train::620,['2'],Four.,0.0,"['Four.', '5', 'Five.', 'Four.', 'Four.', 'Four.', 'Four.', 'Four.', 'Four.', 'Four.']",0.5004024235381879,How many toes of the big elephant are visible?,,False,0.32561809404461245,1,incorrect_low
train::621,['2'],Two.,0.0,"['Two.', 'Two.', 'Two.', 'Two.', 'Two.', 'Two.', 'Two.', 'Two.', 'Two.', 'Two.']",-0.0,How many draw handles are on the tv stand?,,True,0.32561809404461245,0,correct_high
train::623,['2'],Four.,0.0,"['Four.', 'Four.', 'Four.', '4', 'Four.', '4', 'Four.', 'Four.', 'Four.', '4']",-0.0,How many total legs of the women can be seen?,,False,0.32561809404461245,0,incorrect_high
train::624,['7'],Five.,0.0,"['Four.', 'Five.', 'Five.', 'Seven.', 'Five.', 'Four.', 'Five.', 'Six.', 'Five.', '6']",1.2206072645530175,How many small gold rings are on her shoes?,,False,0.32561809404461245,1,incorrect_low
train::625,['wine'],Root beer.,0.0,"['Water.', 'Root beer.', 'Water.', 'Water.', 'Water', 'Water.', 'Soda.', 'Soda.', 'Soda.', 'Root beer.']",1.0296530140645737,What type of drink is shown on the mat in front of the refrigerator?,,False,0.32561809404461245,1,incorrect_low
train::626,['white'],Silver.,0.0,"['Silver.', 'Silver.', 'Silver.', 'Silver.', 'Silver.', 'Silver.', 'Silver.', 'Silver.', 'Silver.', 'Silver.']",-0.0,what color is the umbrella pole?,,False,0.32561809404461245,0,incorrect_high
train::627,['woman'],The woman.,1.0,"['The woman.', 'The woman.', 'The woman.', 'The woman.', 'The woman.', 'The woman.', 'The woman.', 'The woman.', 'The woman.', 'The woman.']",-0.0,does the man or woman look sadder?,,True,0.32561809404461245,0,correct_high
train::63,['3'],4,0.0,"['4', 'Five.', '4', '4', 'Four.', 'Five.', '4', '4', '4', '4']",0.5004024235381879,How many ceiling lights can you see?,,False,0.32561809404461245,1,incorrect_low
train::633,['7:00'],12:28,0.0,"['12:30', '12:32', '12:29', '1:28', '12:31', '12:31', '12:30', '12:28', '12:28', '1:27']",1.8866967846580784,What time is it?,,False,0.32561809404461245,1,incorrect_low
train::634,['peppers'],Red bell peppers.,1.0,"['Red bell peppers.', 'Red bell peppers.', 'Red bell peppers.', 'Red bell peppers.', 'Red bell peppers.', 'Red bell peppers.', 'Red bell peppers.', 'Red bell peppers.', 'Red bell peppers.', 'Red bell peppers.']",-0.0,What vegetable tops the pizza?,,True,0.32561809404461245,0,correct_high
train::635,['96'],96,1.0,"['96', '96', '96', '96', '96', '96', '96', '96', '96', '96']",-0.0,What number is in front of the word Burbank on the bus?,,True,0.32561809404461245,0,correct_high
train::636,['bikes'],Equipment storage/transport.,0.0,"['Equipment storage/transport.', 'Ventilation/exhaust.', 'Mobile broadcast studio.', 'Mobile studio/dressing room for television or film.', 'Broadcasting equipment.', 'Broadcasting equipment.', 'They are likely ventilation ducts.', 'Mobile studios or editing rooms.', 'Broadcasting equipment.', 'Equipment storage/transport.']",1.834371970281624,what are the silver metal racks used for ?,,False,0.32561809404461245,1,incorrect_low
train::638,['5'],14,0.0,"['15', '13', '16', '16', '12', '14', '15', '14', '13', '16']",1.5571130980576455,How many windows are visible in the front of the clock tower?,,False,0.32561809404461245,1,incorrect_low
train::639,['converse'],Sneakers.,0.0,"['Sneakers.', 'Sneakers.', 'Sneakers.', 'Sneakers.', 'Sneakers.', 'Sneakers.', 'Sneakers.', 'Sneakers.', 'Sneakers.', 'Sneakers.']",-0.0,What kind of shoes is he wearing?,,True,0.32561809404461245,0,correct_high
train::640,['train station'],Train station.,1.0,"['Train station.', 'Train station.', 'Train station.', 'Train station.', 'Train station.', 'Train station.', 'Train station.', 'Train station.', 'Train station.', 'Train station.']",-0.0,Is the man looking at a computer at the train station or at the airport?,,True,0.32561809404461245,0,correct_high
train::643,['knife'],Meat.,0.0,"['Meat.', 'Raw meat.', 'Raw meat.', 'Meat.', 'Raw meat.', 'Meat.', 'Meat.', 'Meat.', 'Meat.', 'Meat.']",0.6108643020548935,What is on the cutting board?,,False,0.32561809404461245,1,incorrect_low
train::648,['red'],Black.,0.0,"['Black.', 'Brown.', 'Black.', 'Brown.', 'Black.', 'Black.', 'Black.', 'Brown.', 'Black.', 'Black.']",0.6108643020548935,What is the color of the bag on the right side?,,False,0.32561809404461245,1,incorrect_low
train::650,['2'],One.,0.0,"['One.', 'One.', 'One.', 'One.', 'One.', 'One.', 'One.', 'One.', 'One.', 'One.']",-0.0,how many hangers are on the shower rod,,False,0.32561809404461245,0,incorrect_high
train::651,['2'],4,0.0,"['3', '4', 'Four.', '3', 'Four.', '4', 'Four.', 'Three.', '3', '5']",0.9433483923290392,How many triangles are on the bus?,,False,0.32561809404461245,1,incorrect_low
train::653,['right'],Right side.,1.0,"['Right side.', 'Right side.', 'Right side.', 'Right side.', 'Right side.', 'Right side.', 'Right side.', 'Right side.', 'Right side.', 'Right side.']",-0.0,The door is on what part of the room?,,True,0.32561809404461245,0,correct_high
train::654,['broccoli'],Broccoli.,1.0,"['Broccoli.', 'Broccoli.', 'Broccoli.', 'Broccoli.', 'Broccoli.', 'Broccoli.', 'Broccoli.', 'Broccoli.', 'Broccoli.', 'Broccoli.']",-0.0,What vegtables are in this?,,True,0.32561809404461245,0,correct_high
train::656,['2'],Two.,0.0,"['Two.', 'Two.', 'Two.', 'Two.', 'Two.', 'Two.', 'Two.', 'Two.', 'Two.', 'Two.']",-0.0,how many wine bottles on the table?,,True,0.32561809404461245,0,correct_high
train::66,['face'],Her face.,1.0,"['Her face.', 'Her face.', 'Her face.', 'Her face.', 'Her face.', 'Her face.', 'Her face.', 'Her face.', 'Her face.', 'Her face.']",-0.0,What is the woman touching?,,True,0.32561809404461245,0,correct_high
train::663,['10'],7,0.0,"['7', '8', '7', '7', '8', '8', '7', '7', '7', '7']",0.6108643020548935,How many total people are in the photo?,,False,0.32561809404461245,1,incorrect_low
train::666,['1'],Two.,0.0,"['Two.', '2', 'Two.', '2', 'Two.', 'Two.', 'Two.', '2', '2', '2']",-0.0,How many ears of the stuffed bear are visible?,,False,0.32561809404461245,0,incorrect_high
train::671,['yellow'],Green.,0.0,"['Green.', 'Green.', 'Green.', 'Green.', 'Green.', 'Green.', 'Green.', 'Green.', 'Green.', 'Green.']",-0.0,What color is the soap to the left of the sink?,,False,0.32561809404461245,0,incorrect_high
train::676,['water bottle'],A blue gas canister.,0.0,"['A blue canister.', 'A blue canister.', 'A blue canister.', 'A blue gas canister.', 'A blue canister.', 'A blue gas canister.', 'A blue gas canister.', 'A blue gas canister.', 'A blue canister.', 'A blue gas canister.']",0.6931471805599453,whats sitting on the far corner of the table across from the man,,False,0.32561809404461245,1,incorrect_low
train::677,['blue'],White.,0.0,"['White.', 'White.', 'White.', 'White.', 'White.', 'White.', 'White.', 'White.', 'White.', 'White.']",-0.0,What color is the lever on the toaster?,,False,0.32561809404461245,0,incorrect_high
train::679,['5'],Three.,0.0,"['Three.', 'Three.', 'Three.', 'Two.', 'Three.', 'Three.', 'Four.', 'Three.', 'Three.', 'Three.']",0.639031859650177,How many buttons are visible on the man on the right?,,False,0.32561809404461245,1,incorrect_low
train::682,['blue'],Blue.,1.0,"['Blue.', 'Blue.', 'Blue.', 'Blue.', 'Blue.', 'Blue.', 'Blue.', 'Blue.', 'Blue.', 'Blue.']",-0.0,What color is the wrapper on the hand soap?,,True,0.32561809404461245,0,correct_high
train::687,['hands'],Hands.,1.0,"['Hands.', 'Hands.', 'Hands.', 'Hands.', 'Hands.', 'Hands.', 'Hands.', 'Hands.', 'Hands.', 'Hands.']",-0.0,What part of your body do you use to control the brakes on the bicycle?,,True,0.32561809404461245,0,correct_high
train::691,['railways'],Railways,1.0,"['Railways', 'Railways', 'Railways', 'Railways', 'Railways', 'Railways', 'Railways', 'Railways', 'Railways', 'Railways']",-0.0,what is the second word on the train?,,True,0.32561809404461245,0,correct_high
train::692,['0'],Two.,0.0,"['Two.', 'Four.', 'Two.', 'Three.', 'Three.', 'Three.', 'One.', 'Two.', 'Two.', 'Three.']",1.1935496040981333,how many buttons are done?,,False,0.32561809404461245,1,incorrect_low
train::696,['1'],One.,0.0,"['One.', 'One.', 'One.', 'One.', 'One.', 'One.', 'One.', 'One.', 'One.', 'One.']",-0.0,How many rolls of toilet paper are there?,,True,0.32561809404461245,0,correct_high
train::70,['wallet'],A card reader.,0.0,"['A card reader.', 'A card reader.', 'A payment terminal.', 'A card reader.', 'A card reader.', 'A point-of-sale device.', 'A card reader.', 'A credit card reader.', 'A card reader.', 'A credit card reader.']",0.9502705392332348,What is placed next to the glass?,,False,0.32561809404461245,1,incorrect_low
train::701,['c'],C,1.0,"['C', 'C', 'C', 'C', 'C', 'C', 'C', 'C', 'C', 'C']",-0.0,What letter is on the wall?,,True,0.32561809404461245,0,correct_high
train::707,['2013'],2013,1.0,"['2013', '2013', '2013', '2013', '2013', '2013', '2013', '2013', '2013', '2013']",-0.0,What year was this photo taken?,,True,0.32561809404461245,0,correct_high
train::711,['7'],6,0.0,"['7', '6', '6', '5', '6', '5', '5', '6', '7', '6']",1.0296530140645737,how many  horizontaily  wires of fence?,,False,0.32561809404461245,1,incorrect_low
train::719,['vest'],A blue vest.,1.0,"['A blue vest.', 'A blue vest.', 'A blue vest.', 'A blue vest.', 'A blue vest.', 'A blue vest.', 'A blue vest.', 'A blue vest.', 'A blue vest.', 'A blue vest.']",-0.0,What is the dog wearing?,,True,0.32561809404461245,0,correct_high
train::721,['surprise'],Surprise.,1.0,"['Surprise.', 'Surprise.', 'Surprise.', 'Surprise.', 'Surprise.', 'Surprise.', 'Surprise.', 'Surprise.', 'Surprise.', 'Surprise.']",-0.0,What expression is the man conveying?,,True,0.32561809404461245,0,correct_high
train::722,['11'],13,0.0,"['13', '14', '13', '14', '13', '13', '13', '13', '14', '13']",0.6108643020548935,how many total pastries are there?,,False,0.32561809404461245,1,incorrect_low
train::723,['black'],Red.,0.0,"['Pink.', 'Red.', 'Pink.', 'Red.', 'Pink.', 'Purple.', 'Purple.', 'Purple.', 'Pink.', 'Pink.']",1.0296530140645737,What color is his fingernail polish?,,False,0.32561809404461245,1,incorrect_low
train::726,['1'],Two.,0.0,"['Two.', 'Two.', 'Two.', 'Two.', 'Two.', 'Two.', 'Three.', 'Two.', 'Two.', 'Three.']",0.5004024235381879,how many circular windows are visible?,,False,0.32561809404461245,1,incorrect_low
train::729,['08.15.2012'],08.15.2012,1.0,"['08.15.2012', '08.15.2012', '08.15.2012', 'August 15, 2012.', '08.15.2012', '08.15.2012', '08.15.2012', '08.15.2012', '08.15.2012', 'August 15, 2012.']",-0.0,What is the date of this photo?,,True,0.32561809404461245,0,correct_high
train::731,['232'],322,0.0,"['322', '232', '322', '322', '322', '322', '322.', '322', '322', '322.']",0.3250829733914482,What are the last 3 digits written on the gas tank of the motorcycle?,,False,0.32561809404461245,0,incorrect_high
train::74,['e'],E,1.0,"['E', 'E', 'E', 'E', 'E', 'E', '""E""', 'E', 'E', 'E']",-0.0,What letter is on the man's hat?,,True,0.32561809404461245,0,correct_high
train::742,['plastic'],Fabric.,0.0,"['Fabric.', 'Fabric.', 'Fabric.', 'Fabric.', 'Fabric.', 'Fabric.', 'Fabric.', 'Fabric.', 'Fabric.', 'Fabric.']",-0.0,What is the striped object in the upper left made of?,,False,0.32561809404461245,0,incorrect_high
train::743,['2'],One.,0.0,"['One.', 'One.', 'One.', 'One.', 'One.', 'One.', 'One.', 'One.', 'One.', 'One.']",-0.0,how many teddy bear are standing?,,False,0.32561809404461245,0,incorrect_high
train::745,['3'],Two.,0.0,"['2', 'Two.', 'Two.', '2', '2', '2', 'Two.', 'Two.', 'Two.', 'Two.']",-0.0,How many birds are in the picture?,,False,0.32561809404461245,0,incorrect_high
train::746,['4'],Four.,0.0,"['Four.', 'Four.', 'Four.', 'Four.', 'Four.', 'Four.', 'Four.', 'Four.', 'Four.', 'Four.']",-0.0,How many giraffes are there?,,True,0.32561809404461245,0,correct_high
train::750,['4'],Four.,0.0,"['Four.', 'Four.', 'Four.', 'Four.', 'Four.', 'Four.', 'Four.', 'Four.', 'Four.', 'Four.']",-0.0,how many giraffes are there?,,True,0.32561809404461245,0,correct_high
train::751,['white'],Black.,0.0,"['White.', 'White.', 'Black.', 'Black.', 'Black.', 'White.', 'White.', 'Black.', 'White.', 'Black.']",0.6931471805599453,What color is the man's wristband?,,False,0.32561809404461245,1,incorrect_low
train::758,['6'],5,0.0,"['5', '5', '5', 'Five.', '5', 'Four.', '5', 'Five.', '5', '5']",0.3250829733914482,How many airplanes are in the scene?,,False,0.32561809404461245,0,incorrect_high
train::759,['10:25'],10:15,0.0,"['11:18', '10:17', '10:18', 'Approximately 10:50.', '10:18', '10:15', '10:15', '10:16', '10:16', '10:16']",1.6957425341696346,What time is it on the clock?,,False,0.32561809404461245,1,incorrect_low
train::76,['toshiba'],Toshiba.,1.0,"['Toshiba.', 'Toshiba.', 'Toshiba.', 'Toshiba.', 'Toshiba.', 'Toshiba.', 'Toshiba.', 'Toshiba.', 'Toshiba.', 'Toshiba.']",-0.0,Who is the maker of the laptop?,,True,0.32561809404461245,0,correct_high
train::760,['1'],1,1.0,"['1', '1', '1', '1', '1', '1', '1', '1', '1', '1']",-0.0,What number is visible on the smokestack?,,True,0.32561809404461245,0,correct_high
train::761,['a'],A,1.0,"['A', 'A', 'A', 'A', 'A', 'A', 'A', 'A', 'A', 'A']",-0.0,What letter is in the middle of the thing she is holding?,,True,0.32561809404461245,0,correct_high
train::767,['3'],Three.,0.0,"['Three.', 'Three.', 'Three.', 'Three.', 'Three.', 'Three.', 'Three.', 'Three.', 'Three.', 'Three.']",-0.0,how many chairs?,,True,0.32561809404461245,0,correct_high
train::769,['kimberly'],Kimberly,1.0,"['Kimberly', 'Kimberly', 'Kimberly', 'Kimberly', 'Kimball and Kimberly.', 'Kimball and Kimberly.', 'Kimberly', 'Kimball and Kimberly.', 'Kimberly', 'Kimberly']",0.6108643020548935,What is the girl's name written on the uniforms?,,True,0.32561809404461245,1,correct_low
train::770,['500'],500,1.0,"['500', '500', '500', '500', '500', '500', '500', '500', '500', '500']",-0.0,What number is on the wall?,,True,0.32561809404461245,0,correct_high
train::772,['2'],One.,0.0,"['One.', 'One.', 'One.', 'One.', 'One.', 'One.', 'One.', 'One.', 'One.', 'One.']",-0.0,How many benches are there?,,False,0.32561809404461245,0,incorrect_high
train::774,['grey'],Gray.,0.0,"['Gray.', 'Gray.', 'Gray.', 'Gray.', 'Gray.', 'Gray.', 'Gray.', 'Gray.', 'Gray.', 'Gray.']",-0.0,What color is the chair next to the man working at computer?,,True,0.32561809404461245,0,correct_high
train::779,['9:45'],The clock is not visible in the image.,0.0,"['There is no clock visible in the image.', 'Not visible.', 'Not visible.', 'Not visible.', ""It's difficult to tell the exact time from the picture, but it appears to be around **1:30**."", 'I cannot see a clock in the image.', 'Not visible.', 'The clock is not visible in the image.', 'Not visible.', ""It's not possible to tell the time from the image.""]",0.639031859650177,what time is it on the clock?,,False,0.32561809404461245,1,incorrect_low
train::78,['49'],49,1.0,"['49', '49', '49', '49', '49', '49', '49', '49', '49', '49']",-0.0,What is the number on the bus?,,True,0.32561809404461245,0,correct_high
train::781,['8'],11,0.0,"['11', '10', '10', '9', '11', '11', '11', '10', '9', '10']",1.0549201679861442,How many pieces of food are in the bowl?,,False,0.32561809404461245,1,incorrect_low
train::782,['love'],Us.,0.0,"['Us.', 'Us.', 'Us.', 'Us.', 'Us.', 'Us.', 'Us.', 'Us.', 'Us.', 'Love']",0.3250829733914482,What is the missing word in the sentence that is substituted with an image?,,False,0.32561809404461245,0,incorrect_high
train::784,['triangle'],A heart.,0.0,"['A lion.', 'A train.', 'A heart.', 'A heart.', 'A bee.', 'A heart.', 'A heart.', 'A bee.', 'A crown.', 'A heart.']",1.3592367006650063,what is the red symbol on the closest poster?,,False,0.32561809404461245,1,incorrect_low
train::786,['north bergen'],North Bergen,1.0,"['North Bergen', 'North Bergen', 'North Bergen', 'North Bergen.', 'North Bergen.', 'North Bergen.', 'North Bergen', 'North Bergen', 'North Bergen.', 'North Bergen']",-0.0,where is the bus's destination?,,True,0.32561809404461245,0,correct_high
train::787,['1'],One.,0.0,"['Two.', 'One.', 'One.', 'One.', 'One.', 'Two.', 'One.', 'One.', 'One.', 'One.']",0.5004024235381879,how many birds' wing are up?,,True,0.32561809404461245,1,correct_low
train::791,['4'],4,1.0,"['Four.', 'Four.', '4', 'Four.', 'Four.', '4', '4', '4', 'Four.', '4']",-0.0,How many people are there?,,True,0.32561809404461245,0,correct_high
train::793,['handle'],A towel holder.,0.0,"['A towel holder.', 'A sink.', 'A towel holder.', 'A sink.', 'A towel holder.', 'A towel holder.', 'A towel holder.', 'A soap dispenser.', 'A towel holder.', 'A towel holder.']",0.8018185525433372,What is above the toilet to the right?,,False,0.32561809404461245,1,incorrect_low
train::794,['left'],The left paw.,1.0,"['The left paw.', 'Left.', 'The left paw.', 'Left.', 'The left paw.', 'The left paw.', 'The left paw.', 'The left paw.', 'The left paw.', 'Left.']",-0.0,Which of the cat's paws is on the keyboard?,,True,0.32561809404461245,0,correct_high
train::797,['clowns unlimited'],Clowns,1.0,"['Clowns', 'Clowns', 'Clowns.', 'Clowns', 'Clowns', 'CLOWNS', 'Clowns', 'Clowns.', '""Clowns.""', 'Clowns']",-0.0,What does the red sign say?,,False,0.32561809404461245,0,incorrect_high
train::80,['ketchup'],Ice.,0.0,"['Ice.', 'Ice.', 'Ice.', 'Ice.', 'Ice.', 'Iced tea.', 'Ice.', 'Ice.', 'Iced tea.', 'Ice.']",0.5004024235381879,What is in the silver cup?,,False,0.32561809404461245,1,incorrect_low
train::806,['camera'],A camera.,1.0,"['A camera.', 'A camera.', 'A camera.', 'A camera.', 'A camera.', 'A camera.', 'A camera.', 'A camera.', 'A camera.', 'A camera.']",-0.0,What is the woman holding,,True,0.32561809404461245,0,correct_high
train::808,['at&t'],AT&T,1.0,"['AT&T', 'AT&T', 'AT&T', 'AT&T', 'AT&T', 'AT&T', 'AT&T', 'AT&T', 'AT&T', 'AT&T']",-0.0,what phone company is on the device?,,True,0.32561809404461245,0,correct_high
train::81,['1'],5,0.0,"['5', '4', '5', '5', '6', '5', '5', 'Four.', '5', '3']",1.0888999753452235,how many fence posts are there,,False,0.32561809404461245,1,incorrect_low
train::811,"['green, yellow, black']","Green, blue, and yellow.",1.0,"['Green, red, and yellow.', 'Green, blue, and red.', 'Red, green, and yellow.', 'Red, green, and yellow.', 'Green, blue, and yellow.', 'Green, blue, and yellow.', 'Green, blue, and yellow.', 'Green, yellow, and red.', 'Green, blue, and yellow.', 'Green, blue, and orange.']",1.1935496040981333,What are the three colors on the skateboard?,,False,0.32561809404461245,1,incorrect_low
train::814,['3'],5,0.0,"['6', '6', '5', '5', '6', '6', '5', '5', '5', '6']",0.6931471805599453,How many shirt buttons are in the photo?,,False,0.32561809404461245,1,incorrect_low
train::816,['nose'],Nose.,1.0,"['Nose.', 'Nose.', 'Nose.', 'Nose.', 'Nose.', 'Nose.', 'Nose.', 'Nose.', 'Nose.', 'Nose.']",-0.0,What body part is pierced on the woman?,,True,0.32561809404461245,0,correct_high
train::817,['1'],2,0.0,"['Two.', 'Two.', 'Two.', '2', '2', '2', 'Two.', '2', '2', '2']",-0.0,How many people have bare shoulders?,,False,0.32561809404461245,0,incorrect_high
train::819,['19'],15,0.0,"['18', '14', '15', '17', '21', '14', '15', '20', '16', '16']",1.8866967846580784,How many fingers are visible?,,False,0.32561809404461245,1,incorrect_low
train::82,['2'],Two.,0.0,"['Two.', 'Two.', 'Two.', 'Two.', 'Two.', '3', 'Two.', 'Two.', '2', 'Two.']",0.3250829733914482,How many stripes are on each cone?,,True,0.32561809404461245,0,correct_high
train::822,['victoria'],Victoria.,1.0,"['Victoria.', 'Victoria.', 'Victoria.', 'Victoria.', 'Victoria.', 'Victoria.', 'Victoria.', 'Victoria.', 'Victoria.', 'Victoria.']",-0.0,Can you tell me the bus' destination?,,True,0.32561809404461245,0,correct_high
train::826,['paper'],White ceramic.,0.0,"['White ceramic.', 'White ceramic.', 'White ceramic.', 'White ceramic.', 'White ceramic.', 'White ceramic.', 'White ceramic.', 'White ceramic.', 'White ceramic.', 'White ceramic.']",-0.0,What is the plate made of?,,False,0.32561809404461245,0,incorrect_high
train::83,['heart'],Heart.,1.0,"['Heart.', 'Heart.', 'Heart.', 'Heart.', 'Heart.', 'Heart.', 'Heart.', 'Heart.', 'Heart.', 'Heart.']",-0.0,What shape is the dog's tag?,,True,0.32561809404461245,0,correct_high
train::835,['black and white'],Black and white.,1.0,"['Black and white.', 'Black and white.', 'Black and white.', 'White and black.', 'White and black.', 'Black and white.', 'Black and white.', 'White and black.', 'Black and white.', 'Black and white.']",0.6108643020548935,What are the two colors of the front leg of the dog with the blue strap?,,True,0.32561809404461245,1,correct_low
train::839,['unanswerable'],A crypt.,0.0,"['A crypt.', 'A tomb.', 'A niche or alcove.', 'A crypt.', 'A crypt.', 'A niche with flowers.', 'A crypt.', 'A crypt.', 'A niche with a statue.', 'A niche containing flowers.']",1.0888999753452235,What is inside of the wall?,,False,0.32561809404461245,1,incorrect_low
train::841,['omnifest'],Omnifest,1.0,"['Omnifest', 'Omnifest', 'Omnifest', 'Omnifest', 'Omnifest', 'Omnifest', 'Omnifest', 'Omnifest', 'Omnifest', 'Omnifest']",-0.0,What is the large white word on the bottom of the billboard?,,True,0.32561809404461245,0,correct_high
train::842,['olive'],Olive pizza.,1.0,"['Olive pizza.', 'Olive pizza.', 'Olive pizza.', 'Black olive pizza.', 'Black olive pizza.', 'Black olive pizza.', 'Olive pizza.', 'Olive pizza.', 'Olive pizza.', 'Olive pizza.']",0.6108643020548935,What type of pizza is pictured?,,True,0.32561809404461245,1,correct_low
train::843,['minute maid'],Minute Maid,1.0,"['Minute Maid', 'Minute Maid.', 'Minute Maid', 'Minute Maid', 'Minute Maid', 'Minute Maid', 'Minute Maid.', 'Minute Maid', 'Minute Maid', 'Minute Maid']",-0.0,What brand is the container on the right?,,True,0.32561809404461245,0,correct_high
train::845,['canada'],Canada.,1.0,"['Canadian flag.', 'Canada.', 'Canada.', 'Canada.', 'Canadian.', 'Canada.', 'Canada.', 'Canada.', 'Canada.', 'Canada.']",-0.0,what flag is on the vehicle with blue trim?,,True,0.32561809404461245,0,correct_high
train::848,['a'],A,1.0,"['A', 'A', 'A', 'A', 'A', 'A', 'A', 'A', 'A', 'A']",-0.0,What is the first letter on the white shirt?>,,True,0.32561809404461245,0,correct_high
train::856,['philips'],Philips,1.0,"['Philips', 'Philips', 'Philips.', 'Philips', 'Philips', 'Philips', 'Philips.', 'Philips', 'Philips', 'Philips']",-0.0,What brand is the phone?,,True,0.32561809404461245,0,correct_high
train::857,['pirates'],Shawnee State,0.0,"['Seattle University', 'Sea Gulls', 'Shawnee State', 'Brewster Whitecaps', 'Shawnee State', ""St. Mary's."", 'Shawnee State', 'Shawnee State', 'Seton Hall Pirates', 'Rowan.']",1.7480673485460891,What's the name of the team at-bat?,,False,0.32561809404461245,1,incorrect_low
train::858,['make poverty history'],Make Poverty History.,1.0,"['Make Poverty History.', 'Make Poverty History', 'Make Poverty History', 'Make Poverty History.', 'Make Poverty History.', 'Make Poverty History.', 'Make Poverty History.', 'Make Poverty History.', 'Make Poverty History.', 'Make Poverty History.']",-0.0,What does the man's shirt say?,,True,0.32561809404461245,0,correct_high
train::860,['yellow'],Yellow.,1.0,"['Yellow.', 'Yellow.', 'Yellow.', 'Yellow.', 'Yellow.', 'Yellow.', 'Yellow.', 'Yellow.', 'Yellow.', 'Yellow.']",-0.0,What color pillow is placed next to the cat?,,True,0.32561809404461245,0,correct_high
train::861,['suziesfarm.com'],suziesfarm.com,1.0,"['suziefarm.com', 'Suziesfarm.com', 'suziesfarm.com', 'suziesfarm.com', 'suziesfarm.com', 'suziefarm.com', 'suziesfarm.com', 'suziesfarm.com', 'suziesfarm.com', 'Suziesfarm.com']",-0.0,What website is listed on the paper?,,True,0.32561809404461245,0,correct_high
train::862,['brown'],Brown.,1.0,"['Brown.', 'Brown.', 'Brown.', 'Brown.', 'Brown.', 'Brown.', 'Brown.', 'Brown.', 'Brown.', 'Brown.']",-0.0,What is the color of his eyes?,,True,0.32561809404461245,0,correct_high
train::863,['princess'],Barbie.,0.0,"['Barbie', 'Barbie.', 'Barbie.', 'Barbie.', 'Barbie', 'Barbie.', 'Barbie.', 'Barbie.', 'Barbie.', 'Disney princess.']",0.3250829733914482,What type of character is on the phone screen?,,False,0.32561809404461245,0,incorrect_high
train::865,['card'],Card,1.0,"['Card.', 'card', 'Card', 'Card.', 'Card.', 'Card', 'Card', 'Card', 'card', 'card']",-0.0,what word is next to saison?,,True,0.32561809404461245,0,correct_high
train::868,['2'],Three.,0.0,"['Two.', 'Two.', 'Two.', 'Two.', 'Two.', 'Two.', 'Three.', 'Three.', 'Three.', 'Three.']",0.6730116670092565,how many valves on the hydrant?,,False,0.32561809404461245,1,incorrect_low
train::871,['shakers'],Salt and pepper shakers.,0.0,"['Salt and pepper shakers.', 'Salt and pepper shakers.', 'Salt and pepper shakers.', 'Salt and pepper shakers.', 'Salt and pepper shakers.', 'Salt and pepper shakers.', 'Salt and pepper shakers.', 'Salt and pepper shakers.', 'Salt and pepper shakers.', 'Salt and pepper shakers.']",-0.0,What are the two matching objects behind and to the right of the rabbit?,,True,0.32561809404461245,0,correct_high
train::874,['3'],Four.,0.0,"['Five.', 'Five.', '4', '5', 'Four.', '4', 'Four.', '4', '4', 'Five.']",0.6730116670092565,how many bowls on right wall?,,False,0.32561809404461245,1,incorrect_low
train::875,['weathervane'],A weather vane.,0.0,"['A weather vane.', 'A weather vane.', 'A weather vane.', 'A weather vane.', 'A weather vane.', 'A weather vane.', 'A weather vane.', 'A weather vane.', 'A weather vane.', 'A weather vane.']",-0.0,What is on the top of the building?,,True,0.32561809404461245,0,correct_high
train::876,['pink and red'],Pink and green.,1.0,"['Pink and green.', 'Pink and green.', 'Pink and green.', 'Pink and green.', 'Pink and green.', 'Pink and green.', 'Pink and green.', 'Pink and green.', 'Pink and green.', 'Pink and green.']",-0.0,"not counting the crust, what two non-white colors do you see in this dessert?",,False,0.32561809404461245,0,incorrect_high
train::879,['purple'],Purple and blue.,1.0,"['Purple and blue.', 'Purple and blue.', 'Purple and blue.', 'Purple and blue.', 'Purple and blue.', 'Purple and blue.', 'Purple and blue.', 'Purple and blue.', 'Purple and blue.', 'Purple and blue.']",-0.0,What color are the two books behind the cat,,False,0.32561809404461245,0,incorrect_high
train::882,['sniffing'],Sniffing.,1.0,"['Sniffing.', 'Sniffing.', 'Sniffing.', 'Sniffing.', 'Sniffing.', 'Sniffing.', 'Sniffing.', 'Sniffing.', 'Sniffing.', 'Sniffing.']",-0.0,What is the dog doing with his nose?,,True,0.32561809404461245,0,correct_high
train::883,['7'],10,0.0,"['11', '11', '11', '10', '11', '10', '10', '11', '11', '11']",0.6108643020548935,How many wheels can be seen?,,False,0.32561809404461245,1,incorrect_low
train::890,['black'],Pink.,0.0,"['Pink.', 'Pink.', 'Pink.', 'Pink.', 'Pink.', 'Pink.', 'Pink.', 'Pink.', 'Pink.', 'Pink.']",-0.0,What color is the spot on the cat's nose?,,False,0.32561809404461245,0,incorrect_high
train::893,['4'],6,0.0,"['6', '6', '6', '6', 'Six.', '6', 'Six.', '6', '6', '6']",-0.0,How many wheels can be seen on the truck?,,False,0.32561809404461245,0,incorrect_high
train::895,['1'],2,0.0,"['2', 'Three.', 'Three.', '2', 'Two.', 'Two.', 'Two.', '2', 'Two.', '3']",0.6108643020548935,How many people in the background are wearing glasses?,,False,0.32561809404461245,1,incorrect_low
train::9,['6'],6,1.0,"['6', '6', '6', '6', '6', '6', '6', '6', '6', '6']",-0.0,What number is on the horse on the left?,,True,0.32561809404461245,0,correct_high
train::904,['frosting'],Frosting.,1.0,"['Frosting.', 'Frosting.', 'Frosting.', 'Frosting.', 'Frosting.', 'Frosting.', 'Frosting.', 'Frosting.', 'Frosting.', 'Frosting.']",-0.0,what is in the middle of the cake?,,True,0.32561809404461245,0,correct_high
train::906,['0'],0,1.0,"['Zero.', 'Zero.', '0', 'Zero.', '0', 'Zero.', '0', 'Zero.', '0', '0']",-0.0,How many unicorns are fully visible in the picture?,,True,0.32561809404461245,0,correct_high
train::909,['1'],Two.,0.0,"['One.', 'One.', 'One.', 'One.', 'One.', 'Two.', 'One.', 'Two.', 'One.', 'One.']",0.5004024235381879,How many eyes of the bird can be seen?,,False,0.32561809404461245,1,incorrect_low
train::911,['buttons'],Buttons.,1.0,"['Buttons.', 'Buttons.', 'Buttons.', 'Buttons.', 'Buttons.', 'Buttons.', 'Buttons.', 'Buttons.', 'Buttons.', 'Buttons.']",-0.0,what white objects are in the shirt collar,,True,0.32561809404461245,0,correct_high
train::913,['zebra'],Zebra print.,1.0,"['Zebra print.', 'Zebra print.', 'Zebra print.', 'Zebra print.', 'Zebra print.', 'Zebra print.', 'Zebra print.', 'Zebra print.', 'Zebra print.', 'Zebra print.']",-0.0,what print is on blanket on left?,,True,0.32561809404461245,0,correct_high
train::915,['all of them'],The woman and the boy are wearing jeans.,0.0,"['The woman and the boy are wearing jeans.', 'Two people are wearing jeans.', 'The woman and the boy are wearing jeans.', 'Two people are wearing jeans.', 'The woman and the boy are wearing jeans.', 'The woman and the boy are wearing jeans.', 'Two people are wearing jeans.', 'The woman and the boy are wearing jeans.', 'Two people are wearing jeans.', 'The woman and the boy are wearing jeans.']",0.6730116670092565,Which people are wearing jeans?,,False,0.32561809404461245,1,incorrect_low
train::916,['sunflowers'],Sunflowers and other wildflowers.,0.0,"['Sunflowers.', 'Sunflowers and other small, decorative flowers.', 'Sunflowers and foliage.', 'Sunflowers and other foliage.', 'Sunflowers and other wildflowers.', 'Sunflowers and other foliage.', 'Sunflowers and other wildflowers.', 'Sunflowers and other foliage.', 'Sunflowers and other flowering plants.', 'Sunflowers and leaves.']",1.4184836619456564,what kind of flowers can be seen?,,True,0.32561809404461245,1,correct_low
train::917,['0'],Zero. They are shoes.,0.0,"['Zero. They are shoes.', 'Zero.', 'Zero. They are shoes, not gloves.', 'Zero. They are shoes.', 'Zero. They are shoes.', 'Zero. They are shoes.', 'Zero.', 'Zero. They are shoes.', 'Zero. They are shoes.', 'Zero. They are shoes.']",0.5004024235381879,How many gloves are shown?,,True,0.32561809404461245,1,correct_low
train::919,['touchpad'],Keyboard.,0.0,"['Keyboard.', 'Keyboard.', 'Keyboard.', 'Keyboard.', 'Keyboard.', 'Keyboard.', 'Keyboard.', 'Keyboard.', 'Keyboard.', 'Keyboard.']",-0.0,What component of the laptop is the cat touching?,,False,0.32561809404461245,0,incorrect_high
train::92,['3'],4,0.0,"['4', 'Four.', 'Four.', '4', 'Four.', '4', '4', '4', 'Four.', '4']",-0.0,how many people?,,False,0.32561809404461245,0,incorrect_high
train::921,['3'],Three.,0.0,"['Three.', 'Three.', 'Three.', 'Three.', 'Three.', 'Three.', 'Three.', 'Three.', 'Three.', 'Three.']",-0.0,how many pillars on holding up the coffee table?,,True,0.32561809404461245,0,correct_high
train::924,['2'],Two.,0.0,"['Three.', 'Two.', 'Two.', 'Two.', 'Three.', 'Three.', 'Three.', 'Three.', 'Two.', 'Three.']",0.6730116670092565,How many street lights are therein the image?,,True,0.32561809404461245,1,correct_low
train::925,['clear'],Brown.,0.0,"['Brown.', 'Gray.', 'Brown.', 'Brown', 'Gray.', 'Brown', 'Clear.', 'Brown.', 'Brown.', 'Clear/Transparent.']",1.0888999753452235,What color is lens used for these spectacles?,,False,0.32561809404461245,1,incorrect_low
train::927,['3'],"1 bench, 1 trash can.",0.0,"['1 bench, 1 trash can.', '2 benches, 1 trash can.', '1 bench, 1 trash can.', '1 bench, 1 trash can.', '1 bench and 1 trash can.', '1 bench, 1 trash can.', '1 bench, 1 trash can.', '1 bench, 1 trash can.', '2 benches, 1 trash can.', '1 bench, 1 trash can.']",0.5004024235381879,How many total benches and trash cans?,,True,0.32561809404461245,1,correct_low
train::928,['2'],Three.,0.0,"['Three.', 'Three.', 'Three.', 'Three.', 'Three.', 'Three.', '3', 'Three.', 'Three.', 'Three.']",-0.0,How many pigs are there?,,False,0.32561809404461245,0,incorrect_high
train::929,['1'],One.,0.0,"['One.', 'One.', 'One.', 'One.', 'One.', 'One.', 'One.', 'One.', 'One.', 'One.']",-0.0,how many eyes are showing on the elephant on the left?,,True,0.32561809404461245,0,correct_high
train::936,['maurice'],Maurice,1.0,"['Maurice', 'Maurice', 'Maurice', 'Maurice', 'Maurice', 'Maurice', 'Maurice', 'Maurice', 'Maurice', 'Maurice']",-0.0,what is the first name on the banner?,,True,0.32561809404461245,0,correct_high
train::939,['2'],20,0.0,"['20', '20', '20', '20', '20', '20', '20', '20', '20', '20']",-0.0,what number is to the right of the red light?,,False,0.32561809404461245,0,incorrect_high
train::946,['red'],Gray.,0.0,"['Gray.', 'Gray.', 'Gray.', 'Gray.', 'Gray.', 'Gray.', 'Gray.', 'Gray.', 'Gray.', 'Gray.']",-0.0,What color is the backpack that isn't black?,,False,0.32561809404461245,0,incorrect_high
train::949,['iron'],A plastic container with blue markings.,0.0,"['A kettle.', 'A kettle.', 'A water pitcher.', 'A plastic container with blue markings.', 'A plastic bucket.', 'A plastic pitcher.', 'A plastic jug.', 'A kettle.', 'A plastic container with blue accents.', 'A plastic pitcher.']",1.6957425341696346,What white item with a cord and blue on it is visible in the front a little to the left on the floor area?,,False,0.32561809404461245,1,incorrect_low
train::950,['sun'],A pendant.,0.0,"['A pendant.', 'A pendant.', 'A pendant.', 'A pendant.', 'A pendant.', 'A pendant.', 'A pendant.', 'A pendant.', 'A pendant.', 'A pendant.']",-0.0,What is the round thing  as part of the necklace?,,False,0.32561809404461245,0,incorrect_high
train::953,['left'],Left.,1.0,"['Left.', 'Left.', 'Left.', 'Left.', 'Left.', 'Left.', 'Left.', 'Left.', 'Left.', 'Left.']",-0.0,what side of the pier is the buoy on?,,True,0.32561809404461245,0,correct_high
train::956,['1402'],1402,1.0,"['1402', '1402', '1402', '1402', '1402', '1402', '1402', '1402', '1402', '1402']",-0.0,What is the number of the bus?,,True,0.32561809404461245,0,correct_high
train::959,['french horn'],Guitar.,0.0,"['Guitar.', 'Guitar.', 'Guitar.', 'Guitar.', 'Guitar.', 'Guitar.', 'Guitar', 'Guitar.', 'Guitar.', 'Guitar.']",-0.0,What instrument is the middle statue playing?,,False,0.32561809404461245,0,incorrect_high
train::96,['blue'],Black.,0.0,"['Black.', 'Black.', 'Black.', 'Black.', 'Black.', 'Black.', 'Black.', 'Black.', 'Black.', 'Black.']",-0.0,what color t shirt is the referee wearing?,,False,0.32561809404461245,0,incorrect_high
train::961,['unanswerable'],There are no yellow bananas in the image.,0.0,"['There are no yellow bananas in the image.', 'There are no yellow bananas in the image. The bananas are green.', 'There are no yellow bananas in the image.', ""I don't see any yellow bananas in the image. The bananas are green."", 'There are no yellow bananas in the image.', 'Nowhere. The bananas in the image are green.', 'There are no yellow bananas in the image. The bananas are green.', 'There are no yellow bananas in the image. The bananas are green.', 'There are no yellow bananas in the image. The bananas are green.', 'There are no yellow bananas in the image. The bananas are green.']",0.6108643020548935,Where do you see yellow bananas?,,True,0.32561809404461245,1,correct_low
train::967,['5'],5,1.0,"['5', '5', '5', '5', '5', '5', '5', '5', '5', '6']",0.3250829733914482,How many people are on their phones?,,True,0.32561809404461245,0,correct_high
train::968,['2'],Two.,0.0,"['Two.', 'Two.', 'Two.', 'Two.', 'Two.', 'Two.', 'Two.', 'Two.', 'Two.', 'Two.']",-0.0,How many stuffed animals?,,True,0.32561809404461245,0,correct_high
train::969,['4'],Three.,0.0,"['Three.', 'Three.', 'Three.', 'Three.', 'Three.', 'Three.', 'Three.', 'Three.', 'Three.', 'Three.']",-0.0,how many street lights are pictured?,,False,0.32561809404461245,0,incorrect_high
train::972,['canada'],CANADA,1.0,"['CANADA', 'CANADA', 'CANADA', 'CANADA', 'CANADA', 'CANADA', 'CANADA', 'CANADA', 'CANADA', 'CANADA']",-0.0,What text is shown on the front of the young boy's jacket?,,True,0.32561809404461245,0,correct_high
train::978,['open'],OPEN,1.0,"['OPEN', 'OPEN', 'OPEN', 'OPEN', 'OPEN', 'OPEN', 'OPEN', 'OPEN', 'OPEN', 'OPEN']",-0.0,What does the sign on the door say?,,True,0.32561809404461245,0,correct_high
train::980,['left'],Right.,0.0,"['Right.', 'Right.', 'Right.', 'Right.', 'Right.', 'Right.', 'Right.', 'Right.', 'Right.', 'Right.']",-0.0,Are the majority of cars heading towards the left or right side of the image?,,False,0.32561809404461245,0,incorrect_high
train::981,['yellow'],Yellow.,1.0,"['Yellow.', 'Yellow.', 'Yellow.', 'Yellow.', 'Yellow.', 'Yellow.', 'Yellow.', 'Yellow.', 'Yellow.', 'Yellow.']",-0.0,What coloring is the lettering on the sign on the lefthand side?,,True,0.32561809404461245,0,correct_high
train::983,['left'],Left.,1.0,"['Left.', 'Left.', 'Left.', 'Left.', 'Left.', 'Left.', 'Left.', 'Left.', 'Left.', 'Left.']",-0.0,Which arm does the pitcher use to throw?,,True,0.32561809404461245,0,correct_high
train::986,['outside'],Outside.,1.0,"['Outside.', 'Outside.', 'Outside.', 'Outside.', 'Outside.', 'Outside.', 'Outside.', 'Outside.', 'Outside.', 'Outside.']",-0.0,Is the light in the bathroom coming from the inside or outside?,,True,0.32561809404461245,0,correct_high
train::988,['little'],Baby,0.0,"['Baby', 'Baby', 'Baby', 'Baby', 'Baby', 'Baby', 'Baby', 'Baby', 'Baby', 'Baby']",-0.0,What is the first word on the circular patch on the child's sleeve?,,False,0.32561809404461245,0,incorrect_high
train::990,['0'],Zero.,0.0,"['Zero.', 'Zero.', 'Zero.', 'Zero.', 'Zero.', 'Zero.', 'Zero.', 'Zero.', 'Zero.', 'Zero.']",-0.0,How many black tricycles in this picture?,,True,0.32561809404461245,0,correct_high
validation::1,['black'],Black.,1.0,"['Black.', 'Black.', 'Black.', 'Black.', 'Black.', 'Black.', 'Black.', 'Black.', 'Black.', 'Black.']",-0.0,What color is the crate that the dog is in?,,True,0.32561809404461245,0,correct_high
validation::10,['2'],Two.,0.0,"['Two.', 'Two.', 'Two.', 'Two.', 'Two.', 'Two.', 'Two.', 'Two.', 'Two.', 'Two.']",-0.0,how many horses?,,True,0.32561809404461245,0,correct_high
validation::100,['black'],White.,0.0,"['Black.', 'White.', 'White.', 'White.', 'White.', 'White.', 'White.', 'White.', 'Black.', 'White.']",0.5004024235381879,What color is the number eight?,,False,0.32561809404461245,1,incorrect_low
validation::1003,['2'],2,1.0,"['2', 'Two.', 'Two.', '2', '2', '2', '2', 'Two.', '2', 'Two.']",-0.0,how many women in the foreground have something on their wrists?,,True,0.32561809404461245,0,correct_high
validation::1006,['france'],France,1.0,"['France', 'France.', 'France', 'France', 'France.', 'France', 'France', 'France', 'France', 'France.']",-0.0,What country is F. Serra from?,,True,0.32561809404461245,0,correct_high
validation::1010,['big'],BIG,1.0,"['BIG', 'BIG', 'Big', 'BIG', 'BIG', 'BIG', 'Big', 'BIG', 'Big', 'BIG']",-0.0,What is the first word on the mug?,,True,0.32561809404461245,0,correct_high
validation::1012,['10'],12,0.0,"['12', '13', '13', '11', '13', '12', '11', '11', '10', '15']",1.5047882836811908,How many people photos are on the screen?,,False,0.32561809404461245,1,incorrect_low
validation::1017,['partly cloudy'],Partly cloudy.,1.0,"['Partly cloudy.', 'Partly cloudy.', 'Partly cloudy.', 'Partly cloudy.', 'Partly cloudy.', 'Partly cloudy.', 'Partly cloudy.', 'Partly cloudy.', 'Partly cloudy.', 'Partly cloudy.']",-0.0,"Is it cloudy, sunny, partly cloudy, or rainy?",,True,0.32561809404461245,0,correct_high
validation::1018,['blue'],Blue.,1.0,"['Blue.', 'Blue.', 'Blue.', 'Blue.', 'Blue.', 'Blue.', 'Blue.', 'Blue.', 'Blue.', 'Red.']",0.3250829733914482,what color does the light that is usually green appear?,,True,0.32561809404461245,0,correct_high
validation::1019,['nose'],The nose.,1.0,"['Her nose.', 'The nose.', 'The nose.', 'Her nose.', 'The nose.', 'The nose.', 'The nose.', 'The nose.', 'The nose.', 'Her nose.']",-0.0,Which part of the kitty is being touched by the woman's index finger?,,True,0.32561809404461245,0,correct_high
validation::1020,['orange'],Blue.,0.0,"['Green.', 'Green.', 'Blue.', 'Blue.', 'Green.', 'Green.', 'Green.', 'Blue.', 'Blue.', 'Blue.']",0.6931471805599453,What color stripe is on the mouse?,,False,0.32561809404461245,1,incorrect_low
validation::1022,['left'],Left paw.,1.0,"['Left paw.', 'Left.', 'Left.', 'Left paw.', 'Left paw.', 'Left.', 'Left paw.', 'Left paw.', 'Left paw.', 'Left.']",-0.0,On which paw can you see the cat's claw?,,True,0.32561809404461245,0,correct_high
validation::1024,['1'],One.,0.0,"['One.', 'One.', 'One.', 'One.', 'One.', 'One.', 'One.', 'One.', 'One.', 'One.']",-0.0,How many lemons are there?,,True,0.32561809404461245,0,correct_high
validation::1030,['m'],M,1.0,"['M', 'M', 'M', 'M', 'M', 'M', 'M', 'M', 'M', 'M']",-0.0,What is the first letter on the red banner in the background?,,True,0.32561809404461245,0,correct_high
validation::1032,['7'],10,0.0,"['8', '10', '10', '10', '8', '10', '8', '10', '10', '10']",0.6108643020548935,How many arms are in the picture,,False,0.32561809404461245,1,incorrect_low
validation::1034,['2'],One.,0.0,"['One.', 'One.', 'One.', 'One.', 'One.', 'One.', 'One.', 'One.', 'One.', 'One.']",-0.0,how many zebras are in the picture?,,False,0.32561809404461245,0,incorrect_high
validation::1039,['bridgestone'],Bridgestone.,1.0,"['Bridgestone', 'Bridgestone.', 'Bridgestone.', 'Bridgestone', 'Bridgestone.', 'Bridgestone', 'Bridgestone.', 'Bridgestone', 'Bridgestone', 'Bridgestone.']",-0.0,what tire brand on sign?,,True,0.32561809404461245,0,correct_high
validation::104,['amtrak'],Amtrak,1.0,"['Amtrak', 'Amtrak', 'Amtrak', 'Amtrak', 'Amtrak', 'Amtrak', 'Amtrak', 'Amtrak', 'Amtrak', 'Amtrak']",-0.0,What company name is on the side?,,True,0.32561809404461245,0,correct_high
validation::1047,['0'],0,1.0,"['0', '0', 'Zero.', '0', '0', '0', '0', '0', '0', '0']",-0.0,how many trucks on the bottom right not colored orange?,,True,0.32561809404461245,0,correct_high
validation::1049,['forward'],Upward.,0.0,"['Upward.', 'Up.', 'Upward.', 'Upward.', 'Up.', 'Up.', 'Up.', 'Up.', 'Up.', 'Upwards.']",-0.0,In which direction are the people in the image facing?,,False,0.32561809404461245,0,incorrect_high
validation::1051,['2'],Two.,0.0,"['Two.', 'Two.', 'Two.', 'Two.', 'Two.', 'Two.', 'Two.', 'Two.', 'Two.', 'Two.']",-0.0,How many people are sitting on large rocks?,,True,0.32561809404461245,0,correct_high
validation::1053,['lettuce'],Arugula.,0.0,"['Arugula.', 'Arugula.', 'Arugula.', 'Arugula.', 'Arugula.', 'Arugula.', 'Arugula.', 'Arugula.', 'Arugula.', 'Arugula.']",-0.0,What is the green vegetable?,,True,0.32561809404461245,0,correct_high
validation::1056,['0'],3,0.0,"['Four.', 'Three.', 'Three.', '3', 'Three.', 'Three.', 'Three.', '3', 'Four.', 'Four.']",0.6108643020548935,How many books can be seen on the bottom shelf that is straight down from the camera?,,False,0.32561809404461245,1,incorrect_low
validation::1057,['lenox hill'],Lenox Hill Hospital.,1.0,"['Lenox Hill Hospital', 'Lenox Hill Hospital', 'Lenox Hill Hospital', 'Lenox Hill Hospital', 'Lenox Hill Hospital.', 'Lenox Hill Hospital', 'Lenox Hill Hospital', 'Lenox Hill Hospital', 'Lenox Hill Hospital.', 'Lenox Hill Hospital']",-0.0,What hospital's name is on the clock?,,True,0.32561809404461245,0,correct_high
validation::1060,['67'],67,1.0,"['-67', '-67', '67', '67', '-67', '67', '67', '67', '67', '67']",0.6108643020548935,What are the two digits after 78 on the motorcycle?,,True,0.32561809404461245,1,correct_low
validation::1062,['polvin'],Portyn.,0.0,"['PRAWN', 'Portyn', 'POIZON', 'Portyn.', 'POYNTON', 'POOYN', 'POIZON', 'Portyn.', 'Portyn.', 'PRAWN']",1.2206072645530173,What word is on the blue sign?,,False,0.32561809404461245,1,incorrect_low
validation::1067,['writing'],Writing in a notebook.,1.0,"['Writing in a notebook.', 'Writing in a notebook.', 'Writing in a notebook.', 'Writing in a notebook.', 'Writing in a notebook.', 'Writing in a notebook.', 'Writing in a notebook.', 'Writing in a notebook.', 'Writing in a notebook.', 'Writing in a notebook.']",-0.0,What is the person doing?,,True,0.32561809404461245,0,correct_high
validation::1070,['2'],Three.,0.0,"['3', 'Three.', 'Three.', 'Three.', '3', 'Three.', 'Three.', 'Three.', 'Three.', 'Three.']",-0.0,How many people are shown?,,False,0.32561809404461245,0,incorrect_high
validation::1074,['fanta'],Fanta.,1.0,"['Fanta.', 'Fanta.', 'Fanta.', 'Fanta.', 'Fanta.', 'Fanta.', 'Fanta', 'Fanta.', 'Fanta.', 'Fanta.']",-0.0,What type of beverage is on the table?,,True,0.32561809404461245,0,correct_high
validation::108,['left'],Left.,1.0,"['Left.', 'Left.', 'Left.', 'Left.', 'Left.', 'Left.', 'Left.', 'Left.', 'Left.', 'Left.']",-0.0,"Which arm is the person holding the bag with, their left or their right?",,True,0.32561809404461245,0,correct_high
validation::1080,['black and silver'],Black and silver.,1.0,"['Black and silver.', 'Black and silver.', 'Black and silver.', 'Black and silver.', 'Black and silver.', 'Black and silver.', 'Black and silver.', 'Black and silver.', 'Black and silver.', 'Black and silver.']",-0.0,what colors are the bike,,True,0.32561809404461245,0,correct_high
validation::1082,['3'],Two.,0.0,"['Two.', 'Two.', 'Three.', 'Two.', 'Three.', 'Three.', 'Two.', 'Three.', 'Two.', 'Two.']",0.6730116670092565,How many bottles of ketchup do you see?,,False,0.32561809404461245,1,incorrect_low
validation::1086,['2'],Two.,0.0,"['Two.', 'Two.', 'Two.', 'Two.', 'Two.', 'Two.', 'Two.', 'Two.', 'Two.', 'Two.']",-0.0,how many baskets?,,True,0.32561809404461245,0,correct_high
validation::109,['6'],7,0.0,"['7', '7', '7', '7', '7', '7', '7', '7', '7', '6']",0.3250829733914482,How many people can be seen in the room?,,False,0.32561809404461245,0,incorrect_high
validation::1090,['rocks'],Rocks and bear cubs.,0.0,"['Rocks and bears.', 'Rocks and bear cubs.', 'Rocks and bear cubs.', 'Rocks and bear cubs.', 'Rocks and bear cubs.', 'Rocks and bear cubs.', 'Rocks and bear cubs.', 'Rocks.', 'Rocks and bear cubs.', 'Rocks and bear cubs.']",0.639031859650177,What objects are pictured closest to the camera?,,False,0.32561809404461245,1,incorrect_low
validation::1092,['3'],Two.,0.0,"['Two.', 'Two.', 'Two.', 'Two.', 'Two.', 'Two.', 'Two.', 'Two.', 'Two.', 'Two.']",-0.0,How many fingers are touching the wine glass?,,False,0.32561809404461245,0,incorrect_high
validation::1094,['0'],Four.,0.0,"['Four.', 'Four.', 'Four.', 'Four.', 'Four.', 'Four.', 'Four.', 'Four.', 'Four.', 'Four.']",-0.0,How many legs are visible?,,False,0.32561809404461245,0,incorrect_high
validation::1095,['1'],Two.,0.0,"['2', 'Two.', '2', 'Two.', 'Two.', 'Two.', 'Two.', 'Two.', '2', 'Two.']",-0.0,How many types of dessert food are visible?,,False,0.32561809404461245,0,incorrect_high
validation::1096,['birdcage'],A birdcage.,1.0,"['A birdcage.', 'A birdcage.', 'Birdcage.', 'A birdcage.', 'A birdcage.', 'A birdcage.', 'A birdcage.', 'A birdcage.', 'Birdcage.', 'A birdcage.']",-0.0,What is the object in the table?,,True,0.32561809404461245,0,correct_high
validation::1102,['life up'],Line Up,1.0,"['Line Up', 'Line Up', 'Line Up', 'Line Up', 'Line Up', 'Line Up.', 'Lime Up.', 'Line Up', 'Lime Up', 'Lime UP']",0.6108643020548935,What is written on the right side of the surfboard in blue?,,False,0.32561809404461245,1,incorrect_low
validation::1107,['water'],In the water.,1.0,"['In the water.', 'In the water.', 'In the water.', 'In the water.', 'In the water.', 'In the water.', 'In the water.', 'In the water.', 'In the water.', 'In the water.']",-0.0,Where are the bear's paws?,,True,0.32561809404461245,0,correct_high
validation::1111,['n'],N,1.0,"['N', 'N', 'N', 'N', 'N', 'N', 'N', 'N', 'N', 'N']",-0.0,What letter is on the front of the train?,,True,0.32561809404461245,0,correct_high
validation::1118,['car'],A bus.,0.0,"['A car.', 'A bus.', 'A car.', 'Bus.', 'A car.', 'A van.', 'A truck.', 'A car.', 'Bus.', 'A bus.']",1.193549604098133,what vehicle is on the man's shirt?,,False,0.32561809404461245,1,incorrect_low
validation::112,['0'],1,0.0,"['1', '1', '1', '1', '1', '1', '1', '1', '1', '1']",-0.0,What is the number digit with the red cross in it?,,False,0.32561809404461245,0,incorrect_high
validation::1120,['solid'],Solid green.,1.0,"['Solid green.', 'Solid green.', 'Solid green.', 'Solid green.', 'Solid green.', 'Solid green.', 'Solid green.', 'Solid green.', 'Solid green.', 'Solid green.']",-0.0,What pattern is the wall?,,True,0.32561809404461245,0,correct_high
validation::1122,['looking through donuts'],Holding donuts over their eyes.,0.0,"['Holding donuts over their eyes.', 'Holding donuts up to their eyes.', 'Holding donuts up to their eyes.', 'Holding donuts over their eyes.', 'They are holding donuts up to their eyes.', 'Holding donuts up to their eyes.', 'Holding donuts up to their eyes.', 'Holding donuts up to their eyes.', 'Playing with donuts over their eyes.', 'Holding donuts up to their eyes.']",-0.0,What are the girls doing?,,True,0.32561809404461245,0,correct_high
validation::1124,['pink and yellow'],Red and pink.,1.0,"['Red and pink.', 'Red and pink.', 'Red and pink.', 'Red and pink.', 'Red and pink.', 'Red and pink.', 'Red and pink.', 'Red and pink.', 'Red and pink.', 'Red and pink.']",-0.0,What 2 colors is the toothbrush?,,False,0.32561809404461245,0,incorrect_high
validation::1127,['hlowld'],HLOWLD,1.0,"['HLOWLD', 'HLOWLD', 'HLOWLD', 'HLOWLD', 'HLOWLD', 'HLOWLD', 'HLOWLD', 'HLOWLD', 'HLOWLD', 'HLOWLD']",-0.0,What are the letters of the motorcycle's liscense plate?,,True,0.32561809404461245,0,correct_high
validation::1129,['spring'],Spring.,1.0,"['Spring.', 'Spring.', 'Spring.', 'Spring.', 'Spring.', 'Spring.', 'Spring.', 'Spring.', 'Spring.', 'Spring.']",-0.0,What season is on the banner?,,True,0.32561809404461245,0,correct_high
validation::113,['wings'],Wings.,1.0,"['Wings.', 'Wings.', 'Eagles.', 'Eagles.', 'Wings.', 'Wings.', 'Wings.', 'Wings.', 'Wings.', 'Wings.']",0.5004024235381879,What picture is on Either side of the M?,,True,0.32561809404461245,1,correct_low
validation::1132,['8'],7,0.0,"['Seven.', '7', '7', '7', '7', '6', '7', 'Six.', '6', '7']",0.6108643020548935,How many windows are visible on the upper brick portion of the building?,,False,0.32561809404461245,1,incorrect_low
validation::1133,['3'],Two.,0.0,"['Two.', 'Two.', 'Two.', 'Two.', 'Two.', 'Two.', 'Two.', 'Two.', 'Two.', 'Two.']",-0.0,How many animals have a tag?,,False,0.32561809404461245,0,incorrect_high
validation::1135,['sampras'],Sampras,1.0,"['Sampras', 'Sampras', 'Sampras', 'Sampras', 'Sampras', 'Sampras', 'Sampras', 'Sampras', 'Sampras', 'Sampras']",-0.0,"What is the top name, on the scoreboard?",,True,0.32561809404461245,0,correct_high
validation::1137,['watermelon'],A watermelon.,1.0,"['A watermelon.', 'A watermelon.', 'A watermelon.', 'A watermelon.', 'A watermelon.', 'A watermelon.', 'A watermelon.', 'A watermelon.', 'A watermelon.', 'A watermelon.']",-0.0,What is the woman on the left holding?,,True,0.32561809404461245,0,correct_high
validation::1139,['life not available on tv'],Life is Available On TV,1.0,"['Life is Available on TV', 'Life is Available On TV.', 'Life is Available On TV.', 'Life is Available on TV.', '""Life is Available On TV""', '""Life is Available On TV""', 'Life is Available On TV.', '""Life is Available On TV""', 'Life is Available On TV', 'Life is Available On TV.']",-0.0,What does the man's shirt say?,,False,0.32561809404461245,0,incorrect_high
validation::114,['pink and blue'],Blue and pink.,1.0,"['Purple and blue.', 'Purple and blue.', 'Blue and purple.', 'Blue and purple.', 'Blue and pink.', 'Blue and pink.', 'Purple and blue.', 'Blue and purple.', 'Purple and blue.', 'Pink and blue.']",0.6108643020548935,What is the color of the two seats?,,True,0.32561809404461245,1,correct_low
validation::1140,['6'],4,0.0,"['4', '4', 'Four.', 'Four.', '4', '4', '4', '4', '4', '4']",-0.0,How many knobs are there on the stove in this image?,,False,0.32561809404461245,0,incorrect_high
validation::1142,['birds'],Vegetation.,0.0,"['Vegetation/bushes.', 'Vegetation/bushes.', 'Vegetation.', 'Vegetation/bushes.', 'Vegetation.', 'Vegetation/bushes.', 'Vegetation/bushes.', 'Vegetation/bushes.', 'Vegetation.', 'Vegetation/bushes.']",0.6108643020548935,What other living thing is shown with the giraffes?,,False,0.32561809404461245,1,incorrect_low
validation::1144,['elephant'],An elephant.,1.0,"['An elephant.', 'An elephant.', 'An elephant.', 'An elephant.', 'An elephant.', 'An elephant.', 'An elephant.', 'An elephant.', 'An elephant.', 'An elephant.']",-0.0,What does the hat look like?,,True,0.32561809404461245,0,correct_high
validation::1147,['angle'],At an angle.,1.0,"['At an angle.', 'At an angle.', 'At an angle.', 'At an angle.', 'At an angle.', 'Angle.', 'At an angle.', 'At an angle.', 'At an angle.', 'At an angle.']",-0.0,Is the man standing straight or at an angle?,,True,0.32561809404461245,0,correct_high
validation::1148,['sa883k'],SA 883 K,0.0,"['SA 883 K', 'SA 883 K', 'SA 883 K', 'SA 883 K', 'SA 883 K', 'SA 883 K', 'SA 883 K', 'SA 883 K', 'SA 883 K', 'SA 883 K']",-0.0,What is the license plate on the left car?,,True,0.32561809404461245,0,correct_high
validation::1152,['left'],Right.,0.0,"['Right.', 'Right.', 'Right.', 'Right hand.', 'Right hand.', 'Right.', 'Right.', 'Right.', 'Right.', 'Right.']",-0.0,Is the person holding the broccoli with their left or right hand?,,False,0.32561809404461245,0,incorrect_high
validation::1157,['263'],444,0.0,"['444', '444', '444', '3, 6, 3.', '3, 4, 6.', '4, 4, 6.', '444', '444', '3, 4, 6', '444']",1.0888999753452235,What are the 3 numbers on top of the side mirror?,,False,0.32561809404461245,1,incorrect_low
validation::1159,['2'],2,1.0,"['2', 'Two.', 'Two.', '2', '2', '2', 'Two.', 'Two.', '2', '2']",-0.0,How many objects are there in the picture that look like eyes?,,True,0.32561809404461245,0,correct_high
validation::1164,['dog'],A fence.,0.0,"['A fence.', 'A fence.', 'Grass.', 'A fence.', 'Grass.', 'A fence.', 'A fence.', 'A fence.', 'A fence.', 'A fence.']",0.5004024235381879,What is behind the horse?,,False,0.32561809404461245,1,incorrect_low
validation::1167,['5'],Two.,0.0,"['Zero.', 'Zero.', 'Two.', 'Two.', 'Two.', 'Two.', 'Zero.', 'Zero.', 'Zero.', 'Zero.']",0.6730116670092565,How many lights a visible around the top of the truck?,,False,0.32561809404461245,1,incorrect_low
validation::1173,['yellow'],Yellow.,1.0,"['Yellow.', 'Yellow.', 'Yellow.', 'Yellow.', 'Yellow.', 'Yellow.', 'Yellow.', 'Yellow.', 'Yellow.', 'Yellow.']",-0.0,What color is the back of the traffic lights?,,True,0.32561809404461245,0,correct_high
validation::1174,['bunny'],Rabbit.,0.0,"['Rabbit.', 'Rabbit.', 'Rabbit.', 'Rabbit.', 'Rabbit.', 'Rabbit.', 'Rabbit.', 'Rabbit.', 'Rabbit.', 'Rabbit.']",-0.0,What animal is on the front of the green door?,,True,0.32561809404461245,0,correct_high
validation::1175,"['white, red, gren, black']","Green, white, red, and black.",1.0,"['Green, red, white, and black.', 'Green, white, red, and black.', 'Green, red, white, and black.', 'Green, red, white, and black.', 'Green, white, red, and black.', 'Green, white, red, and black.', 'Green, white, red, and black.', 'Green, red, black, and white.', 'Green, white, red, and black.', 'Green, red, white, and black.']",-0.0,what four colors make up the train?,,True,0.32561809404461245,0,correct_high
validation::1178,['blue and white'],Blue and white.,1.0,"['Blue and white.', 'Blue and white.', 'Blue and white.', 'Blue and white.', 'Blue and white.', 'Blue and white.', 'Blue and white.', 'Blue and white.', 'Blue and white.', 'Blue and white.']",-0.0,What two colors are the snowboard shown in this image?,,True,0.32561809404461245,0,correct_high
validation::1181,['3'],Three.,0.0,"['Three.', 'Three.', 'Three.', 'Three.', 'Three.', '3', 'Three.', '3', 'Three.', 'Three.']",-0.0,How many cows?,,True,0.32561809404461245,0,correct_high
validation::1183,['fsg'],FS G,0.0,"['FS G', 'FS G', 'FS G', 'FS G', 'FS G', 'FS G', 'FS G', 'FS G', 'FS G', 'FS G']",-0.0,"Which letters are featured prominently, hanging from the cross-beam?",,True,0.32561809404461245,0,correct_high
validation::1186,['right'],Right side.,1.0,"['Right side.', 'Right side.', 'Right.', 'Right side.', 'Right side.', 'Right side.', 'Right side.', 'Right side.', 'Right side.', 'Right.']",-0.0,Which side are trees in this picture?,,True,0.32561809404461245,0,correct_high
validation::1187,['to'],well,0.0,"['well', 'well', 'well', 'well', 'well', 'Wishing', 'well', 'well', 'Wishing', 'Wishing']",0.6108643020548935,What is the third word inside the pizza box?,,False,0.32561809404461245,1,incorrect_low
validation::1189,['ulc'],NF,0.0,"['NF', 'NF', 'NF', 'NF', 'UL', 'NF', 'NL', 'NF', 'NF', 'NF']",0.639031859650177,What letters are inside the circle on the hydrant?,,False,0.32561809404461245,1,incorrect_low
validation::1190,['6'],Six.,0.0,"['Six.', 'Six.', 'Six.', 'Six.', '6', 'Six.', '6', 'Six.', 'Six.', '6']",-0.0,How many tyres in truck?,,True,0.32561809404461245,0,correct_high
validation::1192,['welcome'],Monsters,0.0,"['Monsters', 'Monsters', 'Monsters', 'Monsters', 'Monsters', 'Monsters', 'Monsters', 'Monsters', 'Monsters', 'Monsters']",-0.0,What word appears to the left of the sword on the wall?,,False,0.32561809404461245,0,incorrect_high
validation::1193,['helmets'],Hard hats.,0.0,"['Hard hats.', 'Helmets.', 'Hard hats.', 'Hard hats.', 'Helmets.', 'Hard hats.', 'Helmets.', 'Hard hats.', 'Hard hats.', 'Hard hats.']",0.6108643020548935,what are those guys wearing on their heads?,,True,0.32561809404461245,1,correct_low
validation::1194,['3'],4,0.0,"['4', 'Four.', '4', '4', '4', 'Four.', '4', 'Four.', 'Four.', '4']",-0.0,How many types of vegetables are there?,,False,0.32561809404461245,0,incorrect_high
validation::1196,['atm'],ATM,1.0,"['ATM', 'ATM', 'ATM', 'ATM', 'ATM', 'ATM', 'ATM', 'ATM', 'ATM', 'ATM']",-0.0,What does the sign say is inside?,,True,0.32561809404461245,0,correct_high
validation::1197,['1'],One.,0.0,"['One.', 'One.', 'One.', 'One.', 'One.', 'One.', 'One.', 'One.', 'One.', 'One.']",-0.0,How many children are on the sign?,,True,0.32561809404461245,0,correct_high
validation::1199,['200'],200 yen.,1.0,"['200 yen.', '200 yen.', '200 yen.', '200 yen.', '200 yen.', '200 yen.', '200 yen.', '200 yen.', '200 yen.', '200 yen.']",-0.0,how much does the chocolate banana cost?,,True,0.32561809404461245,0,correct_high
validation::120,['brown'],Brown.,1.0,"['Brown.', 'Brown.', 'Brown.', 'Brown.', 'Brown.', 'Brown.', 'Brown.', 'Brown.', 'Brown.', 'Brown.']",-0.0,what color are the handles on the travel bag?,,True,0.32561809404461245,0,correct_high
validation::1203,['6'],Three.,0.0,"['Three.', 'Four.', 'Three.', 'Four.', 'Three.', 'Three.', 'Three.', 'Four.', 'Three.', 'Three.']",0.6108643020548935,how many arch windows at the very top?,,False,0.32561809404461245,1,incorrect_low
validation::1205,['6'],11,0.0,"['10', '12', '11', '10', '10', '10', '11', '11', '12', '11']",1.0549201679861442,How many railroad tracks are shown in this image?,,False,0.32561809404461245,1,incorrect_low
validation::1208,['5'],8,0.0,"['8', '8', '8', '8', '8', '8', '8', '8', '9', '8']",0.3250829733914482,What number is centered beneath the blue square on the man's shirt?,,False,0.32561809404461245,0,incorrect_high
validation::1212,['7'],7,1.0,"['7', '7', '7', '7', '7', '7', '7', '7', '7', '7']",-0.0,How many giraffes are there altogether?,,True,0.32561809404461245,0,correct_high
validation::1214,['pirate'],Pirate,1.0,"['Pirate', 'Pirate', 'Pirate', 'Pirate', 'Pirate', 'PIRATE', 'Pirate', 'Pirate', 'Pirate', 'Pirate']",-0.0,What is the first word under the skull on the mug?,,True,0.32561809404461245,0,correct_high
validation::122,['black'],Black.,1.0,"['Black.', 'Black.', 'Black.', 'Black.', 'Black.', 'Black.', 'Black.', 'Black.', 'Black.', 'Black.']",-0.0,What color trim does the yellow kite have?,,True,0.32561809404461245,0,correct_high
validation::1221,['8:35'],3:15,0.0,"['5:37', '4:23', '8:08', '4:37', '4:35', '4:35', '5:38', '11:11', '3:15', '5:35']",2.163955656882057,What time is shown on the clock?,,False,0.32561809404461245,1,incorrect_low
validation::1224,['621'],"621, 230, and 132.",0.0,"['621, 230, and 132.', '621, 230, and 130.', '621, 230, and 130.', '621, 230, and 130.', '621, 230, and 132.', '621, 230, and 130.', '621, 230, and 132.', '621, 230, and 4', '621, 230, and 130.', '621']",1.1682824501765623,What three numbers are on the bottom of the bus?,,True,0.32561809404461245,1,correct_low
validation::1225,['white'],Red.,0.0,"['Red.', 'Red.', 'Red.', 'Red.', 'Red.', 'Red.', 'Red.', 'Red.', 'Red.', 'Red.']",-0.0,What color is the tip of the bottle?,,False,0.32561809404461245,0,incorrect_high
validation::1226,['black'],White.,0.0,"['White.', 'White.', 'White.', 'White.', 'White.', 'White.', 'White.', 'White.', 'White.', 'White.']",-0.0,What color is the cat's chin?,,False,0.32561809404461245,0,incorrect_high
validation::1228,['10:05'],11:00,0.0,"['11:01', '11:08', '11:08', '11:30', '11:00', '10:58', '10:58', '11:05', '10:58', '11:01']",1.6957425341696346,What time is it?,,False,0.32561809404461245,1,incorrect_low
validation::1229,['3'],Three.,0.0,"['Three.', 'Three.', 'Three.', 'Three.', 'Three.', 'Three.', 'Three.', '3', 'Three.', 'Three.']",-0.0,How many yellow duck?,,True,0.32561809404461245,0,correct_high
validation::1235,['black'],Black and gray.,1.0,"['Black and gray.', 'Black and gray.', 'Black and gray.', 'Black and gray.', 'Black and gray.', 'Black and gray.', 'Black and gray.', 'Black and gray.', 'Black and gray.', 'Black and grey.']",-0.0,What color jacket is the man in the middle wearing,,False,0.32561809404461245,0,incorrect_high
validation::1236,['up'],Up.,1.0,"['Up.', 'Up.', 'Up.', 'Up.', 'Up.', 'Up.', 'Up.', 'Up.', 'Up.', 'Up.']",-0.0,Is her hair up or down?,,True,0.32561809404461245,0,correct_high
validation::1242,['left'],Her right foot.,0.0,"['The right foot.', 'Her left foot.', 'Her right foot.', 'Her right foot.', 'Her left foot.', 'Her right foot.', 'Her right foot.', 'Her left foot.', 'The left foot is more visible.', 'The left foot.']",0.6931471805599453,Which of the woman with the pink umbrella's feet is more visible?,,False,0.32561809404461245,1,incorrect_low
validation::1243,['white'],Silver.,0.0,"['Silver.', 'Silver.', 'Silver.', 'Silver.', 'Silver.', 'Silver.', 'Silver.', 'Silver.', 'Silver.', 'Silver.']",-0.0,what color is the cordon?,,False,0.32561809404461245,0,incorrect_high
validation::1244,['32'],32,1.0,"['32', '32', '32', '32', '32', '32', '32', '32', '32', '32']",-0.0,What number is on the piece of cardboard in the tub?,,True,0.32561809404461245,0,correct_high
validation::1245,['1'],3,0.0,"['3', '3', '3', '3', '3', '3', '3', '3', '3', '3']",-0.0,How man y lights on lamp posts are present in this image?,,False,0.32561809404461245,0,incorrect_high
validation::1248,['crest'],Colgate,0.0,"['Colgate', 'Colgate', 'Colgate', 'Colgate', 'Colgate', 'Colgate', 'Colgate', 'Colgate.', 'Colgate', 'Colgate']",-0.0,what tooth paste brand can be seen?,,False,0.32561809404461245,0,incorrect_high
validation::1249,['pine'],Kalind Av,0.0,"['Kalind Avenue.', 'Kalind Ave', 'Kalind Av.', 'Kalind Av', 'Kalind Av', 'Kalind Av.', 'Kalind Ave', 'Kalind Ave', 'Kalind Ave', 'Kalind Ave']",-0.0,what is the street name?,,False,0.32561809404461245,0,incorrect_high
validation::1250,['8'],Seven.,0.0,"['Seven.', 'Seven.', 'Seven.', '7', '7', '7', 'Seven.', 'Seven.', 'Seven.', 'Seven.']",-0.0,How many dessert items are on the plate?,,False,0.32561809404461245,0,incorrect_high
validation::1251,['1'],Approximately 15-20.,0.0,"['Approximately 15.', 'Approximately 15-20.', 'Approximately 15-20.', 'Approximately 15-20.', 'Approximately 15.', 'Approximately 12.', 'Approximately 15-20.', 'Approximately 15.', 'Approximately 15.', 'Approximately 15-20.']",0.9433483923290392,How many people are sitting in the trolley?,,False,0.32561809404461245,1,incorrect_low
validation::1256,['cats'],Cats.,1.0,"['Dogs.', 'Cats.', 'Cats.', 'Cats.', 'Cats.', 'Cats.', 'Dogs.', 'Cats.', 'Cats.', 'Rabbits.']",0.8018185525433372,what animals are in the picture on the left?,,True,0.32561809404461245,1,correct_low
validation::1257,['green and white'],Blue and white.,1.0,"['Blue and white.', 'Blue and white.', 'Blue and white.', 'Blue and white.', 'Blue and white.', 'Blue and white.', 'Blue and white.', 'Blue and white.', 'Blue and white.', 'Blue.']",0.3250829733914482,what is the 2 color of the letters on the signage of the building?,,False,0.32561809404461245,0,incorrect_high
validation::1258,['5'],5,1.0,"['5', '4', '4', 'Four.', '4', '5', '4', '5', '5', '4']",0.6730116670092565,How many chairs for 1 person are shown?,,True,0.32561809404461245,1,correct_low
validation::1259,['kettle'],A gas stove.,0.0,"['A gas stove.', 'A gas stove.', 'A gas stove.', 'A gas stove.', 'A gas stove.', 'A gas stove.', 'A gas stove.', 'A gas stove.', 'A gas stovetop.', 'A gas stove.']",-0.0,what is on the burner next to the pot?,,False,0.32561809404461245,0,incorrect_high
validation::1261,['7000'],7000,1.0,"['7000', '7000', '7000', '7000', '7000.', '7000', '7000', '7000', '7000', '7000.']",-0.0,What is the number on the mattress?,,True,0.32561809404461245,0,correct_high
validation::1263,['6'],5,0.0,"['5', '5', '4', '5', '5', '5', '5', '5', '5', '4']",0.5004024235381879,How many coat hangers are shown,,False,0.32561809404461245,1,incorrect_low
validation::1269,['left'],Left.,1.0,"['Left.', 'Left.', 'Left.', 'Left.', 'Left.', 'Left.', 'Left.', 'Left.', 'Left.', 'Left.']",-0.0,Which ankle is connected to the surf board?,,True,0.32561809404461245,0,correct_high
validation::1272,['1'],3,0.0,"['3', '4', '3', '3', '3', '3', '3', '3', '3', '3']",0.3250829733914482,How many beer bottles are in the blue box to the left?,,False,0.32561809404461245,0,incorrect_high
validation::1273,['23'],23,1.0,"['23', '23', '23', '23', '23', '23', '23', '23', '23', '23']",-0.0,What number is on the player's uniform?,,True,0.32561809404461245,0,correct_high
validation::1274,['left'],Right.,0.0,"['Right.', 'Right.', 'Right.', 'Right.', 'Right.', 'Right.', 'Right.', 'Right.', 'Right.', 'Right.']",-0.0,Are majority of the cars going left or right?,,False,0.32561809404461245,0,incorrect_high
validation::1277,['movies'],Books.,0.0,"['Books.', 'Books.', 'Books.', 'Books.', 'Books.', 'Books.', 'Books.', 'Books.', 'Books.', 'Books.']",-0.0,whats stacked up to the left of the standing speaker,,False,0.32561809404461245,0,incorrect_high
validation::1280,['11'],11,1.0,"['11', '11', '11', '11', '12', '12', '11', '11', '11', '11']",0.5004024235381879,How many girls are shown?,,True,0.32561809404461245,1,correct_low
validation::1288,['blue shirt'],White shirt.,1.0,"['White shirt.', 'White shirt.', 'White shirt.', 'White shirt.', 'White shirt.', 'White shirt.', 'White shirt.', 'White shirt.', 'White shirt.', 'White shirt.']",-0.0,"Which of the following is she NOT wearing: gray shirt, blue shirt, white shirt?",,True,0.32561809404461245,0,correct_high
validation::1293,['flowers'],Floral pattern.,0.0,"['Floral pattern.', 'Floral pattern.', 'Floral.', 'Floral.', 'Floral.', 'Floral pattern.', 'Floral.', 'Floral.', 'Floral pattern.', 'Floral.']",-0.0,What design is on the tilework on the walls?,,True,0.32561809404461245,0,correct_high
validation::13,['middle'],Bottom shelf.,0.0,"['The bottom shelf.', 'The bottom shelf.', 'The bottom shelf.', 'Bottom shelf.', 'Bottom shelf.', 'Bottom shelf.', 'The bottom shelf.', 'Bottom shelf.', 'Bottom shelf.', 'Bottom shelf.']",-0.0,what shelf on the silver cart has the least amount of items?,,False,0.32561809404461245,0,incorrect_high
validation::130,['4'],16,0.0,"['28', '18', '14', '15', '32', '18', '16', '30', '16', '14']",1.8866967846580784,How many long teeth are showing?,,False,0.32561809404461245,1,incorrect_low
validation::1302,['left'],Left.,1.0,"['Left.', 'Left.', 'Left.', 'Left.', 'Left.', 'Left.', 'Left.', 'Left.', 'Left.', 'Left.']",-0.0,Is the taller man to the left or right in the foreground?,,True,0.32561809404461245,0,correct_high
validation::1308,['2'],Two.,0.0,"['2', 'Two.', 'Two.', 'Two.', 'Two.', '2', 'Two.', 'Two.', 'Two.', '2']",-0.0,How many people are standing up?,,True,0.32561809404461245,0,correct_high
validation::1311,['6'],Three.,0.0,"['Three.', 'Three.', 'Three.', 'Three.', 'Three.', 'Three.', 'Four.', 'Three.', 'Three.', 'Four.']",0.5004024235381879,How many carrots is the person holding up?,,False,0.32561809404461245,1,incorrect_low
validation::1312,['2'],Two.,0.0,"['Two.', 'Two.', 'Two.', 'Three.', 'Three.', 'Three.', 'Two.', 'Three.', '3', '3']",0.6730116670092565,How many dollops of whip cream are on the plate?,,True,0.32561809404461245,1,correct_low
validation::1314,['2'],2,1.0,"['Two.', '2', '2', '2', '2', '2', '2', '2', 'Two.', '2']",-0.0,How many total people and animals are visible?,,True,0.32561809404461245,0,correct_high
validation::1315,['10'],11,0.0,"['11', '11', '12', '11', '11', '12', '11', '11', '11', '11']",0.5004024235381879,How many people are there?,,False,0.32561809404461245,1,incorrect_low
validation::1321,['kiss'],Smiling.,0.0,"['Smiling.', 'Smiling.', 'Smiling.', 'Smiling.', 'Smiling.', 'Smiling.', 'Smiling.', 'Smiling.', 'Smiling.', 'Smiling.']",-0.0,What kind of face is the woman shown in the top row making?,,False,0.32561809404461245,0,incorrect_high
validation::1323,['glasses'],Hair.,0.0,"['Hair.', 'Hair.', 'Hair.', 'Hair.', 'Hair.', 'Hair.', 'Hair.', 'Hair.', 'Hair.', 'Hair.']",-0.0,What is on the man's head?,,False,0.32561809404461245,0,incorrect_high
validation::1324,['female'],Female,1.0,"['Female', 'Female', 'Female', 'Female', 'Female.', 'Female.', 'Female.', 'Female.', 'Female', 'Female.']",-0.0,Which gender is closest to the kite?,,True,0.32561809404461245,0,correct_high
validation::1326,['0'],One.,0.0,"['One.', 'One.', 'One.', 'One.', 'One.', 'One.', 'One.', 'One.', 'One.', 'One.']",-0.0,How many glasses of white wine are fully visible?,,False,0.32561809404461245,0,incorrect_high
validation::133,['left'],Left.,1.0,"['Left.', 'Left.', 'Left.', 'Left.', 'Left.', 'Left.', 'Left.', 'Left.', 'Left.', 'Left.']",-0.0,Which wrist is she wearing a bracelet on?,,True,0.32561809404461245,0,correct_high
validation::1333,['16'],20,0.0,"['20', '20', '20', '20', '20', '20', '20', '20', '20', '20']",-0.0,How many legs total?,,False,0.32561809404461245,0,incorrect_high
validation::1338,['none'],The zebra on the left.,0.0,"['The one on the left.', 'The zebra on the left.', 'The zebra on the left.', 'The one on the left.', 'The one on the left.', 'The zebra on the left.', 'The one on the left.', 'The zebra on the left.', 'The zebra on the left.', 'The one on the left.']",-0.0,Which zebra has a saddle?,,False,0.32561809404461245,0,incorrect_high
validation::1339,['shoes'],Jeans.,0.0,"['Jeans.', 'Jeans.', 'Jeans.', 'Jeans.', 'Jeans.', 'Jeans.', 'Jeans.', 'Jeans.', 'Jeans.', 'Jeans.']",-0.0,What article of clothing is nearest the skateboard?,,False,0.32561809404461245,0,incorrect_high
validation::1341,['black'],Yellow.,0.0,"['Yellow.', 'Yellow.', 'Yellow.', 'Yellow.', 'Yellow.', 'Yellow.', 'Yellow.', 'Yellow', 'Yellow.', 'Yellow.']",-0.0,What color is the surfer's clothing between his elbow and wrist?,,False,0.32561809404461245,0,incorrect_high
validation::1345,['2'],2,1.0,"['2', '2', '2', '2', '2', '2', '2', '2', '2', '2']",-0.0,what is the last character of the license plate on the car to the far left,,True,0.32561809404461245,0,correct_high
validation::135,['black and blue'],Blue and white.,1.0,"['Blue and white.', 'Blue and white.', 'Blue and white.', 'Blue and white.', 'Blue and white.', 'Blue and white.', 'Blue and white.', 'Blue and white.', 'Blue and white.', 'Blue and white.']",-0.0,what colors are her shirt,,False,0.32561809404461245,0,incorrect_high
validation::1353,['2'],One.,0.0,"['One.', 'One.', 'One.', 'One.', 'One.', 'One.', 'One.', 'One.', 'One.', 'One.']",-0.0,how many chains?,,False,0.32561809404461245,0,incorrect_high
validation::1357,['6'],3,0.0,"['3', '3', '3', '3', '3', 'Three.', '3', '3', '3', '3']",-0.0,How many green laptops are there in this scene?,,False,0.32561809404461245,0,incorrect_high
validation::136,['surfboard'],Windsurf board and sail.,0.0,"['Windsurf board and sail.', 'Windsurf board and sail.', 'Windsurf board and sail.', 'Windsurf board and sail.', 'Windsurf board and sail.', 'Windsurf board and sail.', 'Windsurf equipment.', 'Windsurfing equipment.', 'Windsurf board and sail.', 'Windsurf board and sail.']",0.5004024235381879,What type of equipment does the man in the water have?,,True,0.32561809404461245,1,correct_low
validation::1363,['left'],Right.,0.0,"['Right.', 'Right.', 'Right.', 'Right.', 'Right.', 'Right.', 'Right.', 'Her right hand.', 'Right.', 'Right.']",-0.0,Which hand is further from the woman's face?,,False,0.32561809404461245,0,incorrect_high
validation::1369,['n'],N,1.0,"['N', 'N', 'N', 'N', 'N', 'N', 'N', 'N', 'N', 'N']",-0.0,What is the letter on the train?,,True,0.32561809404461245,0,correct_high
validation::137,['3'],Three.,0.0,"['Three.', 'Three.', '3', '3', 'Three.', '3', 'Three.', 'Three.', '3', 'Three.']",-0.0,How many items are located on the mantel?,,True,0.32561809404461245,0,correct_high
validation::1370,['left'],Left.,1.0,"['Left.', 'Left.', 'Right.', 'Left.', 'Left.', 'Left.', 'Left.', 'Left.', 'Left.', 'Right.']",0.5004024235381879,Which foot is closest to the line?,,True,0.32561809404461245,1,correct_low
validation::1375,['teddy bear'],Teddy bear.,1.0,"['Teddy bear.', 'Teddy bear.', 'Teddy bear.', 'Teddy bear.', 'Teddy bear.', 'Teddy bear.', 'Teddy bear.', 'Teddy bear.', 'Teddy bear.', 'Teddy bear.']",-0.0,What is the shape of the big cake?,,True,0.32561809404461245,0,correct_high
validation::1380,['6'],6,1.0,"['6', '6', '6', '6', 'Six.', '6', '6', '6', '6', '6']",-0.0,How many tile colors are in this picture?,,True,0.32561809404461245,0,correct_high
validation::1384,['sherman'],Sherman,1.0,"['Sherman.', 'Sherman.', 'Sherman', 'Sherman.', 'Sherman.', 'Sherman.', 'Sherman', 'Sherman', 'Sherman.', 'Sherman.']",-0.0,What is Cindy's last name?,,True,0.32561809404461245,0,correct_high
validation::1386,['horn'],A striped skirt.,0.0,"['A top hat.', 'A striped skirt.', 'A hat.', 'A hat.', 'A small hat.', 'A small bag.', 'A striped skirt.', 'A hat.', 'A hat.', 'A skirt.']",1.6094379124341005,what is hanging near the man's stomach?,,False,0.32561809404461245,1,incorrect_low
validation::1388,['fork'],A fork.,1.0,"['A fork.', 'A fork.', 'A fork.', 'A fork.', 'A fork.', 'A fork.', 'A fork.', 'A fork.', 'A fork.', 'A fork.']",-0.0,What is the woman on the left holding in her right hand?,,True,0.32561809404461245,0,correct_high
validation::139,['hachiko'],Hachiko.,1.0,"['Hachiko.', 'Hachiko.', 'Hachiko', 'Hachiko', 'Hachiko.', 'Hachiko', 'Hachiko.', 'Hachiko', 'Hachiko.', 'Hachiko.']",-0.0,what is he last name on bus?,,True,0.32561809404461245,0,correct_high
validation::1390,['17'],73,0.0,"['73', '73', '73', '73', '73', '73', '73', '73', '73', '73']",-0.0,What is the highway number?,,False,0.32561809404461245,0,incorrect_high
validation::1391,['1'],Two.,0.0,"['Two.', 'Two.', 'Two.', 'Two.', 'Two.', 'Two.', 'Two.', 'Two.', 'Two.', 'Two.']",-0.0,how many knobs are visible?,,False,0.32561809404461245,0,incorrect_high
validation::1392,['white'],White.,1.0,"['White.', 'White.', 'White.', 'White.', 'White.', 'White.', 'White.', 'White.', 'White.', 'White.']",-0.0,What color is the wristband worn by the man on the left?,,True,0.32561809404461245,0,correct_high
validation::1394,['state'],State,1.0,"['State', 'State', 'State', 'State', 'State', 'State', 'State', 'State', 'State', 'State']",-0.0,What is the first word on the red sign?,,True,0.32561809404461245,0,correct_high
validation::1395,['0'],One.,0.0,"['One.', 'One.', 'One.', 'One.', 'One.', 'One.', 'One.', 'One.', 'One.', 'One.']",-0.0,How many metal forks are on top of the food?,,False,0.32561809404461245,0,incorrect_high
validation::1398,['1'],One.,0.0,"['One.', 'One.', 'One.', 'One.', 'One.', 'One.', 'One.', 'One.', 'One.', 'One.']",-0.0,How many hands are on the bat?,,True,0.32561809404461245,0,correct_high
validation::140,['2'],3,0.0,"['3', '3', '3', '3', '3', '3', '3', 'Three.', '3', '3']",-0.0,How many non motorized bikes are there?,,False,0.32561809404461245,0,incorrect_high
validation::1403,['3'],Two.,0.0,"['Two.', 'Two.', 'Two.', 'Two.', 'Two.', 'Two.', 'Two.', 'Two.', 'Two.', 'Two.']",-0.0,How many different colored lights are part of the intersection's stoplight?,,False,0.32561809404461245,0,incorrect_high
validation::1406,['3'],Two.,0.0,"['Two.', 'Two.', 'Two.', 'Two.', 'Two.', 'Two.', 'Two.', 'Two.', 'Two.', 'Two.']",-0.0,how many orange cones are next to the parking booth?,,False,0.32561809404461245,0,incorrect_high
validation::1407,['still'],Still.,1.0,"['Still.', 'Still.', 'Still.', 'Still.', 'Still.', 'Still.', 'Still.', 'Still.', 'Still.', 'Still.']",-0.0,Is the bus moving or still?,,True,0.32561809404461245,0,correct_high
validation::1408,['wall'],A concrete ledge.,0.0,"['A concrete ledge.', 'A concrete ledge.', 'A concrete ledge.', 'A concrete ledge.', 'A concrete ledge.', 'A concrete ledge.', 'A concrete ledge.', 'A concrete ledge.', 'A concrete ledge.', 'A concrete ledge.']",-0.0,What is the skater grinding on top of?,,True,0.32561809404461245,0,correct_high
validation::1409,['unanswerable'],A chair.,0.0,"['A chair.', 'A chair.', 'A chair.', 'A chair.', 'A chair.', 'A chair.', 'A chair.', 'A chair.', 'A chair.', 'A chair.']",-0.0,What is sitting on the ground between the two ball hoppers?,,False,0.32561809404461245,0,incorrect_high
validation::141,['8'],"It's a whole pizza, not sliced.",0.0,"['Not discernible.', 'Not visible.', '8', '8', ""It's a whole pizza, not sliced."", '6', '8', ""It's a whole pizza, not sliced."", '8', ""It's hard to tell definitively from the image, but it appears to be a single pizza, not sliced.""]",1.4708084763221112,How many slices of pizza are there?,,False,0.32561809404461245,1,incorrect_low
validation::1413,['m'],M,1.0,"['M', 'M', 'M', 'M', 'M', 'M', 'M', 'M', 'M', 'M']",-0.0,What is the first letter of the full-visible word on the tray?,,True,0.32561809404461245,0,correct_high
validation::1414,['a'],a,1.0,"['a', 'a', 'a', 'a', 'a', 'a', 'a', 'a', 'a', 'a']",-0.0,"what is the letter after ""n""?",,True,0.32561809404461245,0,correct_high
validation::1418,['plaid'],Floral.,0.0,"['Floral.', 'Floral.', 'Floral.', 'Floral.', 'Floral.', 'Floral.', 'Floral.', 'Floral.', 'Floral.', 'Floral.']",-0.0,What pattern is on the chair that is furthest away?,,False,0.32561809404461245,0,incorrect_high
validation::1423,['unanswerable'],A CD.,0.0,"['A CD.', 'A CD.', 'A CD.', 'A CD.', 'A CD.', 'A CD.', 'A CD.', 'A CD.', 'A CD.', 'A CD.']",-0.0,what is the red object behind the phone?,,False,0.32561809404461245,0,incorrect_high
validation::1425,['2009'],2009,1.0,"['2009', '2009', '2009', '2009', '2009', '2009', '2009', '2009', '2009', '2009']",-0.0,"What ""Best of"" Year was this restaurant a finalist of?",,True,0.32561809404461245,0,correct_high
validation::1427,['2'],Two.,0.0,"['Four.', 'Two.', 'Two.', 'Two.', 'Two.', 'Two.', 'Two.', 'Two.', 'Two.', 'Two.']",0.3250829733914482,How many arms can be seen?,,True,0.32561809404461245,0,correct_high
validation::1428,['hotel'],HOTEL,1.0,"['HOTEL', 'HOTEL', 'HOTEL', 'HOTEL', 'HOTEL', 'HOTEL', 'HOTEL', 'HOTEL', 'HOTEL', 'HOTEL']",-0.0,What is written on the side of the building?,,True,0.32561809404461245,0,correct_high
validation::143,['orange'],Yellow.,0.0,"['Orange.', 'Yellow.', 'Orange.', 'Orange.', 'Yellow.', 'Yellow.', 'Yellow.', 'Yellow.', 'Orange.', 'Orange.']",0.6931471805599453,What color is the sticker on the helmet of the person in the front?,,False,0.32561809404461245,1,incorrect_low
validation::1430,['teal and purple'],Blue and black.,0.0,"['Blue and black.', 'Blue and black.', 'Blue and black.', 'Blue and black.', 'Blue and black.', 'Blue and black.', 'Blue and black.', 'Blue and black.', 'Blue and black.', 'Blue and black.']",-0.0,what colors are the bag to the left,,False,0.32561809404461245,0,incorrect_high
validation::1432,['left'],The track to the left.,1.0,"['The track to the left.', 'The track to the left.', 'The track to the left.', 'The track to the left of the train.', 'The track to the left.', 'The track to the left.', 'The track to the left of the train.', 'The track to the left.', 'The track to the left.', 'The track to the left.']",0.5004024235381879,Which track is empty?,,True,0.32561809404461245,1,correct_low
validation::1436,['3'],3,1.0,"['3', '3', '3', 'Three.', 'Three.', '3', 'Three.', '3', 'Three.', '3']",-0.0,How many animals are in the photo?,,True,0.32561809404461245,0,correct_high
validation::1437,['shortest'],Shortest.,1.0,"['Shortest.', 'Shortest.', 'Shortest.', 'Shortest.', 'Shortest.', 'Shortest.', 'Shortest.', 'Shortest.', 'Shortest.', 'Shortest.']",-0.0,Is the animal on the left the tallest or shortest animal shown?,,True,0.32561809404461245,0,correct_high
validation::1440,['2'],Three.,0.0,"['Three.', 'Three.', 'Three.', 'Three.', 'Three.', 'Three.', 'Three.', 'Three.', 'Three.', 'Three.']",-0.0,How many colors is the sign?,,False,0.32561809404461245,0,incorrect_high
validation::1447,['hollister'],Hollister.,1.0,"['Hollister', 'Hollister.', 'Hollister', 'Hollister.', 'Hollister.', 'Hollister', 'Hollister', 'Hollister.', 'Hollister', 'Hollister']",-0.0,What is the brand of the red top the woman is wearing?,,True,0.32561809404461245,0,correct_high
validation::1448,['3'],4,0.0,"['4', '4', '4', '4', '4', '4', '4', '4', 'Four.', '4']",-0.0,How many total hands can be seen on the people in the photo?,,False,0.32561809404461245,0,incorrect_high
validation::145,['brown'],Dark brown.,1.0,"['Dark brown.', 'Dark brown.', 'Dark brown.', 'Dark brown.', 'Dark brown.', 'Dark brown.', 'Dark brown.', 'Dark wood.', 'Dark wood.', 'Dark brown.']",0.5004024235381879,what color is the tv stand?,,True,0.32561809404461245,1,correct_low
validation::1450,['4'],Four.,0.0,"['Four.', 'Four.', 'Four.', 'Five.', 'Five.', 'Four.', 'Four.', 'Four.', 'Four.', 'Four.']",0.5004024235381879,how many bears are visible?,,True,0.32561809404461245,1,correct_low
validation::1453,['people'],Animals.,0.0,"['Animals.', 'Animals.', 'Animals.', 'Animals.', 'Animals.', 'Animals.', 'Animals.', 'Animals.', 'Animals.', 'Animals.']",-0.0,Are there fewer animals or people?,,False,0.32561809404461245,0,incorrect_high
validation::1454,['9'],11,0.0,"['10', '11', '10', '11', '10', '11', '10', '11', '11', '10']",0.6931471805599453,How many people are in the boat?,,False,0.32561809404461245,1,incorrect_low
validation::1460,['wired'],Wired,1.0,"['Wired.', 'WIRED', 'Wired', 'Wired', 'Wired', 'Wired', 'Wired', 'Wired', 'Wired.', 'Wired']",-0.0,what is the magazine name written in green?,,True,0.32561809404461245,0,correct_high
validation::1461,['4'],4,1.0,"['3', '3', '3', '3', '4', '3', '3', '3', '3', '4']",0.5004024235381879,How many people wearing short-sleeved t-shirts?,,True,0.32561809404461245,1,correct_low
validation::1465,['31'],31,1.0,"['31', '31', '31', '31', '31', '31', '31', '31', '31', '31']",-0.0,What number is on the front of the train in the upper right hand corner?,,True,0.32561809404461245,0,correct_high
validation::1467,['2'],Two.,0.0,"['Two.', 'Two.', 'Two.', 'Two.', 'Two.', 'Two.', 'Two.', 'Two.', 'Two.', 'Two.']",-0.0,How many chairs are in the photo?,,True,0.32561809404461245,0,correct_high
validation::147,['4'],Three.,0.0,"['Three.', 'Three.', 'Three.', 'Three.', 'Three.', 'Three.', 'Three.', 'Three.', 'Three.', 'Three.']",-0.0,How many people are on the cover of the book?,,False,0.32561809404461245,0,incorrect_high
validation::1470,['lg'],LG,1.0,"['LG', 'LG', 'LG', 'LG', 'LG', 'LG', 'LG', 'LG', 'LG', 'LG']",-0.0,What brand of refrigerator is this?,,True,0.32561809404461245,0,correct_high
validation::1473,['8'],8,1.0,"['8', '8', '8', '8', '8', '8', '8', '8', '8', '8']",-0.0,What number is on the pole above the speed limit sign?,,True,0.32561809404461245,0,correct_high
validation::1474,['1'],One.,0.0,"['One.', 'One.', 'One.', 'One.', 'One.', 'One.', 'One.', 'One.', 'One.', 'One.']",-0.0,How many tattooed human hands can we see?,,True,0.32561809404461245,0,correct_high
validation::1478,['11:05'],1:27,0.0,"['1:52', '11:17', '1:27', '1:27', '4:22', '4:32', '1:27', '5:16', '11:17', '1:27']",1.4708084763221112,what time is it?,,False,0.32561809404461245,1,incorrect_low
validation::1479,['1'],One.,0.0,"['One.', 'One.', 'One.', 'One.', 'One.', 'One.', 'One.', 'One.', 'One.', 'One.']",-0.0,How many pillows are there?,,True,0.32561809404461245,0,correct_high
validation::148,['geico'],GEICO,1.0,"['GEICO', 'GEICO', 'GEICO.', 'GEICO', 'GEICO', 'GEICO.', 'GEICO', 'GEICO', 'GEICO', 'GEICO']",-0.0,What sponsor is visible in the blue section of the wall in the background?,,True,0.32561809404461245,0,correct_high
validation::1481,['1:12'],6:12,0.0,"['6:12', '6:12', '6:12', '6:12', '6:12', '6:12', '6:17', '6:12', '6:12', '6:17']",0.5004024235381879,What time is on the microwave?,,False,0.32561809404461245,1,incorrect_low
validation::1483,['street'],Sinema,0.0,"['Cinema', 'Sinama', 'Cinema', 'Sinema', 'Sinema', 'Cinema', 'Cinema', 'Cinema', 'Sinema', 'Sinema']",0.6931471805599453,what is the middle word on the building to the left?,,False,0.32561809404461245,1,incorrect_low
validation::1484,['blue'],Blue.,1.0,"['Blue.', 'Blue.', 'Blue.', 'Blue.', 'Blue.', 'Blue.', 'Blue.', 'Blue.', 'Blue.', 'Blue.']",-0.0,"The toilet is white, but what color are the toilet paper rolls on the back of the toilet?",,True,0.32561809404461245,0,correct_high
validation::1485,['blue'],Blue.,1.0,"['Purple.', 'Blue.', 'Blue.', 'Blue.', 'Purple.', 'Red.', 'Blue.', 'Blue.', 'Blue.', 'Blue.']",0.8018185525433372,What color is the symbol on the home button on the controller?,,True,0.32561809404461245,1,correct_low
validation::1486,['garlic'],Garlic cloves.,1.0,"['Garlic cloves.', 'Garlic cloves.', 'Garlic cloves.', 'Garlic cloves.', 'Garlic cloves.', 'Garlic cloves.', 'Garlic cloves.', 'Garlic cloves.', 'Garlic cloves.', 'Garlic cloves.']",-0.0,What are the three small white objects?,,True,0.32561809404461245,0,correct_high
validation::1489,['left'],Right eye.,0.0,"['Right eye.', 'Right eye.', 'Right eye.', 'Right eye.', 'Right eye.', 'Right eye.', 'Right eye.', 'Right eye.', 'Right eye.', 'Right eye.']",-0.0,Is the dog's left eye or right eye more visible?,,False,0.32561809404461245,0,incorrect_high
validation::1491,['black'],Black and gray.,1.0,"['Black and gray.', 'Black, dark gray, and black.', 'Black and gray.', 'Black and gray.', 'Black and blue.', 'Black and grey.', 'Black and gray.', 'Black and gray.', 'Black and dark blue.', 'Black and dark green.']",1.2275294114572126,What color are the shirts the men are wearing?,,False,0.32561809404461245,1,incorrect_low
validation::1492,['miami'],Miami.,1.0,"['Miami', 'Miami.', 'Miami.', 'Miami.', 'Miami', 'Miami.', 'Miami.', 'Miami.', 'Miami.', 'Miami.']",-0.0,What city is on the back wall?,,True,0.32561809404461245,0,correct_high
validation::150,['8164'],8164,1.0,"['8164', '8164', '8164', '8164', '8164', '8164', '8164', '8164', '8164', '8164']",-0.0,What numbers are on the train?,,True,0.32561809404461245,0,correct_high
validation::1501,['left'],His right elbow.,0.0,"['His right elbow.', 'His right elbow.', 'His right elbow.', 'His right elbow.', 'Left.', 'His right elbow.', 'His right elbow.', 'Left.', 'His right elbow.', 'His right elbow.']",0.5004024235381879,Which of his elbows is the man resting on the table?,,False,0.32561809404461245,1,incorrect_low
validation::1502,['4'],3,0.0,"['3', '3', '3', 'Three.', 'Three.', 'Three.', 'Three.', 'Three.', '3', '3']",-0.0,How many items are sitting directly on the stove?,,False,0.32561809404461245,0,incorrect_high
validation::1503,['left'],Left.,1.0,"['Left.', 'Left.', 'Left.', 'Left.', 'Left.', 'Left.', 'Left.', 'Left.', 'Left.', 'Left.']",-0.0,Is the rock to the right or left of the cow?,,True,0.32561809404461245,0,correct_high
validation::1505,['9'],10,0.0,"['10', '11', '11', '10', '11', '10', '11', '11', '11', '10']",0.6730116670092565,How man elephants are in the picture,,False,0.32561809404461245,1,incorrect_low
validation::1508,['10'],8,0.0,"['8', '8', '6', '8', '10', '8', '10', '6', '10', '6']",1.0888999753452238,How many fingers total are visible?,,False,0.32561809404461245,1,incorrect_low
validation::1510,['sharp'],Sharp,1.0,"['Sharp.', 'Sharp', 'Sharp', 'Sharp', 'Sharp', 'Sharp', 'Sharp', 'Sharp', 'Sharp', 'Sharp']",-0.0,What is the brand of the microwave oven?,,True,0.32561809404461245,0,correct_high
validation::1515,['white'],"Based on the image, the reader appears to be Asian.",0.0,"['Based on the image, the reader appears to be of Asian descent.', ""The reader's race is not discernible from the image."", 'Based on the image, the reader appears to be light-skinned.', 'Asian.', ""The reader's race is not discernible from the image."", 'Based on the image, the reader appears to be Asian.', 'Cannot be determined.', 'Based on the visible skin tone, the reader appears to be of Asian descent.', 'Based on the image, the reader appears to be light-skinned.', 'Asian']",1.7480673485460894,What race is the reader?,,False,0.32561809404461245,1,incorrect_low
validation::1516,['teapot'],A pitcher.,0.0,"['A teapot.', 'A teapot.', 'A teapot.', 'A pitcher.', 'A teapot.', 'A teapot.', 'A pitcher.', 'A teapot.', 'A teapot.', 'A teapot.']",0.5004024235381879,What is to the right of the flowers?,,False,0.32561809404461245,1,incorrect_low
validation::1519,['olive'],Olives.,0.0,"['Olives.', 'Olives.', 'Olives.', 'Olives.', 'Olives.', 'Olives.', 'Olives.', 'Olives.', 'Olives.', 'Olives.']",-0.0,What is the fruit that is seen on the cutting board behind the pizza?,,True,0.32561809404461245,0,correct_high
validation::152,['yellow'],Yellow.,1.0,"['Yellow.', 'Yellow.', 'Yellow.', 'Yellow.', 'Yellow.', 'Yellow.', 'Yellow.', 'Yellow.', 'Yellow.', 'Yellow.']",-0.0,what color is the bucket in his hand?,,True,0.32561809404461245,0,correct_high
validation::1520,['circle'],A semi-circle.,0.0,"['A semi-circle.', 'A curved shape.', 'A rough, uneven arc.', 'A semi-circle.', 'A semi-circle.', 'A curved shape.', 'A semi-circle.', 'A semi-circle.', 'An arch.', 'A horseshoe.']",1.3592367006650063,What shape is carved out in the bottom of the wall behind the Zebras?,,False,0.32561809404461245,1,incorrect_low
validation::1521,['1973'],1972,0.0,"['1973', '1979', '1973', '1972', '1972', '1973', '1973', '1972', '1979', '1972']",1.0549201679861442,What year is on the wineglasses?,,False,0.32561809404461245,1,incorrect_low
validation::1524,['5'],7,0.0,"['7', '7', '7', '7', '6', '7', '7', '6', '6', '7']",0.6108643020548935,How many people are standing?,,False,0.32561809404461245,1,incorrect_low
validation::1525,['h'],H,1.0,"['H', 'H', 'H', 'H', 'H', 'H', 'H', 'H', 'H', 'H']",-0.0,What is the letter closest to the clock?,,True,0.32561809404461245,0,correct_high
validation::1526,['tom'],Tom,1.0,"['Tom', 'Tom', 'Tom.', 'Tom', 'Tom.', 'Tom.', 'Tom.', 'Tom', 'Tom', 'Tom']",-0.0,what is the first name of the author of the thick blue book?,,True,0.32561809404461245,0,correct_high
validation::1527,['2'],One.,0.0,"['One.', 'One.', 'One.', 'One.', '1', 'One.', 'One.', 'One.', '1', 'One.']",-0.0,How many screw heads are visible?,,False,0.32561809404461245,0,incorrect_high
validation::153,['10'],10,1.0,"['10', '9', '10', '10', '10', '9', '10', '10', '10', '10']",0.5004024235381879,How many surfboards are there?,,True,0.32561809404461245,1,correct_low
validation::1530,['5'],4,0.0,"['5', '4', '3', '4', '3', '5', '5', '4', '3', '4']",1.0888999753452238,How many sheep have blue on their backs?,,False,0.32561809404461245,1,incorrect_low
validation::1533,['taking a photo'],Looking at his phone.,0.0,"['Looking at his phone.', 'Looking at his phone.', 'Looking at his phone.', 'Looking at his phone.', 'Taking a photo.', 'Looking at his phone.', 'Looking at his phone.', 'Looking at his phone.', 'Looking at his phone.', 'Looking at his phone.']",0.3250829733914482,What is the man doing?,,False,0.32561809404461245,0,incorrect_high
validation::1538,['3'],Two.,0.0,"['Two.', 'Two.', 'Two.', 'Two.', 'Two.', 'Two.', 'Two.', 'Two.', 'Two.', 'Two.']",-0.0,How many train tracks are there?,,False,0.32561809404461245,0,incorrect_high
validation::154,['unanswerable'],Grass.,0.0,"['Grass.', 'Grass.', 'Grass.', 'Grass.', 'Grass.', 'Grass.', 'Grass.', 'Grass.', 'Grass.', 'Grass.']",-0.0,What is laying on the ground behind the bench?,,False,0.32561809404461245,0,incorrect_high
validation::1543,['blue'],Blue.,1.0,"['Blue.', 'Blue.', 'Blue.', 'Green.', 'Blue.', 'Blue.', 'Blue.', 'Blue.', 'Green.', 'Blue.']",0.5004024235381879,What other colour is on the right side of the empty white bowl at the front bottom centre-left of the centre section?,,True,0.32561809404461245,1,correct_low
validation::1544,['rocks'],Vegetation.,0.0,"['Vegetation.', 'Vegetation.', 'Vegetation.', 'Vegetation.', 'Vegetation.', 'Vegetation.', 'Vegetation.', 'Vegetation.', 'Vegetation.', 'Vegetation.']",-0.0,what lines the side of the train tracks?,,False,0.32561809404461245,0,incorrect_high
validation::1546,['trolley'],Tram.,0.0,"['Tram.', 'Tram.', 'Trolley car.', 'Trolleybus.', 'Trolleybus.', 'Trolleybus.', 'Tram.', 'Trolleybus.', 'Tram.', 'Tram.']",0.9433483923290392,What type is the brown vehicle?,,True,0.32561809404461245,1,correct_low
validation::1547,['right'],One.,0.0,"['One.', 'One.', 'One.', 'One.', 'One hand is visible.', 'One.', 'One.', 'One hand is visible.', 'One hand is visible.', 'One.']",-0.0,Which of the skateboarders hands are visible.,,False,0.32561809404461245,0,incorrect_high
validation::1548,['24'],24 hours.,1.0,"['24 hours.', '24 hours', '24 hours.', '24 hours.', '24 hours.', '24 hours.', '24 hours.', '24 hours.', '24 hours', '24 hours.']",-0.0,How many hours a day is the diner open?,,True,0.32561809404461245,0,correct_high
validation::1549,['left'],Left.,1.0,"['Left.', 'Left.', 'Left.', 'Left.', 'Left.', 'Left.', 'Left.', 'Left.', 'Left.', 'Left.']",-0.0,Is the floor drain to the left or right of the toilet?,,True,0.32561809404461245,0,correct_high
validation::1550,['3'],Two.,0.0,"['Two.', 'Two.', 'Two.', 'Two.', 'Two.', 'Two.', 'Two.', 'Two.', 'Two.', 'Two.']",-0.0,How many umbrellas have blue stripes?,,False,0.32561809404461245,0,incorrect_high
validation::1551,['brown'],Green.,0.0,"['Green.', 'Green.', 'Green.', 'Green.', 'Green', 'Green.', 'Green.', 'Green.', 'Green.', 'Green.']",-0.0,What color is the leaf in the sand?,,False,0.32561809404461245,0,incorrect_high
validation::156,['tongs'],Tongs.,1.0,"['Tongs.', 'Tongs.', 'Tongs.', 'Tongs.', 'Tongs.', 'Tongs.', 'Tongs.', 'Tongs.', 'Tongs.', 'Tongs.']",-0.0,What utensil is being used to handle the sausages?,,True,0.32561809404461245,0,correct_high
validation::1563,['2'],21,0.0,"['21.', '21.', '21', '21.', '21', '21.', '21', '2', '21', '21']",0.3250829733914482,What is the number on the building above the red door?,,False,0.32561809404461245,0,incorrect_high
validation::1565,['carnival'],Carnival.,1.0,"['Carnival.', 'Carnival.', 'Carnival.', 'Carnival.', 'Carnival.', 'Carnival.', 'Carnival.', 'Carnival.', 'Carnival.', 'Carnival.']",-0.0,What cruise line do the ships belong to?,,True,0.32561809404461245,0,correct_high
validation::1566,['1'],7,0.0,"['7', '7', '7', '8', '8', '8', '8', '7', '8', '7']",0.6931471805599453,how many birds with long legs?,,False,0.32561809404461245,1,incorrect_low
validation::1568,['toilet lid'],A stool.,0.0,"['A stool.', 'A stool.', 'A stool.', 'A stool.', 'A stool.', 'A stool.', 'A stool.', 'A stool.', 'A stool.', 'A stool.']",-0.0,what is leaning against the wall on the floor?,,False,0.32561809404461245,0,incorrect_high
validation::1569,['grass'],Grass.,1.0,"['Grass.', 'Grass.', 'Grass.', 'Grass.', 'Grass.', 'Grass.', 'Grass.', 'Grass.', 'Grass.', 'Grass.']",-0.0,What is the sheep laying in?,,True,0.32561809404461245,0,correct_high
validation::157,['white'],Red.,0.0,"['Red.', 'Red', 'Red.', 'Red.', 'Red', 'Red.', 'Red.', 'Red.', 'Red.', 'Red.']",-0.0,What color is the flower just to the left of the bench?,,False,0.32561809404461245,0,incorrect_high
validation::1573,['3'],Three.,0.0,"['3', 'Three.', 'Three.', 'Three.', 'Three.', '3', 'Three.', 'Three.', '3', 'Three.']",-0.0,How many trees are in the foreground?,,True,0.32561809404461245,0,correct_high
validation::1575,['3'],3,1.0,"['3', '3', '3', '3', '3', '3', '3', '3', '3', '3']",-0.0,"Including humans, how many animals are there?",,True,0.32561809404461245,0,correct_high
validation::1576,['pink'],Pink.,1.0,"['Pink.', 'Purple.', 'Pink.', 'Pink.', 'Pink.', 'Pink.', 'Pink.', 'Pink.', 'Pink.', 'Purple.']",0.5004024235381879,What color backpack does the girl with green shoes have?,,True,0.32561809404461245,1,correct_low
validation::1579,['3'],Three.,0.0,"['Three', 'Three.', 'Three.', 'Three.', 'Three.', 'Three.', '3', 'Three.', 'Three.', 'Three.']",-0.0,how many people are skiing?,,True,0.32561809404461245,0,correct_high
validation::1580,['2'],Three.,0.0,"['Three.', 'Three.', 'Three.', 'Three.', 'Three.', 'Three.', 'Three.', 'Three.', 'Two.', 'Three.']",0.3250829733914482,how many cabinets are in the vanity?,,False,0.32561809404461245,0,incorrect_high
validation::1582,['3'],2,0.0,"['2', '2', '2', '2', '2', 'Two.', '2', 'Two.', 'Two.', '2']",-0.0,How many pizza boxes in total?,,False,0.32561809404461245,0,incorrect_high
validation::1589,['2'],Two.,0.0,"['Two.', 'Two.', 'Two.', 'Two.', 'Two.', 'Two.', 'Two.', 'Two.', 'Two.', 'Two.']",-0.0,How many clear containers are there?,,True,0.32561809404461245,0,correct_high
validation::1593,['2125'],C2125,0.0,"['C2125', 'C 2125', 'C2125', 'C2125', 'C2125', 'C2125', 'C2125', 'C2125', 'C2125', 'C2125']",-0.0,What numbers are written on the yellow carriage of the train?,,True,0.32561809404461245,0,correct_high
validation::1594,['1'],One.,0.0,"['One.', 'One.', 'One.', 'One.', 'One.', 'One.', 'One.', 'One.', 'One.', 'One.']",-0.0,How many wings of the bird can be seen?,,True,0.32561809404461245,0,correct_high
validation::1596,['fence'],A fence.,1.0,"['A fence.', 'A fence.', 'A fence.', 'A fence.', 'A fence.', 'A fence.', 'A fence.', 'A fence.', 'A fence.', 'A fence.']",-0.0,What do the posts in the grass make up?,,True,0.32561809404461245,0,correct_high
validation::1598,['animal'],Animal hair.,1.0,"['Animal hair.', 'Animal hair.', 'Animal hair.', 'Animal hair.', 'Animal hair.', 'Animal hair.', 'Animal hair.', 'Animal hair.', 'Animal hair.', 'Animal hair.']",-0.0,is it human hair or animal hair?\,,True,0.32561809404461245,0,correct_high
validation::1599,['2'],Two.,0.0,"['Two.', '3', 'Two.', '1', 'Two.', '3', 'Two.', '2', '6', '2']",1.0888999753452235,How many numbers are top of the boat?,,True,0.32561809404461245,1,correct_low
validation::160,['hose'],A roll of toilet paper.,0.0,"['A roll of toilet paper.', 'A roll of toilet paper.', 'A roll of toilet paper.', 'A roll of toilet paper.', 'A roll of toilet paper.', 'A roll of toilet paper.', 'A roll of toilet paper.', 'A roll of toilet paper.', 'A roll of toilet paper.', 'A roll of toilet paper.']",-0.0,What is next to the toilet mounted on the shelf?,,False,0.32561809404461245,0,incorrect_high
validation::1601,['2'],3,0.0,"['3', '3', '3', '3', '3', '3', 'Three.', '3', '3', '3']",-0.0,How many times is his mouth open?,,False,0.32561809404461245,0,incorrect_high
validation::1606,['101'],101,1.0,"['101', '101', '101', '101', '101', '101', '101', '101', '101', '101']",-0.0,What numbers are on the bus?,,True,0.32561809404461245,0,correct_high
validation::1611,['down'],Downward.,0.0,"['Downward.', 'Up and to the right.', 'Upwards.', 'Downward.', 'Downward.', 'Downward.', 'Downwards.', 'Diagonally upward and to the right.', 'Downward.', 'Downward.']",0.9404479886553264,What direction is the plane flying?,,True,0.32561809404461245,1,correct_low
validation::1614,['poop'],Elephant dung.,0.0,"['Feces.', 'Elephant dung.', 'Elephant dung.', 'Elephant dung.', 'Feces.', 'Elephant dung.', 'Feces.', 'Elephant dung.', 'Feces.', 'Elephant dung.']",0.6730116670092565,What's on the ground next to the trunk?,,True,0.32561809404461245,1,correct_low
validation::1616,['bag'],A phone.,0.0,"['A phone.', 'A phone.', 'A phone.', 'A phone.', 'A phone.', 'A phone.', 'A phone.', 'A phone.', 'A phone.', 'A phone.']",-0.0,What is the person wearing yellow pants holding in their hand?,,False,0.32561809404461245,0,incorrect_high
validation::1617,['canon'],Canon,1.0,"['Canon', 'Canon.', 'Canon', 'Canon', 'Canon.', 'Canon.', 'Canon.', 'Canon.', 'Canon', 'Canon']",-0.0,What brand is the scanner?,,True,0.32561809404461245,0,correct_high
validation::1623,['3'],Zero.,0.0,"['There are no tiny white flowers in the image.', 'Zero.', 'Zero.', 'Zero.', 'Zero.', 'Zero.', 'Zero.', 'Zero.', 'Zero.', 'Zero.']",0.3250829733914482,how many tiny white flowers are there?,,False,0.32561809404461245,0,incorrect_high
validation::1626,"['green, orange and white']",Orange and white.,1.0,"['Orange, white, and green.', 'Orange, white, and green.', 'Orange and white.', 'Orange, white, and green.', 'Orange, white, and green.', 'Orange and white.', 'Orange and white.', 'Orange and white.', 'Orange and white.', 'Orange and white.']",0.6730116670092565,what colors are the vegetables,,False,0.32561809404461245,1,incorrect_low
validation::1631,['shoe'],A pear.,0.0,"[""It's shaped like a pear."", 'A pear.', 'A pear.', 'A gourd.', 'A pear.', 'A pear.', 'A gourd.', 'A pear.', ""It's shaped like a pear."", ""It's shaped like a pear.""]",0.5004024235381879,What is the blue vase on the bottom shelf shaped like?,,False,0.32561809404461245,1,incorrect_low
validation::1635,['56'],56,1.0,"['56', '56', '56', '56', '56', '56', '56', '56', '56', '56']",-0.0,what number is on catchers shirt?,,True,0.32561809404461245,0,correct_high
validation::1636,['6'],8,0.0,"['Seven.', '7', '8', 'Seven.', 'Seven.', '8', 'Seven.', 'Seven.', '7', 'Seven.']",0.5004024235381879,how many buttons on the wand?,,False,0.32561809404461245,1,incorrect_low
validation::1637,['4'],Three.,0.0,"['3', 'Three.', 'Three.', 'Three.', 'Three.', 'Three.', 'Three.', 'Three.', '3', 'Three.']",-0.0,How many people total are under the umbrellas?,,False,0.32561809404461245,0,incorrect_high
validation::1638,['left'],Left.,1.0,"['Left.', 'Left.', 'Left.', 'Left.', 'Left.', 'Left.', 'Left.', 'Left.', 'Left.', 'Left.']",-0.0,which hand is nearest to the surfboard?,,True,0.32561809404461245,0,correct_high
validation::1639,['washington summit'],Mount Washington.,1.0,"['Mount Washington.', 'Mount Washington.', 'Mount Washington.', 'Mount Washington.', 'Mount Washington.', 'Mount Washington.', 'Mount Washington.', 'Mount Washington.', 'Mount Washington.', 'Mount Washington']",-0.0,What is the name of this location?,,True,0.32561809404461245,0,correct_high
validation::1645,['4'],Three.,0.0,"['Three.', 'Three.', 'Three.', 'Three.', 'Three.', 'Three.', 'Three.', 'Three.', 'Three.', 'Three.']",-0.0,How many colors are there on the right handed man's convention badge?,,False,0.32561809404461245,0,incorrect_high
validation::1646,['banana'],A banana.,1.0,"['A banana.', 'A banana.', 'A banana.', 'A banana.', 'A banana.', 'A banana.', 'A banana.', 'A banana.', 'A banana.', 'A banana.']",-0.0,What is on the phone?,,True,0.32561809404461245,0,correct_high
validation::165,['1'],3,0.0,"['3', '3', '3', '3', '3', '3', '3', '3', '3', '3']",-0.0,How many people are sitting?,,False,0.32561809404461245,0,incorrect_high
validation::1650,['pineapple'],Pineapple.,1.0,"['Pineapple.', 'Pineapple.', 'Pineapple.', 'Pineapple.', 'Pineapple.', 'Pineapple.', 'Pineapple.', 'Pineapple.', 'Pineapple.', 'Pineapple.']",-0.0,What fruit is sitting in the grass?,,True,0.32561809404461245,0,correct_high
validation::1651,['girl'],A woman with a hat.,0.0,"['A woman with a bonnet.', 'A woman with a bow.', 'A woman with a flower crown.', 'A woman with a vintage hat.', 'A woman in a vintage dress and hat.', 'A woman with a flower crown.', 'A woman with a hat.', 'A woman in a vintage style hat.', 'A woman with a bow.', 'A woman with a bow in her hair.']",1.7480673485460894,what is the drawing of above the website banner?,,True,0.32561809404461245,1,correct_low
validation::1652,['ed'],Ed,1.0,"['Ed', 'Ed', 'Ed', 'Ed', 'Ed', 'Ed', 'Ed', 'Ed', 'Ed', 'Ed']",-0.0,What is the first word written in the bottom right?,,True,0.32561809404461245,0,correct_high
validation::1654,['riding helmet'],Riding helmet.,1.0,"['Riding helmet.', 'Riding helmet.', 'Riding helmet.', 'Riding helmet.', 'Riding helmet.', 'Riding helmet.', 'A riding helmet.', 'Western-style helmet.', 'A riding helmet.', 'Riding helmet.']",0.3250829733914482,what type of helmet is she wearing?,,True,0.32561809404461245,0,correct_high
validation::1657,['24'],24,1.0,"['22', '18', '16', '28', '23', '18', '18', '18', '22', '26']",1.6094379124341,What is the total number of screws in the photo?,,True,0.32561809404461245,1,correct_low
validation::1658,['camera'],Headphones.,0.0,"['Headphones.', 'Headphones.', 'Headphones.', 'Headphones.', 'Headphones.', 'Headphones.', 'Headphones.', 'Headphones.', 'Headphones.', 'Headphones.']",-0.0,What is in the man's hand?,,False,0.32561809404461245,0,incorrect_high
validation::1659,['grey'],Red.,0.0,"['Red.', 'Red.', 'Red.', 'Red.', 'Red.', 'Red.', 'Red.', 'Red.', 'Red.', 'Red.']",-0.0,What color are the pants of the man on the right?,,False,0.32561809404461245,0,incorrect_high
validation::1666,['cheese'],Paneer.,0.0,"['Paneer.', 'Paneer.', 'Paneer.', 'Paneer.', 'Paneer.', 'Paneer.', 'Paneer.', 'Paneer.', 'Paneer.', 'Paneer.']",-0.0,What is next two the banana?,,False,0.32561809404461245,0,incorrect_high
validation::1667,['4'],6,0.0,"['7', '7', '8', '7', '6', '8', '6', '8', '7', '8']",1.0549201679861442,"On the box to the right of the train, how many door hinges are present?",,False,0.32561809404461245,1,incorrect_low
validation::1669,['spikes'],Spikes.,1.0,"['Studs.', 'Spikes.', 'Spikes.', 'Spikes.', 'Spikes.', 'Spikes.', 'Spikes.', 'Spikes.', 'Spikes.', 'Studs.']",-0.0,What is on the dog's collar?,,True,0.32561809404461245,0,correct_high
validation::1671,['0'],Zero.,0.0,"['Zero.', 'Zero.', 'Zero.', 'Zero.', 'Zero.', 'Zero.', 'Zero.', 'Zero.', 'Zero.', 'Zero.']",-0.0,How many kittens are present with the adult cat?,,True,0.32561809404461245,0,correct_high
validation::1675,['spatula'],A knife.,0.0,"['A knife.', 'A knife.', 'A knife.', 'A knife.', 'A knife.', 'A knife.', 'A knife.', 'A knife.', 'A knife.', 'A knife.']",-0.0,What tool is the lady wearing yellow holding?,,False,0.32561809404461245,0,incorrect_high
validation::1676,['2'],Two.,0.0,"['Two.', 'Two.', 'Two.', 'Two.', 'Two.', 'Two.', 'Two.', 'Two.', 'Two.', 'Two.']",-0.0,How many blades in the plane's propeller?,,True,0.32561809404461245,0,correct_high
validation::1677,['2'],2,1.0,"['2', '2', '2', '2', '2', '2', '2', '2', '2', '2']",-0.0,What is the first number on the top left-hand side of the photo?,,True,0.32561809404461245,0,correct_high
validation::1679,['grey'],Blue.,0.0,"['Blue.', 'Blue.', 'Blue.', 'Blue.', 'Blue.', 'Blue.', 'Blue.', 'Blue.', 'Blue.', 'Blue.']",-0.0,What color is the key fob that has no keys on it?,,False,0.32561809404461245,0,incorrect_high
validation::1681,['wires'],Wires.,1.0,"['Wires.', 'Wires/cables.', 'Wires.', 'Wires/cables.', 'Wires.', 'Wires.', 'Wiring.', 'Wires/cables.', 'Wires.', 'Wires.']",0.6730116670092565,What is coming out of the ceiling?,,True,0.32561809404461245,1,correct_low
validation::1683,['2'],One.,0.0,"['One.', 'One.', 'One.', 'One.', 'One.', 'One.', 'One.', 'One.', 'One.', 'One.']",-0.0,How many sheep are in the picture?,,False,0.32561809404461245,0,incorrect_high
validation::1684,['7'],XII,0.0,"['XII', 'VI', 'XII', 'XII', 'VI', 'XII', 'VIII', 'VIII', 'VI', 'VI']",1.0549201679861442,Which roman numeral is the small hand pointing at?,,False,0.32561809404461245,1,incorrect_low
validation::1685,['5:18'],5:18,1.0,"['5:18', '5:18', '5:18', '5:18', '5:18', '5:18', '5:18', '5:18', '5:18', '5:18']",-0.0,What is the time presented on the microwave?,,True,0.32561809404461245,0,correct_high
validation::1686,['train'],A train.,1.0,"['A train.', 'A train.', 'A train.', 'A train.', 'A train.', 'A train.', 'A train.', 'A train.', 'A train.', 'A train.']",-0.0,What is keeping the bus from traveling through the intersection?,,True,0.32561809404461245,0,correct_high
validation::1687,['looking out window'],Waving.,0.0,"['Waving.', 'Waving.', 'Waving.', 'Waving.', 'Waving.', 'Waving.', 'Waving.', 'Waving.', 'Waving.', 'Waving.']",-0.0,what is the man doing,,False,0.32561809404461245,0,incorrect_high
validation::1689,['3'],Two.,0.0,"['Two.', 'Two.', 'Two.', 'Two.', 'Two.', 'Two.', 'Two.', 'Two.', 'Two.', 'Two.']",-0.0,How many horses are there?,,False,0.32561809404461245,0,incorrect_high
validation::1690,['8'],12,0.0,"['12', '12', '12', '12', '12', '12', '12', '12', '12', '12']",-0.0,How many handles are on the cabinet?,,False,0.32561809404461245,0,incorrect_high
validation::1693,['black'],Blue.,0.0,"['Blue.', 'Blue.', 'Blue.', 'Blue.', 'Blue.', 'Blue.', 'Blue.', 'Blue.', 'Blue.', 'Blue.']",-0.0,What color is the main color of the material right on top of the elephants' body but below the wooden structures?,,False,0.32561809404461245,0,incorrect_high
validation::1694,['pipe'],A door.,0.0,"['A doorway.', 'A door.', 'A door.', 'A door.', 'A door.', 'A doorway.', 'A door.', 'A doorway.', 'A door.', 'A door.']",-0.0,what is on the wall to the right side of the picture?,,False,0.32561809404461245,0,incorrect_high
validation::170,['anza and 21st'],Anza and 21st Street.,1.0,"['Anza and 21st Street.', 'Anza and 21st Street.', 'Anza and 21st Street.', 'Anza Street and 21st Street.', 'Anza and 21st Street.', 'Anza and 21st Street.', 'Anza and 21st Street.', 'Anza and 21st Street.', 'Anza Street and 21st Street.', 'Anza and 21st Street.']",-0.0,What two streets intersect here?,,True,0.32561809404461245,0,correct_high
validation::1700,['toto'],Toto,1.0,"['Toto', 'Toto', 'Toto', 'Toto', 'Toto', 'Toto', 'Toto', 'Toto', 'Toto', 'Toto']",-0.0,What four-letter word can be seen on the toilet bowl?,,True,0.32561809404461245,0,correct_high
validation::1703,['left'],Right.,0.0,"['Right.', 'Right.', 'Right.', 'Right.', 'Right.', 'Right.', 'Right.', 'Right.', 'Right.', 'Right.']",-0.0,Which direction is the bird facing?,,False,0.32561809404461245,0,incorrect_high
validation::1709,['left'],Away from the viewer.,0.0,"['Away.', 'Away from the viewer.', 'Away from the viewer.', 'Away from the viewer.', 'Away from the viewer.', 'Away from the viewer.', 'Away from the viewer.', 'Away from the viewer.', 'Away.', 'Right.']",0.8018185525433372,Which way is the plane going?,,False,0.32561809404461245,1,incorrect_low
validation::1710,['stripped'],Tortoiseshell.,0.0,"['Tortoiseshell.', 'Tortoiseshell.', 'Tortoiseshell.', 'Tortoiseshell.', 'Tortoiseshell.', 'Tortoiseshell.', 'Tortoiseshell.', 'Tortoiseshell.', 'Tortoiseshell.', 'Tortoiseshell.']",-0.0,What pattern are the bear's glasses?,,False,0.32561809404461245,0,incorrect_high
validation::1716,['teddy bear'],A pencil.,0.0,"['A pencil.', 'A pencil.', 'A pencil.', 'A pencil.', 'A pencil.', 'A pencil.', 'A pencil.', 'A pencil.', 'A pencil.', 'A pencil.']",-0.0,what is in her right hand?,,False,0.32561809404461245,0,incorrect_high
validation::1719,['8'],86,0.0,"['86', '86', '86', '86', '86', '86', '86', '86', '86', '86']",-0.0,What is the first number in the number sequence on the front side of the train?,,False,0.32561809404461245,0,incorrect_high
validation::1720,['2'],One.,0.0,"['One.', 'One.', 'One.', 'Two.', 'Two.', 'One.', 'One.', 'One.', 'One.', 'One.']",0.5004024235381879,How many of the four men have knee braces on one knee?,,False,0.32561809404461245,1,incorrect_low
validation::1725,['2'],6,0.0,"['6', '6', '6', '6', '6', '6', '6', '6', '6', '5']",0.3250829733914482,How many people are not standing?,,False,0.32561809404461245,0,incorrect_high
validation::1726,['1'],Two.,0.0,"['Two.', 'Two.', 'Two.', 'Two.', 'Two.', 'Two.', 'Two.', 'Two.', 'Two.', 'Two.']",-0.0,How many socks are there?,,False,0.32561809404461245,0,incorrect_high
validation::1728,['7'],8,0.0,"['8', '8', '8', '7', '8', '7', '8', '8', '7', '8']",0.6108643020548935,How many people are seen?,,False,0.32561809404461245,1,incorrect_low
validation::1729,['rear'],Head.,0.0,"['Head.', 'Head.', 'Head.', 'Head.', 'Head.', 'Head.', 'Head.', 'Head.', 'Head.', 'Head.']",-0.0,Is the giraffe's head or rear closer to the right side of the image?,,False,0.32561809404461245,0,incorrect_high
validation::1730,['bra'],Bra strap.,1.0,"['Bra strap.', 'A bra strap.', 'Bra strap.', 'Bra strap.', 'Bra strap.', 'Bra strap.', 'Bra strap.', 'Bra strap.', 'A bra strap.', 'Bra strap.']",-0.0,What kind of strap is visible under the woman's shirt?,,True,0.32561809404461245,0,correct_high
validation::1735,['2'],Three.,0.0,"['Two.', 'Three.', '3', 'Three.', 'Three.', 'Three.', 'Three.', '3', '3', 'Three.']",0.3250829733914482,How many speakers are in the photo?,,False,0.32561809404461245,0,incorrect_high
validation::1739,['2'],Two.,0.0,"['Two.', 'Two.', 'Two.', 'Two.', 'Two.', 'Two.', 'Two.', 'Two.', 'Two.', 'Two.']",-0.0,How many buoys are shown in the image?,,True,0.32561809404461245,0,correct_high
validation::1740,['o'],P,0.0,"['P', 'P', 'P', 'P', 'P', 'P', 'P', 'P', 'P', 'P']",-0.0,What is the penultimate letter on the stop sign?,,False,0.32561809404461245,0,incorrect_high
validation::1741,['elgant'],Eligan,0.0,"['Eligan.', 'Elgan.', 'Eligan', 'Eligan', 'Elpan', 'Elpan', 'Eligan', 'Eligan', 'Eligan', 'Eligan']",0.5004024235381879,What word follows Samuel?,,False,0.32561809404461245,1,incorrect_low
validation::1743,['sign'],A tree.,0.0,"['A tree.', 'A tree.', 'A tree.', 'A tree.', 'A tree.', 'A tree.', 'A tree.', 'A tree.', 'A tree.', 'A tree.']",-0.0,What is on the left side of the pole in front of the guy?,,False,0.32561809404461245,0,incorrect_high
validation::1744,['1080'],88,0.0,"['34', '88', '18, 28', '34', '88', '78', '44', '88', '88', '19, 22']",1.6094379124341,What numbers are written on the bottom of the skateboard?,,False,0.32561809404461245,1,incorrect_low
validation::1745,['6:52'],10:25,0.0,"['10:24', '10:23', '10:54', '1:31', '10:22', '1:26', '1:42', '10:25', '10:28', 'Approximately 11:53.']",2.302585092994045,what time is it?,,False,0.32561809404461245,1,incorrect_low
validation::175,['2'],Two.,0.0,"['Two.', 'Two.', 'Two.', 'Two.', 'Two.', 'Two.', 'Two.', 'Two.', 'Two.', 'Two.']",-0.0,How many children are sitting?,,True,0.32561809404461245,0,correct_high
validation::1750,['right'],Right.,1.0,"['Right.', 'Right.', 'Right.', 'Right.', 'Right.', 'Right.', 'Right.', 'Right.', 'Right.', 'Right.']",-0.0,Are the bears facing towards the left or right side of the image?,,True,0.32561809404461245,0,correct_high
validation::1751,['13'],14,0.0,"['12', '13', '15', '13', '14', '14', '15', '12', '15', '15']",1.3321790402101223,How many yellow flowers are there?,,False,0.32561809404461245,1,incorrect_low
validation::1758,['pillow'],A floral pillow.,1.0,"['A floral pillow.', 'A floral pillow.', 'A floral pillow.', 'A floral patterned pillow.', 'A floral patterned pillow.', 'A floral patterned pillow.', 'A floral pillow.', 'A floral pillow.', 'A floral pillow.', 'A floral-patterned pillow.']",-0.0,What is the small cat laying on?,,True,0.32561809404461245,0,correct_high
validation::1761,['2'],Two.,0.0,"['Two.', 'Two.', 'Two.', 'Two.', 'Two.', 'Two.', 'Two.', 'Two.', 'Two.', 'Two.']",-0.0,How many bird's legs are visible in front of the bench?,,True,0.32561809404461245,0,correct_high
validation::1767,['13'],14,0.0,"['16', '14', '14', '15', '14', '14', '14', '15', '16', '14']",0.9502705392332348,How many people are there?,,False,0.32561809404461245,1,incorrect_low
validation::1772,['player'],Player.,1.0,"['Player.', 'Player.', 'Player.', 'Player.', 'Coach.', 'Player.', 'Player.', 'Player.', 'Player.', 'Coach.']",0.5004024235381879,Is the person wearing number 6 a player or a coach?,,True,0.32561809404461245,1,correct_low
validation::1773,['m'],C,0.0,"['N', 'C', 'N', 'C', 'C', 'R', 'N', 'N', 'M', 'N']",1.1682824501765623,What letter is seen on the box?,,False,0.32561809404461245,1,incorrect_low
validation::1774,['2'],One.,0.0,"['One.', 'One.', 'One.', 'One.', 'One.', 'One.', 'One.', 'One.', 'One.', 'One.']",-0.0,how many people are crossing the street?,,False,0.32561809404461245,0,incorrect_high
validation::1779,['2'],2,1.0,"['Two.', '2', '2', '2', '2', '2', '2', 'Two.', 'Two.', '2']",-0.0,How many people in the picture are wearing a watch?,,True,0.32561809404461245,0,correct_high
validation::1784,['peel'],Stickers.,0.0,"['Sticker.', 'Stickers.', 'Stickers.', 'Stickers.', 'Sticker.', 'Stickers.', 'Stickers.', 'Sticker.', 'Stickers.', 'Stickers.']",-0.0,What do you have to remove to eat these items?,,False,0.32561809404461245,0,incorrect_high
validation::1786,['keybank'],KeyBank,1.0,"['KeyBank', 'KeyBank', 'KeyBank', 'KeyBank', 'KeyBank', 'KeyBank', 'KeyBank', 'KeyBank', 'KeyBank', 'KeyBank']",-0.0,What does the sign above the clock say?,,True,0.32561809404461245,0,correct_high
validation::1790,['coffee maker'],Coffee maker.,1.0,"['Coffee maker', 'Coffee maker.', 'Coffee maker.', 'Coffee maker', 'Coffee maker', 'Coffee maker.', 'Coffee maker.', 'Coffee maker.', 'Coffee maker', 'Coffee maker']",-0.0,"Which of the following appliances is NOT pictured: microwave, coffee maker or dishwasher?",,True,0.32561809404461245,0,correct_high
validation::1793,['2'],1,0.0,"['1', '1', '1', '1', '1', '1', '1', '1', '1', '1']",-0.0,how many people in view are holding drinks?,,False,0.32561809404461245,0,incorrect_high
validation::1795,['warning'],Warning tag.,1.0,"['Safety tag.', 'Safety tag.', 'Electrical safety tag.', 'Safety tag.', 'Warning tag.', 'Safety tag.', 'Safety tag.', 'Safety tag.', 'Safety tag.', 'Warning tag.']",0.8018185525433373,what kind of tag is attached to the device?,,True,0.32561809404461245,1,correct_low
validation::1797,['vodafone'],Vodafone.,1.0,"['Vodafone.', 'Vodafone.', 'Vodafone.', 'Vodafone', 'Vodafone', 'Vodafone.', 'Vodafone.', 'Vodafone', 'Vodafone', 'Vodafone.']",-0.0,What brand is the phone?,,True,0.32561809404461245,0,correct_high
validation::1799,['2'],Two.,0.0,"['Two.', 'Two.', 'Two.', 'Two.', 'Two.', 'Two.', 'Two.', 'Two.', 'Two.', 'Two.']",-0.0,How many people are visible?,,True,0.32561809404461245,0,correct_high
validation::1801,['left'],The giraffe on the right.,0.0,"['The giraffe on the right.', 'The giraffe on the right.', 'The giraffe on the right.', 'The giraffe on the right.', 'The giraffe on the right.', 'The giraffe on the right.', 'The giraffe on the right.', 'The giraffe on the right.', 'The giraffe on the right.', 'The giraffe on the right.']",-0.0,Which animal is taller?,,False,0.32561809404461245,0,incorrect_high
validation::1802,['disneyland'],Disneyland,1.0,"['Disneyland.', 'Disneyland', 'Disneyland', 'Disneyland.', 'Disneyland', 'Disneyland.', 'Disneyland', 'Disneyland.', 'Disneyland', 'Disneyland.']",-0.0,What amusement park is this trolley in?,,True,0.32561809404461245,0,correct_high
validation::1803,['m'],M,1.0,"['M', 'M', 'M', 'M', 'M', 'M', 'M', 'M', 'M', 'M']",-0.0,"Which letter is NOT on the plane: S, P or M?",,True,0.32561809404461245,0,correct_high
validation::1804,['outside'],Inside the store.,0.0,"['Inside the store.', 'In the store window.', 'Inside the store.', 'Inside the store.', 'Inside the store.', 'Inside the store.', 'In the store window.', 'Inside the store.', 'Inside the store.', 'In the store window.']",0.6108643020548935,where are the balloons?,,False,0.32561809404461245,1,incorrect_low
validation::1806,['desk'],A desk.,1.0,"['A desk.', 'A desk.', 'A desk.', 'A desk.', 'A desk.', 'A desk.', 'A desk.', 'A desk.', 'A desk.', 'A desk.']",-0.0,what is the cat sleeping on,,True,0.32561809404461245,0,correct_high
validation::1807,['1'],#,0.0,"['8', '3', '#', '#', '#', '#', '3', '#', '7', '3']",1.1682824501765623,What number is on the cup with the pens in it?,,True,0.32561809404461245,1,correct_low
validation::1811,['main'],Main.,1.0,"['Main.', 'Main.', 'Main.', 'Main.', 'Main.', 'Commerce.', 'Main.', 'Spring.', 'Main.', 'Main.']",0.639031859650177,what word is on the green street sign?,,True,0.32561809404461245,1,correct_low
validation::1812,['2'],Three.,0.0,"['Three.', 'Three.', 'Three.', 'Three.', 'Three.', 'Three.', 'Three.', 'Three.', 'Three.', 'Three.']",-0.0,How many of the top three riders are wearing the same color jerseys?,,False,0.32561809404461245,0,incorrect_high
validation::1815,['4'],4,1.0,"['Four.', '4', '4', 'Four.', '4', 'Four.', '4', 'Four.', '4', '4']",-0.0,How many skaters are there?,,True,0.32561809404461245,0,correct_high
validation::1817,['2'],Two.,0.0,"['Two.', 'Two.', 'Two.', 'Two.', 'Two.', 'Two.', 'Two.', 'Two.', 'Two.', 'Two.']",-0.0,how many graves does this marker represent?,,True,0.32561809404461245,0,correct_high
validation::1818,['circle'],A hump.,0.0,"['A hump.', 'A bump/hump.', 'A hump.', 'A hump.', 'Fins.', 'A hump.', 'Wing.', 'A hump.', 'A dorsal hump.', 'Belly.']",0.9404479886553264,What shape is below the cockpit?,,False,0.32561809404461245,1,incorrect_low
validation::182,['forward'],Left.,0.0,"['Left.', 'Left.', 'Left.', 'To the left.', 'Left.', 'Left.', 'Left.', 'Left.', 'To the left.', 'Left.']",-0.0,where is the smaller zebra facing?,,False,0.32561809404461245,0,incorrect_high
validation::1821,['chili'],Chili.,1.0,"['Chili.', 'Chili.', 'Chili.', 'Chili.', 'Chili.', 'Chili.', 'Chili.', 'Sauce.', 'Chili.', 'Chili.']",0.3250829733914482,What is the topping on the hot dog in the middle?,,True,0.32561809404461245,0,correct_high
validation::1823,['4'],6,0.0,"['6', '6', '6', '6', '6', 'Six.', '6', '6', '6', '6']",-0.0,How many legs are in this photo?,,False,0.32561809404461245,0,incorrect_high
validation::1828,['2010'],2010,1.0,"['2010', '2010', '2010', '2010', '2010', '2010', '2010', '2010', '2010', '2010']",-0.0,In what year was this photo copyrighted?,,True,0.32561809404461245,0,correct_high
validation::1829,['left'],Over its shoulder.,0.0,"['Left.', 'Left.', 'Over its shoulder.', 'Over its shoulder.', 'Over its shoulder.', 'Over its shoulder.', 'Left.', 'Over its shoulder.', 'Over its shoulder.', 'Over its shoulder.']",0.6108643020548935,In what direction is the bird looking?,,False,0.32561809404461245,1,incorrect_low
validation::1831,['mashed'],Red potatoes.,0.0,"['Red potatoes.', 'Purple', 'Red potatoes.', 'Purple potatoes.', 'Red potatoes.', 'Red potatoes.', 'Red potatoes.', 'Purple', 'Purple', 'Red potatoes.']",0.6730116670092565,what type of potatoes are in the red bowl,,False,0.32561809404461245,1,incorrect_low
validation::1833,['intersection'],Intersection.,1.0,"['Intersection.', 'Intersection.', 'Intersection.', 'Intersection.', 'Intersection.', 'Intersection.', 'Intersection.', 'Intersection.', 'An intersection.', 'Intersection.']",-0.0,What should you not block?,,True,0.32561809404461245,0,correct_high
validation::1840,['person'],The person is closer.,1.0,"['The person.', 'The person.', 'The person is closer.', 'The person is closer.', 'The person is closer.', 'The person.', 'The person is closer.', 'The person.', 'The person.', 'The person.']",-0.0,Is the person or sheep closer?,,True,0.32561809404461245,0,correct_high
validation::1847,['1'],2,0.0,"['2', '2', 'Two.', '2', 'Two.', '2', 'Two.', '2', '2', '2']",-0.0,How many plates contain both lettuce and some form of bread?,,False,0.32561809404461245,0,incorrect_high
validation::1848,['3'],Twice.,0.0,"['According to the sign, the trimming has been postponed twice.', 'Twice.', 'Once.', 'Three times.', 'Three times.', 'Twice.', 'Twice.', 'Twice.', 'Twice.', 'Twice.']",1.0888999753452238,How many times have the trimming been postoned?,,False,0.32561809404461245,1,incorrect_low
validation::185,['duos'],Duos.,1.0,"['Duos.', 'Duos.', 'Duos.', 'Duos.', 'Duos.', 'Duos.', 'Duos.', 'Duos.', 'Duos.', 'Duos.']",-0.0,Is this likely a solo or duos tennis match?,,True,0.32561809404461245,0,correct_high
validation::1850,['1'],2,0.0,"['2', '2', '2', '2', '2', '3', '2', '3', '2', '2']",0.5004024235381879,how many people are wearing red tops?,,False,0.32561809404461245,1,incorrect_low
validation::1853,['green'],Blue.,0.0,"['Red.', 'Red.', 'Blue.', 'Blue.', 'Green.', 'Red.', 'Red.', 'Blue.', 'Blue.', 'Green.']",1.0549201679861442,What color is the patch on the man's shoulder?,,False,0.32561809404461245,1,incorrect_low
validation::1854,['5'],Five.,0.0,"['6', 'Four.', 'Four.', '5', 'Four.', 'Four.', '5', '5', 'Six.', 'Five.']",1.0549201679861442,How many green stripes on the back of the chair on the left in the foreground?,,True,0.32561809404461245,1,correct_low
validation::1856,['w'],W,1.0,"['W', 'W', 'W', 'W', 'w', 'W', 'W', 'W', 'W', 'W']",-0.0,What is the last letter in red on the soda can?,,True,0.32561809404461245,0,correct_high
validation::1858,['6'],7,0.0,"['7', '7', '6', 'Seven.', '7', '7', '6', '7', '6', '6']",0.6730116670092565,How many stars are on the cake in this image?,,False,0.32561809404461245,1,incorrect_low
validation::1860,['water'],In the reflection in the water.,0.0,"['In the reflection of the water.', 'In the reflection in the water.', 'In the reflection in the water.', 'In the reflection in the water.', ""In the water's reflection."", ""In the water's reflection."", 'In the reflection in the water.', 'In the reflection in the water.', 'In the reflection of the water.', 'In the reflection in the water.']",-0.0,Where can the trees be seen in this photo?,,True,0.32561809404461245,0,correct_high
validation::1861,['gap'],GAP,1.0,"['GAP', 'GAP', 'GAP', 'GAP', 'GAP', 'GAP', 'GAP', 'GAP', 'GAP', 'GAP']",-0.0,What is the third word written on the ground?,,True,0.32561809404461245,0,correct_high
validation::1864,['black'],Black.,1.0,"['Black.', 'Black.', 'Black.', 'Black.', 'Black.', 'Black.', 'Black', 'Black.', 'Black.', 'Black.']",-0.0,What color is the parent's shirt?,,True,0.32561809404461245,0,correct_high
validation::1866,['4'],4,1.0,"['Four.', '4', 'Four.', '4', '4', '4', '4', '4', '4', '4']",-0.0,How many people are shown in the image?,,True,0.32561809404461245,0,correct_high
validation::1871,['croissants'],Cinnamon rolls.,0.0,"['Cinnamon rolls.', 'Cinnamon rolls.', 'Cinnamon rolls.', 'Cinnamon rolls.', 'Cinnamon rolls.', 'Crescent rolls.', 'Crescent rolls.', 'Cinnamon rolls.', 'Cinnamon rolls.', 'Biscuits.']",0.8018185525433372,What is the girl prepared to bake?,,False,0.32561809404461245,1,incorrect_low
validation::1872,['1'],3,0.0,"['Three.', '3', '3', '3', 'Three.', '3', '3', '3', '3', 'Three.']",-0.0,How many hands can you see?,,False,0.32561809404461245,0,incorrect_high
validation::1874,['seaside'],A landscape painting.,0.0,"['A landscape.', 'A landscape painting.', 'A landscape painting.', 'A landscape painting.', 'A landscape painting.', 'Flowers.', 'A landscape painting.', 'A landscape painting.', 'A landscape painting.', 'A landscape.']",0.8018185525433372,What is depicted on the picture that's on the wall?,,True,0.32561809404461245,1,correct_low
validation::1875,['33'],13,0.0,"['13', '13', '13', '13', '13', '13', '13', '13', '13', '13']",-0.0,What's the catcher's jersey number?,,False,0.32561809404461245,0,incorrect_high
validation::1878,['37688'],37688,1.0,"['37688', '37688', '37688', '37688', '37688', '37688', '37688', '37688', '37688', '37688']",-0.0,What is the number on the front of the train?,,True,0.32561809404461245,0,correct_high
validation::1882,['tag'],A branch.,0.0,"['A branch.', 'A branch.', 'A branch.', 'A branch.', 'A branch.', 'A branch.', 'A branch.', 'A branch.', 'A branch.', 'A branch.']",-0.0,What's on the bird's left foot?,,False,0.32561809404461245,0,incorrect_high
validation::1883,['christianity'],Christianity.,1.0,"['Christianity.', 'Christianity.', 'Christianity.', 'Christianity.', 'Christianity.', 'Christianity.', 'Christianity.', 'Christianity.', 'Christianity.', 'Christianity.']",-0.0,What religion is promoted by the truck?,,True,0.32561809404461245,0,correct_high
validation::1888,['4'],4,1.0,"['4', '4', '4', '4', '4', '4', '4', '4', '4', '4']",-0.0,How many kites are there?,,True,0.32561809404461245,0,correct_high
validation::1889,['5'],Three.,0.0,"['3', '3', '3', 'Three.', 'Three.', '3', '3', 'Three.', 'Three.', 'Three.']",-0.0,How many slide-out drawers are there?,,False,0.32561809404461245,0,incorrect_high
validation::189,['2'],One.,0.0,"['One.', 'One.', 'One.', 'One.', 'One.', 'One.', 'One.', 'Two.', 'One.', 'One.']",0.3250829733914482,how many sweat bands?,,False,0.32561809404461245,0,incorrect_high
validation::1892,['3'],Two.,0.0,"['Two.', 'Two.', 'Two.', 'Two.', 'Two.', 'Two.', 'Two.', 'Two.', 'Two.', 'Two.']",-0.0,how many cups of Coca-Cola are there?,,False,0.32561809404461245,0,incorrect_high
validation::1895,['buds'],Buds.,1.0,"['Buds.', 'Buds.', 'Buds.', 'Buds.', 'Buds.', 'Buds.', 'Buds.', 'Buds.', 'Buds.', 'Buds.']",-0.0,Are there more buds or flowers in the picture?,,True,0.32561809404461245,0,correct_high
validation::1896,['29'],25,0.0,"['21', '29', '25', '33', '33', '25', '24', '25', '25', '24']",1.4708084763221114,How many red tiles on the floor?,,False,0.32561809404461245,1,incorrect_low
validation::1898,['train'],Ties.,0.0,"['Ties.', 'Ties.', 'Ties.', 'Ties.', 'Ties.', 'Ties.', 'Ties.', 'Ties.', 'Ties.', 'Ties.']",-0.0,What is connected between each rail on each track?,,False,0.32561809404461245,0,incorrect_high
validation::1899,['phone'],A smartphone.,0.0,"['A smartphone.', 'A smartphone.', 'A smartphone.', 'A smartphone.', 'A smartphone.', 'A smartphone.', 'A smartphone.', 'A smartphone.', 'A smartphone.', 'A smartphone.']",-0.0,What is the man holding in his right hand?,,True,0.32561809404461245,0,correct_high
validation::1900,['basket'],Baskets.,0.0,"['Baskets.', 'Baskets.', 'Two baskets.', 'Baskets.', 'Two trays.', 'Two baskets.', 'Baskets.', 'Baskets.', 'Two trays.', 'Trays.']",1.2206072645530173,What is at the end of the counter to the left of the trashcan?,,True,0.32561809404461245,1,correct_low
validation::1905,['m'],M,1.0,"['M', 'M', 'M', 'M', 'M', 'M', 'M', 'M', 'M', 'M']",-0.0,What letter is on the hats of the children?,,True,0.32561809404461245,0,correct_high
validation::1908,['4'],6,0.0,"['6', '6', '6', '6', 'Six.', '6', '6', '6', '6', '6']",-0.0,How many organic objects depicted in the painting?,,False,0.32561809404461245,0,incorrect_high
validation::1910,['left'],Left.,1.0,"['Left.', 'Left.', 'Left.', 'Left.', 'Left.', 'Left.', 'Left.', 'Left.', 'Left.', 'Left.']",-0.0,is the child's left or right leg shown?,,True,0.32561809404461245,0,correct_high
validation::1911,['1'],Two.,0.0,"['Two.', 'Two.', 'Two.', 'Two.', 'Two.', 'Two.', 'Two.', 'Two.', 'Two.', 'Two.']",-0.0,How many cows are there?,,False,0.32561809404461245,0,incorrect_high
validation::1912,['hose'],A bidet sprayer.,0.0,"['A bidet sprayer.', 'A bidet sprayer.', 'A bidet sprayer.', 'A bidet sprayer.', 'A bidet sprayer.', 'A bidet sprayer.', 'A bidet sprayer.', 'A bidet sprayer.', 'A bidet sprayer.', 'A bidet sprayer.']",-0.0,What is the person holding?,,True,0.32561809404461245,0,correct_high
validation::1914,['2'],Three.,0.0,"['Three.', 'Three.', 'Three.', 'Three.', 'Three.', 'Three.', 'Three.', 'Three.', 'Three.', 'Three.']",-0.0,How many wristbands is the man wearing?,,False,0.32561809404461245,0,incorrect_high
validation::1916,['0'],Zero.,0.0,"['Zero.', 'Zero.', 'Zero.', 'Zero.', 'Zero.', 'Zero.', 'Zero.', 'Zero.', 'Zero.', 'Zero.']",-0.0,How many total elephant tusks are seen?,,True,0.32561809404461245,0,correct_high
validation::1919,['1'],4,0.0,"['5', '5', '4', '6', '4', '5', '5', '4', '4', '4']",0.9433483923290392,How many trees are visible?,,False,0.32561809404461245,1,incorrect_low
validation::192,['laptop'],A laptop.,1.0,"['A laptop.', 'A laptop.', 'A laptop.', 'A laptop.', 'A laptop.', 'A laptop.', 'A laptop.', 'A laptop.', 'A laptop.', 'A laptop.']",-0.0,what is laying on the sleeping bag,,True,0.32561809404461245,0,correct_high
validation::1920,['8'],8,1.0,"['8', '8', '8', '8', '8', '8', '8', '8', '8', '8']",-0.0,How many animals are there?,,True,0.32561809404461245,0,correct_high
validation::1922,['xs'],OX,0.0,"['OX', 'OX', 'OX', 'OX', 'OX', 'OX', 'OX', 'OX', 'OX', 'OX']",-0.0,What two letters are in large print on the board?,,False,0.32561809404461245,0,incorrect_high
validation::1925,['for rent'],For Rent,1.0,"['For Rent', 'For Rent', 'For Rent', 'For Rent', 'FOR RENT', 'For Rent', 'For Rent', 'For Rent', 'FOR RENT', 'For Rent']",-0.0,What does the sign on the window say?,,True,0.32561809404461245,0,correct_high
validation::1929,['c'],B,0.0,"['B', 'B', 'B', 'B', 'B', 'B', 'B', 'B', 'B', 'B']",-0.0,what is the first letter on the board?,,False,0.32561809404461245,0,incorrect_high
validation::1930,['6309'],6309,1.0,"['6309', '6309', '6309', '6309', '6309', '6309', '6309', '6309', '6309', '6309']",-0.0,What is the number on engine?,,True,0.32561809404461245,0,correct_high
validation::1935,['6'],5,0.0,"['5', '5', '5', '5', '5', '5', '5', 'Five.', '5', '5']",-0.0,How many Lego figurines are present?,,False,0.32561809404461245,0,incorrect_high
validation::1936,['3'],Four.,0.0,"['Four.', 'Four.', 'Four.', 'Two.', 'Four', 'Two.', 'Four.', 'Four.', 'Four.', 'Four.']",0.5004024235381879,how many eyes?,,False,0.32561809404461245,1,incorrect_low
validation::1937,['2'],2,1.0,"['2', '2', '2', '2', '2', '2', 'Two.', 'Two.', '2', '2']",-0.0,How many eyes are fully visible in  the image?,,True,0.32561809404461245,0,correct_high
validation::1941,['red and black'],Red and black.,1.0,"['Red and black.', 'Red and black.', 'Red and black.', 'Red and black.', 'Red and black.', 'Red and black.', 'Red and black.', 'Red and black.', 'Red and black.', 'Red and black.']",-0.0,What two colors is the cooler closest to the front?,,True,0.32561809404461245,0,correct_high
validation::1943,['2'],One.,0.0,"['One.', 'One.', 'One.', 'One.', 'One.', 'One.', 'One.', 'One.', 'One.', 'One.']",-0.0,How many straws are in the drink?,,False,0.32561809404461245,0,incorrect_high
validation::1944,['green'],Green.,1.0,"['Green.', 'Green.', 'Green.', 'Green.', 'Green.', 'Green.', 'Green.', 'Green.', 'Green.', 'Green.']",-0.0,What color is the numbers on the digital screen on the microwave?,,True,0.32561809404461245,0,correct_high
validation::1946,['2'],Two.,0.0,"['Two.', 'Two.', 'Two.', 'Two.', 'Two.', 'Two.', 'Two.', 'Two.', 'Two.', 'Two.']",-0.0,how many speakers?,,True,0.32561809404461245,0,correct_high
validation::1948,['dinosaur'],Dragon.,0.0,"['Dragon.', 'Dragon.', 'Dragon.', 'Dragon.', 'A dinosaur.', 'Dragon.', 'A dragon.', 'Dragon.', 'Dragon.', 'Dragon.']",0.3250829733914482,What type of animal is on the bottom of the man's jacket?,,False,0.32561809404461245,0,incorrect_high
validation::195,['2'],2,1.0,"['Two.', '2', '2', '2', '2', 'Two.', 'Two.', 'Two.', '2', '2']",-0.0,How many people are wearing socks?,,True,0.32561809404461245,0,correct_high
validation::1950,['leaving'],Drinking from a cup.,0.0,"['Drinking from a cup.', 'Drinking from a cup.', 'Drinking from a cup.', 'Drinking from a cup.', 'Walking.', 'Drinking from a cup.', 'Drinking from a cup.', 'Drinking from a cup.', 'Drinking from a cup.', 'Walking.']",0.5004024235381879,What is the drawing of the cat doing?,,False,0.32561809404461245,1,incorrect_low
validation::1952,['sun'],Sunlight.,0.0,"['Sunlight.', 'Sunlight.', 'Sunlight.', 'Sunlight.', 'Sunlight.', 'Sunlight.', 'Sunlight.', 'Sunlight.', 'Sunlight.', 'Sunlight.']",-0.0,what is making his face lighter than his back?,,True,0.32561809404461245,0,correct_high
validation::1953,['miguel navaza'],Miguel navaza.,1.0,"['Miguel Navaza.', 'Miguel Navaza.', 'Miguel navaza.', 'Miguel navaza.', 'Miguel navaza.', 'Miguel navaza.', 'Miguel navaza.', 'Miguel navaza.', 'Miguel navaza.', 'Miguel navaza.']",-0.0,Who owns this photo?,,True,0.32561809404461245,0,correct_high
validation::1954,['string'],White cord.,0.0,"['White thread.', 'String.', 'Thread.', 'String.', 'String.', 'String.', 'String.', 'String.', 'Thread.', 'String.']",0.8018185525433373,What is holding the mat together?,,True,0.32561809404461245,1,correct_low
validation::1956,['12'],37,0.0,"['37.', '37.', '27', '35', '36', '37', '37', '37', '36.', '37']",1.0888999753452238,What number is the skier?,,False,0.32561809404461245,1,incorrect_low
validation::1957,['3'],Two.,0.0,"['Two.', 'Two.', 'Two.', 'Two.', 'Two.', 'Two.', 'Two.', 'Two.', 'Two.', 'Two.']",-0.0,how many picture frames?,,False,0.32561809404461245,0,incorrect_high
validation::1958,['2'],One.,0.0,"['One.', 'One.', 'One.', 'One.', 'One.', 'One.', 'One.', 'One.', 'One.', 'One.']",-0.0,How many people are getting on the bus?,,False,0.32561809404461245,0,incorrect_high
validation::1963,['instructions'],A stylized airplane.,0.0,"['A stylized airplane.', 'A stylized airplane.', 'A stylized airplane.', 'A stylized airplane.', 'A smiling face.', 'A ghost.', 'A smiley face.', 'A smiley face.', 'A stylized airplane.', 'A stylized image of a penguin.']",1.1682824501765623,What does the sticker on bottom right of the laptop show?,,False,0.32561809404461245,1,incorrect_low
validation::1964,['stripes'],Pink and white.,0.0,"['Pink and white.', 'Pink and white.', 'Pink and white.', 'Pink and white.', 'Pink and white.', 'Pink and white.', 'Pink and white.', 'Pink and white.', 'Pink and white.', 'Pink and white.']",-0.0,What color is the design pattern on the Childs top?,,False,0.32561809404461245,0,incorrect_high
validation::1965,['5'],8,0.0,"['8', 'Four.', '8', '8', 'Eight.', '8', 'Eight.', '8', '8', '8']",0.3250829733914482,how many hoves are in frame?,,False,0.32561809404461245,0,incorrect_high
validation::1970,['4'],Three.,0.0,"['Five.', 'Four.', '5', 'Four.', 'Three.', 'Four.', 'Four.', 'Three.', 'Four.', 'Four.']",0.9502705392332348,How many rows of bricks are on the wall next to the couple?,,False,0.32561809404461245,1,incorrect_low
validation::1972,['x'],X pattern.,1.0,"['X pattern.', 'X pattern.', 'X pattern.', 'X pattern.', 'X pattern.', 'X pattern', 'X pattern.', 'X pattern.', 'X pattern.', 'X pattern']",-0.0,The boards on the railing form what pattern?,,True,0.32561809404461245,0,correct_high
validation::1973,['red'],Red.,1.0,"['Red.', 'Red.', 'Red.', 'Red.', 'Red.', 'Red.', 'Red.', 'Red.', 'Red.', 'Red.']",-0.0,What color shorts is the surfer wearing?,,True,0.32561809404461245,0,correct_high
validation::1974,['3'],Four.,0.0,"['Four.', 'Four.', 'Four.', 'Five.', 'Four.', 'Four.', '5', 'Four.', '5', 'Four.']",0.6108643020548935,how many hands do you see?,,False,0.32561809404461245,1,incorrect_low
validation::1979,['his hands are full'],"It's raining, but he may not want to use one.",0.0,"[""He's likely not worried about the rain."", ""It's raining, but he might not want one, or perhaps he forgot it."", ""It's raining, but he may not want or need an umbrella."", ""He's likely already wet."", ""It's raining, but he may not want or need one."", 'It is raining, and people are using umbrellas to shield themselves from the rain. The man in the gold shirt is likely either not bothered by the rain or has chosen to forgo an umbrella.', ""It's raining, but he's not using one."", ""It's raining, but he might not want to use one."", 'He is likely walking with someone who has an umbrella.', ""He's likely not worried about the rain.""]",1.2275294114572126,Why doesn't the man in the gold shirt have an umbrella?,,False,0.32561809404461245,1,incorrect_low
validation::1981,['right'],Left.,0.0,"['Right.', 'Left.', 'Left.', 'Left.', 'Left.', 'Left.', 'Left.', 'Left.', 'Left.', 'Right.']",0.5004024235381879,In what direction is the woman's head tilted?,,False,0.32561809404461245,1,incorrect_low
validation::1984,['5'],4,0.0,"['4', '4', '4', '4', '5', '4', '4', '4', '4', '4']",0.3250829733914482,how many vans?,,False,0.32561809404461245,0,incorrect_high
validation::1986,['0'],3,0.0,"['2', '3', '3', '3', '3', '3', '3', '3', '3', '3']",0.3250829733914482,How many visible table napkins in the photo?,,False,0.32561809404461245,0,incorrect_high
validation::1989,['1'],Two.,0.0,"['Two.', 'Two.', 'Two.', 'Two.', 'Two.', 'Two.', 'Two.', 'Two.', 'Two.', 'Two.']",-0.0,How many hands can be seen?,,False,0.32561809404461245,0,incorrect_high
validation::1990,['unanswerable'],Approximately 15.,0.0,"['10', '11', '7', '11', 'Approximately 14.', 'Approximately 14.', 'Approximately 14.', '8', '8', 'Approximately 13.']",1.6957425341696346,How many corrugated board are there on bike?,,False,0.32561809404461245,1,incorrect_low
validation::1991,['ice'],Water.,0.0,"['Water.', 'Water.', 'Water.', 'Water.', 'Water.', 'Water.', 'Water.', 'Water.', 'Water.', 'Water.']",-0.0,What is in the glass?,,False,0.32561809404461245,0,incorrect_high
validation::1992,['spatula'],A single plate.,0.0,"['Nothing.', 'A single plate.', 'A cake.', 'A black plate.', 'There is a single plate on the stack.', 'A single plate.', 'A black plate.', 'The stack of plates is empty.', 'A cake.', 'A small plate.']",1.5571130980576458,what is on the stack of plates?,,False,0.32561809404461245,1,incorrect_low
validation::1995,['left'],Right.,0.0,"['Right.', 'Right.', 'Right.', 'Right.', 'Right.', 'Right.', 'Right.', 'Right.', 'Right.', 'Right.']",-0.0,Is the bear's left or right ear closer to the top of the image?,,False,0.32561809404461245,0,incorrect_high
validation::1997,['wires'],Loose wires on the floor.,0.0,"['Loose cords.', 'Electrical cords on the floor.', 'Loose wires on the floor.', 'Electrical cords on the floor.', 'Loose cords.', 'Loose wires on the floor.', 'Electrical cords on the floor.', 'Loose wires on the floor.', 'Loose electrical cords.', 'Extension cords across the floor.']",1.0888999753452235,What is the safety hazard in this room?,,True,0.32561809404461245,1,correct_low
validation::1999,['0'],Zero.,0.0,"['Zero.', 'Zero.', 'Zero.', 'Zero.', 'Zero.', 'Zero.', 'Zero.', 'Zero.', 'Zero.', 'Zero.']",-0.0,How many turkeys are there?,,True,0.32561809404461245,0,correct_high
validation::2,['6'],6,1.0,"['6', '6', '6', '6', 'Six.', '6', '6', '6', '6', '6']",-0.0,How many large circular oven buttons are there?,,True,0.32561809404461245,0,correct_high
validation::20,['3'],6,0.0,"['5', '5', '6', '6', '6', '6', '5', '5', '6', '5']",0.6931471805599453,how many bulbs are there?,,False,0.32561809404461245,1,incorrect_low
validation::200,['talking on the phone'],Talking to a customer.,0.0,"['Talking to a customer.', ""He's likely taking a rest."", 'Talking to someone.', 'Talking to a customer.', 'Talking to a customer.', 'Talking to a customer.', 'Talking to a customer.', 'Talking to a customer.', 'Talking to a customer.', 'Talking to someone.']",0.8018185525433373,What is the older man dressed in white and sitting on the van doing?,,False,0.32561809404461245,1,incorrect_low
validation::2000,['8'],"2 eyes, 1 nose, 10 claws.",0.0,"['2 eyes, 1 nose, 10 claws.', '2 eyes, 1 nose, 8 claws.', '2 eyes, 1 nose, and 16 claws.', '2 eyes, 1 nose, 10 claws.', '2 eyes, 1 nose, 10 claws.', '2 eyes, 1 nose, 10 claws.', '2 eyes, 1 nose, 10 claws.', '2 eyes, 1 nose, 16 claws.', '2 eyes, 1 nose, 8 claws.', '2 eyes, 1 nose, 16 claws.']",1.0296530140645737,"How many eyes, noses, and claws are there total?",,False,0.32561809404461245,1,incorrect_low
validation::2001,['pool'],A skate bowl.,0.0,"['A skate bowl.', 'A skate bowl.', 'A skate bowl.', 'A skate bowl.', 'A skate bowl.', 'A skate bowl.', 'A skate bowl.', 'A skate bowl.', 'A skate bowl.', 'A skate bowl.']",-0.0,what is he dropping into,,False,0.32561809404461245,0,incorrect_high
validation::2005,['2008'],2008,1.0,"['2008', '2008', '2008', '2008', '2008', '2008', '2008', '2008', '2008', '2008']",-0.0,What year (4 digit) was this photo taken?,,True,0.32561809404461245,0,correct_high
validation::2006,['3'],3,1.0,"['3', '3', '3', 'Three.', 'Three.', '3', '3', '3', '3', '3']",-0.0,How many cupboard drawers are clearly in frame?,,True,0.32561809404461245,0,correct_high
validation::2007,['cleats'],Treads.,0.0,"['Treads.', 'Treads.', 'Treads.', 'Treads.', 'Treads.', 'Treads.', 'Tread.', 'Treads.', 'Treads.', 'Treads.']",-0.0,What are on the bottom of the man's shoes?,,True,0.32561809404461245,0,correct_high
validation::2008,['camera'],A camera.,1.0,"['A camera.', 'Khaki shorts.', 'A camera.', 'A camera.', 'A camera.', 'A camera.', 'A camera.', 'A camera.', 'A camera.', 'A camera.']",0.3250829733914482,What is the gray haired woman wearing a gray t-shirt to the left of the sheep holding in her hands?,,True,0.32561809404461245,0,correct_high
validation::201,['broccoli'],Kale.,0.0,"['Vegetables.', 'Vegetables.', 'Kale.', 'Kale.', 'Kale.', 'Kale.', 'Kale.', 'Kale.', 'Kale.', 'Vegetables.']",0.6108643020548935,What is the person washing?,,True,0.32561809404461245,1,correct_low
validation::2011,['0'],One.,0.0,"['One.', 'One.', 'One.', 'One.', 'One.', 'One.', 'One.', 'One.', 'One.', 'One.']",-0.0,how many dogs with no leash?,,False,0.32561809404461245,0,incorrect_high
validation::2013,['lettuce'],It appears the corn is wrapped in foil.,0.0,"['Nothing.', 'Bacon.', 'It is wrapped in lettuce.', 'Lettuce.', 'Lettuce.', 'Bacon.', ""It's wrapped in foil."", 'It appears the corn is wrapped in foil.', 'Bacon.', 'Lettuce.']",1.2798542258336674,What is the corn wrapped in?,,False,0.32561809404461245,1,incorrect_low
validation::2016,['bride'],A person (likely the bride).,1.0,"['A person.', 'A person wearing a white shirt.', 'A person wearing a white shirt.', 'A person (likely the bride) is holding the knife.', 'A person wearing a white shirt.', 'A person.', 'A person (likely the bride).', 'A person wearing a white shirt.', 'A person wearing a white shirt.', 'A person.']",1.0296530140645737,Who is holding the knife?,,True,0.32561809404461245,1,correct_low
validation::2022,['1'],Zero.,0.0,"['Zero.', 'Two.', 'Zero.', 'Zero.', 'Zero.', '0', 'Zero.', 'Zero.', 'Zero.', 'Zero.']",0.3250829733914482,How many wooden poles are there?,,False,0.32561809404461245,0,incorrect_high
validation::2028,['blackberry'],A berry.,0.0,"['A black berry.', 'A dark berry.', 'A dark berry.', 'A small ball of what appears to be fruit or mousse.', 'A small ball.', 'A blackberry.', 'A berry.', 'A berry.', 'A small ball of dark chocolate.', 'A small black sphere.']",2.025326220770068,what is on top of the food on the center plate?,,True,0.32561809404461245,1,correct_low
validation::2029,['2'],One.,0.0,"['One.', 'One.', 'One.', 'One.', 'One.', 'One.', 'One.', 'One.', 'One.', 'One.']",-0.0,How many women are wearing white?,,False,0.32561809404461245,0,incorrect_high
validation::2031,['green'],Red.,0.0,"['Red.', 'Red.', 'Red.', 'Red.', 'Red.', 'Red.', 'Red.', 'Red.', 'Red.', 'Red.']",-0.0,Are there fewer red or green objects lined up above the sink?,,False,0.32561809404461245,0,incorrect_high
validation::2042,['metal'],Fabric.,0.0,"['Fabric.', 'Fabric.', 'Fabric.', 'Fabric.', 'Fabric.', 'Fabric.', 'Fabric.', 'Fabric.', 'Fabric.', 'Fabric.']",-0.0,What is the material used to make this bed?,,False,0.32561809404461245,0,incorrect_high
validation::2043,['mountain'],A dog and mountains.,0.0,"['A dog and a town with mountains in the background.', 'A dog, mountains, and buildings.', 'A dog and mountains.', 'A dog and mountains.', 'A dog, buildings, and mountains.', 'A dog and mountains.', 'A dog and mountains.', 'A dog, buildings, and mountains.', 'A dog and a town with mountains.', 'A dog and mountains.']",1.0296530140645737,What is behind the car?,,False,0.32561809404461245,1,incorrect_low
validation::2049,['1'],Two.,0.0,"['Two.', 'Two.', 'Two.', 'Two.', 'Two.', 'Two.', 'Two.', 'Two.', 'Two.', 'Two.']",-0.0,How many wheels does the bicycle on the left have?,,False,0.32561809404461245,0,incorrect_high
validation::2051,['5:50'],10:55,0.0,"['11:54.', '10:53', '11:58', '10:52', '11:35.', '10:50', '11:53', '10:37', '10:29', '10:53']",2.163955656882057,What time is it according to the clock?,,False,0.32561809404461245,1,incorrect_low
validation::2052,['17'],17,1.0,"['17', '17', '17', '17', '17', '17', '17', '17', '17', '17']",-0.0,"if the two numbers on the jerseys are added, what do they equal?",,True,0.32561809404461245,0,correct_high
validation::2055,['right'],Left.,0.0,"['Left.', 'Right leg.', 'Left.', 'Left.', 'Left.', 'Left.', 'Right.', 'Left.', 'Right.', 'Left.']",0.6108643020548935,which leg is up?,,False,0.32561809404461245,1,incorrect_low
validation::2057,['fedex'],FedEx,1.0,"['FedEx', 'FedEx', 'FedEx', 'FedEx', 'FedEx', 'FedEx', 'FedEx', 'FedEx', 'FedEx', 'FedEx']",-0.0,What is the word on the back of the man's jacket?,,True,0.32561809404461245,0,correct_high
validation::2061,['dolphins'],Fish.,0.0,"['Fish', 'Fish.', 'Fish', 'Fish.', 'Fish.', 'Fish.', 'Fish', 'Fish.', 'Fish.', 'Fish.']",-0.0,What sea creatures are printed on the cover of the TV?,,False,0.32561809404461245,0,incorrect_high
validation::2062,['left'],Left.,1.0,"['Left.', 'Left.', 'Left.', 'Left.', 'Left.', 'Left.', 'Left.', 'Left.', 'Left.', 'Left.']",-0.0,Is the teacup to the left or right of the rice bowl?,,True,0.32561809404461245,0,correct_high
validation::2063,['dog'],The dog.,1.0,"['The dog.', 'The dog.', 'The dog.', 'The dog.', 'The dog.', 'The dog.', 'The dog.', 'The dog.', 'The dog.', 'The dog.']",-0.0,What is blurry in this picture?,,True,0.32561809404461245,0,correct_high
validation::2064,['2'],Zero.,0.0,"['Zero.', 'Zero.', 'None.', 'Zero.', 'None.', 'Zero.', 'None.', 'Zero.', 'None.', 'None.']",-0.0,How many small plants are under the bench?,,False,0.32561809404461245,0,incorrect_high
validation::2065,['5'],4,0.0,"['4', '4', 'Four.', 'Four.', 'Four.', '4', '4', '4', '4', '4']",-0.0,how many persons are wearing white trousers ?,,False,0.32561809404461245,0,incorrect_high
validation::2072,['green'],Green.,1.0,"['Green.', 'Green.', 'Green.', 'Green.', 'Green.', 'Green.', 'Green.', 'Green.', 'Green.', 'Green.']",-0.0,Does this water seem more blue or green?,,True,0.32561809404461245,0,correct_high
validation::2073,['lk62 dwv'],VWH1416,0.0,"['VWH1416', 'VWH1416', 'VWH1416', 'VWH1416', 'VWH1416', 'VWH1416', 'VWH1416', 'VWH1416', 'VWH1416', 'VWH1416']",-0.0,What is the license plate number of the red bus on the right?,,False,0.32561809404461245,0,incorrect_high
validation::2075,['chevrolet'],Chevrolet,1.0,"['Chevrolet', 'Chevrolet', 'Chevrolet', 'Chevrolet', 'Chevrolet', 'Chevrolet', 'Chevrolet.', 'Chevrolet.', 'Chevrolet', 'Chevrolet']",-0.0,Which brand is this red truck?,,True,0.32561809404461245,0,correct_high
validation::2076,['2'],Two.,0.0,"['Two.', 'Two.', 'Two.', 'Two.', 'Two.', 'Two.', 'Two.', 'Two.', 'Two.', 'Two.']",-0.0,How many pots are there?,,True,0.32561809404461245,0,correct_high
validation::2079,['5'],Six.,0.0,"['Six', 'Six.', 'Six.', '6', '6', 'Six.', 'Six.', 'Six.', 'Six.', 'Six.']",-0.0,How many pancakes?,,False,0.32561809404461245,0,incorrect_high
validation::208,['7'],7,1.0,"['7', '7', '7', '7', '7', '7', '7', '7', '7', '7']",-0.0,What is the first digit in the phone number on the person's shirt?,,True,0.32561809404461245,0,correct_high
validation::2081,['fork'],A spatula.,0.0,"['A pastry bag.', 'A spatula.', 'A pastry bag.', 'A pastry bag.', 'A pastry bag.', 'A serving utensil.', 'A serving utensil.', 'A pastry bag.', 'A pastry bag.', 'A serving utensil.']",0.8979457248567798,what does the woman near to the camera hold in her hand?,,False,0.32561809404461245,1,incorrect_low
validation::2082,['2'],Two.,0.0,"['Two.', '2', 'Two.', 'Two.', 'Two.', '2', 'Two.', 'Two.', 'Two.', 'Two.']",-0.0,how many chocolate donuts?,,True,0.32561809404461245,0,correct_high
validation::2083,['lighter'],Lighter,1.0,"['Lighter', 'Lighter', 'Lighter', 'Lighter', 'Lighter.', 'Lighter', 'Lighter.', 'Lighter.', 'Lighter.', 'Lighter.']",-0.0,What blue item was used to light the candles?,,True,0.32561809404461245,0,correct_high
validation::2085,['7am-7pm'],7 AM - 7 PM,0.0,"['7 AM - 7 PM', '7 AM - 7 PM', '7 AM - 7 PM', '7 AM - 7 PM', '7 AM - 7 PM', '7 AM - 7 PM.', '7 AM - 7 PM', '7 AM - 7 PM.', '7 AM - 7 PM', '7 AM - 7 PM']",-0.0,What hours are the bike lane open?,,True,0.32561809404461245,0,correct_high
validation::2096,['2'],One.,0.0,"['1', '1', '1', 'One.', 'One.', 'One.', '1', 'One.', 'One.', 'One.']",-0.0,How many total stop signs are visible?,,False,0.32561809404461245,0,incorrect_high
validation::21,['white'],Blue.,0.0,"['Blue.', 'Blue.', 'Blue.', 'Blue.', 'Blue.', 'Blue.', 'Blue.', 'Blue.', 'Blue.', 'Blue.']",-0.0,what color are the brush bristles?,,False,0.32561809404461245,0,incorrect_high
validation::2102,['go'],Go.,1.0,"['Go.', 'Go.', 'Go.', 'Go.', 'Go.', 'Go.', 'Go.', 'Go.', 'Go.', 'Go.']",-0.0,What does the street light indicate a driver should do?,,True,0.32561809404461245,0,correct_high
validation::2103,['8'],7,0.0,"['8', '7', '7', '7', '7', '7', '7', '7', '8', '8']",0.6108643020548935,How many kids are sitting on the ground?,,False,0.32561809404461245,1,incorrect_low
validation::2106,['apples'],Bananas.,0.0,"['Bananas.', 'Bananas.', 'Bananas.', 'Bananas.', 'Bananas.', 'Bananas.', 'Bananas.', 'Apples.', 'Bananas.', 'Bananas.']",0.3250829733914482,what fruit on the left?,,False,0.32561809404461245,0,incorrect_high
validation::2107,['restaurant'],Restaurant,1.0,"['Restaurant', 'Restaurant', 'Restaurant', 'Restaurant', 'Restaurant', 'Restaurant', 'Restaurant', 'Restaurant', 'Restaurant', 'Restaurant']",-0.0,"What is the word to the right of ""China"" on the sign?",,True,0.32561809404461245,0,correct_high
validation::2109,['0'],Zero.,0.0,"['Zero.', 'Zero.', 'Zero.', 'Zero.', 'Zero.', 'Zero.', 'Zero.', 'Zero.', 'Zero.', 'Zero.']",-0.0,how many microwaves on the left side of the picture?,,True,0.32561809404461245,0,correct_high
validation::2110,['trolley'],A horse-drawn tram.,0.0,"['A horse-drawn tram.', 'Horse-drawn tram.', 'A horse-drawn tram.', 'Horse-drawn tram.', 'A horse-drawn tram.', 'Horse-drawn tram.', 'Horse-drawn tram.', 'A horse-drawn tram.', 'A horse-drawn tram.', 'A horse-drawn tram.']",-0.0,What kind of vehicle are the people riding on?,,True,0.32561809404461245,0,correct_high
validation::2111,['8'],6,0.0,"['6', '6', '6', '6', '6', '6', '6', '6', '6', '6']",-0.0,how many cars is the train?,,False,0.32561809404461245,0,incorrect_high
validation::2112,['1'],One.,0.0,"['One.', 'One.', 'One.', 'One.', 'One.', 'One.', 'One.', 'One.', 'One.', 'One.']",-0.0,How many knees can be seen?,,True,0.32561809404461245,0,correct_high
validation::2113,['8'],8,1.0,"['8', '8', '8', '8', '8', '8', '8', '8', '8', '8']",-0.0,What is the speed limit?,,True,0.32561809404461245,0,correct_high
validation::2116,['dolphin'],Dolphin.,1.0,"['Dolphin.', 'Dolphin', 'Dolphin.', 'Dolphin.', 'Dolphin.', 'Dolphin.', 'Dolphin.', 'Dolphin.', 'Dolphin.', 'Dolphin.']",-0.0,What kind of mammal is depicted on the side of the ship?,,True,0.32561809404461245,0,correct_high
validation::2117,['1'],2,0.0,"['Two.', '2', '2', '2', 'Two.', '2', '2', '2', '2', '2']",-0.0,How many wheels are visible?,,False,0.32561809404461245,0,incorrect_high
validation::2118,['white'],Black.,0.0,"['Black.', 'Black.', 'Black.', 'Black.', 'Black.', 'Black.', 'Black.', 'Black.', 'Black.', 'Black.']",-0.0,what color is the man's tie?,,False,0.32561809404461245,0,incorrect_high
validation::2126,['braided'],Stubble.,0.0,"['Stubble.', 'Stubble.', 'Stubble.', 'Stubble.', 'Stubble.', 'Stubble.', 'Stubble.', 'Stubble.', 'Stubble.', 'Stubble.']",-0.0,What style is this man's beard?,,False,0.32561809404461245,0,incorrect_high
validation::2128,['removals'],Removals,1.0,"['Removals.', 'Removals', 'Removals.', 'Removals', 'Removals.', 'Removals', 'Removals', 'Removals.', 'Removals.', 'Removals']",-0.0,What word is after overseas on the blue truck?,,True,0.32561809404461245,0,correct_high
validation::2130,['1'],One.,0.0,"['One.', 'One.', 'One.', 'One.', 'One.', 'Two.', 'One.', 'One.', 'One.', 'One.']",0.3250829733914482,how many of the womans feet are touching the ground?,,True,0.32561809404461245,0,correct_high
validation::2133,['one'],One,1.0,"['One', 'One', 'One', 'One', 'One', 'One', 'One', 'One', 'One', 'One']",-0.0,"What is the word that comes after ""the""?",,True,0.32561809404461245,0,correct_high
validation::2134,['phone'],A cell phone.,1.0,"['A cell phone.', 'A cell phone.', 'A cell phone.', 'A cell phone.', 'A cell phone.', 'A cell phone.', 'A cell phone.', 'A cell phone.', 'A cell phone.', 'A cell phone.']",-0.0,What's to the right of the mouse?,,True,0.32561809404461245,0,correct_high
validation::2135,['2'],Two.,0.0,"['Two.', 'Two.', '2', 'Two.', 'Two.', 'Two.', 'Two.', 'Two.', 'Two.', 'Two.']",-0.0,How many kids are skiing?,,True,0.32561809404461245,0,correct_high
validation::2136,['playing frisbee'],Throwing a frisbee.,1.0,"['Throwing a frisbee.', 'Playing frisbee.', 'Playing with a frisbee.', 'Throwing a frisbee.', 'Throwing a frisbee.', 'Throwing a frisbee.', 'Playing frisbee.', 'Throwing a frisbee.', 'Throwing a frisbee.', 'Playing frisbee.']",0.6108643020548935,What is the boy doing?,,True,0.32561809404461245,1,correct_low
validation::2138,['2'],One.,0.0,"['One.', 'One.', 'One.', 'One.', 'One.', 'One.', 'One.', 'One.', 'One.', 'One.']",-0.0,How many sail does the yacht have?,,False,0.32561809404461245,0,incorrect_high
validation::2140,['1'],One.,0.0,"['1', '1', '1', 'One.', '1', '1', 'One.', '1', 'One.', '1']",-0.0,How many people are wearing eye glasses?,,True,0.32561809404461245,0,correct_high
validation::2141,['asian rice hat'],Nón lá.,0.0,"['Nón lá.', 'Nón lá.', 'Nón lá.', 'Nón lá.', 'Nón lá.', 'Nón lá.', 'Nón lá.', 'Nón lá.', 'Nón lá.', 'Nón lá']",-0.0,What is the hat she is wearing called,,False,0.32561809404461245,0,incorrect_high
validation::2142,['2'],Two.,0.0,"['Two.', 'Two.', 'Two.', 'Two.', 'Two.', 'Two.', '2', 'Two.', 'Two.', 'Two.']",-0.0,How many bundles of silverware are there?,,True,0.32561809404461245,0,correct_high
validation::2144,['styrofoam'],Paper plate.,0.0,"['Paper plate.', 'Paper plate.', 'Paper plate.', 'Paper plate.', 'Paper plate.', 'Paper plate.', 'Paper plate.', 'Paper plate.', 'Paper plate.', 'Paper plate.']",-0.0,What kind of plate is the food on?,,False,0.32561809404461245,0,incorrect_high
validation::2145,"['carrots, celery, onions']","Carrots, celery, and onions.",1.0,"['Carrots, celery, and onions.', 'Carrots, celery, and onions.', 'Carrots, celery, and onions.', 'Carrots, celery, and onions.', 'Carrots, celery, and onions.', 'Carrots, celery, and onions.', 'Carrots, celery, and onions.', 'Carrots, celery, and onions.', 'Carrots, celery, and onions.', 'Carrots, celery, and onions.']",-0.0,What three vegetables are being chopped on the wooden board?,,True,0.32561809404461245,0,correct_high
validation::2148,['6'],At least 7.,0.0,"['At least 7.', '7', 'At least 7.', 'At least 7.', 'At least 8.', 'Approximately 8.', 'At least 8.', '8', 'At least 7.', 'At least 7.']",0.6730116670092565,How many elephants are there?,,False,0.32561809404461245,1,incorrect_low
validation::2149,['20'],16,0.0,"['16', '15', '16', '16', '16', '16', '16', '16', '16', '16']",0.3250829733914482,How many apps are visible on the phone?,,False,0.32561809404461245,0,incorrect_high
validation::2150,['baggage'],Baggage,1.0,"['Baggage', 'Baggage', 'Baggage', 'Baggage', 'Baggage', 'Baggage', 'Baggage', 'Baggage', 'Baggage', 'Baggage']",-0.0,What word is on the picture?,,True,0.32561809404461245,0,correct_high
validation::2152,['1'],One.,0.0,"['One.', 'One.', 'One.', 'One.', 'One.', 'One.', 'One.', 'One.', 'One.', 'One.']",-0.0,"how many ""thumbs up"" are being shown?",,True,0.32561809404461245,0,correct_high
validation::2156,['butterfly'],Blue and white stripes.,0.0,"['Vertical stripes.', 'Vertical stripes.', 'Blue and white stripes.', 'Blue and white stripes.', 'Blue and white stripes.', 'Blue and white stripes.', 'Blue and white stripes.', 'Blue and white stripes.', 'Striped.', 'Blue and white stripes.']",0.8018185525433372,What pattern is the kite on the left?,,False,0.32561809404461245,1,incorrect_low
validation::2161,['3'],3 motorcycles.,1.0,"['3.', '3.', '3 motorcycles.', '3 motorcycles.', '3.', '3.', '3 motorcycles.', '3', '3 motorcycles.', '3 motorcycles.']",-0.0,What is the motorcycle limit per stall?,,True,0.32561809404461245,0,correct_high
validation::2164,['6'],Four.,0.0,"['Four.', 'Four.', 'Four.', 'Four.', 'Four.', 'Four.', 'Four.', 'Four.', 'Four.', 'Four.']",-0.0,How many small circles that are in the overall shape of a circle are seen directly above the clock on the building?,,False,0.32561809404461245,0,incorrect_high
validation::2165,['1'],Two.,0.0,"['Two.', 'Two.', 'Two.', 'Two.', 'Two.', 'Two.', 'Two.', 'Two.', 'Two.', 'Two.']",-0.0,How many mouth are visible?,,False,0.32561809404461245,0,incorrect_high
validation::2166,['knees'],On the tennis racket.,0.0,"['On the tennis racket.', 'On the tennis racket.', 'On the racket.', 'On the tennis racket.', 'On the racket.', 'On the tennis racket.', 'On the tennis racket.', 'On the racket.', 'On the tennis racket.', 'On the tennis racket.']",0.6108643020548935,where are her hands?,,False,0.32561809404461245,1,incorrect_low
validation::2169,['2'],Two.,0.0,"['Two.', 'Two.', 'Two.', 'Two.', 'Two.', 'Two.', 'Two.', 'Two.', 'Two.', 'Two.']",-0.0,How many shirt pockets are visible?,,True,0.32561809404461245,0,correct_high
validation::2173,['473'],473,1.0,"['473', '473', '473', '473', '473', '473', '473', '473', '473', '473']",-0.0,What number in red is on the back of the bus?,,True,0.32561809404461245,0,correct_high
validation::2174,['6'],12,0.0,"['12', '12', '12', '12', '7', '8', '7', '7', '7', '12']",0.9433483923290392,how many square tiles are even partially visible behind the cat,,False,0.32561809404461245,1,incorrect_low
validation::2177,['red'],White.,0.0,"['White.', 'White.', 'White.', 'White.', 'White.', 'White.', 'White.', 'White.', 'White.', 'White.']",-0.0,What is the color of the shirt of the person who is not touching the frisbee?,,False,0.32561809404461245,0,incorrect_high
validation::2179,['railing'],A wooden railing.,1.0,"['A wooden railing.', 'A wooden railing.', 'A wooden railing.', 'A wooden fence.', 'A wooden railing.', 'A wooden railing.', 'A wooden railing.', 'A wooden railing.', 'A wooden railing.', 'A wooden fence.']",-0.0,What is the vase sitting on?,,True,0.32561809404461245,0,correct_high
validation::218,['7'],8,0.0,"['8', '8', '8', '9', '7', '7', '7', '7', '7', '7']",0.8979457248567797,How many orange balls are there?,,False,0.32561809404461245,1,incorrect_low
validation::2180,['11'],11,1.0,"['11', '11', '11', '11', '11', '11', '11', '11', '11', '11']",-0.0,What number is the batter?,,True,0.32561809404461245,0,correct_high
validation::2185,['3'],3,1.0,"['2', '3', '3', '3', '3', '3', '2', '3', '3', '2']",0.6108643020548935,How many people are not playing a video game?,,True,0.32561809404461245,1,correct_low
validation::2188,['61'],61,1.0,"['61', '61', '61', '61', '61', '61', '61', '61', '61', '61']",-0.0,What is the number on the bus?,,True,0.32561809404461245,0,correct_high
validation::2189,['100'],100,1.0,"['100', '100', '100', '100', '100', '100', '100', '100', '100', '100']",-0.0,What is the three digit number in the back a little after the letter N?,,True,0.32561809404461245,0,correct_high
validation::2191,['10:01'],10:01,1.0,"['10:01', '10:01', '10:01', '10:01', '10:01', '10:01', '10:01', '10:01', '10:01', '10:01']",-0.0,What time in on the picture?,,True,0.32561809404461245,0,correct_high
validation::2195,['2'],Two.,0.0,"['Two.', 'Two.', 'Two.', 'Two.', 'Two.', 'Two.', 'Two.', 'Two.', 'Two.', 'Two.']",-0.0,How many different kinds of green items are on the plate?,,True,0.32561809404461245,0,correct_high
validation::2199,['hooves'],Hooves.,1.0,"['Hooves.', 'Hooves.', 'Hooves.', 'Hooves.', 'Hooves.', 'Hooves.', 'Hooves.', 'Hooves.', 'Hooves.', 'Hooves.']",-0.0,What type of feet does the animal shown here have?,,True,0.32561809404461245,0,correct_high
validation::2200,['pnc'],PNC Bank,1.0,"['PNC Bank', 'PNC Bank.', 'PNC Bank', 'PNC Bank', 'PNC Bank', 'PNC Bank', 'PNC Bank.', 'PNC Bank.', 'PNC Bank', 'PNC Bank']",-0.0,What is the name of the bank in the ad?,,True,0.32561809404461245,0,correct_high
validation::2202,['grey'],Black.,0.0,"['Black.', 'Black.', 'Black.', 'Black.', 'Silver.', 'Silver.', 'Black.', 'Silver.', 'Silver.', 'Silver.']",0.6931471805599453,what color is the flashlight,,False,0.32561809404461245,1,incorrect_low
validation::2205,['orange'],Gray.,0.0,"['Black.', 'Dark.', 'Gray.', 'Blue.', 'Black.', 'Gray.', 'Black.', 'Black.', 'Blue.', 'Gray.']",1.2798542258336676,What color is the shirt of the person walking in front of Moss?,,False,0.32561809404461245,1,incorrect_low
validation::2206,['4'],4,1.0,"['4', '4', '4', '4', '4', '4', '4', '4', '4', '4']",-0.0,how many kites do you see in the image?,,True,0.32561809404461245,0,correct_high
validation::2208,['each other'],The camera.,0.0,"['The camera.', 'The camera.', 'The camera.', 'The camera.', 'The camera.', 'The camera.', 'The camera.', 'The camera.', 'The camera.', 'Each other.']",0.3250829733914482,Are the people looking at each other or the camera?,,False,0.32561809404461245,0,incorrect_high
validation::2210,['2'],One.,0.0,"['One.', 'One.', 'One.', 'One.', 'One.', 'One.', 'One.', 'One.', 'One.', 'One.']",-0.0,how many cows are in the front row close to the tree?,,False,0.32561809404461245,0,incorrect_high
validation::2211,['mouse'],On the mouse.,1.0,"['On the mouse.', 'On the mouse.', 'On the mouse.', 'On the mouse.', 'On the mouse.', 'On the mouse.', 'On the mouse.', 'On the mouse.', 'On the mouse.', 'On the mouse.']",-0.0,Where is the reflection from the window?,,True,0.32561809404461245,0,correct_high
validation::2214,['sad face'],A sad face.,1.0,"['A sad face.', 'A sad face.', 'A sad face.', 'A sad face.', 'A sad face.', 'A sad face.', 'A sad face.', 'A sad face.', 'A sad face.', 'A sad face.']",-0.0,What is on the red light?,,True,0.32561809404461245,0,correct_high
validation::2215,['4'],5,0.0,"['5', '5', '5', '5', '5', '5', '5', '5', '5', '5']",-0.0,How many strawberries that have a leaf are there on the cake?,,False,0.32561809404461245,0,incorrect_high
validation::2218,['2'],Two.,0.0,"['Two.', 'Two.', 'Two.', '2', 'Two.', 'Two.', 'Two.', 'Two.', 'Two.', 'Two.']",-0.0,How many Wilsons rackets are shown in the photo?,,True,0.32561809404461245,0,correct_high
validation::2219,['2'],One.,0.0,"['One.', '1', 'One.', '1', 'One.', 'One.', 'One.', '1', 'One.', 'One.']",-0.0,How many people are skiing?,,False,0.32561809404461245,0,incorrect_high
validation::222,['1'],Four.,0.0,"['Four.', 'Four.', 'Four.', 'Three.', 'Four.', 'Three.', 'Four.', 'Four.', 'Four.', 'Four.']",0.5004024235381879,How many light bulbs are lit up above the mirror?,,False,0.32561809404461245,1,incorrect_low
validation::2223,['skiing'],Skiing/Snowboarding,0.0,"['Snowboarding.', 'Ice hockey.', 'Skiing/Snowboarding', 'Skiing/Snowboarding', 'Skiing/Snowboarding', 'Skiing/Snowboarding.', 'Snowboarding.', 'Skiing/Snowboarding', 'Snowboarding/skiing.', 'Skiing/Snowboarding']",0.8018185525433373,what sport have they been doing?,,True,0.32561809404461245,1,correct_low
validation::2225,['0'],Zero.,0.0,"['Zero.', 'Zero.', 'Zero.', 'Zero.', 'Zero.', 'Zero.', 'Zero.', 'Zero.', 'Zero.', 'Zero.']",-0.0,How many children are there?,,True,0.32561809404461245,0,correct_high
validation::2226,['0'],Zero.,0.0,"['Zero.', 'Zero.', 'Zero.', 'Zero.', 'Zero.', 'Zero.', 'Zero.', 'Zero.', 'Zero.', 'Zero.']",-0.0,How many women are wearing a hat?,,True,0.32561809404461245,0,correct_high
validation::2232,['fritos'],Lay's,0.0,"[""Lay's"", ""Lay's"", ""Lay's"", ""Lay's"", 'Ruffles', ""Lay's"", ""Lay's"", ""Lay's"", ""Lay's"", ""Lay's""]",0.3250829733914482,what kind of chips?,,False,0.32561809404461245,0,incorrect_high
validation::2237,['2'],One.,0.0,"['One.', 'One.', 'One.', 'One.', 'One.', 'One.', 'One.', 'One.', 'One.', 'One.']",-0.0,How may horses are walking towards the left?,,False,0.32561809404461245,0,incorrect_high
validation::2242,['2'],One.,0.0,"['One.', 'One.', 'One.', 'One.', 'One.', 'One.', 'One.', 'One.', 'One.', 'One.']",-0.0,How many girls appear to be smoking cigarettes?,,False,0.32561809404461245,0,incorrect_high
validation::2244,['white'],White.,1.0,"['White.', 'White.', 'White.', 'White.', 'White.', 'White.', 'White.', 'White.', 'White.', 'White.']",-0.0,What color is the spot of hair on horses back?,,True,0.32561809404461245,0,correct_high
validation::2246,['rapid'],RAPID,1.0,"['RAPID', 'RAPID', 'RAPID', 'RAPID', 'RAPID', 'RAPID', 'RAPID', 'RAPID', 'RAPID', 'RAPID']",-0.0,what word is on the front of the train?,,True,0.32561809404461245,0,correct_high
validation::2247,['dog'],Cat.,0.0,"['Dog', 'Cat.', 'Cat.', 'Cat', 'Cat.', 'Cat', 'Cat.', 'Cat.', 'Cat.', 'Cat']",0.3250829733914482,what animal is in photo?,,False,0.32561809404461245,0,incorrect_high
validation::2248,['6'],3,0.0,"['3', '3', '3', '3', '3', '3', 'Three.', '3', '3', '3']",-0.0,How many traffic signs are in this picture?,,False,0.32561809404461245,0,incorrect_high
validation::2250,['4'],Two.,0.0,"['Two.', 'Two.', 'Two.', 'Two.', 'Two.', 'Two.', 'Two.', 'Two.', 'Three.', 'Two.']",0.3250829733914482,Besides the truck and the back hoe how many vehicles are visible?,,False,0.32561809404461245,0,incorrect_high
validation::2251,['dumpster'],Bushes and grass.,0.0,"['Vegetation.', 'Vegetation.', 'Bushes.', 'Vegetation.', 'Bushes.', 'Bushes and grass.', 'Vegetation.', 'Vegetation.', 'Bushes/vegetation.', 'Vegetation.']",1.0888999753452235,What is the object in front of the bus?,,False,0.32561809404461245,1,incorrect_low
validation::2252,['2'],Three.,0.0,"['Three.', 'Three.', 'Three.', 'Two.', 'Three.', 'Three.', 'Three.', 'Three.', 'Two.', 'Three.']",0.5004024235381879,How many holes are seen in his jeans?,,False,0.32561809404461245,1,incorrect_low
validation::2253,['17:05'],17:05,1.0,"['17:05', '17:05', '17:05', '17:05', '17:05', '17:05', '17:05', '17:05', '17:05', '17:05']",-0.0,what is the time shown on the clock?,,True,0.32561809404461245,0,correct_high
validation::2255,['3'],One.,0.0,"['One.', 'One.', 'One.', 'Two.', 'One.', 'One.', 'One.', 'One.', 'One.', 'One.']",0.3250829733914482,how many knifes?,,False,0.32561809404461245,0,incorrect_high
validation::2257,['intercity'],InterCity,1.0,"['InterCity.', 'InterCity.', 'InterCity.', 'InterCity.', 'InterCity', 'InterCity', 'InterCity.', 'InterCity.', 'InterCity', 'InterCity.']",-0.0,What is the name on the train?,,True,0.32561809404461245,0,correct_high
validation::2258,['2'],Three.,0.0,"['Three.', 'Three.', 'Two.', 'Three.', 'Three.', 'Two.', 'Two.', 'Two.', 'Three.', 'Three.']",0.6730116670092565,How many vehicles are yellow?,,False,0.32561809404461245,1,incorrect_low
validation::226,['life'],Raising,0.0,"['Raising', 'Raising', 'Raising', 'Raising', 'Raising', 'Raising', 'Raising', 'Raising', 'Raising', 'Raising']",-0.0,what is the first word after the dash in the title of the book?,,False,0.32561809404461245,0,incorrect_high
validation::2262,['5'],4,0.0,"['Four.', 'Four.', 'Four.', 'Four.', '4', '4', 'Four.', '4', '5', '4']",0.3250829733914482,How many rounded objects are on the floor?,,False,0.32561809404461245,0,incorrect_high
validation::2263,['2'],One.,0.0,"['One.', 'One.', 'One.', 'One.', 'One.', 'One.', 'One.', 'One.', 'One.', 'One.']",-0.0,How many slices of pizza are left?,,False,0.32561809404461245,0,incorrect_high
validation::2265,['344'],344,1.0,"['344', '344', '344', '344', '344', '344', '344', '344', '344', '344']",-0.0,What is the train numbered?,,True,0.32561809404461245,0,correct_high
validation::2266,['left'],Left.,1.0,"['Left.', 'Left.', 'Left.', 'Left.', 'Left.', 'Left.', 'Left.', 'Left.', 'Left.', 'Left.']",-0.0,where is the arrow pointing?,,True,0.32561809404461245,0,correct_high
validation::2267,['pink'],Pink.,1.0,"['Pink.', 'Pink.', 'Pink.', 'Pink.', 'Pink.', 'Pink.', 'Pink.', 'Pink.', 'Pink.', 'Pink.']",-0.0,What color are the small flowers?,,True,0.32561809404461245,0,correct_high
validation::2268,['3'],Four.,0.0,"['Four.', 'Four.', 'Four.', 'Four.', 'Four.', 'Four.', 'Four.', 'Four.', 'Four.', '4']",-0.0,How many beverage glasses on are the table in the foreground?,,False,0.32561809404461245,0,incorrect_high
validation::2269,['1'],Zero.,0.0,"['Zero.', 'Zero.', 'Zero.', 'Zero.', 'Zero.', 'Zero.', 'None.', 'Zero.', 'Zero.', 'None.']",-0.0,How many tusks are visible?,,False,0.32561809404461245,0,incorrect_high
validation::2272,['grand'],Grand Service,1.0,"['Grand Service', 'Grand Service', 'Grand Service', 'Grand.', 'Grand Service', 'Grand.', 'Grand Service.', 'Grand Service', 'Grand Service', 'Grand Service']",0.5004024235381879,What is the word in the middle on the bus behind the man?,,False,0.32561809404461245,1,incorrect_low
validation::2274,['lima beans'],Edamame.,0.0,"['Edamame.', 'Edamame', 'Edamame', 'Edamame.', 'Edamame.', 'Edamame.', 'Edamame.', 'Edamame.', 'Edamame.', 'Edamame.']",-0.0,what is the green vegetable,,True,0.32561809404461245,0,correct_high
validation::2276,['sia'],"""RISIA""",0.0,"['""RISIA""', '""Risia""', '""RISIA""', '""RISIA""', '""Risia""', '""RISIA""', '""RISIA""', '""RISIA""', '""RISIA""', '""RISIA""']",-0.0,What is written on a bench?,,False,0.32561809404461245,0,incorrect_high
validation::2278,['2'],Pink.,0.0,"['Pink', 'Pink.', 'Pink.', 'Pink.', 'Pink.', 'Pink', 'Pink.', 'Pink', 'Pink.', 'Pink.']",-0.0,what is the second number on the sheep on the left?,,False,0.32561809404461245,0,incorrect_high
validation::2282,['2'],Two.,0.0,"['Two.', 'Two.', 'Two.', 'Two.', 'Two.', 'Two.', 'Two.', 'Two.', 'Two.', 'Two.']",-0.0,How many crossing lights show a hand?,,True,0.32561809404461245,0,correct_high
validation::2286,['2'],7,0.0,"['6', '6', '8', '6', '7', '7', '8', '8', '7', '7']",1.0888999753452238,how many candle holders can you see?,,False,0.32561809404461245,1,incorrect_low
validation::2289,['45'],4.5,1.0,"['4.5', '4.5', '4.5', '4.5', '4.5', '4.5', '4.5', '4.5', '4.5', '4.5']",-0.0,what two numbers are on the bridge?,,True,0.32561809404461245,0,correct_high
validation::2290,['phone'],A telephone.,0.0,"['A lamp and a telephone.', 'A telephone.', 'A telephone.', 'A telephone.', 'A telephone.', 'A telephone.', 'A telephone.', 'A lamp and a telephone.', 'A telephone.', 'A telephone.']",0.5004024235381879,What is located on the non-empty nightstand?,,True,0.32561809404461245,1,correct_low
validation::2292,['4'],4,1.0,"['4', '4', '4', '4', '4', '4', 'Four.', 'Four.', '4', '4']",-0.0,how many light bulbs are there on the ceiling,,True,0.32561809404461245,0,correct_high
validation::2299,['green'],Brown.,0.0,"['Brown.', 'White.', 'Gray.', 'Brown.', 'Grey.', 'Brown.', 'Brown.', 'Brown.', 'Grey.', 'Gray.']",0.9433483923290392,What color is the dogs collar?,,False,0.32561809404461245,1,incorrect_low
validation::2302,['ears'],Ears.,1.0,"['Ears.', 'Ears.', 'Ears.', 'Ears.', 'Ears.', 'Ears.', 'Ears.', 'Ears.', 'Ears.', 'Ears.']",-0.0,Are there more ears or eyes visible on the cat?,,True,0.32561809404461245,0,correct_high
validation::2304,['3'],5,0.0,"['Four.', 'Five.', 'Five.', 'Four.', '5', 'Four.', '4', 'Four.', 'Four.', '5']",0.6730116670092565,How many black pillows can you see?,,False,0.32561809404461245,1,incorrect_low
validation::2305,['2'],6,0.0,"['6', '6', '7', '7', '8', '6', '6', '6', '8', '7']",1.0296530140645737,How many bright squares on the ground?,,False,0.32561809404461245,1,incorrect_low
validation::2307,['3'],Three.,0.0,"['3', '3', '3', '3', '3', '3', 'Three.', '3', 'Three.', 'Three.']",-0.0,How many types of animals are in the photo?,,True,0.32561809404461245,0,correct_high
validation::231,['8'],8,1.0,"['8', '8', '8', '8', '8', '8', '8', '8', '8', '8']",-0.0,What number is visible on the shirt of the player who is standing on the right side and whose back is facing the camera?,,True,0.32561809404461245,0,correct_high
validation::2311,['www.krajicek.net'],www.krajicek.net,1.0,"['www.krajicek.net', 'www.krajicek.net', 'www.krajicek.net', 'www.krajicek.net', 'www.krajicek.net', 'www.krajicek.net', 'www.krajicek.net', 'www.krajicek.net', 'www.krajicek.net', 'www.krajicek.net']",-0.0,What website is printed on the photo?,,True,0.32561809404461245,0,correct_high
validation::2314,['4'],4,1.0,"['Four.', 'Four.', 'Four.', 'Four.', '4', '4', '4', '4', 'Four.', '4']",-0.0,How many visible frisbees in the photo?,,True,0.32561809404461245,0,correct_high
validation::2315,['straight'],Straight.,1.0,"['Straight.', 'Straight.', 'Straight.', 'Straight.', 'Straight.', 'Straight.', 'Straight.', 'Straight.', 'Straight.', 'Straight.']",-0.0,What hair texture does the woman have?,,True,0.32561809404461245,0,correct_high
validation::2316,['phone'],A phone.,1.0,"['A phone.', 'A phone.', 'A phone.', 'A phone.', 'A smartphone.', 'A smartphone.', 'A phone.', 'A phone.', 'A smartphone.', 'A phone.']",0.6108643020548935,What is in her left hand,,True,0.32561809404461245,1,correct_low
validation::2317,['clear'],Clear.,1.0,"['Clear.', 'Clear.', 'Clear.', 'Clear.', 'Clear.', 'Clear.', 'Clear.', 'Clear.', 'Clear.', 'Clear.']",-0.0,What is the color of the vase in this picture?,,True,0.32561809404461245,0,correct_high
validation::2319,['1'],1,1.0,"['One.', '1', '1', 'One.', '1', '1', 'One.', '1', 'One.', '1']",-0.0,How many mirrors are only partially visible?,,True,0.32561809404461245,0,correct_high
validation::2322,['12'],13,0.0,"['14', '12', '13', '13', '12', '13', '12', '13', '12', '12']",0.9433483923290392,How many people are visible？,,False,0.32561809404461245,1,incorrect_low
validation::2323,['4'],1,0.0,"['One.', '1', '1', 'Four.', 'One.', 'One.', 'One.', 'One.', 'Four.', 'One.']",0.5004024235381879,How many googles visible?,,False,0.32561809404461245,1,incorrect_low
validation::2324,['white'],White.,1.0,"['White.', 'White.', 'White.', 'White.', 'White.', 'White.', 'White.', 'White.', 'White.', 'White.']",-0.0,What color is the baseball hat?,,True,0.32561809404461245,0,correct_high
validation::2325,['2'],Two.,0.0,"['Two.', 'Two.', 'Two.', '2', 'Two.', 'Two.', 'Two.', 'Two.', '2', '3']",0.3250829733914482,How many benches are there?,,True,0.32561809404461245,0,correct_high
validation::2329,['3'],4,0.0,"['6', '3', '6', '4', 'Three.', 'Four.', '4', 'Four.', '4', '6']",1.0296530140645737,How many black light polls are on the side of the street?,,False,0.32561809404461245,1,incorrect_low
validation::233,['3'],6,0.0,"['5', '7', '6', '5', '6', '5', '3', '6', '6', '6']",1.1682824501765623,How many pieces of silverware?,,False,0.32561809404461245,1,incorrect_low
validation::2330,['2'],Two.,0.0,"['Two.', 'Two.', 'Two.', 'Two.', 'Two.', 'Two.', 'Two.', 'Two.', 'Two.', 'Two.']",-0.0,How many giraffe's legs are visible?,,True,0.32561809404461245,0,correct_high
validation::2333,['wires'],Street signs.,0.0,"['Street signs.', 'Wires.', 'Street signs.', 'Power lines.', 'Street signs.', 'Street signs.', 'Electrical wires.', 'Street signs.', 'Street signs.', 'Street signs.']",0.8018185525433373,what is attached to the telephone pole?,,False,0.32561809404461245,1,incorrect_low
validation::2335,['yellow'],Green.,0.0,"['Green.', 'Green.', 'Green.', 'Green.', 'Green.', 'Green.', 'Yellow.', 'Green.', 'Green.', 'Green.']",0.3250829733914482,"Other than white and black, what color is visible in the cat's eye?",,False,0.32561809404461245,0,incorrect_high
validation::2339,['mercedes'],Mercedes-Benz,0.0,"['Mercedes-Benz', 'Mercedes-Benz', 'Mercedes-Benz', 'Mercedes-Benz.', 'Mercedes-Benz', 'Mercedes-Benz', 'Mercedes-Benz', 'Mercedes-Benz', 'Mercedes-Benz', 'Mercedes-Benz.']",-0.0,What type of car is this?,,True,0.32561809404461245,0,correct_high
validation::2341,['3'],3,1.0,"['Two.', '3', 'Two.', '3', 'Two.', '3', '3', 'Two.', 'Two.', 'Two.']",0.6730116670092565,How many pallets are visible?,,True,0.32561809404461245,1,correct_low
validation::2342,['1'],Two.,0.0,"['Two.', 'Two.', 'Two.', 'Two.', 'Two.', 'Two.', 'Two.', 'Two.', 'Two.', 'Two.']",-0.0,How many orange lights are on the sides of the headlight?,,False,0.32561809404461245,0,incorrect_high
validation::2346,['motorcycle'],The horizon/landscape.,0.0,"['The horizon/distant landscape.', 'The horizon/landscape.', 'The horizon/distant landscape.', 'The horizon.', 'The horizon/landscape.', 'The horizon.', 'A distant hilltop.', 'The horizon/landscape.', 'The horizon.', 'The horizon.']",0.3250829733914482,What is the man looking out at?,,False,0.32561809404461245,0,incorrect_high
validation::2349,['wispy'],Puffy.,0.0,"['Puffy.', 'Puffy.', 'Puffy.', 'Puffy.', 'Puffy.', 'Puffy.', 'Puffy.', 'Puffy.', 'Puffy.', 'Puffy.']",-0.0,Are the clouds puffy or wispy?,,False,0.32561809404461245,0,incorrect_high
validation::2354,['rack'],Oven rack.,1.0,"['Oven rack.', 'Oven rack.', 'Oven rack.', 'Oven rack.', 'Oven rack.', 'Oven rack.', 'Oven rack.', 'Oven rack.', 'Oven rack.', 'Oven rack.']",-0.0,What is the metal thing in the middle called?,,True,0.32561809404461245,0,correct_high
validation::2359,['fanta'],Fanta,1.0,"['Fanta.', 'Fanta', 'Fanta', 'Fanta', 'Fanta', 'Fanta.', 'Fanta', 'Fanta', 'Fanta', 'Fanta.']",-0.0,What brand of softdrink is written on the bench?,,True,0.32561809404461245,0,correct_high
validation::236,['person'],A person's silhouette.,0.0,"[""A person's silhouette."", ""A person's silhouette."", ""A person's silhouette."", ""A person's silhouette."", ""A person's silhouette."", ""A person's silhouette."", ""A person's silhouette."", ""A person's silhouette."", ""A person's silhouette."", ""A person's silhouette.""]",-0.0,What is in the foreground?,,True,0.32561809404461245,0,correct_high
validation::2360,['real'],Real.,1.0,"['Real.', 'Real.', 'Real.', 'Real.', 'Real.', 'Real.', 'Real.', 'Real.', 'Real.', 'Real.']",-0.0,does the backround look real or drawn?,,True,0.32561809404461245,0,correct_high
validation::2363,['patients'],Patients.,1.0,"['Patients.', 'Patients.', 'Patients.', 'Patients.', 'Patients.', 'Patients.', 'Patients.', 'Patients.', 'Patients.', 'Patients.']",-0.0,Who can park nearby?,,True,0.32561809404461245,0,correct_high
validation::2365,['control tower'],Control tower.,1.0,"['Control tower.', 'Control tower.', 'Control tower.', 'Control tower.', 'Control tower.', 'Control tower.', 'Control tower.', 'Control tower.', 'Control tower.', 'Air traffic control tower.']",0.3250829733914482,What is the building in the center of the picture called?,,True,0.32561809404461245,0,correct_high
validation::2374,['right'],The girl on the right.,1.0,"['The girl on the right.', 'The girl on the right.', 'The girl on the right has a bracelet.', 'The girl on the right has a bracelet.', 'The girl on the right.', 'The girl on the right.', 'The girl on the right.', 'The girl on the right.', 'The girl on the right.', 'The girl on the right.']",-0.0,which girl has a bracelet?,,True,0.32561809404461245,0,correct_high
validation::2375,['right'],Right hand.,1.0,"['Right hand.', 'Right hand.', 'Right hand.', 'Right hand.', 'Right hand.', 'Neither.', 'Neither.', 'Right.', 'Right hand.', 'Both hands.']",0.8018185525433372,Which of the bear's hands in the middle are holding a soda can?,,True,0.32561809404461245,1,correct_low
validation::2376,['closed'],Open.,0.0,"['Closed.', 'Open.', 'Open.', 'Open.', 'Open.', 'Open.', 'Open.', 'Open.', 'Open.', 'Open.']",0.3250829733914482,Is the door open or closed?,,False,0.32561809404461245,0,incorrect_high
validation::2381,['0'],14,0.0,"['18', '14', '17', '17', '12', '17', '17', '14', '17', '14']",1.1682824501765623,How many visible eyes in the photo?,,False,0.32561809404461245,1,incorrect_low
validation::2382,['2:50'],1:28,0.0,"['1:29', '2:53', '12:11', '12:04', '2:56', '4:23', '1:31', '1:56', '1:57', '1:53']",2.302585092994045,What time is it?,,False,0.32561809404461245,1,incorrect_low
validation::2383,['69'],69 cents,1.0,"['69', '69 cents.', '69 cents.', '69', '69 cents', '69 cents', '69 cents', '69', '69 cents', '69 cents.']",-0.0,"how much for a banana, in cents?",,True,0.32561809404461245,0,correct_high
validation::2389,['206-729-rent'],206-729-RENT,1.0,"['206-729-RENT', '206-729-RENT', '206-729-RENT', '206-729-RENT', '206-729-RENT', '206-729-RENT', '206-729-RENT', '206-729-RENT', '206-729-RENT', '206-729-RENT']",-0.0,What is the phone number for Aurora Rents?,,True,0.32561809404461245,0,correct_high
validation::239,['3'],Three.,0.0,"['Three.', 'Three.', 'Three.', 'Three.', 'Three.', 'Three.', 'Three.', 'Three.', 'Three.', 'Three.']",-0.0,how many colors is the tie?,,True,0.32561809404461245,0,correct_high
validation::2391,['2'],One.,0.0,"['One.', 'One.', 'One.', 'One.', 'One.', 'One.', 'One.', 'One.', 'One.', 'One.']",-0.0,how many suitcases is the woman wheeling?,,False,0.32561809404461245,0,incorrect_high
validation::2392,['4'],Three.,0.0,"['Three.', 'Two.', 'Two.', 'Two.', 'Three.', 'Three.', 'Two.', 'Two.', 'Two.', 'Three.']",0.6730116670092565,How many chairs are there?,,False,0.32561809404461245,1,incorrect_low
validation::2393,['0'],Zero.,0.0,"['Zero.', 'Zero.', 'Zero.', 'Zero.', 'Zero.', 'Zero.', 'Zero.', 'Zero.', 'Zero.', 'Zero.']",-0.0,How many spoons are there?,,True,0.32561809404461245,0,correct_high
validation::2394,['5'],Six.,0.0,"['6', 'Six.', 'Six.', '6', 'Six.', '6', '5', 'Six.', 'Six.', '7']",0.639031859650177,How many fangs on the snake?,,False,0.32561809404461245,1,incorrect_low
validation::2396,['ip'],Aprilia,0.0,"['IP', 'Aprilia', 'IP', 'IP', 'Aprilia', 'Aprilia', 'Aprilia', 'Aprilia', 'Aprilia', 'Aprilia']",0.6108643020548935,What does the sticker say on the motorcycle second from the front?,,False,0.32561809404461245,1,incorrect_low
validation::2397,['blue'],Red.,0.0,"['Red.', 'Red.', 'Red.', 'Red.', 'Red.', 'Red.', 'Red.', 'Red.', 'Red.', 'Red.']",-0.0,What color is the light below the kitchen cabinet?,,False,0.32561809404461245,0,incorrect_high
validation::2401,['8'],6,0.0,"['6', '8', '6', '6', 'Six.', '6', '8', '6', '6', '6']",0.5004024235381879,How many lamps can be seen?,,False,0.32561809404461245,1,incorrect_low
validation::2405,['brown'],Brown.,1.0,"['Brown.', 'Brown', 'Brown.', 'Bay.', 'Brown', 'Brown.', 'Brown.', 'Brown.', 'Brown.', 'Brown']",0.3250829733914482,What color of horse is repeated?,,True,0.32561809404461245,0,correct_high
validation::2407,['28'],20,0.0,"['20', '20', '20', '20', '20', '20', '20', '20', '20', '20']",-0.0,what is the total amount of giraffe legs in the image?,,False,0.32561809404461245,0,incorrect_high
validation::2408,['skateboard'],A quarter pipe.,0.0,"['A quarter pipe.', 'Quarterpipe.', 'A quarter pipe.', 'Quarterpipe.', 'Quarterpipe.', 'Quarterpipe.', 'Quarterpipe.', 'Quarterpipe.', 'Quarterpipe.', 'Quarterpipe.']",-0.0,What kind of ramp is he riding?,,False,0.32561809404461245,0,incorrect_high
validation::2409,['6'],Four.,0.0,"['Three.', 'Five.', 'Three.', 'Four.', 'Three.', 'Four.', 'Four.', 'Five.', 'Three.', 'Three.']",1.0296530140645737,HOw many structures on the roof of the building that is behind the car?,,False,0.32561809404461245,1,incorrect_low
validation::241,['grey'],Black.,0.0,"['Black.', 'Black.', 'Black.', 'Black.', 'Black', 'Black.', 'Black.', 'Black.', 'Black.', 'Black.']",-0.0,What color bowl is the bread in?,,False,0.32561809404461245,0,incorrect_high
validation::2412,['5'],Three.,0.0,"['Three.', 'Three.', 'Three.', 'Three.', 'Three.', 'Four.', 'Three.', 'Three.', 'Three.', 'Three.']",0.3250829733914482,How many bulbs are in the lamp?,,False,0.32561809404461245,0,incorrect_high
validation::2413,['shark'],Shark,1.0,"['Shark', 'Shark', 'Shark', 'Shark', 'Shark', 'Shark', 'Shark', 'Shark', 'Shark', 'Shark.']",-0.0,what word is on the rear passengers helmet?,,True,0.32561809404461245,0,correct_high
validation::2418,['grey'],Gray.,0.0,"['Gray.', 'Gray.', 'Gray.', 'Gray.', 'Gray.', 'Gray.', 'Gray.', 'Gray.', 'Gray.', 'Gray.']",-0.0,What color are the details on the man's knees?,,True,0.32561809404461245,0,correct_high
validation::2420,['6'],One.,0.0,"['One.', '7', '7', 'One.', 'One.', 'One.', 'One.', '4', '6', 'One.']",1.0888999753452235,How many numbers are there in the bottom left corner?,,False,0.32561809404461245,1,incorrect_low
validation::2422,['blue'],Blue.,1.0,"['Blue.', 'Blue.', 'Blue.', 'Blue.', 'Blue.', 'Blue.', 'Blue.', 'Blue.', 'Blue.', 'Blue.']",-0.0,What color is the plate on the wall?,,True,0.32561809404461245,0,correct_high
validation::2424,['light'],A headlamp.,0.0,"['A headlamp.', 'A headlamp.', 'A headlamp.', 'A headlamp.', 'A headlamp.', 'A headlamp.', 'A headlamp.', 'A headlamp.', 'A headlamp.', 'A headlamp.']",-0.0,What's on the man's hat?,,True,0.32561809404461245,0,correct_high
validation::2430,['toy'],Fruit.,0.0,"['Fruit.', 'Fruit.', 'Fruit.', 'Fruit.', 'Fruit.', 'Fruit.', 'Fruit.', 'Fruit.', 'Fruit.', 'Fruit.']",-0.0,what is on the bench?,,False,0.32561809404461245,0,incorrect_high
validation::2431,['pear'],Pears.,0.0,"['Pears.', 'Pears.', 'Pears.', 'Pears.', 'Pears.', 'Pears.', 'Pears.', 'Pears.', 'Pears.', 'Pears.']",-0.0,What oblong fruit is just behind the front right sections of oranges?,,True,0.32561809404461245,0,correct_high
validation::2433,['2'],Two.,0.0,"['Two.', 'Two.', 'Two.', 'Two.', 'Two.', 'Two.', 'Two.', 'Two.', 'Two.', 'Two.']",-0.0,How many spoons are in the dessert?,,True,0.32561809404461245,0,correct_high
validation::2437,['flush'],Flush the toilet.,1.0,"['Flush the toilet.', 'Flush the toilet.', 'Flush the toilet.', 'Flush the toilet.', 'Flush the toilet.', 'Flush the toilet.', 'Flush the toilet.', 'Flush the toilet.', 'Flush the toilet.', 'Flush the toilet.']",-0.0,What is the person about to do?,,True,0.32561809404461245,0,correct_high
validation::2439,['7'],6,0.0,"['7', '8', '6', 'Seven.', 'Seven.', 'Seven.', '6', '7', '6', '7']",0.8979457248567798,How many circular buttons run down the right side of the microwave?,,False,0.32561809404461245,1,incorrect_low
validation::2441,['4'],4,1.0,"['4', '4', 'Four.', '5', '4', '4', '5', '4', 'Four.', '4']",0.5004024235381879,How many people are in the water?,,True,0.32561809404461245,1,correct_low
validation::2443,['confused'],Thoughtful.,0.0,"['Pensive.', 'Thoughtful.', 'Contemplative.', 'Thoughtful/Contemplative.', 'Thoughtful.', 'Pensive.', 'Serious.', 'Pensive.', 'Pensive.', 'Thoughtful.']",-0.0,What is the woman's expression?,,True,0.32561809404461245,0,correct_high
validation::2444,['camera'],A magazine.,0.0,"['A magazine.', 'A magazine.', 'A magazine.', 'A magazine.', 'A magazine.', 'A magazine.', 'A magazine.', 'A magazine.', 'A magazine.', 'A magazine.']",-0.0,What is sitting on top of the printer?,,False,0.32561809404461245,0,incorrect_high
validation::2445,['6'],8,0.0,"['8', '8', '8', '8', '7', '7', '8', '8', 'Eight', '8']",0.5004024235381879,How man corn on the cobs can be seen on the table?,,False,0.32561809404461245,1,incorrect_low
validation::2448,['2'],One.,0.0,"['One.', 'One.', 'One.', 'One.', 'One.', 'One.', 'One.', 'One.', 'One.', 'One.']",-0.0,How many ponytails are visible?,,False,0.32561809404461245,0,incorrect_high
validation::245,['6'],Four.,0.0,"['Four.', 'Four.', 'Four.', 'Four.', 'Four.', 'Four.', 'Four.', 'Four.', 'Four.', 'Four.']",-0.0,How many windows in the cockpit?,,False,0.32561809404461245,0,incorrect_high
validation::2450,['spoon'],A spoon.,1.0,"['A spoon.', 'A spoon.', 'A spoon.', 'A spoon.', 'A spoon.', 'A spoon.', 'A spoon.', 'A spoon.', 'A spoon.', 'A spoon.']",-0.0,What cutlery in on the plate?,,True,0.32561809404461245,0,correct_high
validation::2451,['nike'],Nike.,1.0,"['Nike', 'Nike.', 'Nike.', 'Nike.', 'Nike.', 'Nike.', 'Nike.', 'Nike.', 'Nike.', 'Nike.']",-0.0,What brand is on the athlete's hat?,,True,0.32561809404461245,0,correct_high
validation::2452,['white'],Yellow.,0.0,"['Gold.', 'Yellow.', 'Yellow.', 'Yellow.', 'Yellow.', 'Yellow.', 'Yellow.', 'Yellow.', 'Yellow.', 'Gold.']",0.5004024235381879,What color is the middle stripe on the sleeves?,,False,0.32561809404461245,1,incorrect_low
validation::2454,['1'],One.,0.0,"['One.', 'One.', 'One.', 'One.', 'One.', 'One.', 'One.', 'One.', 'One.', 'One.']",-0.0,How many dog toys on the floor?,,True,0.32561809404461245,0,correct_high
validation::2455,['cruise'],A tour boat.,0.0,"['A tour boat.', 'A tour boat.', 'Cruise ship.', 'A tour boat/cruise ship.', 'A tour boat.', 'A tour boat.', 'A tour boat/cruise ship.', 'A tour boat.', 'A cruise ship.', 'Cruise ship.']",1.0296530140645737,what kind of ship is this?,,True,0.32561809404461245,1,correct_low
validation::2458,['boots'],Boots.,1.0,"['Bindings.', 'Boots.', 'Bindings.', 'Boots.', 'Bindings.', 'Boots.', 'Bindings.', 'Boots.', 'Boots.', 'Boots.']",0.6730116670092565,What are attached to the skis?,,True,0.32561809404461245,1,correct_low
validation::2459,['1:15'],Approximately 3:18.,0.0,"['Approximately 3:19.', 'Approximately 4:26.', 'Approximately 4:27.', 'Approximately 2:28.', '10:28', 'Approximately 11:57.', 'Approximately 3:16.', 'Approximately 3:06.', 'Approximately 2:28.', '9:25']",2.163955656882057,What time is it?,,False,0.32561809404461245,1,incorrect_low
validation::246,['3'],3,1.0,"['3', '3', '3', '3', '3', '3', '3', '3', '3', '3']",-0.0,How many total tennis rackets are seen?,,True,0.32561809404461245,0,correct_high
validation::2462,['bubble up'],Lemon-Lime Soda,0.0,"['Lemon-lime soda.', 'Lemon-Lime soda.', 'Lemon-Lime Soda', 'Lemon-lime soda.', 'Lemon-Lime Soda', 'Lemon-lime soda.', 'Lemon-Lime soda.', 'Lemon-Lime soda.', 'Lemon-Lime soda.', 'Lemon-lime soda.']",-0.0,What type of drink is shown?,,True,0.32561809404461245,0,correct_high
validation::2467,['kayaks'],Kayaks.,1.0,"['Kayaks.', 'Kayaks.', 'Kayaks.', 'Kayaks.', 'Kayaks.', 'Kayaks.', 'Kayaks.', 'Kayaks.', 'Kayaks.', 'Kayaks.']",-0.0,What type of boats are stacked on shelves?,,True,0.32561809404461245,0,correct_high
validation::2469,['sm'],SM,1.0,"['SM', 'SM', 'SM', 'SM', 'SM', 'SM', 'SM', 'SM', 'SM', 'SM']",-0.0,What two letters are above the cockpit windows?,,True,0.32561809404461245,0,correct_high
validation::2472,['0'],Zero.,0.0,"['Zero.', 'Zero.', 'Zero.', 'Zero.', 'Zero.', 'Zero.', 'Zero.', 'Zero.', 'Zero.', 'Zero.']",-0.0,How many watermelons are there?,,True,0.32561809404461245,0,correct_high
validation::2474,['3'],4,0.0,"['Four.', '4', '4', '4', '4', '4', '4', '4', '4', '4']",-0.0,how many frisbee's do you see?,,False,0.32561809404461245,0,incorrect_high
validation::2475,['green'],Gray.,0.0,"['Gray/brown.', 'Gray.', 'Gray.', 'Gray.', 'Gray.', 'Gray.', 'Gray.', 'Gray.', 'Gray.', 'Gray.']",0.3250829733914482,What color is the stuff between the bricks?,,False,0.32561809404461245,0,incorrect_high
validation::2477,['unanswerable'],Smith.,0.0,"['Smith.', 'Smith.', 'Soll.', 'Scott.', 'Smith.', 'Smith.', 'Smith.', 'Smith', 'Scott.', 'Smith.']",0.8018185525433373,What is the last name on the utensil?,,False,0.32561809404461245,1,incorrect_low
validation::2478,['2'],Two.,0.0,"['Two.', 'Two.', 'Two.', 'Two.', 'Two.', 'Two.', 'Two.', 'Two.', 'Two.', 'Two.']",-0.0,How many doors does the red truck have?,,True,0.32561809404461245,0,correct_high
validation::248,['3'],Three.,0.0,"['Three.', 'Three.', 'Three.', 'Three.', 'Three.', 'Four.', 'Four.', 'Three.', 'Three.', 'Three.']",0.5004024235381879,How many birds are visible?,,True,0.32561809404461245,1,correct_low
validation::2486,['left'],Right leg.,0.0,"['Right leg.', 'Right leg.', 'Right.', 'Right leg.', 'Right leg.', 'Right.', 'Right leg.', 'Right leg.', 'Right.', 'Right.']",-0.0,Which side of the leg did he used to pivot his shot?,,False,0.32561809404461245,0,incorrect_high
validation::249,['rock'],A rock.,1.0,"['A rock.', 'A rock.', 'A rock.', 'A rock.', 'A rock.', 'A rock.', 'A rock.', 'A rock.', 'A rock.', 'A rock.']",-0.0,what is in front of the giraffe?,,True,0.32561809404461245,0,correct_high
validation::2493,['p'],P,1.0,"['P', 'P', 'P', 'P', 'P', 'P', 'P', 'P', 'P', 'P']",-0.0,What letter has a slash through it on the sign above the skateboarder?,,True,0.32561809404461245,0,correct_high
validation::2494,['towel'],A towel.,1.0,"['A towel.', 'A door.', 'A towel.', 'A door.', 'A towel.', 'A towel.', 'A towel.', 'A towel.', 'A towel.', 'A towel.']",0.5004024235381879,What is next to the window?,,True,0.32561809404461245,1,correct_low
validation::2495,['knife'],Knife.,1.0,"['Knife.', 'Knife.', 'Knife.', 'Knife.', 'Knife.', 'Knife.', 'Knife.', 'Knife.', 'Knife', 'Knife.']",-0.0,What eating utensil is just to the left of the fork?,,True,0.32561809404461245,0,correct_high
validation::2499,['knife'],A knife.,1.0,"['A knife.', 'A knife.', 'A knife.', 'A fork.', 'A knife.', 'A knife.', 'A knife.', 'A knife.', 'A fork.', 'A knife.']",0.5004024235381879,What is in the right hand?,,True,0.32561809404461245,1,correct_low
validation::250,['unanswerable'],A scorpion.,0.0,"['A scorpion.', 'A scorpion.', 'A scorpion.', 'A scorpion.', 'A scorpion.', 'A scorpion.', 'A scorpion.', 'A scorpion.', 'A scorpion.', 'A scorpion.']",-0.0,What sticker is on the computer?,,False,0.32561809404461245,0,incorrect_high
validation::2503,['shell'],Seashell.,0.0,"['Seashell.', 'Seashell.', 'Seashell.', 'Seashell.', 'Seashell.', 'Shell', 'Seashell.', 'Seashell.', 'Seashell.', 'Seashell.']",0.3250829733914482,what is the shape of the object hanging on the wall to the right of the mirror,,True,0.32561809404461245,0,correct_high
validation::2504,['1'],One.,0.0,"['One.', 'One.', 'One.', 'One.', 'One.', 'One.', 'One.', 'One.', 'One.', 'One.']",-0.0,How many gloves does the player throwing the ball have?,,True,0.32561809404461245,0,correct_high
validation::2505,['2'],One.,0.0,"['One.', 'One.', 'One.', 'One.', 'One.', 'One.', 'One.', 'One.', 'One.', 'One.']",-0.0,How many hands is the boy using to hold his controller?,,False,0.32561809404461245,0,incorrect_high
validation::2507,['red and green'],Red and green.,1.0,"['Red and green.', 'Red and green.', 'Red and green.', 'Red and green.', 'Red and green.', 'Red and green.', 'Red and green.', 'Red and green.', 'Red and green.', 'Red and green.']",-0.0,What c olors are the bows on the stuffed animals necks?,,True,0.32561809404461245,0,correct_high
validation::2508,['2'],Two.,0.0,"['Two.', 'Two.', 'Two.', 'Two.', 'Two.', 'Two.', 'Two.', 'Two.', 'Two.', 'Three.']",0.3250829733914482,How many different colors of fruit ate displayed on table?,,True,0.32561809404461245,0,correct_high
validation::2511,['2'],Two.,0.0,"['Two.', 'Two.', 'Two.', 'Two.', 'Two.', 'Two.', 'Two.', 'Two.', 'Two.', '2']",-0.0,How many clear cups are on the table?,,True,0.32561809404461245,0,correct_high
validation::2512,['3:55'],Approximately 10:22.,0.0,"['Approximately 7:22.', 'Approximately 8:28.', 'Approximately 10:15.', 'Approximately 10:25.', 'Approximately 9:28.', 'Approximately 7:22.', 'Approximately 9:38.', 'Approximately 7:22.', '10:35', 'Approximately 10:15.']",1.834371970281624,What time is shown on the clock on the right?,,False,0.32561809404461245,1,incorrect_low
validation::2513,['grill'],Barbecue.,0.0,"['Barbecue.', 'BBQ.', 'Barbecue.', 'A barbecue.', 'Barbecue.', 'Barbecue.', 'A barbecue.', 'BBQ', 'Barbecue.', 'Barbecue.']",-0.0,What appliance is behind the sliding door?,,True,0.32561809404461245,0,correct_high
validation::2518,['2'],3,0.0,"['3', '3', '3', '3', '3', '3', '3', '3', '3', '3']",-0.0,How many couches and chairs combined are in the photo?,,False,0.32561809404461245,0,incorrect_high
validation::2519,['176'],176,1.0,"['176', '176', '176', '176', '176', '176', '176', '176', '176', '176']",-0.0,What number is shown on the bus?,,True,0.32561809404461245,0,correct_high
validation::2520,['iron man'],Superman.,0.0,"['Superman.', 'Superman.', 'Superman.', 'Superman.', 'Superman.', 'Superman.', 'Batman.', 'Batman.', 'Superman.', 'Superman.']",0.5004024235381879,Who is the hero on the TV?,,False,0.32561809404461245,1,incorrect_low
validation::2522,['2'],One.,0.0,"['One.', 'One.', 'One.', 'One.', 'One.', 'One.', 'One.', 'One.', 'One.', 'One.']",-0.0,How many cats are on the keyboard?,,False,0.32561809404461245,0,incorrect_high
validation::2523,['man'],man,1.0,"['MAN', 'MAN', 'man', 'man', 'man', 'MAN', 'man', 'MAN', 'man', 'MAN']",-0.0,What are the 3 letters after Long on the book on the bottom shelf just behind the cats right ear?,,True,0.32561809404461245,0,correct_high
validation::2524,['mermaid'],A statue of a woman.,0.0,"['A mermaid statue.', 'A lady statue.', 'A bust of a woman.', 'A classical female bust.', 'A mermaid.', 'A female figure.', 'A female figure.', 'A bust of a person.', 'A figurine of a woman.', 'A female statue.']",1.3592367006650063,What statue is to the farthest left side of the table?,,False,0.32561809404461245,1,incorrect_low
validation::2527,['cd hole'],On a CD.,1.0,"['On the CD.', 'On the CD.', 'On a CD.', 'On a CD.', 'On a CD.', 'On a CD.', 'On a CD.', 'On the CD.', 'On the CD.', 'On a CD.']",-0.0,Where is the person inserting their finger?,,True,0.32561809404461245,0,correct_high
validation::2533,['1'],Two.,0.0,"['Three.', 'Two.', 'Two.', 'Two.', 'Three.', 'Two.', 'Two.', 'Two.', 'Four.', 'Two.']",0.8018185525433372,How many windows on the door?,,False,0.32561809404461245,1,incorrect_low
validation::2536,['gold'],Gold,1.0,"['Gold', 'Gold', 'Gold', 'Gold', 'Gold', 'Gold', 'Gold', 'Gold', 'Gold', 'Gold']",-0.0,What is the four letter word just under the top word on the top of the bottle on the top left?,,True,0.32561809404461245,0,correct_high
validation::2537,['93'],93,1.0,"['93', '93', '93', '93', '93', '93', '93', '93', '93', '93']",-0.0,what is the number written on the front bus in yellow on a black field?,,True,0.32561809404461245,0,correct_high
validation::2538,['3'],3,1.0,"['3', '3', '3', '3', '3', '3', '3', '3', '3', '3']",-0.0,how many animals are there in the image?,,True,0.32561809404461245,0,correct_high
validation::254,['4:00'],11:12,0.0,"['11:12', '11:12', '1:37', '11:12', '11:12', '11:12', '11:12', '11:12', '11:12', '11:12']",0.3250829733914482,What time is it?,,False,0.32561809404461245,0,incorrect_high
validation::2543,['1'],One.,0.0,"['One.', 'One.', 'One.', 'One.', 'One.', 'One.', 'One.', 'One.', 'One.', 'One.']",-0.0,How many candles in the painting?,,True,0.32561809404461245,0,correct_high
validation::2544,['left'],Right.,0.0,"['Right hand.', 'Right.', 'Right hand.', 'Right.', 'Right hand.', 'Right.', 'Right.', 'Right hand.', 'Right.', 'Right hand.']",-0.0,Which hand is the guy using to hold the can that is blowing the fire?,,False,0.32561809404461245,0,incorrect_high
validation::2546,['2'],Two.,0.0,"['Two.', '2', 'Two.', 'Two.', '2', 'Two.', '2', 'Two.', 'Two.', 'Two.']",-0.0,how many frisbees are in the picture?,,True,0.32561809404461245,0,correct_high
validation::2547,['3'],Two.,0.0,"['Two.', 'Two.', 'Two.', 'Two.', 'Two.', 'Two.', 'Two.', 'Two.', 'Two.', 'Two.']",-0.0,How many of the children are wearing pink?,,False,0.32561809404461245,0,incorrect_high
validation::2548,['2'],One.,0.0,"['One.', 'One.', 'One.', 'One.', 'One.', 'One.', 'One.', 'One.', 'One.', 'One.']",-0.0,How many cats are there?,,False,0.32561809404461245,0,incorrect_high
validation::2549,['mercedes'],Mercedes,1.0,"['Mercedes', 'Mercedes', 'Mercedes', 'Mercedes', 'Mercedes', 'Mercedes', 'Mercedes', 'Mercedes', 'Mercedes', 'Mercedes']",-0.0,What is the make of the truck?,,True,0.32561809404461245,0,correct_high
validation::2550,['america'],AMERICA,1.0,"['AMERICA', 'AMERICA', 'AMERICA', 'AMERICA', 'AMERICA', 'AMERICA', 'AMERICA', 'AMERICA', 'AMERICA', 'AMERICA']",-0.0,What is written on the sign?,,True,0.32561809404461245,0,correct_high
validation::2554,['bone'],Oval.,0.0,"['Oval.', 'Oval.', 'Oval.', 'Oval.', 'Oval.', 'Oval.', 'Oval.', 'Oval.', 'Oval.', 'Oval.']",-0.0,What is the shape of the dog tag on the chain around the dog's neck?,,False,0.32561809404461245,0,incorrect_high
validation::2555,['molly coddled city workers'],"""Molly coddled City Workers""",1.0,"['""Molly coddled City Workers""', '""Molly coddled City Workers""', '""Molly coddled city workers""', '""Molly coddled city workers""', '""Molly coddled city workers""', '""Molly coddled City Workers""', '""Molly coddled city workers""', '""Molly coddled city workers""', '""Molly coddled city workers""', '""Molly coddled City Workers""']",-0.0,What does the vandalism on the sign say?,,True,0.32561809404461245,0,correct_high
validation::2556,['4:28 pm'],4:28 PM,1.0,"['4:28 PM', '4:28 PM', '4:28 PM', '4:28 PM', '4:28 PM', '4:28 PM', '4:28 PM', '4:28 PM', '4:28 PM', '4:28 PM']",-0.0,What time is it on the laptop screen?,,True,0.32561809404461245,0,correct_high
validation::2558,['crust'],The crust.,1.0,"['The crust.', 'The crust.', 'The crust.', 'The crust.', 'The crust.', 'The crust.', 'The crust.', 'The crust.', 'The crust.', 'The crust.']",-0.0,What part of pizza is burned?,,True,0.32561809404461245,0,correct_high
validation::2561,['1'],Two.,0.0,"['Two.', 'Two.', 'Two.', 'Two.', 'Two.', 'Two.', 'Two.', 'Two.', 'Two.', 'Two.']",-0.0,How many candles are present in the room?,,False,0.32561809404461245,0,incorrect_high
validation::2562,['4'],Five.,0.0,"['Four.', 'Five.', 'Five.', 'Five.', 'Five.', 'Five.', 'Five.', 'Four.', 'Four.', 'Five.']",0.6108643020548935,how many rackets?,,False,0.32561809404461245,1,incorrect_low
validation::2563,['blue'],Blue.,1.0,"['Blue.', 'Blue.', 'Blue.', 'Blue.', 'Blue.', 'Blue.', 'Blue.', 'Blue.', 'Blue.', 'Blue.']",-0.0,What color wristband is on the player's left wrist?,,True,0.32561809404461245,0,correct_high
validation::2564,['desktop'],"A blue desktop background with a white, lightning-like design.",0.0,"['A blue desktop background with a white line.', 'A blue desktop background with a white, swirling design.', 'A desktop computer screen with a blue background and a white line.', 'A blue desktop background with a white, winding line.', 'A blue desktop background with a white, lightning-like graphic.', 'A blue desktop background with a white, winding line.', 'A blue desktop background with a white line.', 'A blue desktop background with a white lightning-like streak.', 'A desktop computer with a blue wallpaper.', 'A blue desktop background with a white lightning bolt.']",1.313834033192747,What is shown on the screen?,,True,0.32561809404461245,1,correct_low
validation::2565,['3'],Three.,0.0,"['Three.', 'Three.', 'Three.', '3', 'Three.', 'Three.', '3', 'Three.', 'Three.', 'Three.']",-0.0,How many animals are in the picture?,,True,0.32561809404461245,0,correct_high
validation::2566,['ave'],Ave,1.0,"['Ave', 'Ave', 'Ave', 'Ave', 'Ave', 'Ave', 'Ave', 'Ave', 'Ave', 'Ave']",-0.0,What 3-letter word is before the number 57?,,True,0.32561809404461245,0,correct_high
validation::2567,['bow'],A red bow.,1.0,"['A red bow.', 'A red bow.', 'A red ribbon.', 'A red bow.', 'A red bow.', 'A red bow.', 'A red ribbon.', 'A red bow.', 'A red ribbon.', 'A red ribbon.']",-0.0,What is on the stuffed animal's neck?,,True,0.32561809404461245,0,correct_high
validation::2569,['front'],Front.,1.0,"['Front.', 'Front.', 'Front.', 'Front.', 'Front.', 'Front.', 'Front.', 'Front.', 'Front.', 'Front.']",-0.0,Is the cat standing on the front or back of the car?,,True,0.32561809404461245,0,correct_high
validation::2571,['stop'],Stop sign.,1.0,"['Stop sign.', 'Stop sign.', 'Stop sign.', 'Stop sign.', 'Stop sign.', 'Stop sign.', 'Stop sign.', 'Stop sign.', 'Stop sign.', 'Stop sign.']",-0.0,What kind of sign is on the right-hand side?,,True,0.32561809404461245,0,correct_high
validation::2573,['11'],12,0.0,"['12', '13', '12', '12', '12', '13', '12', '12', '12', '12']",0.5004024235381879,How many stories are visible in the building?,,False,0.32561809404461245,1,incorrect_low
validation::2574,['toshiba'],Toshiba,1.0,"['Toshiba.', 'Toshiba', 'Toshiba.', 'Toshiba', 'Toshiba.', 'Toshiba.', 'Toshiba', 'Toshiba', 'Toshiba', 'Toshiba']",-0.0,What is the maker of the laptop?,,True,0.32561809404461245,0,correct_high
validation::2575,['4'],Six.,0.0,"['Six.', 'Six.', 'Six.', 'Six.', 'Six.', 'Six.', 'Six.', 'Six.', 'Six.', 'Six.']",-0.0,How many wheels can be seen?,,False,0.32561809404461245,0,incorrect_high
validation::2579,['cheese'],Cheese,1.0,"['Cheese', 'Cheese.', 'Cheese.', 'Cheese.', 'Cheese', 'Cheese.', 'Cheese', 'Cheese.', 'Cheese.', 'Cheese']",-0.0,What food is 3rd from the top in the stack?,,True,0.32561809404461245,0,correct_high
validation::258,['fish'],A sun.,0.0,"['A bear.', 'A sun.', 'A sun.', 'A sun.', 'A bear.', 'A sun.', 'A sun.', 'A sun.', 'A sun.', 'A bear.']",0.6108643020548935,What animal is on the bottom of the snow board?,,False,0.32561809404461245,1,incorrect_low
validation::2580,['faust'],"""Zelda""",0.0,"['""Mass Effect""', 'Zelda', '""Mass Effect""', '""Zelda""', '""Fallout""', '""Zelda""', '""The Ninth Gate""', '""Star Wars""', '""X-COM""', '""Halo 3""']",1.834371970281624,What does it say on the poster above the TV?,,False,0.32561809404461245,1,incorrect_low
validation::2581,['carrots'],Roasted carrots.,1.0,"['Roasted carrots.', 'Roasted carrots.', 'Roasted carrots.', 'Roasted carrots.', 'Roasted carrots.', 'Roasted carrots.', 'Roasted carrots.', 'Roasted carrots.', 'Roasted carrots.', 'Roasted carrots.']",-0.0,what is in the plate in the bottom left of the picture?,,True,0.32561809404461245,0,correct_high
validation::2583,['sequins'],White dots.,0.0,"['White dots.', 'Dots.', 'Dots.', 'Pink dots.', 'Dots.', 'Pink dots.', 'Dots.', 'White dots.', 'Dots.', 'Small white dots.']",1.2206072645530173,What does the umbrella edge contain?,,False,0.32561809404461245,1,incorrect_low
validation::2584,['icee'],Icee.,1.0,"['Icee.', 'Icee.', 'Icee.', 'Icee', 'Icee.', 'Icee.', 'Icee.', 'Icee', 'Icee.', 'Icee.']",-0.0,what drink is being advertised in front of the woman in shorts?,,True,0.32561809404461245,0,correct_high
validation::2587,['waste management'],SVM Management.,1.0,"['AVM Management', 'VM Management', 'AVM Management.', 'SVM Management', 'LVM', 'SVM Management', 'SVM Management', 'TGM Management.', 'SVM Management.', 'SVM Management.']",1.3592367006650063,The logo on the left side of the picture represents what company?,,False,0.32561809404461245,1,incorrect_low
validation::2588,['dc'],DC,1.0,"['DC', 'DC', 'DC.', 'DC', 'DC', 'DC', 'DC', 'DC', 'DC', 'DC']",-0.0,What is the brand seen on the skateboarder's shoes?,,True,0.32561809404461245,0,correct_high
validation::2590,['red'],Red and cream.,1.0,"['Red and cream.', 'Red and cream.', 'Red and white.', 'Red and white.', 'Red and cream.', 'Red and cream.', 'Red and white.', 'Red and cream.', 'Red and cream.', 'Red and yellow.']",0.8979457248567797,what colors are the train carts in view?,,True,0.32561809404461245,1,correct_low
validation::2591,['4'],Two.,0.0,"['Two.', 'Two.', 'Two.', 'One.', 'Two.', 'Two.', 'One.', 'One.', 'Two.', 'Two.']",0.6108643020548935,How many rings does this zebra poll have in this picture?,,False,0.32561809404461245,1,incorrect_low
validation::2592,['6'],Four.,0.0,"['Four.', 'Four.', 'Four.', 'Four.', '4', 'Four.', 'Four.', 'Four.', 'Four.', 'Four.']",-0.0,how many animals are visible?,,False,0.32561809404461245,0,incorrect_high
validation::2595,['2'],Two.,0.0,"['3', '3', '3', 'Three.', '3', 'Two.', '2', '3', 'Two.', '3']",0.6108643020548935,how many slices of tomato?,,True,0.32561809404461245,1,correct_low
validation::2596,['microwave'],Microwave.,1.0,"['Microwave.', 'Microwave.', 'Microwave.', 'Microwave.', 'Microwave.', 'Microwave.', 'Microwave.', 'Microwave.', 'Microwave.', 'Microwave.']",-0.0,What largest item is on top of the fridge?,,True,0.32561809404461245,0,correct_high
validation::2598,['2'],Two.,0.0,"['2', 'Two.', 'Two.', 'Two.', 'Two.', 'Two.', 'Two.', 'Two.', 'Two.', 'Two.']",-0.0,How many beer bottles are there?,,True,0.32561809404461245,0,correct_high
validation::26,['4'],Four.,0.0,"['Four.', 'Four.', 'Four.', 'Four.', 'Four.', 'Four.', 'Four.', 'Four.', 'Four.', 'Four.']",-0.0,How many giraffes are in the photo?,,True,0.32561809404461245,0,correct_high
validation::260,['3'],Three.,0.0,"['3', 'Three.', 'Three.', '3', 'Three.', '3', '3', 'Three.', '3', 'Three.']",-0.0,How many lights can be seen?,,True,0.32561809404461245,0,correct_high
validation::2601,['sand'],Sand.,1.0,"['Sand.', 'Sand.', 'Sand.', 'Sand.', 'Sand.', 'Sand.', 'Sand.', 'Sand.', 'Sand.', 'Sand.']",-0.0,what is the cone in?,,True,0.32561809404461245,0,correct_high
validation::2607,['joseph'],Joseph,1.0,"['Joseph', 'Joseph', 'Joseph', 'Joseph', 'Joseph', 'Joseph', 'Joseph', 'Joseph', 'Joseph', 'Joseph']",-0.0,What is the first name written?,,True,0.32561809404461245,0,correct_high
validation::2608,['3'],3,1.0,"['3', '3', '3', '3', '3', '3', '3', '3', '3', '3']",-0.0,how many different pictures are there?,,True,0.32561809404461245,0,correct_high
validation::261,['museum'],Museum,1.0,"['Museum', 'Museum', 'Museum', 'Museum', 'Museum', 'Museum', 'Museum', 'Museum', 'Museum', 'Museum']",-0.0,What does the black and yellow sign say?,,True,0.32561809404461245,0,correct_high
validation::2611,['erdgas'],Erdgas,1.0,"['Erdgas', 'Erdgas', 'Erdgas', 'Erdgas', 'Erdgas', 'Erdgas', 'Erdgas', 'Erdgas', 'Erdgas', 'Erdgas']",-0.0,"What is the word that starts with ""e"" on the bottom of the sign?",,True,0.32561809404461245,0,correct_high
validation::2613,['1'],One.,0.0,"['One.', 'One.', 'One.', 'One.', 'One.', 'One.', 'One.', 'One.', 'One.', 'One.']",-0.0,How many people are wearing gold pants?,,True,0.32561809404461245,0,correct_high
validation::2614,['2'],One.,0.0,"['One.', 'One.', 'One.', 'One.', 'One.', 'One.', 'One.', 'One.', 'One.', 'One.']",-0.0,How many cars are seen on the road?,,False,0.32561809404461245,0,incorrect_high
validation::2615,['peanut butter'],Peanut butter.,1.0,"['Peanut butter.', 'Peanut butter.', 'Peanut butter.', 'Peanut butter.', 'Peanut butter.', 'Peanut butter.', 'Peanut butter.', 'Peanut butter.', 'Peanut butter.', 'Peanut butter.']",-0.0,What will be put on the banana?,,True,0.32561809404461245,0,correct_high
validation::2617,['1'],One.,0.0,"['One.', 'One.', 'One.', 'One.', 'One.', 'One.', 'One.', 'One.', 'One.', 'One.']",-0.0,How many of the cat's paws are visible?,,True,0.32561809404461245,0,correct_high
validation::2618,['apron'],A curtain.,0.0,"['A curtain.', 'A curtain.', 'A patterned curtain.', 'A patterned curtain and blinds.', 'A curtain.', 'A patterned valance.', 'A curtain.', 'A curtain.', 'A curtain.', 'A curtain.']",0.9404479886553264,What is hanging in the window?,,False,0.32561809404461245,1,incorrect_low
validation::2620,['2'],Two.,0.0,"['Two.', 'Two.', 'Two.', 'Two.', 'Two.', 'Two.', 'Two.', 'Two.', 'Two.', 'Two.']",-0.0,how many feet are touching the ground?,,True,0.32561809404461245,0,correct_high
validation::2623,['online'],manitobaparkland.com,0.0,"['manitobaparkland.com', 'manitoba-parkland.com', 'manitobaparkland.com', 'manitobaparkland.com', 'manitobaparkland.com', 'manitobaparkland.com', 'manitobaparkland.com', 'manitoba-parkland.com', 'manitobaparkland.com', 'manitobaparkland.com']",-0.0,where can you see the menu?,,False,0.32561809404461245,0,incorrect_high
validation::2624,['2'],Three.,0.0,"['Three.', 'Three.', 'Three.', 'Three.', 'Two.', 'Three.', 'Two.', 'Three.', 'Three.', 'Three.']",0.5004024235381879,How many blue stickers are on the bumper of the bus?,,False,0.32561809404461245,1,incorrect_low
validation::2626,['left'],Right.,0.0,"['Right shoulder.', 'Right.', 'Right.', 'Right.', 'Right.', 'Right.', 'Right.', 'Right.', 'Right.', 'Right.']",-0.0,Is the woman's bag on her right or left shoulder?,,False,0.32561809404461245,0,incorrect_high
validation::2628,['pears'],Apples and pears.,1.0,"['Apples and pears.', 'Apples and pears.', 'Apples and pears.', 'Apples and pears.', 'Apples and pears.', 'Apples and pears.', 'Apples and pears.', 'Apples and pears.', 'Apples and pears.', 'Apples and pears.']",-0.0,What type of fruit is in the bowl?,,True,0.32561809404461245,0,correct_high
validation::2629,['robot'],Robot,1.0,"['Robot', 'Robot', 'Robot', 'Robot', 'Robot', 'Robot', 'Robot', 'Robot', 'Robot', 'Robot']",-0.0,What is the word right after donut on the sign?,,True,0.32561809404461245,0,correct_high
validation::2636,['5'],Three.,0.0,"['Four.', 'Three.', 'Three.', 'Three.', 'Four.', 'Three.', 'Four.', 'Four.', 'Four.', 'Three.']",0.6931471805599453,How many colors are on the tie?,,False,0.32561809404461245,1,incorrect_low
validation::2637,['0'],Two.,0.0,"['Two.', 'Two.', 'Two.', 'Two.', 'Two.', 'Two.', 'Two.', 'Two.', 'Two.', 'Two.']",-0.0,how many teeth are showing?,,False,0.32561809404461245,0,incorrect_high
validation::2639,['1'],One.,0.0,"['One.', 'One.', '1', '1', 'One.', 'One.', 'One.', 'One.', 'One.', '1']",-0.0,How many trucks have a tool box in the back of them?,,True,0.32561809404461245,0,correct_high
validation::264,['2'],Two.,0.0,"['Two.', 'Two.', 'Two.', 'Two.', 'Two.', 'Two.', 'Two.', 'Two.', 'Two.', 'Two.']",-0.0,How many of the dogs paws are visible in the photo?,,True,0.32561809404461245,0,correct_high
validation::2641,['m'],M,1.0,"['M', 'M', 'M', 'M', 'M', 'M', 'M', 'M', 'M', 'M']",-0.0,what is the last yellow letter in the middle of the green part of the train?,,True,0.32561809404461245,0,correct_high
validation::2643,['organic'],Organic produce.,1.0,"['Organic produce.', 'Organic produce.', 'Organic produce.', 'Organic produce.', 'Organic produce.', 'Organic produce.', 'Organic produce.', 'Organic produce.', 'Organic produce.', 'Organic produce.']",-0.0,What kind of produce is being advertised in the background of the image?,,True,0.32561809404461245,0,correct_high
validation::2644,['blue'],"Blue, red, and orange.",0.0,"['Blue, red, and orange.', 'Blue, red, and orange.', 'Blue, red, and orange.', 'Blue, red, and orange.', 'Blue, red, and orange.', 'Blue, red, and orange.', 'Blue, red, and orange.', 'Blue, red, and orange.', 'Blue, red, and orange.', 'Blue, red, and orange.']",-0.0,What colors are the train?,,True,0.32561809404461245,0,correct_high
validation::2650,['night'],Day.,0.0,"['Day.', 'Day.', 'Day.', 'Day.', 'Day.', 'Day.', 'Day.', 'Day.', 'Day.', 'Day.']",-0.0,Is the picture taken at day or night?,,False,0.32561809404461245,0,incorrect_high
validation::2651,['0'],One.,0.0,"['One.', 'One.', 'One.', 'One.', 'One.', 'One.', 'One.', 'One.', 'One.', 'One.']",-0.0,How many ears are visible?,,False,0.32561809404461245,0,incorrect_high
validation::2653,['pink'],Yellow.,0.0,"['Yellow.', 'Yellow/Lime Green', 'Yellow.', 'Yellow.', 'Yellow.', 'Yellow.', 'Yellow/lime green.', 'Yellow', 'Yellow.', 'Yellow.']",0.5004024235381879,What color is the front of the bus?,,False,0.32561809404461245,1,incorrect_low
validation::2656,['tablet'],A book.,0.0,"['A book.', 'A book.', 'A book.', 'A book.', 'A book.', 'A book.', 'A book.', 'A book.', 'A book.', 'A book.']",-0.0,What is she holding?,,False,0.32561809404461245,0,incorrect_high
validation::2657,['pink'],Pink.,1.0,"['Pink.', 'Pink.', 'Pink.', 'Pink.', 'Pink.', 'Pink.', 'Pink.', 'Pink.', 'Pink.', 'Pink.']",-0.0,What color is the cat's nose?,,True,0.32561809404461245,0,correct_high
validation::2658,['0'],Zero.,0.0,"['Zero.', 'Zero.', 'Zero.', 'Zero.', 'Zero.', 'Zero.', 'Zero.', 'Zero.', 'Zero.', 'Zero.']",-0.0,How many ovens are visible?,,True,0.32561809404461245,0,correct_high
validation::2659,['1'],One.,0.0,"['One.', 'One.', 'One.', 'One.', 'One.', 'One.', 'One.', 'One.', 'One.', 'One.']",-0.0,How many fingers is she using to point with?,,True,0.32561809404461245,0,correct_high
validation::266,['watches'],Watches.,1.0,"['Watches.', 'Watches.', 'Watches.', 'Watches.', 'Watches.', 'Watches.', 'Watches.', 'Watches.', 'Watches.', 'Watches.']",-0.0,What is for sale in the display counter straight ahead?,,True,0.32561809404461245,0,correct_high
validation::2662,['left'],Right side.,0.0,"['Right side.', 'Right side.', 'Right side.', 'Right side.', 'Right side.', 'Right side.', 'Right side.', 'Right side.', 'Right side.', 'Right side.']",-0.0,Is the left side or right side of the man closer to the ocean?,,False,0.32561809404461245,0,incorrect_high
validation::2666,['animals'],Panthers.,0.0,"['Lion statues.', 'Panthers.', 'Panthers.', 'Griffins.', 'Panthers.', 'Bears.', 'Griffins.', 'Lion statues.', 'Griffins.', 'Lion statues.']",1.313834033192747,What are the statues of that are under the clock?,,True,0.32561809404461245,1,correct_low
validation::2667,['2'],Three.,0.0,"['Three.', 'Three.', 'Three.', 'Three.', 'Three.', 'Three.', 'Three.', 'Three.', 'Three.', 'Two.']",0.3250829733914482,how many elephants are there?,,False,0.32561809404461245,0,incorrect_high
validation::2669,['4'],25,0.0,"['25', '24', 'Approximately 38.', '25', '28', '27', '28', '27', 'Approximately 23.', '28']",1.6957425341696346,how many posts are in the fence?,,False,0.32561809404461245,1,incorrect_low
validation::267,['miguel navaza'],Miguel Navaza 2011,1.0,"['Miguel Navaza 2011', 'Miguel Navaza 2011', 'Miguel Navaza 2011', 'Miguel Navaza 2011', 'Miguel Navaza 2011', 'Miguel Navaza 2011', 'Miguel Navaza 2011', 'Miguel Navaza 2011', 'Miguel Navaza 2011', 'Miguel Navaza 2011']",-0.0,what is the name at the bottom?,,True,0.32561809404461245,0,correct_high
validation::2670,['9:29'],12:28,0.0,"['12:28', '12:28', '10:18', '12:31', '12:29', '12:28', '12:38', '12:28', '12:28', '12:28']",1.2275294114572126,What is the time on the clock?,,False,0.32561809404461245,1,incorrect_low
validation::2671,['2'],4,0.0,"['2', 'Four.', '4', '4', '4', 'Four.', 'Four.', 'Four.', '4', '4']",0.3250829733914482,Not including the one in the background how many skateboard wheels are visible?,,False,0.32561809404461245,0,incorrect_high
validation::2675,['sol'],Sol.,1.0,"['Sol.', 'Sol.', 'Sol.', 'Sol.', 'Sol.', 'Sol.', 'Sol.', 'Sol.', 'Sol.', 'Sol']",-0.0,what is the last word on the green sign?,,True,0.32561809404461245,0,correct_high
validation::2677,['comcast'],Comcast.,1.0,"['Comcast.', 'Comcast.', 'Comcast.', 'Comcast.', 'Comcast', 'Comcast.', 'Comcast.', 'Comcast.', 'Comcast.', 'Comcast.']",-0.0,What company is being advertised on the wall in the background?,,True,0.32561809404461245,0,correct_high
validation::268,['cow'],A cow.,1.0,"['A cow.', 'A cow.', 'A cow.', 'A cow.', 'A cow.', 'A cow.', 'A cow.', 'A cow.', 'A cow.', 'A cow.']",-0.0,What is the bird on top of?,,True,0.32561809404461245,0,correct_high
validation::2680,['2'],Three.,0.0,"['Three.', 'Three.', 'Three.', 'Four.', 'Three.', 'Three.', 'Three.', 'Four.', 'Four.', 'Three.']",0.6108643020548935,How many blue stripes can be seen on the train?,,False,0.32561809404461245,1,incorrect_low
validation::2686,['2'],4,0.0,"['4', '4', '4', '3', '4', '3', '4', '4', 'Four.', '4']",0.5004024235381879,How many plates are there ?,,False,0.32561809404461245,1,incorrect_low
validation::2688,['police'],POLICE,1.0,"['POLICE', 'POLICE', 'POLICE', 'POLICE', 'POLICE', 'POLICE', 'POLICE', 'POLICE', 'POLICE', 'POLICE']",-0.0,What is written on the rear panel of the motorcycle?,,True,0.32561809404461245,0,correct_high
validation::2689,['2'],Four.,0.0,"['Four.', 'Three.', 'Four.', 'Three.', 'Three.', 'Three.', 'Three.', 'Four.', 'Four.', 'Four.']",0.6931471805599453,how many tires are visible?,,False,0.32561809404461245,1,incorrect_low
validation::269,['2'],Four.,0.0,"['Four.', 'Four.', 'Three.', 'Four.', 'Four.', 'Four.', 'Four.', 'Four.', 'Four.', 'Four.']",0.3250829733914482,How many fingers are extended in players free hand?,,False,0.32561809404461245,0,incorrect_high
validation::2691,['neither'],The woman on the right.,0.0,"['The woman on the right.', 'The woman on the right.', 'The woman on the right.', 'The woman on the right.', 'The woman on the right.', 'The woman on the right.', 'The woman on the right.', 'The woman on the right.', 'The woman on the right.', 'The woman on the right.']",-0.0,Which woman has sunglasses on?,,False,0.32561809404461245,0,incorrect_high
validation::2692,['4'],4,1.0,"['4', '4', '4', '4', '4', '4', '4', '4', '4', '4']",-0.0,"According to the sign on the left most building, how many DVDs can you get for $20?",,True,0.32561809404461245,0,correct_high
validation::2693,['2'],Two.,0.0,"['Two.', 'Two.', 'Two.', 'Two.', 'Two.', 'Two.', 'Two.', 'Two.', 'Two.', 'Two.']",-0.0,how many men are hugging?,,True,0.32561809404461245,0,correct_high
validation::2696,['2'],Two.,0.0,"['Two.', 'Two.', 'Two.', '2', 'Two.', 'Two.', '2', 'Two.', 'Two.', 'Two.']",-0.0,How many piercings are in her bottom lip?,,True,0.32561809404461245,0,correct_high
validation::2698,['2'],6,0.0,"['6', '6', '7', '6', '6', '6', '7', '6', '6', '6']",0.5004024235381879,How many street lights are there?,,False,0.32561809404461245,1,incorrect_low
validation::2699,['wine glass'],A sheep.,0.0,"['A lamb.', 'A sheep.', 'A sheep.', 'A sheep.', 'A sheep.', 'A sheep.', 'A lamb.', 'A sheep.', 'A sheep.', 'A sheep.']",0.5004024235381879,what object is to the right of the text on the shirt?,,False,0.32561809404461245,1,incorrect_low
validation::2701,['19:45'],19:45,1.0,"['19:45', '19:45', '19:45', '19:45', '19:45', '19:45', '19:45', '19:45', '19:45', '19:45']",-0.0,What time does the phone say?,,True,0.32561809404461245,0,correct_high
validation::2702,['5'],9,0.0,"['9', '9', '9', '9', '9', '9', '9', '9', '9', '9']",-0.0,What is the last digit on the banana price sign?,,False,0.32561809404461245,0,incorrect_high
validation::2707,['4:31'],3:15,0.0,"['3:11', '3:18', '3:14', '4:35', '3:00', '3:16', '3:00', '3:15', '3:00', '2:29']",1.9730014063936128,What time is it?,,False,0.32561809404461245,1,incorrect_low
validation::271,['left'],Left.,1.0,"['Left.', 'Left.', 'Left.', 'Left.', 'Left.', 'Left.', 'Left.', 'Left.', 'Left.', 'Left.']",-0.0,Is the coffee maker to the left or right of the sink?,,True,0.32561809404461245,0,correct_high
validation::2710,['2'],5,0.0,"['Five.', '5', '5', 'Five.', '5', '4', 'Five.', 'Five.', 'Five.', '5']",0.3250829733914482,How many back slats are there on the bench?,,False,0.32561809404461245,0,incorrect_high
validation::2711,['orange'],Orange.,1.0,"['Orange.', 'Orange.', 'Orange.', 'Orange.', 'Orange.', 'Orange.', 'Orange.', 'Orange.', 'Orange.', 'Orange.']",-0.0,What color is the cat in the background?,,True,0.32561809404461245,0,correct_high
validation::2717,['sink'],A window.,0.0,"['A window.', 'A window.', 'A window.', 'A window.', 'A window.', 'A window.', 'A window.', 'A window.', 'A window.', 'A window.']",-0.0,What is next to the tub?,,False,0.32561809404461245,0,incorrect_high
validation::2719,['2'],Two.,0.0,"['Two.', 'Two.', 'Two.', 'Two.', 'Two.', 'Two.', 'Two.', 'Two.', 'Two.', 'Two.']",-0.0,How many people have baseball gloves on their left hand?,,True,0.32561809404461245,0,correct_high
validation::2720,['tongs'],Tongs,1.0,"['Tongs', 'Tongs', 'Tongs', 'Tongs', 'Tongs', 'Tongs', 'Tongs', 'Tongs', 'Tongs', 'Tongs']",-0.0,what is the first word on the top right?,,True,0.32561809404461245,0,correct_high
validation::2727,['seattle'],Seattle.,1.0,"['Seattle.', 'Seattle.', 'Seattle.', 'Seattle.', 'Seattle.', 'Seattle.', 'Seattle.', 'Seattle.', 'Seattle.', 'Seattle.']",-0.0,What city is this in?,,True,0.32561809404461245,0,correct_high
validation::2728,['3'],Four.,0.0,"['Three.', 'Three.', '3', '3', 'Four.', '5', '5', '4', '4', '4']",1.0549201679861442,how many chimney pipes on the building on the left?,,False,0.32561809404461245,1,incorrect_low
validation::2729,['3'],Three.,0.0,"['Three.', 'Three.', 'Three.', 'Three.', 'Three.', 'Three.', 'Three.', 'Three.', 'Three.', '3']",-0.0,how many pictures are on the laptop screen?,,True,0.32561809404461245,0,correct_high
validation::2730,['monster'],Monster,1.0,"['Monster', 'Monster', 'Monster', 'Monster', 'Monster', 'Monster', 'Monster', 'Monster', 'Monster', 'Monster']",-0.0,what energy drink brand is shown bottom right?,,True,0.32561809404461245,0,correct_high
validation::2733,['towards'],Away.,0.0,"['Away.', 'Away.', 'Away.', 'Away.', 'Away.', 'Away.', 'Away.', 'Away.', 'Away.', 'Away.']",-0.0,Is the skier in the back skiing towards or away from the man in the front?,,False,0.32561809404461245,0,incorrect_high
validation::2735,['upside down'],Upside down.,1.0,"['Upside down.', 'Upside down.', 'Upside down.', 'Mid-air twisting.', 'Upside down.', 'Upside down.', 'Upside down.', 'Upside down.', 'Upside down.', 'Upside down.']",0.3250829733914482,what is the position of their bodies while in the air?,,True,0.32561809404461245,0,correct_high
validation::2737,['necklace'],A necklace.,1.0,"['A necklace.', 'A necklace.', 'A necklace.', 'A necklace.', 'A necklace.', 'A necklace.', 'A necklace.', 'A necklace.', 'A necklace.', 'A necklace.']",-0.0,what is the gal wearing around her neck,,True,0.32561809404461245,0,correct_high
validation::2742,['yellow'],Yellow.,1.0,"['Yellow.', 'White.', 'Yellow.', 'Yellow.', 'Yellow.', 'Yellow.', 'Yellow.', 'Yellow.', 'Yellow.', 'Yellow.']",0.3250829733914482,what color sign is under the giant M?,,True,0.32561809404461245,0,correct_high
validation::2743,['e'],E,1.0,"['E', 'E', 'E', 'E', 'E', 'E', 'E', 'E', 'E', 'E']",-0.0,What is the first letter on the license plate?,,True,0.32561809404461245,0,correct_high
validation::2747,['2'],Four.,0.0,"['Four.', 'Four.', 'Four.', 'Six.', 'Four.', 'Four.', 'Four.', 'Four.', 'Four.', 'Four.']",0.3250829733914482,How many sets of train tracks are shown in the center train corridor?,,False,0.32561809404461245,0,incorrect_high
validation::2748,['4'],8,0.0,"['8', '8', '8', '8', '8', '8', 'Eight', 'Four.', '8', 'Four.']",0.5004024235381879,How many eyes are open  in this image?,,False,0.32561809404461245,1,incorrect_low
validation::2749,['4'],5,0.0,"['5', '5', '5', '5', '5', '5', '5', '5', '5', '5']",-0.0,How many people are in the image?,,False,0.32561809404461245,0,incorrect_high
validation::2751,['2'],Three.,0.0,"['Three.', 'Three.', 'Four.', 'Four.', 'Three.', 'Three.', 'Three.', 'Three.', 'Three.', 'Three.']",0.5004024235381879,how many racks are inside the oven?,,False,0.32561809404461245,1,incorrect_low
validation::2752,['cooper'],Cooper.,1.0,"['Cooper.', 'Cooper.', 'Cooper.', 'Cooper.', 'Cooper.', 'Cooper.', 'Cooper.', 'Cooper.', 'Cooper.', 'Cooper.']",-0.0,What is the family name of the bubble head?,,True,0.32561809404461245,0,correct_high
validation::2753,['4'],Zero.,0.0,"['Zero.', 'Zero.', 'Zero.', 'Zero.', 'Zero.', '0', 'Zero.', 'Zero.', 'Zero.', 'Zero.']",-0.0,How many cinder blocks are fully or partially visible?,,False,0.32561809404461245,0,incorrect_high
validation::2755,['2'],Two.,0.0,"['One.', 'One.', '2', 'Two.', 'Two.', '2', 'One.', '2', '2', 'One.']",0.6730116670092565,How many draws are in this photo?,,True,0.32561809404461245,1,correct_low
validation::2757,['right'],Right.,1.0,"['Right.', 'Left.', 'To the right.', 'Right.', 'To the right.', 'Right.', 'Right.', 'Right.', 'To the right.', 'Right.']",0.3250829733914482,Which way is the flower tilted?,,True,0.32561809404461245,0,correct_high
validation::2758,['199'],LL199,0.0,"['LL199', 'LL199', 'LL199', 'LL199', 'LL199', 'LI.199', 'LL.199', 'LL199', 'LL199', 'LL199']",0.3250829733914482,What is the number shown on the boat closest to the tractor?,,True,0.32561809404461245,0,correct_high
validation::276,['white and black'],The image doesn't show people in the back.,0.0,"['Black and white.', ""It's difficult to determine the colors of the people in the back due to the image quality and distance. They appear to be wearing dark colors, possibly black or dark green."", 'It is not possible to determine the colors of the people in the back because they are obscured by the fence.', 'Black and white.', ""Based on the image, it's difficult to definitively say what colors the people in the back are wearing due to the distance and blurriness. However, they appear to be wearing mostly white or light-colored clothing."", 'Black and white.', 'Not visible.', ""It's impossible to tell what colors the people in the back are wearing. They are too far away to distinguish colors."", 'It is impossible to determine what colors the people in the back are wearing due to their distance from the camera and the image quality.', ""The image doesn't show people in the back, only a fence and trees.""]",1.9730014063936128,what colors are the people in the back wearing,,False,0.32561809404461245,1,incorrect_low
validation::2760,['0'],Zero.,0.0,"['Zero.', 'Zero.', 'Zero.', 'Zero.', 'Zero.', 'Zero.', 'Zero.', 'Zero.', 'Zero.', 'Zero.']",-0.0,how many people looking up?,,True,0.32561809404461245,0,correct_high
validation::2762,['front'],Behind her.,0.0,"['Behind her.', 'Behind her.', 'Behind her.', 'Behind her.', 'Behind her.', 'Behind her.', 'Behind her.', 'Behind her.', 'Behind her.', 'Behind her.']",-0.0,Is the sun in front of her or behind her?,,False,0.32561809404461245,0,incorrect_high
validation::2766,['2:30'],10:28,0.0,"['10:19', '10:29', '10:28', '1:58', '10:28', '10:24', '10:20', '8:52.', '10:28', '7:36']",1.9730014063936128,what time is it on the clocks?,,False,0.32561809404461245,1,incorrect_low
validation::2768,['4'],4,1.0,"['4', '4', '4', '4', '4', '4', '4', '4', '4', '4']",-0.0,How many guys are there?,,True,0.32561809404461245,0,correct_high
validation::2769,['velcro'],Laces.,0.0,"['Laces.', 'Laces.', 'Laces.', 'Laces.', 'Laces.', 'Laces.', 'Laces.', 'Laces.', 'Laces.', 'Laces.']",-0.0,Are those laces on his sneakers or velcro?,,False,0.32561809404461245,0,incorrect_high
validation::2773,['2.98'],$2.98,1.0,"['$2.98', '$2.98', '$2.98', '$2.98', '$2.98', '$2.98', '$2.98', '$2.98', '$2.98', '$2.98']",-0.0,What price do you see on the back wall?,,True,0.32561809404461245,0,correct_high
validation::2774,['1'],One.,0.0,"['One.', 'One.', 'One.', 'One.', 'One.', 'One.', 'One.', 'One.', 'One.', 'One.']",-0.0,how many tags are on the collar,,True,0.32561809404461245,0,correct_high
validation::2775,['3'],Three.,0.0,"['Three.', '3', 'Three.', 'Three.', 'Three.', 'Three.', 'Three.', 'Three.', 'Three.', 'Three.']",-0.0,How many children are there?,,True,0.32561809404461245,0,correct_high
validation::2777,['basketball'],Baseball.,0.0,"['Hockey.', 'Hockey.', 'Hockey.', 'Hockey.', 'Baseball.', 'Hockey.', 'Baseball.', 'Baseball.', 'Baseball.', 'Baseball.']",0.6931471805599453,What sport is on the television?,,False,0.32561809404461245,1,incorrect_low
validation::2780,['great'],GREAT,1.0,"['GREAT', 'GREAT', 'GREAT', 'GREAT.', 'GREAT.', 'GREAT.', 'GREAT', 'GREAT.', 'GREAT', 'GREAT']",-0.0,What does the building in the background say?,,True,0.32561809404461245,0,correct_high
validation::2781,['field'],Field,1.0,"['Field', 'Field', 'Field', 'Field', 'field', 'field', 'field', 'Field', 'Field', 'Field']",-0.0,What is the last word of the five letter word starting with F on the sign?,,True,0.32561809404461245,0,correct_high
validation::2785,['1'],One.,0.0,"['One.', 'One.', 'One.', 'One.', 'One.', 'One.', 'One.', 'One.', 'One.', 'One.']",-0.0,How many Styrofoam cups are there?,,True,0.32561809404461245,0,correct_high
validation::2789,['2'],Two.,0.0,"['Two.', 'Two.', 'Two.', 'Two.', 'Two.', 'Two.', 'Two.', 'Two.', 'Two.', 'Two.']",-0.0,How many eyes of the bear can you see?,,True,0.32561809404461245,0,correct_high
validation::279,['pedestrian zone'],Pedestrian Zone.,1.0,"['Pedestrian Zone.', 'Pedestrian Zone', 'Pedestrian Zone.', 'Pedestrian Zone', 'Pedestrian Zone', 'Pedestrian Zone.', 'Pedestrian Zone', 'Pedestrian Zone', 'Pedestrian Zone.', 'Pedestrian Zone.']",-0.0,What does the sign say?,,True,0.32561809404461245,0,correct_high
validation::2795,['2'],3,0.0,"['3', '3', '3', '3', '3', '3', '3', '3', '3', '3']",-0.0,how many people are fully visible?,,False,0.32561809404461245,0,incorrect_high
validation::2797,['4259'],6747,0.0,"['869', '7455', '6748', '82916', '6248', '8133', '6752', '7673', '7748', '732']",2.302585092994045,What are the numbers on the front of the scooter?,,False,0.32561809404461245,1,incorrect_low
validation::2798,['2'],Two.,0.0,"['2', '2', '2', '2', 'Two.', 'Two.', '2', '2', '2', 'Two.']",-0.0,How many people are on their skis?,,True,0.32561809404461245,0,correct_high
validation::2799,['crest'],Colgate,0.0,"['Colgate', 'Colgate', 'Colgate', 'Colgate', 'Colgate.', 'Colgate', 'Colgate', 'Colgate', 'Colgate', 'Colgate']",-0.0,What brand of toothpaste can be seen?,,False,0.32561809404461245,0,incorrect_high
validation::28,['2'],Cannot be determined from the image.,0.0,"['Cannot be determined from the image.', 'Not enough information.', 'Cannot be determined from the image.', 'Cannot be determined from the image.', 'Cannot be determined from the image.', 'Unclear from the image.', 'Cannot be determined from the image.', 'Cannot be determined from the image.', 'Unclear.', 'Cannot be determined.']",0.8018185525433372,how many street parking spaces?,,False,0.32561809404461245,1,incorrect_low
validation::280,['2'],Two.,0.0,"['Two.', 'Two.', 'Two.', 'Two.', 'Two.', 'Two.', 'Two.', 'Two.', 'Two.', 'Two.']",-0.0,"How many people have a ""B"" on the front of their shirts?",,True,0.32561809404461245,0,correct_high
validation::2800,['32'],32,1.0,"['31', '32', '34', '32', '32', '31', '31', '32', '31', '32']",0.9433483923290392,How many donuts are there?,,True,0.32561809404461245,1,correct_low
validation::2801,['knife'],Fork.,0.0,"['Fork.', 'Fork', 'Fork.', 'Fork.', 'Fork.', 'Fork.', 'Fork', 'Fork.', 'Fork.', 'Fork.']",-0.0,what utensil is on the plate and under the food?,,False,0.32561809404461245,0,incorrect_high
validation::2802,['pig'],A pig.,1.0,"['A pig.', 'A pig.', 'A pig.', 'A pig.', 'A pig.', 'A pig.', 'A pig.', 'A pig.', 'A pig.', 'A pig.']",-0.0,What are they cooking?,,True,0.32561809404461245,0,correct_high
validation::2803,['hole'],A stain on his shirt.,0.0,"['A zipper.', 'A stain on his shirt.', 'A zipper.', 'A stain.', 'A reflective vest.', 'A neon yellow safety vest.', 'A stain.', 'A stain.', 'A stain on his shirt.', 'A zipper.']",1.5047882836811908,What is the clothing blemish seen on the man with his back to the camera?,,False,0.32561809404461245,1,incorrect_low
validation::2804,['12'],12,1.0,"['12', '12', '12', '12', '12', '12', '12', '12', '12', '12']",-0.0,How many legs are touching the ground in this image?,,True,0.32561809404461245,0,correct_high
validation::2805,['3'],Two.,0.0,"['Two.', 'Two.', 'Two.', 'Two.', 'Two.', 'Two.', 'Two.', 'Two.', 'Two.', 'Two.']",-0.0,How many places are set on the table?,,False,0.32561809404461245,0,incorrect_high
validation::2806,['6'],6,1.0,"['6', '6', '6', '6', '6', '6', '6', '6', '6', '6']",-0.0,What number is on the Cardinals jersey?,,True,0.32561809404461245,0,correct_high
validation::2807,['2008'],2006,0.0,"['2006', '2006', '2006', '2006', '2006', '2006', '2006', '2006', '2006', '2006']",-0.0,what year is shown on the calendar to the right of the man's head?,,False,0.32561809404461245,0,incorrect_high
validation::2809,['video game'],A video game.,1.0,"['A video game.', 'A video game.', 'A video game.', 'A video game.', 'A video game.', 'A video game.', 'A video game.', 'A video game.', 'A video game.', 'A video game.']",-0.0,What is being shown on the biggest screen?,,True,0.32561809404461245,0,correct_high
validation::281,['scooter'],A Vespa scooter.,1.0,"['A Vespa scooter.', 'A Vespa scooter.', 'A scooter.', 'A Vespa scooter.', 'A Vespa scooter.', 'A Vespa scooter.', 'A Vespa scooter.', 'A Vespa scooter.', 'A Vespa scooter.', 'A Vespa scooter.']",0.3250829733914482,what is the pizza slicer shaped like,,True,0.32561809404461245,0,correct_high
validation::2812,['nespresso'],Nespresso,1.0,"['Nespresso', 'Nespresso', 'Nespresso', 'Nespresso', 'Nespresso', 'Nespresso.', 'Nespresso.', 'Nespresso', 'Nespresso', 'Nespresso']",-0.0,What coffee brand is displayed?,,True,0.32561809404461245,0,correct_high
validation::2815,['untangling kite string'],Kneeling and tying a kite string.,1.0,"['Kneeling and adjusting kite string.', 'Flying a kite.', 'Kneeling and holding kite string.', 'Flying a kite.', 'Flying a kite.', 'Kneeling and tying a kite string.', 'Kneeling and tying a string.', 'Kneeling and adjusting kite string.', 'Flying a kite.', 'Flying a kite.']",1.3592367006650063,What is the boy doing?,,True,0.32561809404461245,1,correct_low
validation::2818,['cookie'],Cookie,1.0,"['Cookie.', 'Cookie.', 'Cookie', 'Cookie', 'Cookie.', 'Cookie.', 'Cookie.', 'Cookie.', 'Cookie.', 'Cookie.']",-0.0,"Which one of the following is NOT pictured here: orange juice, cookie or sandwich?",,True,0.32561809404461245,0,correct_high
validation::282,['laptop'],The stone blocks.,0.0,"['The stone blocks.', 'Stone blocks.', 'The stone blocks.', 'Stone blocks.', 'Ancient stone blocks.', 'Ancient stone blocks.', 'Ancient stone blocks.', 'Stone blocks.', 'Stone blocks.', 'Ancient stone blocks.']",0.6730116670092565,What are the people looking at?,,False,0.32561809404461245,1,incorrect_low
validation::2822,['3'],Two.,0.0,"['Two.', 'Two.', 'Two.', 'Two.', 'Two.', 'Two.', 'Two.', 'Two.', 'Two.', 'Two.']",-0.0,How many benches are in front of the orange barrier?,,False,0.32561809404461245,0,incorrect_high
validation::2823,['0'],One.,0.0,"['One.', 'One.', 'One.', 'One.', 'One.', 'One.', 'One.', 'One.', 'One.', 'One.']",-0.0,How many of their hands does the person have in front of them?,,False,0.32561809404461245,0,incorrect_high
validation::2825,['5'],6,0.0,"['6', '7', '6', '6', '7', '6', '5', '6', '6', '6']",0.8018185525433372,How many people are in uniform?,,False,0.32561809404461245,1,incorrect_low
validation::2827,['lion'],Lion.,1.0,"['Lion', 'Lion', 'Lion.', 'Lion.', 'Lion', 'Lion.', 'Lion.', 'Lion.', 'Lion.', 'Lion.']",-0.0,what animal is on the image?,,True,0.32561809404461245,0,correct_high
validation::2828,['1'],Two.,0.0,"['Two.', 'Two.', 'Two.', 'Two.', 'Two.', 'Two.', 'Two.', 'Two.', 'Two.', 'Two.']",-0.0,how many doors on the back of the bus?,,False,0.32561809404461245,0,incorrect_high
validation::283,['angle'],At an angle.,1.0,"['At an angle.', 'At an angle.', 'At an angle.', 'At an angle.', 'At an angle.', 'At an angle.', 'At an angle.', 'At an angle.', 'At an angle.', 'Angle.']",-0.0,Is the first umbrella at an angle or straight up?,,True,0.32561809404461245,0,correct_high
validation::2831,['4'],3,0.0,"['Three.', '3', '3', '3', '3', 'Three.', '3', '3', '3', 'Three.']",-0.0,how many animals are in the image,,False,0.32561809404461245,0,incorrect_high
validation::2833,['2'],Three.,0.0,"['Three.', 'Three.', 'Three.', 'Three.', 'Four.', 'Three.', 'Three.', 'Three.', 'Three.', 'Four.']",0.5004024235381879,How many colors in a train?,,False,0.32561809404461245,1,incorrect_low
validation::2835,['left'],Right.,0.0,"['Right.', 'Right.', 'Right foot.', 'Right.', 'Right.', 'Right.', 'Right foot.', 'Right.', 'Right.', 'Right.']",-0.0,Which foot is he standing on?,,False,0.32561809404461245,0,incorrect_high
validation::2837,['2'],5,0.0,"['5', '5', '5', '5', 'Five.', '5', '4', '5', '5', '5']",0.3250829733914482,How many bikes are there?,,False,0.32561809404461245,0,incorrect_high
validation::2841,['7'],7,1.0,"['7', '7', '7', '7', '7', '8', '7', '7', '8', '7']",0.5004024235381879,how many balls are there?,,True,0.32561809404461245,1,correct_low
validation::2843,['untucked'],Untucked.,1.0,"['Untucked.', 'Untucked.', 'Untucked.', 'Untucked.', 'Untucked.', 'Untucked.', 'Untucked.', 'Untucked.', 'Untucked.', 'Untucked.']",-0.0,Is the boys shirt tucked or untucked?,,True,0.32561809404461245,0,correct_high
validation::2844,['cord'],A leash.,0.0,"['A leash.', 'A leash.', 'A leash.', 'A leash.', 'A leash.', 'A leash.', 'A leash.', 'A leash.', 'A leash.', 'A leash.']",-0.0,What is around the boy's wrist?,,False,0.32561809404461245,0,incorrect_high
validation::2845,['2'],One.,0.0,"['One.', 'One.', 'One.', 'One.', 'One.', 'One.', 'One.', 'One.', 'One.', 'One.']",-0.0,How many arms are visible?,,False,0.32561809404461245,0,incorrect_high
validation::2847,['2'],3,0.0,"['Three.', '3', '3', 'Three.', '3', 'Three.', '3', '3', '3', '4']",0.3250829733914482,How many bare arms can you see?,,False,0.32561809404461245,0,incorrect_high
validation::2850,['0'],Two.,0.0,"['Two.', 'Two.', 'Two.', 'Two.', 'Two.', 'Two.', 'Two.', 'Two.', 'Two.', 'Two.']",-0.0,How many ears of the person can be seen in the photo?,,False,0.32561809404461245,0,incorrect_high
validation::2852,['gb'],BT,0.0,"['BV', 'JB', 'BO', 'ST', 'PB', 'HP', 'BD', 'AS', 'B.M.', 'QA']",2.302585092994045,What are the two letters on the circle symbol?,,False,0.32561809404461245,1,incorrect_low
validation::2856,['black'],White.,0.0,"['White.', 'White.', 'White.', 'White.', 'White.', 'White.', 'White.', 'White.', 'White.', 'White.']",-0.0,What color is the strip on underside of surf board?,,False,0.32561809404461245,0,incorrect_high
validation::2857,['3'],Three.,0.0,"['3', 'Three.', '3', '3', 'Three.', '3', 'Three.', '3', 'Three.', '3']",-0.0,how many lights are there?,,True,0.32561809404461245,0,correct_high
validation::2858,['5'],Three.,0.0,"['Three.', 'Three.', 'Three.', 'Three.', 'Three.', '3', 'Three.', '3', 'Three.', 'Three.']",-0.0,How many boats are in the picture?,,False,0.32561809404461245,0,incorrect_high
validation::2859,['2'],Two.,0.0,"['Two.', 'Two.', 'Two.', 'Six.', 'Six.', '6', 'Two.', 'Two.', 'Two.', 'Six.']",0.6730116670092565,How many wheels are at the very front of the plane?,,True,0.32561809404461245,1,correct_low
validation::2865,['chair'],A table.,0.0,"['A table.', 'A table.', 'A table.', 'A table.', 'A table.', 'A table.', 'A table.', 'A table.', 'A table.', 'A table.']",-0.0,What is the computer sitting on?,,False,0.32561809404461245,0,incorrect_high
validation::2868,['4'],Zero.,0.0,"['Zero.', 'Zero.', 'Zero.', 'Zero.', 'Zero.', 'Zero.', 'Zero.', 'Zero.', 'Zero.', 'Zero.']",-0.0,How many magnets are holding up the paper on the fridge?,,False,0.32561809404461245,0,incorrect_high
validation::2869,['s'],S,1.0,"['S', 'S', 'S', 'S', 'S', 'S', 'S', 'S', 'S', 'S']",-0.0,what letter is on the hat,,True,0.32561809404461245,0,correct_high
validation::2871,['towel'],A wooden shelf.,0.0,"['A wooden stand.', 'A wooden shelf.', 'A wooden cabinet.', 'A wooden cabinet.', 'A wooden shelf.', 'A wooden shelf.', 'A wooden shelf.', 'A wooden platform.', 'A wooden shelf.', 'A wooden shelf.']",0.9502705392332348,What is the bar of soap on top of?,,False,0.32561809404461245,1,incorrect_low
validation::2875,['5'],Five.,0.0,"['Five.', 'Six.', 'Three.', 'Five.', 'Four.', 'Five.', 'Six.', 'Five.', 'Six.', 'Four.']",1.2798542258336676,How many steps is the man jumping over?,,True,0.32561809404461245,1,correct_low
validation::2877,['4'],Five.,0.0,"['Four.', 'Five.', 'Five.', 'Six.', 'Five.', 'Five.', 'Six.', 'Five.', 'Four.', 'Five.']",0.9502705392332348,How many colors are on the umbrella?,,False,0.32561809404461245,1,incorrect_low
validation::2880,['red'],Red.,1.0,"['Red.', 'Red.', 'Red.', 'Red.', 'Red.', 'Red.', 'Red.', 'Red.', 'Red.', 'Red.']",-0.0,What color is the house in the background?,,True,0.32561809404461245,0,correct_high
validation::2885,['2:03'],10:12,0.0,"['10:12', '10:12', '10:12', '10:13', '10:12', '10:17', '10:12', '10:12', '10:12', '10:12']",0.639031859650177,what is the time ?,,False,0.32561809404461245,1,incorrect_low
validation::2888,['blue'],Black.,0.0,"['Black.', 'Black.', 'Black.', 'Black.', 'Black.', 'Black.', 'Black.', 'Black.', 'Black.', 'Black.']",-0.0,What color are the person's shoes at the top of the image?,,False,0.32561809404461245,0,incorrect_high
validation::2890,['2'],Two.,0.0,"['Two.', 'Two.', 'Two.', 'Two.', 'Two.', 'Two.', 'Two.', 'Two.', 'Two.', 'Two.']",-0.0,How many surfboards are in this picture?,,True,0.32561809404461245,0,correct_high
validation::2892,['3'],Zero.,0.0,"['Zero.', 'Zero.', 'Zero.', 'Zero.', 'Zero.', 'Zero.', 'Zero.', 'Zero.', 'Zero.', 'Zero.']",-0.0,How many pairs of sunglasses are visible?,,False,0.32561809404461245,0,incorrect_high
validation::2893,['caution'],Caution Open Mind,1.0,"['Caution Open Hood.', 'Caution.', 'Caution Open Mind', 'Caution Open Mind', 'Caution Open Hood', 'Caution Open Mind', 'Caution Open Mind.', 'Caution Open Head', 'Caution: Open Head.', 'Caution Open Road']",1.4708084763221112,What does the sign say on the bottom of the skateboard?,,True,0.32561809404461245,1,correct_low
validation::2895,['2'],Two.,0.0,"['Two.', 'Two.', 'Two.', 'Two.', 'Two.', 'Two.', 'Two.', 'Two.', 'Two.', 'Two.']",-0.0,How many photos make up this image?,,True,0.32561809404461245,0,correct_high
validation::2896,['2'],One.,0.0,"['One.', 'One.', 'One.', 'One.', 'One.', 'One.', 'One.', 'One.', 'One.', 'One.']",-0.0,How many separate roofs are visible?,,False,0.32561809404461245,0,incorrect_high
validation::29,['2'],Two.,0.0,"['Two.', 'Two.', 'Two.', 'Two.', 'Two.', 'Two.', 'Two.', 'Two.', 'Two.', 'Two.']",-0.0,How many feet shadows do you see?,,True,0.32561809404461245,0,correct_high
validation::2900,['2'],3,0.0,"['3', '3', '3', '3', 'Three.', '3', '3', '3', '3', '3']",-0.0,How many different species of animals are visible?,,False,0.32561809404461245,0,incorrect_high
validation::2904,['green'],Red.,0.0,"['Red.', 'Red.', 'Pink.', 'Red.', 'Red.', 'Red.', 'Red.', 'Red.', 'Red.', 'Pink.']",0.5004024235381879,What color nailpolish is the photographer wearing?,,False,0.32561809404461245,1,incorrect_low
validation::2905,['harness'],Harness.,1.0,"['Harness.', 'Harness.', 'Harness.', 'Harness.', 'Harness.', 'Harness.', 'Harness.', 'Harness.', 'Harness.', 'Harness.']",-0.0,What are the wires attached to on his body?,,True,0.32561809404461245,0,correct_high
validation::2907,['red'],Red.,1.0,"['Red.', 'Red.', 'Red.', 'Red.', 'Red.', 'Red.', 'Red.', 'Red.', 'Red.', 'Red.']",-0.0,What color is the chair?,,True,0.32561809404461245,0,correct_high
validation::291,['guinness'],Guinness,1.0,"['Guinness', 'Guinness', 'Guinness', 'Guinness', 'Guinness', 'Guinness', 'Guinness', 'Guinness.', 'Guinness', 'Guinness']",-0.0,What is the brand of beer in the middle,,True,0.32561809404461245,0,correct_high
validation::2910,['iberia'],Iberia,1.0,"['Iberia', 'Iberia', 'Iberia', 'Iberia', 'Iberia', 'Iberia', 'Iberia', 'Iberia', 'Iberia', 'Iberia.']",-0.0,What is the airline name as seen on the engine?,,True,0.32561809404461245,0,correct_high
validation::2912,['3'],6,0.0,"['6', '6', '6', '6', '6', '6', '6', '6', '6', '6']",-0.0,How many tires are visible?,,False,0.32561809404461245,0,incorrect_high
validation::2914,['potatoes'],Banana seeds.,0.0,"['Banana seeds.', 'Banana seeds.', 'Banana seeds.', 'Banana seeds.', 'Banana seeds.', 'Banana seeds.', 'Banana seeds.', 'Banana seeds.', 'Banana seeds.', 'Banana seeds.']",-0.0,What is in the bowl?,,False,0.32561809404461245,0,incorrect_high
validation::2918,['4'],Four.,0.0,"['4', 'Four.', 'Four.', 'Four.', 'Four.', 'Four.', 'Four.', '4', 'Four.', 'Four.']",-0.0,"If you include the reflection, how many toilet seat hinges can you see?",,True,0.32561809404461245,0,correct_high
validation::292,['2'],3,0.0,"['3', 'Three.', '3', 'Three.', 'Three.', '3', 'Three.', 'Three.', '3', '3']",-0.0,How many keyboards in this scene?,,False,0.32561809404461245,0,incorrect_high
validation::2923,['0'],Zero.,0.0,"['Zero.', 'Zero.', 'Zero.', 'Zero.', 'Zero.', 'Zero.', 'Zero.', 'Zero.', 'Zero.', 'Zero.']",-0.0,How many hands are grabbing the skateboard?,,True,0.32561809404461245,0,correct_high
validation::2924,['boat'],Boat,1.0,"['Boat', 'Boat', 'Boat.', 'Boat', 'Boat', 'Boat', 'Boat', 'Boat', 'Boat', 'Boat']",-0.0,"Which of the following is NOT pictured: water, person, boat?",,True,0.32561809404461245,0,correct_high
validation::2927,['50'],50%,1.0,"['50%', '50%', '50%', '50%', '50%', '50%', '50%', '50%', '50%', '50%']",-0.0,What number as a percentage is shown on a sign on the building behind the two men?,,True,0.32561809404461245,0,correct_high
validation::2929,['life'],Life.,1.0,"['Life.', 'Life.', 'Life.', 'Life.', 'Life.', 'Life.', 'Life.', 'Life.', 'Life.', 'Life.']",-0.0,What is the last word written on the wall?,,True,0.32561809404461245,0,correct_high
validation::2931,['6'],Three.,0.0,"['Three.', 'Three.', 'Three.', 'Three.', 'Three.', 'Three.', 'Three.', 'Three.', 'Three.', 'Three.']",-0.0,How many total white stripes are seen on the tennis player's shoes?,,False,0.32561809404461245,0,incorrect_high
validation::2933,['3'],Three.,0.0,"['4', '3', 'Three.', 'Three.', 'Four.', 'Three.', 'Three.', 'Three.', 'Three.', 'Three.']",0.5004024235381879,How many boats are in the water?,,True,0.32561809404461245,1,correct_low
validation::2934,['6'],7,0.0,"['7', '7', '7', '7', '7', '7', '7', '7', '6', '6']",0.5004024235381879,"Including the baby, how many people are there?",,False,0.32561809404461245,1,incorrect_low
validation::2937,['frown'],Serious.,0.0,"['Stern.', 'Serious.', 'Stern.', 'Serious.', 'Serious.', 'Serious.', 'Serious.', 'Serious.', 'Serious.', 'Serious.']",-0.0,What kind of face is the man on the left making?,,True,0.32561809404461245,0,correct_high
validation::294,['2'],Two.,0.0,"['Two.', 'Two.', 'Two.', 'Two.', 'Two.', 'Two.', 'Two.', 'Two.', 'Two.', 'Two.']",-0.0,how many earrings are visible on the woman?,,True,0.32561809404461245,0,correct_high
validation::2940,['3'],8,0.0,"['8', 'Six.', '6', '8', '7', '8', '8', '6', '8', '6']",0.9433483923290392,how many car tires can be seen?,,False,0.32561809404461245,1,incorrect_low
validation::2942,['4'],Three.,0.0,"['Three.', 'Three.', '3', '3', '3', '3', '3', '3', '3', '3']",-0.0,How many pillows can be seen?,,False,0.32561809404461245,0,incorrect_high
validation::2943,['3'],Three.,0.0,"['Three.', 'Three.', 'Three.', 'Three.', 'Three.', 'Three.', 'Three.', 'Three.', 'Three.', 'Three.']",-0.0,How many keyboards are seen?,,True,0.32561809404461245,0,correct_high
validation::2950,['3'],One.,0.0,"['One.', 'Two.', 'One.', 'One.', 'Two.', 'Two.', 'One.', 'Two.', 'Two.', 'Two.']",0.6730116670092565,How many oxen are standing up?,,False,0.32561809404461245,1,incorrect_low
validation::2952,['3'],6,0.0,"['Six.', '6', '6', '6', '6', '6', '6', '6', '6', '6']",-0.0,How many apples are there?,,False,0.32561809404461245,0,incorrect_high
validation::2953,['1'],Two.,0.0,"['Two.', 'Two.', 'Two.', 'Two.', 'Two.', 'Two.', 'Two.', 'Two.', 'Two.', 'Two.']",-0.0,How many giraffe necks can be seen?,,False,0.32561809404461245,0,incorrect_high
validation::2955,['white'],White.,1.0,"['White.', 'White.', 'White.', 'White.', 'White.', 'White.', 'White.', 'White.', 'White.', 'White.']",-0.0,What color icing is on the donut that has the pink chocolate shavings?,,True,0.32561809404461245,0,correct_high
validation::2956,['mummy'],The mummy.,1.0,"['The mummy.', 'The mummy.', 'The mummy.', 'The mummy.', 'The mummy.', 'The Mummy.', 'The mummy.', 'The Mummy.', 'The Mummy.', 'The mummy.']",-0.0,What type of human-like figure is on the largest poster?,,True,0.32561809404461245,0,correct_high
validation::2957,['rugby'],Rugby.,1.0,"['Rugby.', 'Rugby.', 'Rugby.', 'Rugby.', 'Rugby.', 'Rugby.', 'Rugby.', 'Rugby.', 'Rugby.', 'Rugby.']",-0.0,What are they playing?,,True,0.32561809404461245,0,correct_high
validation::296,['left'],Right foot.,0.0,"['Right foot.', 'Right foot.', 'Right foot.', 'Right foot.', 'Right foot.', 'Right foot.', 'Right foot.', 'Right foot.', 'Right foot.', 'Right foot.']",-0.0,Is the shoe pictured for a left or right foot?,,False,0.32561809404461245,0,incorrect_high
validation::2964,['1'],One.,0.0,"['One.', 'One.', 'One.', 'One.', 'One.', 'One.', 'One.', 'One.', 'One.', 'One.']",-0.0,How many of the baby's ears are visible?,,True,0.32561809404461245,0,correct_high
validation::2965,['1'],One.,0.0,"['One.', 'One.', 'One.', 'One.', 'One.', 'One.', 'One.', 'One.', 'One.', 'One.']",-0.0,How many pinecones are in front of the kennel?,,True,0.32561809404461245,0,correct_high
validation::2969,['shopping'],Grocery shopping.,1.0,"['Grocery shopping.', 'Grocery shopping.', 'Grocery shopping.', 'Grocery shopping.', 'Grocery shopping.', 'Grocery shopping.', 'Grocery shopping.', 'Grocery shopping.', 'Grocery shopping.', 'Grocery shopping.']",-0.0,What activity is being done here?,,True,0.32561809404461245,0,correct_high
validation::2971,['red'],Blonde.,0.0,"['Blonde.', 'Blonde.', 'Blonde.', 'Blonde.', 'Blonde.', 'Blonde.', 'Red.', 'Blonde.', 'Red.', 'Blonde.']",0.5004024235381879,What color hair does the woman in blue on stage have?,,False,0.32561809404461245,1,incorrect_low
validation::2973,['brown'],Black.,0.0,"['Black.', 'Black.', 'Black.', 'Black.', 'Black.', 'Black.', 'Black.', 'Black.', 'Black.', 'Black.']",-0.0,What color is the roof of the train?,,False,0.32561809404461245,0,incorrect_high
validation::2978,['evil'],EVIL,1.0,"['EVIL', 'EVIL', 'EVIL', 'EVIL', 'EVIL', 'EVIL', 'EVIL', 'EVIL', 'EVIL', 'EVIL']",-0.0,what word is written on the sticker right below the stop sign,,True,0.32561809404461245,0,correct_high
validation::298,['left'],Right.,0.0,"['Right.', 'Right.', 'Right.', 'Right.', 'Right.', 'Right.', 'Right.', 'Right.', 'Right.', 'Right.']",-0.0,Which hand is holding the umbrella?,,False,0.32561809404461245,0,incorrect_high
validation::2980,['green'],Blue.,0.0,"['Blue.', 'Blue.', 'Blue.', 'Blue.', 'Blue.', 'Blue.', 'Blue.', 'Blue.', 'Blue.', 'Blue.']",-0.0,What color are the shirts of the boy behind the girl?,,False,0.32561809404461245,0,incorrect_high
validation::2981,['8'],8,1.0,"['8', '8', '8', '8', '8', '8', '8', '8', '8', '8']",-0.0,How old is the person turning?,,True,0.32561809404461245,0,correct_high
validation::2987,['4'],Three.,0.0,"['Three.', '3', '3', 'Three.', '3', '3', 'Three.', 'Three.', 'Three.', '3']",-0.0,How many birds are there?,,False,0.32561809404461245,0,incorrect_high
validation::2988,['1'],Two.,0.0,"['Two.', 'Two.', 'Two.', 'Two.', 'Two.', 'Two.', 'Two.', 'Two.', 'Two.', 'Two.']",-0.0,How many poles does the man have in the snow?,,False,0.32561809404461245,0,incorrect_high
validation::2994,['1'],Two.,0.0,"['Two.', 'Two.', '2', 'Two.', '2', 'Two.', 'Two.', 'Two.', 'Three.', 'Two.']",0.3250829733914482,How many cars are going in the same direction as the motorcycle?,,False,0.32561809404461245,0,incorrect_high
validation::2996,['nothing'],A tennis racket.,0.0,"['A tennis racket.', 'A tennis racket.', 'A tennis racket.', 'A tennis racket.', 'A tennis racket.', 'A tennis racket.', 'A tennis racket.', 'A tennis racket.', 'A tennis racket.', 'A tennis racket.']",-0.0,What does the woman have in her left hand?,,False,0.32561809404461245,0,incorrect_high
validation::2998,['2'],HRT 2,1.0,"['HR2', 'HRT 2', 'HRT 2', 'HRT 2', 'HRT 2', 'HRT 2', 'HRT 2', 'HRT 2', 'HR2', 'HRT 2']",-0.0,what number station is the TV tuned to,,True,0.32561809404461245,0,correct_high
validation::3000,['nose ring'],Studs.,0.0,"['Stud earrings.', 'A ring.', 'Studs.', 'Studs.', 'Stud earrings.', 'Studs.', 'Studs.', 'A nose ring.', 'Stud earrings.', 'A ring.']",1.0888999753452238,What does the girl with blonde hair have on her nose?,,True,0.32561809404461245,1,correct_low
validation::3001,['cannondale'],Cannondale,1.0,"['Cannondale.', 'Cannondale.', 'Cannondale.', 'Cannondale', 'Cannondale.', 'Cannondale.', 'Cannondale.', 'Cannondale.', 'Cannondale', 'Cannondale.']",-0.0,What brand is the bike?,,True,0.32561809404461245,0,correct_high
validation::3004,['10'],12,0.0,"['12', '12', '12', '12', '12', '12', '12', '12', '12', '12']",-0.0,How many nails are visible?,,False,0.32561809404461245,0,incorrect_high
validation::3005,['diamond'],Square.,0.0,"['Square.', 'Square.', 'Square.', 'Square.', 'Square.', 'Square.', 'Square.', 'Square.', 'Square.', 'Square.']",-0.0,What shape is in the name of the establishment in this building?,,False,0.32561809404461245,0,incorrect_high
validation::3007,['10'],12,0.0,"['12', '12', '10', '12', '12', '12', '12', '12', '12', '12']",0.3250829733914482,How many dog legs can you see?,,False,0.32561809404461245,0,incorrect_high
validation::3008,['old'],Old.,1.0,"['Old.', 'Old.', 'Old.', 'Old.', 'Old.', 'Old.', 'Old.', 'Old.', 'Old.', 'Old.']",-0.0,Are the players young or old?,,True,0.32561809404461245,0,correct_high
validation::3009,['sesame'],Sesame.,1.0,"['Sesame.', 'Sesame.', 'Sesame.', 'Sesame.', 'Sesame.', 'Sesame.', 'Sesame.', 'Sesame.', 'Sesame.', 'Sesame.']",-0.0,What seed is used in the sir fry?,,True,0.32561809404461245,0,correct_high
validation::3012,['white'],White.,1.0,"['White.', 'White.', 'White.', 'White.', 'White.', 'White.', 'White.', 'White.', 'White.', 'White.']",-0.0,what color is the inside shirt of the man in front?,,True,0.32561809404461245,0,correct_high
validation::3013,['female'],Unclear.,0.0,"['Unclear.', 'Unclear.', 'Unidentifiable.', 'Unclear.', 'Unclear.', 'Unclear.', 'Unclear.', 'Unclear.', 'Unclear.', 'Unclear.']",-0.0,What gender is the person?,,False,0.32561809404461245,0,incorrect_high
validation::3014,['yellow and green'],Yellow and green.,1.0,"['Yellow and green.', 'Yellow and green.', 'Yellow and green.', 'Yellow and green.', 'Yellow and green.', 'Yellow and green.', 'Yellow and green.', 'Yellow and green.', 'Yellow and green.', 'Yellow and green.']",-0.0,What colors make up the star?,,True,0.32561809404461245,0,correct_high
validation::3015,['ramistrasse'],Ramistrasse,1.0,"['Ramistrasse', 'Ramstrasse', 'Ramistrasse', 'Ramistrasse', 'Ramistrasse', 'Ramistrasse', 'Ramistrasse', 'Rämistrasse', 'Ramistrasse', 'Ramistrasse']",0.3250829733914482,What is the name on the street sign?,,True,0.32561809404461245,0,correct_high
validation::3018,['4'],4-WAY,0.0,"['4-WAY', '4-WAY', '4-WAY', '4-WAY', '4-WAY', '4-WAY', '4-WAY', '4-WAY', '4-WAY', '4-WAY']",-0.0,What is the number under the Stop sign?,,True,0.32561809404461245,0,correct_high
validation::3019,['4'],6,0.0,"['6', '5', '5', '6', '6', '5', '6', '5', '6', '6']",0.6730116670092565,How many people are in the scene?,,False,0.32561809404461245,1,incorrect_low
validation::3021,['5'],Seven.,0.0,"['Seven.', 'Seven.', '7', 'Seven.', '7', '7', '7', '7', '7', 'Seven.']",-0.0,How many elephants are there?,,False,0.32561809404461245,0,incorrect_high
validation::3024,['a'],A,1.0,"['A', 'A', 'A', 'A', 'A', 'A', 'A', 'A', 'A', 'A']",-0.0,What is the letter that is capitalized on the building?,,True,0.32561809404461245,0,correct_high
validation::3025,['0'],Two.,0.0,"['Two.', 'Two.', 'Two.', 'Two.', 'Two.', 'Two.', 'Two.', 'Two.', 'Two.', 'Two.']",-0.0,how many wings does the bird have in view?,,False,0.32561809404461245,0,incorrect_high
validation::3026,['down'],Upward.,0.0,"['Upward.', 'Upward.', 'Upward.', 'Upward.', 'Down.', 'Upward.', 'Upward.', 'Upward.', 'Upward.', 'Upward.']",0.3250829733914482,What direction is the man's left fist facing?,,False,0.32561809404461245,0,incorrect_high
validation::3027,['silver'],Dark gray.,0.0,"['Dark brown.', 'Dark brown.', 'Dark gray.', 'Dark brown.', 'Dark gray.', 'Dark brown/black.', 'Dark gray.', 'Dark gray.', 'Dark gray.', 'Dark brown.']",0.9433483923290392,what color are the bench legs?,,False,0.32561809404461245,1,incorrect_low
validation::303,['rectangle'],Oval.,0.0,"['Oval.', 'Oval.', 'Oval.', 'Oval.', 'Oval.', 'Oval.', 'Oval.', 'Oval.', 'Oval.', 'Oval.']",-0.0,what shape is the cutting board?,,False,0.32561809404461245,0,incorrect_high
validation::3030,['0'],One.,0.0,"['One.', 'One.', 'One.', 'One.', 'One.', 'One.', 'One.', 'One.', 'One.', 'One.']",-0.0,How many tricycles in the foreground?,,False,0.32561809404461245,0,incorrect_high
validation::3031,['4'],6,0.0,"['5', 'Four.', '6', '6', '6', '4', '5', 'Five.', '5', '5']",1.0296530140645737,How many floors on the last building on the left side?,,False,0.32561809404461245,1,incorrect_low
validation::3033,['grown'],Grown,1.0,"['Grown', 'Grown', 'Grown', 'Grown', 'Grown', 'Grown', 'Grown', 'Grown', 'Grown', 'Grown']",-0.0,What word is after organically on the band holding the carrots together?,,True,0.32561809404461245,0,correct_high
validation::3039,['car'],A car engine.,1.0,"['A car engine.', ""A car's engine."", 'A car engine.', 'A car engine.', 'A car engine.', 'A car engine.', 'A car hood.', ""A car's engine."", 'A car engine.', 'A car engine.']",0.3250829733914482,What is the cat standing on?,,True,0.32561809404461245,0,correct_high
validation::304,['blue'],Blue.,1.0,"['Blue.', 'Blue.', 'Blue.', 'Blue.', 'Blue.', 'Blue.', 'Blue.', 'Blue.', 'Blue.', 'Blue.']",-0.0,what color are the laces on the woman's shoes?,,True,0.32561809404461245,0,correct_high
validation::3050,['phillies'],Phillies,1.0,"['Phillies', 'Phillies', 'Phillies', 'Phillies', 'Phillies', 'Phillies', 'Phillies', 'Phillies', 'Phillies', 'Phillies']",-0.0,What team is the batter playing for?,,True,0.32561809404461245,0,correct_high
validation::3052,['bike'],A skateboard.,0.0,"['A skateboard.', 'A skateboard.', 'A skateboard.', 'A skateboard.', 'A skateboard.', 'A skateboard.', 'A skateboard.', 'A skateboard.', 'A skateboard.', 'A skateboard.']",-0.0,What is the young man in the background riding?,,False,0.32561809404461245,0,incorrect_high
validation::3054,['mask'],A black mask.,1.0,"['A mask.', 'A black mask.', 'A black mask.', 'A black mask.', 'A black mask.', 'A black mask.', 'A mask.', 'A black mask.', 'A black mask.', 'A black mask.']",0.5004024235381879,What is around the teddy bear's eyes?,,True,0.32561809404461245,1,correct_low
validation::3055,['cubes'],Stars.,0.0,"['Butterflies.', 'Butterflies.', 'Butterflies.', 'Stars.', 'Butterflies.', 'Tulips.', 'Flowers.', 'Polka dots.', 'Butterflies.', 'Polka dots.']",1.3592367006650063,What shapes are on the woman's shirt?,,False,0.32561809404461245,1,incorrect_low
validation::3057,['1'],Two.,0.0,"['Two.', 'Two.', 'Two.', 'Two.', 'Two.', 'Two.', 'Two.', 'Two.', 'Two.', 'Two.']",-0.0,how many nostrils?,,False,0.32561809404461245,0,incorrect_high
validation::3058,['lifeguard'],Lifeguard's.,0.0,"[""Lifeguard's."", ""Lifeguard's."", ""Lifeguard's."", ""Lifeguard's."", ""Lifeguard's."", ""Lifeguard's."", ""Lifeguard's."", ""Lifeguard's."", ""Lifeguard's."", ""Lifeguard's.""]",-0.0,Who's equipment is shown?,,True,0.32561809404461245,0,correct_high
validation::3061,['comedy central'],Comedy Central.,1.0,"['Comedy Central', 'Comedy Central.', 'Comedy Central.', 'Comedy Central', 'Comedy Central', 'Comedy Central.', 'Comedy Central', 'Comedy Central.', 'Comedy Central.', 'Comedy Central.']",-0.0,What network is this TV tuned to?,,True,0.32561809404461245,0,correct_high
validation::3065,['exit'],WHITLEY STRUEVER 2012,0.0,"['WHITLEY STRUEVER 2012', 'WHITNEY STROEBEL 2012', 'WHITLEY STRUEBER 2012', 'WHITLEY STRUEVER 2012', 'WHITLEY STRUEB 2012', 'WHITLEY STRUEBIG 2012', 'WHITLEY STRUEBIG 2012', 'WHITNEY STRIEBER 2012', 'WHITLEY STRUEB 2012', 'WHITLEY STRUEB 2012']",1.5571130980576458,What does the sign say?,,False,0.32561809404461245,1,incorrect_low
validation::3067,['1'],Three.,0.0,"['Three.', 'Three.', 'Three.', 'Three.', 'Three.', 'Three.', 'Three.', 'Three.', 'Three.', 'Three.']",-0.0,How many arms are visible?,,False,0.32561809404461245,0,incorrect_high
validation::3068,['apple'],Apple.,1.0,"['Apple', 'Apple.', 'Apple.', 'Apple.', 'Apple.', 'Apple.', 'Apple.', 'Apple.', 'Apple.', 'Apple.']",-0.0,what is the edible object?,,True,0.32561809404461245,0,correct_high
validation::3076,['cabinets'],Cabinets.,1.0,"['Cabinets.', 'Cabinets.', 'Cabinets.', 'Cabinets.', 'Cabinets.', 'Cabinets.', 'Cabinets.', 'Cabinets.', 'Cabinets.', 'Cabinets.']",-0.0,What is hanging on the wall?,,True,0.32561809404461245,0,correct_high
validation::3077,['prince'],Prince.,1.0,"['Prince.', 'Prince.', 'Prince.', 'Prince.', 'Prince.', 'Prince.', 'Prince.', 'Prince.', 'Prince.', 'Prince.']",-0.0,"What is the other word on the sign that says ""rule the court.""?",,True,0.32561809404461245,0,correct_high
validation::3081,['blue'],Blue.,1.0,"['Blue.', 'Blue.', 'Blue.', 'Blue.', 'Blue.', 'Blue.', 'Blue.', 'Blue.', 'Blue.', 'Blue.']",-0.0,What color is the small chair that is next to the red chair?,,True,0.32561809404461245,0,correct_high
validation::3085,['orange'],Yellow.,0.0,"['Yellow.', 'Yellow.', 'Yellow.', 'Yellow.', 'Yellow.', 'Yellow.', 'Yellow.', 'Yellow.', 'Yellow.', 'Yellow.']",-0.0,What color is the highlighter on the menu?,,False,0.32561809404461245,0,incorrect_high
validation::3087,['2'],Two.,0.0,"['Two.', 'Two.', 'Two.', 'Two.', 'Two.', 'Two.', 'Two.', 'Two.', 'Two.', 'Two.']",-0.0,How many blue bags are in the pile?,,True,0.32561809404461245,0,correct_high
validation::309,['january'],January,1.0,"['January.', 'January', 'January', 'January.', 'January', 'January', 'January', 'January.', 'January.', 'January']",-0.0,what month was this taken?,,True,0.32561809404461245,0,correct_high
validation::3091,['4'],Four.,0.0,"['Four.', 'Four.', 'Four.', 'Four.', 'Four.', 'Four.', 'Four.', 'Four.', 'Four.', 'Four.']",-0.0,How many Teenage Mutant Ninja Turtles are there?,,True,0.32561809404461245,0,correct_high
validation::3092,['182'],182,1.0,"['182', '182', '182', '182', '182', '182', '182', '182', '182', '182']",-0.0,What numbers are on the marker behind the fence?,,True,0.32561809404461245,0,correct_high
validation::3093,['0'],One.,0.0,"['Zero.', 'Two.', 'Zero.', 'One.', 'Zero.', 'Zero.', 'Two.', 'One.', 'Zero.', 'One.']",1.0296530140645737,how many bottles are on the floor?,,False,0.32561809404461245,1,incorrect_low
validation::3094,['flat tire'],"The bus appears poorly maintained and has faded/worn signage, suggesting potential safety issues.",0.0,"['The bus appears to be poorly maintained and has haphazard decorations, suggesting a lack of safety standards.', 'The bus appears worn and poorly maintained.', 'Overcrowding and haphazard traffic.', 'The bus appears rundown and potentially unsafe due to its faded paint, haphazard decorations, and overall worn condition.', 'The bus has faded paint, and appears to be in poor condition.', 'The bus appears dangerous due to its faded paint, crowded surroundings, and potentially erratic driving conditions typical of the area.', 'Poor maintenance and crowded conditions suggest potential safety issues.', 'The bus appears poorly maintained and has faded/worn signage, suggesting potential safety issues.', 'The bus appears old and poorly maintained, suggesting potential safety issues.', 'Due to its haphazard appearance, crowded surroundings, and potentially poor maintenance.']",2.025326220770068,Why does the bus seem dangerous?,,True,0.32561809404461245,1,correct_low
validation::3095,['8'],7,0.0,"['8', '7', '7', '7', '7', '7', '7', '7', '7', '8']",0.5004024235381879,How many tablets are visible?,,False,0.32561809404461245,1,incorrect_low
validation::3097,['4'],3,0.0,"['3', '3', '3', '3', '3', '3', '3', '3', '3', '3']",-0.0,How many of the toilets have a lid on the top?,,False,0.32561809404461245,0,incorrect_high
validation::3099,['7'],Seven.,0.0,"['Seven.', 'Seven.', 'Seven.', 'Seven.', 'Seven.', '7', 'Seven.', 'Seven.', 'Seven.', 'Seven.']",-0.0,How many colors are on the kite?,,True,0.32561809404461245,0,correct_high
validation::3100,['golf'],A blurry image of a person.,0.0,"['A blurry image of a person.', 'A silhouette of a person.', 'A silhouetted figure.', 'A blurry image of a person.', 'A blurry image of a person.', 'A blurry image of a person.', 'A silhouette of a person.', 'A shadowy figure.', 'A blurred image of a person.', 'A silhouette of a person.']",0.6931471805599453,What is being shown on the screen?,,False,0.32561809404461245,1,incorrect_low
validation::3102,['4'],Four.,0.0,"['Four.', 'Four.', 'Four.', 'Four.', 'Four.', 'Four.', 'Four.', 'Four.', 'Four.', 'Four.']",-0.0,How many legs of the giraffe are visible?,,True,0.32561809404461245,0,correct_high
validation::3104,['toilet paper'],Toilet cleaner.,1.0,"['Toilet cleaner.', 'Toilet cleaner.', 'Toilet cleaner.', 'Toilet bowl cleaner.', 'Toilet bowl cleaner.', 'Toilet cleaner.', 'Toilet cleaner.', 'Bleach.', 'Bleach.', 'Bleach.']",1.0296530140645737,What household item has the dog gotten into?,,False,0.32561809404461245,1,incorrect_low
validation::3105,['2'],One.,0.0,"['One.', 'One.', 'One.', 'One.', 'One.', 'One.', 'One.', 'One.', 'One.', 'One.']",-0.0,how many animals are facing right?,,False,0.32561809404461245,0,incorrect_high
validation::3108,['pepper grinder'],Salt and pepper grinder.,1.0,"['Salt shaker.', 'Pepper grinder.', 'Pepper grinder.', 'Pepper grinder.', 'Salt shaker.', 'Pepper grinder.', 'Salt shaker.', 'Salt shaker.', 'Salt shaker.', 'Pepper grinder.']",0.6931471805599453,What is the clear object called?,,True,0.32561809404461245,1,correct_low
validation::3111,['0'],Zero.,0.0,"['Zero.', 'Zero.', 'Zero.', 'Zero.', 'Zero.', 'Zero.', 'None.', 'Zero.', 'None.', 'Zero.']",-0.0,How many of the bear's paws are visible?,,True,0.32561809404461245,0,correct_high
validation::3112,['arrows'],Lines.,0.0,"['Lines.', 'Lines.', 'Lines.', 'Lines.', 'Lines.', 'Lines.', 'Arrows.', 'Lines.', 'Arrows.', 'Lines.']",0.5004024235381879,There are two white what on top of the bicycle?,,False,0.32561809404461245,1,incorrect_low
validation::3114,['3'],Three.,0.0,"['Three.', 'Three.', 'Three.', 'Three.', 'Three.', 'Three.', 'Three.', 'Three.', 'Three.', 'Three.']",-0.0,How many planes are visible in this picture?,,True,0.32561809404461245,0,correct_high
validation::3115,['share your experiences on twitter'],Share your experiences on Twitter.,1.0,"['Share your experiences on Twitter.', 'Share your experiences on Twitter.', 'Share your experiences on Twitter.', 'Share your experiences on Twitter.', 'Share your experiences on Twitter.', 'Share your experiences on Twitter.', 'Share your experiences on Twitter.', 'Share your experiences on Twitter.', 'Share your experiences on Twitter.', 'Share your experiences on Twitter.']",-0.0,What message is displayed below the QR code?,,True,0.32561809404461245,0,correct_high
validation::3116,['picture'],Candle.,0.0,"['Candle.', 'Candle', 'Candle.', 'Candle', 'Candle.', 'Candle', 'Candle', 'Candle.', 'Candle', 'Candle']",-0.0,"Which of the following is not seen on the desk: mirror, picture, candle?",,False,0.32561809404461245,0,incorrect_high
validation::3119,['west japan'],West Japan - Kyushu,1.0,"['West Japan - Kyushu', 'West Japan - Kyushu', 'West Japan - Kyushu', 'West Japan - Kyushu', 'West Japan - Kyushu', 'West Japan - Kyushu', 'West Japan - Kyushu', 'West Japan - Kyushu', 'West Japan - Kyushu', 'West Japan - Kyushu']",-0.0,What does the writing say on the train in the background?,,True,0.32561809404461245,0,correct_high
validation::312,['2'],Two.,0.0,"['Two.', 'Two.', 'Two.', 'Two.', 'Two.', 'Two.', 'Two.', 'Two.', 'Two.', 'Two.']",-0.0,How many hotdogs?,,True,0.32561809404461245,0,correct_high
validation::3127,['trees'],Apples and leaves.,0.0,"['Apples and leaves.', 'Apples and leaves.', 'Apples and leaves.', 'Apples and leaves.', 'Apples and leaves.', 'Apples and leaves.', 'Apples and leaves.', 'Apples and leaves.', 'Apples and leaves.', 'Apples and leaves.']",-0.0,What images are present in the boy's tie?,,False,0.32561809404461245,0,incorrect_high
validation::3129,['coastal'],Coastal.,1.0,"['Coastal.', 'Coastal.', 'Coastal.', 'Coastal.', 'Coastal West Seattle', 'Coastal.', 'Coastal.', 'Coastal.', 'Coastal.', 'Coastal West Seattle']",0.5004024235381879,What does it say on the adult's grey shirt?,,True,0.32561809404461245,1,correct_low
validation::3130,['1'],One.,0.0,"['One.', 'One.', 'One.', 'One.', 'One.', 'One.', 'One.', 'One.', 'One.', 'One.']",-0.0,How many urinals are there?,,True,0.32561809404461245,0,correct_high
validation::3134,['keisel'],Keisei.,0.0,"['Keisei.', 'Keise.', 'Keisei', 'Keisei.', 'Keise.', 'Keisei.', 'Keise.', 'Keise.', 'Keise.', 'Keise.']",0.6730116670092565,What is the name of the company?,,False,0.32561809404461245,1,incorrect_low
validation::3136,['map'],A Boston subway map.,1.0,"['A Boston subway map.', 'A Boston subway map.', 'A Boston subway map.', 'A Boston subway map.', 'A Boston subway map.', 'A Boston subway map.', 'A Boston subway map.', 'A Boston subway map.', 'A Boston subway map.', 'A Boston MBTA (subway) map.']",0.3250829733914482,what is drawn on the stature?,,True,0.32561809404461245,0,correct_high
validation::3138,['purple'],Purple.,1.0,"['Purple.', 'Purple.', 'Purple.', 'Purple.', 'Purple.', 'Purple.', 'Purple.', 'Purple.', 'Purple.', 'Purple.']",-0.0,what color is the colar?,,True,0.32561809404461245,0,correct_high
validation::3146,['turtle'],Turtle.,1.0,"['Turtle.', 'Turtle.', 'Turtle.', 'Turtle.', 'Turtle.', 'Turtle.', 'A turtle.', 'Turtle.', 'A turtle.', 'Turtle.']",-0.0,What animal toy is on the bear's leg?,,True,0.32561809404461245,0,correct_high
validation::3149,['9'],10,0.0,"['8', '10', '8', '8', '11', '11', '12', '10', '10', '8']",1.2798542258336674,how many cupcakes are in the middle plate?,,False,0.32561809404461245,1,incorrect_low
validation::315,['6'],6,1.0,"['6', '5', '6', '6', '6', '6', '6', '6', '6', '5']",0.5004024235381879,How many rocks are visible in the foreground?,,True,0.32561809404461245,1,correct_low
validation::3150,['2'],Two.,0.0,"['Two.', 'Two.', 'Three.', '3', '3', 'Three.', '3', 'Two.', 'Two.', 'Two.']",0.6931471805599453,how many palm trees in the image?,,True,0.32561809404461245,1,correct_low
validation::3156,['8'],Approximately 1:30.,0.0,"['Approximately 2:56.', 'Approximately 10:37.', 'Approximately 3:30.', 'Approximately 3:20.', 'Approximately 1:30.', 'Approximately 2:25.', 'Approximately 1:25.', 'Approximately 10:54.', 'Approximately 2:41.', 'Approximately 12:28.']",2.302585092994045,At what hour was this photo taken?,,False,0.32561809404461245,1,incorrect_low
validation::3157,['plate'],A plate.,1.0,"['A plate.', 'A plate.', 'A plate.', 'A plate.', 'A plate.', 'A plate.', 'A plate.', 'A plate.', 'A plate.', 'A plate.']",-0.0,What does the man have in his left hand?,,True,0.32561809404461245,0,correct_high
validation::3158,['brick'],Brick.,1.0,"['Brick.', 'Brick.', 'Brick.', 'Brick.', 'Brick.', 'Brick.', 'Brick.', 'Brick.', 'Brick.', 'Brick.']",-0.0,What is the wall made up of?,,True,0.32561809404461245,0,correct_high
validation::316,['1'],One.,0.0,"['One.', 'One.', 'One.', 'One.', 'One.', 'One.', 'One.', 'One.', 'One.', 'One.']",-0.0,How man detached keyboards are there?,,True,0.32561809404461245,0,correct_high
validation::3160,['mug'],A mug.,1.0,"['A mug.', 'A mug.', 'A mug.', 'A mug.', 'A mug.', 'A mug.', 'A mug.', 'A mug.', 'A mug.', 'A mug.']",-0.0,What is next to the plate?,,True,0.32561809404461245,0,correct_high
validation::3161,['8'],8,1.0,"['8', '8', '8', '8', '8', '8', '8', '8', '8', '8']",-0.0,How many sides total does the mirror above the fireplace have based on the sides that can be seen?,,True,0.32561809404461245,0,correct_high
validation::3168,['11'],11,1.0,"['11', '11', '11', '11', '11', '11', '11', '11', '11', '11']",-0.0,What is the batter's jersey number?,,True,0.32561809404461245,0,correct_high
validation::3169,['1'],One.,0.0,"['One.', 'One.', 'One.', 'One.', 'One.', 'One.', 'One.', 'One.', 'One.', 'One.']",-0.0,How many men are going up the steps?,,True,0.32561809404461245,0,correct_high
validation::3170,['3'],Four.,0.0,"['Four.', 'Four.', 'Four.', 'Four.', 'Four.', 'Four.', 'Four.', 'Four.', 'Four.', 'Four.']",-0.0,How many ski poles are within view?,,False,0.32561809404461245,0,incorrect_high
validation::3171,['2'],Two.,0.0,"['Two.', 'Two.', 'Two.', 'Two.', 'Two.', 'Two.', 'Two.', 'Two.', 'Two.', 'Two.']",-0.0,How many windows are behind the man?,,True,0.32561809404461245,0,correct_high
validation::3175,['bride and groom'],The man on the right.,0.0,"['A man in a white shirt.', 'The man in the white shirt.', 'The man in the white shirt.', 'A man in a white shirt.', 'A man in a white shirt.', 'A man in a white shirt.', 'A man in a white shirt.', 'A man in a white shirt.', 'A man in a white shirt.', 'A man in a white shirt.']",-0.0,who is cutting the cake?,,False,0.32561809404461245,0,incorrect_high
validation::3177,['r'],R,1.0,"['R', 'R', 'R', 'r', 'R', 'R', 'R', 'R', 'R', 'r']",-0.0,what is the last letter of sponser on banner?,,True,0.32561809404461245,0,correct_high
validation::3180,['4'],3,0.0,"['3', '3', '3', '4', '3', 'Three.', 'Two.', 'Two.', 'Three.', 'Two.']",0.8979457248567798,How many trucks are seen across the street?,,False,0.32561809404461245,1,incorrect_low
validation::3182,['2'],Two.,0.0,"['Two.', 'Two.', 'Two.', 'Two.', 'Two.', 'Two.', '2', 'Two.', 'Two.', '2']",-0.0,How many computers can we tell are turned on?,,True,0.32561809404461245,0,correct_high
validation::3185,['4'],One.,0.0,"['One.', 'One.', 'One.', 'One.', 'One.', 'One.', 'One.', 'One.', 'Two.', 'One.']",0.3250829733914482,How many zebra heads are down?,,False,0.32561809404461245,0,incorrect_high
validation::3186,['3'],Two.,0.0,"['Two.', 'Two.', 'Two.', 'Two.', 'Two.', 'Two.', 'Two.', 'Two.', 'Two.', 'Two.']",-0.0,How many different colors are there on the curtains?,,False,0.32561809404461245,0,incorrect_high
validation::3187,['1'],One.,0.0,"['One.', 'One.', 'One.', 'One.', 'One.', 'One.', 'One.', 'One.', 'One.', 'One.']",-0.0,How many legs of the cat can be seen in the photo?,,True,0.32561809404461245,0,correct_high
validation::3192,['red'],Orange.,0.0,"['Orange.', 'Orange.', 'Orange.', 'Orange.', 'Orange.', 'Orange.', 'Orange.', 'Orange.', 'Orange.', 'Orange.']",-0.0,What color are the numbers on the black plane?,,False,0.32561809404461245,0,incorrect_high
validation::3194,['bird'],The bird.,1.0,"['The bird.', 'The bird.', 'The bird.', 'The bird.', 'The bird.', 'The bird.', 'The bird.', 'The bird.', 'The bird.', 'The bird.']",-0.0,What is baby staring at?,,True,0.32561809404461245,0,correct_high
validation::3200,['left'],Right.,0.0,"['Right.', 'Right.', 'Right hand.', 'Right.', 'Right.', 'Right hand.', 'Right hand.', 'Right hand.', 'Right hand.', 'Right.']",-0.0,In which of the woman's hands is the umbrella?,,False,0.32561809404461245,0,incorrect_high
validation::3202,['0'],Two.,0.0,"['Two.', 'Two.', 'Two.', 'Two.', 'Two.', 'Two.', 'Two.', 'Two.', 'Two.', 'Two.']",-0.0,How many legs can be seen on the giraffe?,,False,0.32561809404461245,0,incorrect_high
validation::3204,['unanswerable'],Swag valance.,0.0,"['Scalloped.', 'Swag valance.', 'Swag valance.', 'Scalloped.', 'Swag valance.', 'Swag valance.', 'Swagged valance.', 'Swagged valance.', 'Scalloped.', 'Swag valance.']",0.6108643020548935,What type of curtain valance is shown?,,False,0.32561809404461245,1,incorrect_low
validation::3205,['tarp'],Fabric.,0.0,"['Fabric.', 'Fabric.', 'Canvas.', 'Fabric.', 'Fabric.', 'Fabric.', 'Fabric.', 'Fabric.', 'Fabric.', 'Fabric.']",0.3250829733914482,what is attached to the tent poles?,,True,0.32561809404461245,0,correct_high
validation::3209,['1'],One.,0.0,"['One.', 'One.', 'One.', 'One.', 'One.', 'One.', 'One.', 'One.', 'One.', 'One.']",-0.0,How many zebras are facing the truck?,,True,0.32561809404461245,0,correct_high
validation::3210,['22'],22,1.0,"['22', '22', '22', '22', '22', '22', '22', '22', '22', '22']",-0.0,what is the number of the pitcher,,True,0.32561809404461245,0,correct_high
validation::3213,['duck'],Duck.,1.0,"['Duck.', 'Duck.', 'Duck.', 'Duck.', 'Duck.', 'Duck.', 'Duck.', 'Duck.', 'Duck.', 'Duck.']",-0.0,What kind of animal is in costume?,,True,0.32561809404461245,0,correct_high
validation::3214,['4'],4,1.0,"['4', '5', '4', '3', '4', '3', '3', '4', '4', '4']",0.8979457248567798,how many people on the court?,,True,0.32561809404461245,1,correct_low
validation::3216,['1 hour'],2 hours.,0.0,"['2 hours.', '2 Hours.', '2 hours.', '2 hours.', '2 hours.', '15 minutes.', '2 hours.', '2 hours.', '2 hours.', '2 hours.']",0.3250829733914482,What is the time limit on the meter?,,False,0.32561809404461245,0,incorrect_high
validation::3218,['3'],Three.,0.0,"['Three.', 'Three.', 'Three.', 'Three.', 'Two.', 'Three.', 'Two.', '3', 'Three.', 'Three.']",0.5004024235381879,how many drawers are in the picture ?,,True,0.32561809404461245,1,correct_low
validation::322,['miguel navaza'],Miguel Navaza.,1.0,"['Miguel Navaza.', 'Miguel Navaza.', 'Miguel Navaza.', 'Miguel Navaza.', 'Miguel Navaza.', 'Miguel Navaza', 'Miguel Navaza', 'Miguel Navaza', 'Miguel Navaza.', 'Miguel Navaza.']",-0.0,Who is the photographer?,,True,0.32561809404461245,0,correct_high
validation::3220,['blue'],Blue.,1.0,"['Blue.', 'Blue.', 'Blue.', 'Blue.', 'Blue.', 'Blue.', 'Blue.', 'Blue.', 'Blue.', 'Blue.']",-0.0,what color is the chain?,,True,0.32561809404461245,0,correct_high
validation::3222,"['string, shirt, purse']",1. T-shirts,0.0,"['1. T-shirts', '1. T-shirts', '1. T-shirts', '1. T-shirts', '1. T-shirts', '1. T-shirts', '1. T-shirts', '1. T-shirts', '1. T-shirts', '1. T-shirts']",-0.0,Name three red objects?,,False,0.32561809404461245,0,incorrect_high
validation::3223,['8'],8,1.0,"['8', '6', '12', '12', '12', '6', '8', '8', '8', '8']",1.0296530140645737,how many lampshades are there ?,,True,0.32561809404461245,1,correct_low
validation::3228,['278'],278,1.0,"['278', '278', '278', '278', '278', '278', '278', '278', '278', '278']",-0.0,What number highway is straight ahead?,,True,0.32561809404461245,0,correct_high
validation::323,['flickr'],Flickr.,1.0,"['Flickr.', 'Flickr.', 'Flickr.', 'Flickr.com', 'Flickr.', 'Flickr.', 'Flickr.', 'Flickr.', 'Flickr.', 'Flickr.']",-0.0,what website is the photograph from?,,True,0.32561809404461245,0,correct_high
validation::3231,['9'],11,0.0,"['11', '11', '10', '11', '11', '11', '11', '10', '11', '10']",0.6108643020548935,How many zebras?,,False,0.32561809404461245,1,incorrect_low
validation::3233,['3'],Two.,0.0,"['Two.', 'Two.', 'Two.', 'Two.', 'Two.', 'Two.', 'Two.', 'Two.', 'Two.', 'Two.']",-0.0,how many people are surfing?,,False,0.32561809404461245,0,incorrect_high
validation::3238,['c'],j,0.0,"['j', 'j', '""j""', 'j', 'j', 'j', 'j', 'j', 'j', '""j""']",-0.0,"what is the letter after ""i"" written on the left of the photo?",,False,0.32561809404461245,0,incorrect_high
validation::3239,['canoe'],A canoe.,1.0,"['A canoe.', 'A canoe.', 'A canoe.', 'A canoe.', 'A canoe.', 'A canoe.', 'A canoe.', 'A canoe.', 'A canoe.', 'A canoe.']",-0.0,What green object is upside down?,,True,0.32561809404461245,0,correct_high
validation::324,['samsung'],Samsung.,1.0,"['Samsung.', 'Samsung.', 'Samsung.', 'Samsung.', 'Samsung.', 'Samsung.', 'Samsung.', 'Samsung.', 'Samsung.', 'Samsung.']",-0.0,Who is the maker of this phone?,,True,0.32561809404461245,0,correct_high
validation::3240,['2'],Two.,0.0,"['Two.', 'Two.', 'Two.', 'Two.', 'Two.', 'Two.', 'Two.', 'Two.', 'Two.', 'Two.']",-0.0,How many cows are in the picture?,,True,0.32561809404461245,0,correct_high
validation::3242,['0'],Two.,0.0,"['Two.', '2', 'Two.', 'Two.', 'Two.', '2', 'Two.', 'Two.', '2', '2']",-0.0,How many items are being used wirelessly?,,False,0.32561809404461245,0,incorrect_high
validation::3244,['7'],7,1.0,"['7', '7', '7', '7', '7', '7', '7', '7', '7', '7']",-0.0,What number is to the right of the man?,,True,0.32561809404461245,0,correct_high
validation::3246,['jello shots'],Jell-O shots.,1.0,"['Juice and water.', 'Jell-O shots.', 'Jell-O shots.', 'Juice and water.', 'Jell-O shots.', 'Juice and water.', 'Jell-o shots.', 'Jell-o shots.', 'Jell-o shots.', 'Jell-O shots.']",0.6108643020548935,What are the drinks on the tray?,,True,0.32561809404461245,1,correct_low
validation::3248,['red stripe'],Red Stripe.,1.0,"['Red Stripe', 'Red Stripe.', 'Red Stripe.', 'Red Stripe', 'Red Stripe.', 'Red Stripe', 'Red Stripe', 'Red Stripe', 'Red Stripe.', 'Red Stripe.']",-0.0,What brand of beer is on the table?,,True,0.32561809404461245,0,correct_high
validation::325,['0'],One.,0.0,"['1', 'One.', 'One.', 'One.', '1', '1', 'One.', 'One.', '1', 'One.']",-0.0,how many utensils are not touching pizza?,,False,0.32561809404461245,0,incorrect_high
validation::3251,['1'],4,0.0,"['4', '4', '4', '4', '4', '4', '4', 'Four.', '4', '4']",-0.0,how many people are in this photo?,,False,0.32561809404461245,0,incorrect_high
validation::3256,['120'],120,1.0,"['120', '120', '120', '120', '120', '120', '120', '120', '120', '120']",-0.0,what number is surrounded by yellow on the bike?,,True,0.32561809404461245,0,correct_high
validation::3257,['2'],Two.,0.0,"['Two.', 'Two.', 'Two.', 'Two.', 'Two.', 'Two.', 'Two.', 'Two.', 'Two.', 'Two.']",-0.0,How many hands are holding the kite?,,True,0.32561809404461245,0,correct_high
validation::3258,['on his lap'],"One is on his leg, the other is resting on his lap.",0.0,"['One is resting on his leg, and the other is on his lap.', 'One hand is on his leg, the other is resting on his lap.', 'One is on his leg, the other on his arm.', 'One hand is resting on his leg, and the other is under his shirt.', 'One is resting on his leg, and the other is in his lap.', 'One is on his leg, the other is resting on his lap.', 'One is resting on his leg, and the other is in his lap.', 'One is resting on his leg, the other is on his lap.', 'One is on his leg, the other resting on his lap.', 'One is on his leg, and the other is resting on his lap.']",0.639031859650177,where are his hands?,,True,0.32561809404461245,1,correct_low
validation::3259,['drs'],DRS,1.0,"['DRS', 'DRS', 'DRS', 'DRS', 'DRS', 'DRS', 'DRS', 'DRS', 'DRS', 'DRS']",-0.0,What are the three green letters on the side of the train's engine?,,True,0.32561809404461245,0,correct_high
validation::3260,['38'],31,0.0,"['31', '31', '31', '33', '30', '28', '28', '32', '31', '31']",1.3592367006650063,How many buttons are on the remote?,,False,0.32561809404461245,1,incorrect_low
validation::3261,['34'],32,0.0,"['32', '32', '32', '32', '32', '33', '32', '32', '32', '32']",0.3250829733914482,How many people are in this picture?,,False,0.32561809404461245,0,incorrect_high
validation::3265,['1'],1,1.0,"['1', '1', '1', '1', '1', '1', '1', '1', '1', '1']",-0.0,How many total animals are shown in this image?,,True,0.32561809404461245,0,correct_high
validation::3266,['nike'],Asics,0.0,"['Asics', 'Asics', 'Asics', 'Asics', 'Asics', 'Asics', 'Asics', 'Asics.', 'Asics', 'Asics']",-0.0,what brand are the man's shoes?,,False,0.32561809404461245,0,incorrect_high
validation::3267,['right'],Downhill.,0.0,"['Downhill.', 'Downhill.', 'Downhill.', 'Downhill.', 'Downhill.', 'Downhill.', 'Downhill.', 'Downhill.', 'Downhill.', 'Downhill.']",-0.0,Which direction are his skis pointed?,,False,0.32561809404461245,0,incorrect_high
validation::3269,['2'],Three.,0.0,"['Three.', 'Three.', 'Three.', 'Three.', 'Three.', 'Three.', 'Three.', 'Three.', 'Three.', 'Three.']",-0.0,How many gauges are there?,,False,0.32561809404461245,0,incorrect_high
validation::327,['exclamation point'],Exclamation point.,1.0,"['Exclamation mark.', 'Exclamation point.', 'Exclamation point.', 'Exclamation point.', 'Exclamation point.', 'Exclamation point.', 'Exclamation mark.', 'Exclamation point.', 'Exclamation point.', 'Exclamation point.']",-0.0,What punctuation is seen above the door?,,True,0.32561809404461245,0,correct_high
validation::3271,['2'],6,0.0,"['5', '6', '5', '6', '6', '6', '7', '7', '5', '6']",1.0296530140645737,how many people are out of the water?,,False,0.32561809404461245,1,incorrect_low
validation::3274,['right'],Right.,1.0,"['Left.', 'Right.', 'Right.', 'Left.', 'Right.', 'Left.', 'Right.', 'Right.', 'His right hand.', 'Right.']",0.6108643020548935,Which hand is the man using to touch his sunglasses?,,True,0.32561809404461245,1,correct_low
validation::3275,['left'],Left.,1.0,"['Left.', 'Left.', 'Left.', 'Left.', 'Left.', 'Left.', 'Left.', 'Left.', 'Left.', 'Left.']",-0.0,Is the man looking to his left or right?,,True,0.32561809404461245,0,correct_high
validation::3279,['tv'],A TV.,1.0,"['A TV.', 'A TV.', 'A TV.', 'A TV.', 'A TV.', 'A TV.', 'A television.', 'A TV.', 'A TV.', 'A TV.']",-0.0,What is up on the wall on the right?,,True,0.32561809404461245,0,correct_high
validation::3282,['controller'],A computer mouse.,0.0,"['A mouse.', 'A mouse.', 'A computer mouse.', 'A computer mouse.', 'A mouse.', 'A mouse.', 'A computer mouse.', 'A computer mouse.', 'A mouse.', 'A mouse.']",0.6730116670092565,What is in his left hand?,,False,0.32561809404461245,1,incorrect_low
validation::3283,['slanted'],Slanted.,1.0,"['Slanted.', 'Slanted.', 'Slanted.', 'Slanted.', 'Slanted.', 'Slanted.', 'Slanted.', 'Slanted.', 'Slanted.', 'Slanted.']",-0.0,Is the roof of the building slanted or flat?,,True,0.32561809404461245,0,correct_high
validation::3285,['3'],Three.,0.0,"['Three.', 'Three.', 'Three.', 'Three.', 'Three.', 'Three.', 'Three.', 'Three.', 'Three.', 'Three.']",-0.0,how many hydrants?,,True,0.32561809404461245,0,correct_high
validation::3286,"[""lowe's""]",Lowe's,1.0,"['Lowes', ""Lowe's"", ""Lowe's"", ""Lowe's"", ""Lowe's"", ""Lowe's"", ""Lowe's"", ""Lowe's"", ""Lowe's"", ""Lowe's""]",-0.0,"What brand name is on the small appliance, next to the fridge?",,True,0.32561809404461245,0,correct_high
validation::3287,['right'],Right arm.,1.0,"['Right.', 'Right.', 'Right.', 'Right arm.', 'Right arm.', 'Right.', 'Right arm.', 'Right arm.', 'Right arm.', 'Right.']",-0.0,Which arm can you see on the man to the right?,,True,0.32561809404461245,0,correct_high
validation::3288,['1'],Zero.,0.0,"['Zero.', 'Zero.', 'Zero.', 'Zero.', 'Zero.', 'Zero.', 'Zero.', 'Zero.', 'Zero.', 'Zero.']",-0.0,How many of the bird's feet are visible?,,False,0.32561809404461245,0,incorrect_high
validation::3289,['donut'],Donut.,1.0,"['A donut.', 'A donut.', 'Donuts.', 'A donut.', 'Donut.', 'A donut.', 'Donut.', 'Donut.', 'A donut.', 'Donut.']",-0.0,What is the cat licking?,,True,0.32561809404461245,0,correct_high
validation::3299,['taking a picture'],Watching the race.,0.0,"['Watching the race.', 'Watching the race.', 'Watching the race.', 'Watching the race.', 'Watching the race.', 'Watching the race.', 'Watching the race.', 'Watching the race.', 'Watching the race.', 'Watching the race.']",-0.0,What is the person standing on the sand doing?,,False,0.32561809404461245,0,incorrect_high
validation::33,['cactus'],Cactus.,1.0,"['Cactus.', 'Cactus.', 'Cactus.', 'Cactus.', 'Cactus.', 'Cactus.', 'Cactus.', 'Cactus.', 'Cactus.', 'Cactus.']",-0.0,What plant is shown on the computer screen to the right?,,True,0.32561809404461245,0,correct_high
validation::3303,['checkers'],Mahjong.,0.0,"['Mahjong.', 'Mahjong.', 'Sorry, I cannot identify the board game.', 'Mahjong.', 'Mahjong.', 'Mahjong.', 'Mahjong.', 'Mahjong.', 'Sorry, I cannot identify the board game on the table.', 'Scrabble.']",0.8018185525433372,What is the board game on the table called?,,False,0.32561809404461245,1,incorrect_low
validation::331,['maidenhead'],Maidenhead.,1.0,"['Maidenhead.', 'Maidenhead.', 'Maidenhead.', 'Maidenhead.', 'Maidenhead.', 'Maidenhead.', 'Maidenhead.', 'Maidenhead.', 'Maidenhead.', 'Maidenhead.']",-0.0,Where is the bus headed?,,True,0.32561809404461245,0,correct_high
validation::3310,['3'],Three.,0.0,"['Three.', 'Three.', 'Three.', 'Three.', '3', 'Three.', 'Three.', 'Three.', 'Three.', 'Three.']",-0.0,How many people are visible?,,True,0.32561809404461245,0,correct_high
validation::3317,['skiing and snowboarding'],Skiing and snowboarding.,1.0,"['Skiing and snowboarding.', 'Skiing and snowboarding.', 'Skiing and snowboarding.', 'Skiing and snowboarding.', 'Skiing and snowboarding.', 'Skiing and snowboarding.', 'Skiing and snowboarding.', 'Skiing and snowboarding.', 'Skiing and snowboarding.', 'Skiing and snowboarding.']",-0.0,What two sports do the people plan on participating in?,,True,0.32561809404461245,0,correct_high
validation::3319,['3'],4,0.0,"['4', '4', 'Four.', '4', '4', 'Four.', 'Four.', '4', '4', 'Four.']",-0.0,how many bench legs are visible?,,False,0.32561809404461245,0,incorrect_high
validation::332,['turtle'],A lizard.,0.0,"['A horse.', ""It's a wolf."", 'A lizard.', ""It's a shark."", 'A lizard.', 'A bird.', 'Bird.', 'Dog.', ""None. It's a figurine of a Star Wars character."", 'A bird.']",1.834371970281624,What is the animal on the top shelf all the way to the left?,,False,0.32561809404461245,1,incorrect_low
validation::3323,['0'],One.,0.0,"['One.', 'One.', 'One.', 'One.', 'One.', 'One.', 'One.', 'One.', 'One.', 'One.']",-0.0,how many skiers are jumping into the air?,,False,0.32561809404461245,0,incorrect_high
validation::3324,['1'],Two.,0.0,"['Two.', 'Two.', '2', 'Two.', 'Two.', 'Two.', 'Two.', 'Two.', 'Two.', 'Two.']",-0.0,How many species of animals are there?,,False,0.32561809404461245,0,incorrect_high
validation::333,['security'],SECURITY,1.0,"['SECURITY', 'SECURITY', 'SECURITY', 'SECURITY', 'SECURITY', 'SECURITY', 'SECURITY', 'SECURITY', 'SECURITY', 'SECURITY']",-0.0,What does it say on the Segway?,,True,0.32561809404461245,0,correct_high
validation::3337,['2'],Three.,0.0,"['Three.', '3', '3', 'Three.', 'Two.', 'Three.', 'Two.', 'Two.', 'Three.', 'Two.']",0.6730116670092565,How many planes have a visible tail?,,False,0.32561809404461245,1,incorrect_low
validation::3338,['white'],White.,1.0,"['White.', 'White.', 'White.', 'White.', 'White.', 'White.', 'White.', 'White.', 'White.', 'White.']",-0.0,What color is the blanket?,,True,0.32561809404461245,0,correct_high
validation::3339,['1'],One.,0.0,"['1', 'One.', 'One.', 'One.', 'One.', '1', 'One.', 'One.', '1', 'One.']",-0.0,How many types of fruit are on the counter?,,True,0.32561809404461245,0,correct_high
validation::3341,['bottom'],Upper.,0.0,"['Upper.', 'Upper.', 'Upper.', 'Upper lip.', 'Upper.', 'Upper lip.', 'Upper lip.', 'Upper lip.', 'Upper.', 'Upper.']",-0.0,Is his upper or bottom lip bigger?,,False,0.32561809404461245,0,incorrect_high
validation::3343,['21215'],WDM-2 11464,0.0,"['WDM 2', 'WDM-2 11334', 'WDM-2 11592', 'WDM-2 11464', 'WDM-2 11381', '10445', 'WDM-4B', 'WZ-4315', 'WZ-4', 'WDM-2 11464']",2.163955656882057,What is the 5 digit number on the train's face?,,False,0.32561809404461245,1,incorrect_low
validation::3345,['tibet'],China.,0.0,"['China.', 'China.', 'China.', 'China.', 'China.', 'China.', 'China', 'China.', 'China', 'China.']",-0.0,What country are they protesting?,,False,0.32561809404461245,0,incorrect_high
validation::3347,['male and female'],"One male, one female.",1.0,"['Male and female.', 'Male and female.', 'Male and female.', 'Male and female.', 'One male, one female.', 'Male and female.', 'One male, one female.', 'Male and female.', 'Male and female.', 'Male and female.']",-0.0,What genders are the two people?,,True,0.32561809404461245,0,correct_high
validation::3350,['left'],Left.,1.0,"['Left.', 'Left.', 'Left.', 'Left.', 'Left.', 'Left.', 'Left.', 'Left.', 'Left.', 'Left.']",-0.0,What side of the road do they drive on?,,True,0.32561809404461245,0,correct_high
validation::3351,['surfer'],A surfer.,1.0,"['A surfer.', 'A surfer.', 'A surfer.', 'A surfer.', 'A surfer.', 'A surfer.', 'A surfer.', 'A surfer.', 'A surfer.', 'A surfer.']",-0.0,What kind of person is depicted on the yellow sign?,,True,0.32561809404461245,0,correct_high
validation::3352,['2'],4,0.0,"['3', '4', '4', '4', '5', 'Four.', '4', 'Three.', '4', '4']",0.8018185525433372,How many ropes are tied from the front of the boat to the dock?,,False,0.32561809404461245,1,incorrect_low
validation::3358,['diamonds'],Diamond pattern.,0.0,"['Diamond pattern.', 'Diamond pattern.', 'Diamond pattern.', 'Diamond pattern.', 'Diamond pattern.', 'Diamond pattern.', 'Diamond pattern.', 'Diamond pattern.', 'Diamond pattern.', 'Diamond patterns.']",-0.0,What design is on his shirt?,,True,0.32561809404461245,0,correct_high
validation::3362,['1'],One.,0.0,"['One.', '1', 'One.', 'One.', 'One.', 'One.', 'One.', 'One.', 'One.', 'One.']",-0.0,how many cargo boxes are blue,,True,0.32561809404461245,0,correct_high
validation::3370,['green'],Pink.,0.0,"['Silver.', 'Pink.', 'White.', 'Silver.', 'Silver.', 'Silver.', 'Silver.', 'Pink.', 'Pink.', 'Silver.']",0.8979457248567797,what color are the shoes of the little girl facing the camera?,,False,0.32561809404461245,1,incorrect_low
validation::3371,['5'],Four.,0.0,"['Four.', 'Four.', 'Four.', 'Four.', 'Four.', 'Four.', 'Four.', 'Four.', 'Four.', 'Four.']",-0.0,How many duck shadows appear?,,False,0.32561809404461245,0,incorrect_high
validation::3376,['2'],Two.,0.0,"['2', 'Two.', 'Two.', 'Two.', 'Two.', 'Two.', 'Two.', 'Two.', 'Two.', 'Two.']",-0.0,how many noses are touching the ground,,True,0.32561809404461245,0,correct_high
validation::3377,['2'],Six.,0.0,"['Six.', 'Six.', 'Six.', 'Eight.', '6', 'Six.', '6', 'Six.', 'Six.', 'Six']",0.3250829733914482,How many zebra eyes are visible here?,,False,0.32561809404461245,0,incorrect_high
validation::3378,['jvc'],JVC,1.0,"['JVC', 'JVC', 'JVC', 'JVC', 'JVC', 'JVC', 'JVC', 'JVC', 'JVC', 'JVC']",-0.0,Who manufactures this TV?,,True,0.32561809404461245,0,correct_high
validation::338,['4'],44,0.0,"['4.', '44', '4', '4', '44', '4.', '44', '44', '4', '4.']",0.6730116670092565,What number is shown twice on the fire hydrant?,,False,0.32561809404461245,1,incorrect_low
validation::3380,['sunglasses'],Sunglasses.,1.0,"['Sunglasses.', 'Sunglasses.', 'Sunglasses.', 'Sunglasses.', 'Sunglasses.', 'Sunglasses.', 'Sunglasses.', 'Sunglasses.', 'Sunglasses.', 'Sunglasses.']",-0.0,what is sitting next to the drink and plate,,True,0.32561809404461245,0,correct_high
validation::3382,['0'],Two.,0.0,"['Two.', 'Two.', 'Two.', 'Two.', 'Two.', 'Two.', 'Two.', 'Two.', 'Two.', 'Two.']",-0.0,How many of the kids have are riding on their knees?,,False,0.32561809404461245,0,incorrect_high
validation::3383,['tattoo'],A tattoo.,1.0,"['A tattoo.', 'A tattoo.', 'A tattoo.', 'Tattoos.', 'Tattoo.', 'A tattoo.', 'A tattoo.', 'A tattoo.', 'Tattoos.', 'A tattoo.']",-0.0,What is on the man's elbow?,,True,0.32561809404461245,0,correct_high
validation::3384,['5'],7,0.0,"['8', '7', '7', '8', '7', '8', '6', '7', '6', '8']",1.0549201679861442,How many palm trees can be seen?,,False,0.32561809404461245,1,incorrect_low
validation::3385,['2012'],2012,1.0,"['2012', '2012', '1', '2012', '1', '1', '2012', '2012', '2012', '1']",0.6730116670092565,What number is printed on the book to the left of the laptop?,,True,0.32561809404461245,1,correct_low
validation::3386,['sun'],Shade.,0.0,"['Shade.', 'Shade.', 'Shade.', 'Shade.', 'Shade.', 'Shade.', 'Shade.', 'Shade.', 'Shade.', 'Shade.']",-0.0,Is the man standing in the shade or in the sun?,,False,0.32561809404461245,0,incorrect_high
validation::3387,['crush'],Crush,1.0,"['Crush', 'Crush', 'Crush', 'Crush', 'Crush', 'Crush', 'Crush', 'Crush', 'Crush', 'Crush']",-0.0,What large word is on a diagonal on at least three of the middle row bottles?,,True,0.32561809404461245,0,correct_high
validation::3388,['2'],Two.,0.0,"['Two.', 'Two.', 'Two.', 'Two.', 'Two.', 'Two.', 'Two.', 'Two.', 'Two.', 'Two.']",-0.0,How many screens display the time?,,True,0.32561809404461245,0,correct_high
validation::339,['calendar'],Wallpaper.,0.0,"['Wallpaper.', 'Wallpaper.', 'Wallpaper.', 'Wallpaper.', 'Wallpaper.', 'Wallpaper.', 'Wallpaper.', 'Wallpaper.', 'Wallpaper.', 'Wallpaper.']",-0.0,What is on the wall to the right of the window?,,False,0.32561809404461245,0,incorrect_high
validation::3393,['television'],Television,1.0,"['Television', 'Television', 'Television', 'Television', 'Television', 'Television', 'Television', 'Television', 'Television', 'Television.']",-0.0,Which one of the following is NOT pictured here: computer or television?,,True,0.32561809404461245,0,correct_high
validation::3394,['0'],Zero.,0.0,"['0', '0', 'Zero.', 'Zero.', 'Zero.', 'Zero.', 'Zero.', 'Zero.', 'Zero.', 'Zero.']",-0.0,How many eggplants are completely visible?,,True,0.32561809404461245,0,correct_high
validation::3396,['post no bills'],Post No Bills,1.0,"['Post No Bills.', 'Post No Bills.', 'Post No Bills.', 'Post No Bills.', 'Post No Bills', 'Post No Bills.', 'Post No Bills.', 'Post No Bills.', 'Post No Bills', 'Post No Bills']",-0.0,What does it say on the wall?,,True,0.32561809404461245,0,correct_high
validation::3397,['blue'],Blue.,1.0,"['Blue.', 'Blue.', 'Light blue.', 'Light blue.', 'Light blue.', 'Blue.', 'Blue.', 'Light blue.', 'Blue.', 'Blue.']",0.6730116670092565,What color is the fence/gate?,,True,0.32561809404461245,1,correct_low
validation::3399,['4'],4,1.0,"['4', '4', '4', '4', '4', '4', '4', '4', '4', '4']",-0.0,What is the first number in the license plate of the car on the right?,,True,0.32561809404461245,0,correct_high
validation::34,['2'],3,0.0,"['3', '3', '3', 'Three.', '3', '3', '3', '3', '3', '3']",-0.0,How many vehicles are there?,,False,0.32561809404461245,0,incorrect_high
validation::3402,['jacket'],A jacket.,1.0,"['A jacket.', 'A jacket.', 'A jacket.', 'A jacket.', 'A jacket.', 'A jacket.', 'A jacket.', 'A jacket.', 'A jacket.', 'A jacket.']",-0.0,"Which of the following is the man NOT wearing: a jacket, a tie or a collared shirt?",,True,0.32561809404461245,0,correct_high
validation::3403,['2'],3,0.0,"['3', '3', '3', '3', '3', '3', '3', '3', 'Three.', '3']",-0.0,How many faces visable?,,False,0.32561809404461245,0,incorrect_high
validation::3404,['4'],3,0.0,"['3', '3', '3', '3', '3', '3', '3', '3', '3', '3']",-0.0,How many pieces of watermelon are present in this photo?,,False,0.32561809404461245,0,incorrect_high
validation::3408,['batman'],Batman.,1.0,"['Batman.', 'Batman.', 'Batman.', 'Batman', 'Batman.', 'Batman.', 'Batman.', 'Batman.', 'Batman.', 'Batman.']",-0.0,What superhero is shown?,,True,0.32561809404461245,0,correct_high
validation::3410,['1'],Two.,0.0,"['Two.', 'Two.', 'Two.', 'Two.', 'Two.', 'Two.', 'Two.', 'Two.', 'Two.', 'Two.']",-0.0,How many front wheels are in the air?,,False,0.32561809404461245,0,incorrect_high
validation::3412,['3'],5,0.0,"['5', '5', 'Four.', '5', '5', '5', '5', '5', '6', '5']",0.639031859650177,How many boats are there?,,False,0.32561809404461245,1,incorrect_low
validation::3414,['193'],193,1.0,"['193', '193', '193', '193', '193', '193', '193', '193', '193', '193']",-0.0,Whats the number above the door and under the maroon sign?,,True,0.32561809404461245,0,correct_high
validation::3417,['3'],7,0.0,"['7', '8', '8', '7', '7', '7', '8', '7', '8', '8']",0.6931471805599453,How many sinks are there?,,False,0.32561809404461245,1,incorrect_low
validation::3420,['left'],Right.,0.0,"['Right.', 'Right.', 'Left.', 'Right.', 'Left.', 'Right.', 'Right.', 'Right.', 'Right.', 'Right.']",0.5004024235381879,What side is the tennis player's shadow facing in this picture?,,False,0.32561809404461245,1,incorrect_low
validation::3422,['divine'],Duvine,0.0,"['Duvine.', 'Daveniere', 'Dizaina', 'Daveniere', 'Duvine.', 'Duvine', 'Duvine', 'Danzica', 'Duvine', 'Dvorine']",1.3592367006650063,What is the word in gold in the black window?,,True,0.32561809404461245,1,correct_low
validation::3424,['window'],The car's sun visor.,0.0,"[""The car's sun visor."", 'The visor.', ""The car's sun visor."", ""The car's sun visor."", 'The visor.', ""The car's sun visor."", ""The car's sun visor."", ""The car's sun visor."", ""The car's sun visor."", ""The car's sun visor.""]",0.5004024235381879,what is the dogs head sitting on?,,False,0.32561809404461245,1,incorrect_low
validation::3426,['0'],One.,0.0,"['One.', 'One.', 'One.', 'One.', 'One.', 'One.', 'One.', 'One.', 'One.', 'One.']",-0.0,How many pizza slices are left in the box?,,False,0.32561809404461245,0,incorrect_high
validation::3429,['water bottle'],Ball.,0.0,"['Ball', 'Ball.', 'Ball.', 'Ball', 'Ball.', 'Ball.', 'Ball.', 'Ball.', 'Ball', 'Ball']",-0.0,"Which of the following is the man NOT holding: tennis racket, water bottle or ball?",,True,0.32561809404461245,0,correct_high
validation::3430,['united'],United,1.0,"['United', 'United', 'United.', 'United.', 'United.', 'United', 'United', 'United', 'United.', 'United']",-0.0,What airline's check-in is most prominent?,,True,0.32561809404461245,0,correct_high
validation::3432,['magnum'],Magnum (www.magnum.co.nz),1.0,"['Magnum (www.magnum.co.nz)', 'Magnum (www.magnum.co.nz)', 'Magnum (www.magnum.co.nz)', 'Magnum (www.magnum.co.nz)', 'Magnum (www.magnum.co.nz)', 'Magnum (www.magnum.co.nz)', 'Magnum (www.magnum.co.nz)', 'Magnum (www.magnum.co.nz)', 'Magnum (www.magnum.co.nz)', 'Magnum (www.magnum.co.nz)']",-0.0,What is the name of the sponsor with a website visible on the banner in the background?,,True,0.32561809404461245,0,correct_high
validation::3434,['watch for pedestrians'],Watch for pedestrians.,1.0,"['Watch for pedestrians.', 'Watch for pedestrians.', 'Watch for pedestrians.', 'Watch for pedestrians.', 'Watch for pedestrians.', 'Watch for pedestrians.', 'Watch for pedestrians.', 'Watch for pedestrians.', 'Watch for pedestrians.', 'Watch for pedestrians.']",-0.0,What does the yellow sign say?,,True,0.32561809404461245,0,correct_high
validation::3436,['cat'],A raccoon.,0.0,"['Raccoon.', 'Deer', 'A raccoon.', 'A cat.', 'Deer.', 'Deer', 'Cat', 'Cat', 'Deer.', 'Raccoon.']",1.0888999753452238,What type of animal is on top of the car?,,False,0.32561809404461245,1,incorrect_low
validation::3437,['2'],Two.,0.0,"['Two.', 'Two.', 'Two.', 'Two.', 'Two.', 'Two.', 'Two.', 'Two.', 'Two.', 'Two.']",-0.0,how many adult zebras are there?,,True,0.32561809404461245,0,correct_high
validation::3438,['nail polish'],Red nail polish.,1.0,"['Red nail polish.', 'Red nail polish.', 'Red nail polish.', 'Red nail polish.', 'Pink nail polish.', 'Red nail polish.', 'Red nail polish.', 'Red nail polish.', 'Red nail polish.', 'Red nail polish.']",0.3250829733914482,What is on the models fingernails?,,True,0.32561809404461245,0,correct_high
validation::344,['0'],Zero.,0.0,"['Zero.', 'Zero.', 'Zero.', 'Zero.', 'Zero.', 'Zero.', 'Zero.', 'Zero.', 'Zero.', 'Zero.']",-0.0,How many kittens are with the adult cat?,,True,0.32561809404461245,0,correct_high
validation::3440,['black'],Black and white.,1.0,"['Black and white.', 'Black and white.', 'Black and white.', 'Black and white.', 'Black and white.', 'Black and white.', 'Black and white.', 'Black and white.', 'Black and white.', 'Black and white.']",-0.0,what color are the sticks on the plate?,,False,0.32561809404461245,0,incorrect_high
validation::3442,['left'],Left.,1.0,"['Left.', 'Left.', 'Left.', 'Left.', 'Left.', 'Left.', 'Left.', 'Left.', 'Left.', 'Left.']",-0.0,Which side is the TV situated in the room?,,True,0.32561809404461245,0,correct_high
validation::3444,['right'],Right side.,1.0,"['Right side.', 'Right side.', 'Right side.', 'Right side.', 'Right.', 'Right side.', 'Right.', 'Right side.', 'Right side.', 'Right side.']",-0.0,Which side of the street are the trees found according to this picture?,,True,0.32561809404461245,0,correct_high
validation::3446,['d'],Vitamin D.,1.0,"['Vitamin D.', 'Vitamin D.', 'Vitamin D.', 'Vitamin D.', 'Vitamin D.', 'Vitamin D.', 'Vitamin D.', 'Vitamin D.', 'Vitamin D.', 'Vitamin D.']",-0.0,What vitamin is advertised?,,True,0.32561809404461245,0,correct_high
validation::345,['above'],Above.,1.0,"['Above.', 'Above.', 'Above.', 'Above.', 'Above.', 'Above.', 'Above.', 'Above.', 'Above.', 'Above.']",-0.0,Is the wave above or below the man?,,True,0.32561809404461245,0,correct_high
validation::3451,['olive'],Olive pizza.,1.0,"['Black olive pizza.', 'Olive pizza.', 'Olive pizza.', 'Olive pizza.', 'Olive pizza.', 'Olive pizza.', 'Olive pizza.', 'Olive pizza.', 'Olive pizza.', 'Black olive pizza.']",0.5004024235381879,What type of pizza is this?,,True,0.32561809404461245,1,correct_low
validation::3454,['4'],6,0.0,"['6', '6', '6', '6', '6', '6', '6', '6', '6', '6']",-0.0,How many legs are fully visible?,,False,0.32561809404461245,0,incorrect_high
validation::3459,['black'],Yellow.,0.0,"['Yellow.', 'Yellow.', 'Yellow.', 'Yellow.', 'Yellow.', 'Yellow.', 'Yellow.', 'Yellow.', 'Yellow.', 'Yellow.']",-0.0,What color are the nails painted?,,False,0.32561809404461245,0,incorrect_high
validation::3460,['toys r us'],FAO Schwarz,0.0,"['FAO Schwarz', ""Macy's"", 'FAO Schwarz', ""Macy's"", 'FAO Schwarz', ""Macy's"", 'FAO Schwarz.', 'FAO Schwarz', 'FAO Schwarz.', ""Macy's""]",0.6730116670092565,What famous toy store used this animal as a mascot?,,False,0.32561809404461245,1,incorrect_low
validation::3462,['6pm'],6 pm M-F,0.0,"['6 pm M-F', '6 PM M-F', '6 pm M-F', '6 PM Monday-Friday.', '6 pm M-F', '6 pm Monday-Friday.', '6 pm M-F', '6 PM.', '6 pm M-F', '6 PM M-F']",0.3250829733914482,What time does meter enforcement end?,,True,0.32561809404461245,0,correct_high
validation::3463,['watch'],The watch.,1.0,"['The watch.', 'The watch.', 'The watch.', 'The watch.', 'The watch.', 'The watch.', 'The watch.', 'The wristwatch.', 'The watch.', 'The wristwatch.']",-0.0,What's in focus?,,True,0.32561809404461245,0,correct_high
validation::3464,['2'],One.,0.0,"['One.', 'One.', 'One.', 'One.', 'One.', 'Two.', 'One.', 'One.', 'One.', 'One.']",0.3250829733914482,How many birds are near the water?,,False,0.32561809404461245,0,incorrect_high
validation::3466,['copyright'],Copyright notice.,1.0,"['Copyright notice.', 'Copyright notice.', 'Copyright notice.', 'Copyright notice.', 'Copyright notice.', 'Copyright notice.', 'Copyright notice.', 'Copyright notice.', 'Copyright notice.', 'Copyright notice.']",-0.0,What is the symbol in the bottom left of the image called?,,True,0.32561809404461245,0,correct_high
validation::3468,['adidas'],Nike.,0.0,"['Nike.', 'Nike.', 'Nike.', 'Nike.', 'Nike.', 'Nike.', 'Nike.', 'Nike.', 'Nike.', 'Nike.']",-0.0,What brand of shoes is the body wearing?,,False,0.32561809404461245,0,incorrect_high
validation::347,['5'],5,1.0,"['5', '5', '5', 'Four.', '5', 'Four.', '5', '5', 'Four.', '5']",0.6108643020548935,how many chairs are there?,,True,0.32561809404461245,1,correct_low
validation::3471,['4'],6,0.0,"['6', '6', '12', '6', '6', '6', '6', '6', '6', '6']",0.3250829733914482,how many wheels in the blue truck are seen ?,,False,0.32561809404461245,0,incorrect_high
validation::3473,['royal mail'],Royal Mail,1.0,"['Royal Mail', 'Royal Mail', 'Royal Mail', 'Royal Mail', 'Royal Mail', 'Royal Mail', 'Royal Mail', 'Royal Mail.', 'Royal Mail', 'Royal Mail']",-0.0,What does it say on the side of the train?,,True,0.32561809404461245,0,correct_high
validation::3476,['2'],Two.,0.0,"['Two.', 'Two.', 'Two.', 'Two.', 'Two.', 'Two.', 'Two.', 'Two.', 'Two.', 'Two.']",-0.0,How many different species of animals are in the picture?,,True,0.32561809404461245,0,correct_high
validation::3479,['2'],Two.,0.0,"['Two.', 'Two.', 'Two.', 'Two.', 'Two.', 'Two.', 'Two.', 'Two.', 'Two.', 'Two.']",-0.0,How many people are walking in the snow?,,True,0.32561809404461245,0,correct_high
validation::348,['green'],Green.,1.0,"['Green.', 'Green.', 'Green.', 'Green.', 'Green.', 'Green.', 'Green.', 'Green.', 'Green.', 'Green.']",-0.0,What color is the illuminated LED on the monitor?,,True,0.32561809404461245,0,correct_high
validation::3483,['del monte'],Del Monte.,1.0,"['Del Monte.', 'Del Monte.', 'Del Monte.', 'Del Monte.', 'Del Monte', 'Del Monte.', 'Del Monte', 'Del Monte.', 'Del Monte.', 'Del Monte.']",-0.0,What is the company on the label?,,True,0.32561809404461245,0,correct_high
validation::3487,['4'],Four.,0.0,"['Four.', 'Four.', 'Four.', 'Four.', 'Four.', 'Four.', 'Four.', 'Four.', 'Four.', 'Four.']",-0.0,how many giraffe horns are visible?,,True,0.32561809404461245,0,correct_high
validation::349,['3'],7,0.0,"['8', '7', '8', '7', '7', '7', '6', '8', '7', 'Six.']",1.0296530140645737,How many drawer pull's are there in the picture?,,False,0.32561809404461245,1,incorrect_low
validation::3493,['black'],Navy blue.,0.0,"['Dark blue.', 'Navy blue.', 'Dark blue.', 'Blue.', 'Navy blue.', 'Dark blue.', 'Blue.', 'Navy blue.', 'Dark blue.', 'Navy blue.']",1.0549201679861442,what color shirt is the man with the hat wearing?,,False,0.32561809404461245,1,incorrect_low
validation::3494,['3'],5,0.0,"['5', '5', '5', '5', '5', '5', '5', '6', '5', '5']",0.3250829733914482,How many screens can be seen in the picture?,,False,0.32561809404461245,0,incorrect_high
validation::3497,['frog'],Frog.,1.0,"['Frog.', 'Frog.', 'Frog', 'Frog.', 'Frog.', 'Frog.', 'Frog.', 'Frog', 'Frog.', 'Frog.']",-0.0,What amphibian can be seen in the kite patterns?,,True,0.32561809404461245,0,correct_high
validation::3498,['4'],Two.,0.0,"['Two.', 'Two.', 'Two.', 'Two.', 'Two.', 'Two.', 'Two.', 'Two.', 'Two.', 'Two.']",-0.0,How many buttons are on the woman's sleeve?,,False,0.32561809404461245,0,incorrect_high
validation::3501,['8'],6,0.0,"['8', '8', '6', '7', '8', '6', '7', '7', '8', '8']",1.0296530140645737,How many panels on the wall are visible in this picture?,,False,0.32561809404461245,1,incorrect_low
validation::3503,['green'],Green.,1.0,"['Green.', 'Green.', 'Green.', 'Green.', 'Green.', 'Green.', 'Green.', 'Green.', 'Green.', 'Green.']",-0.0,What color swimsuit is the woman standing in the water wearing?,,True,0.32561809404461245,0,correct_high
validation::3504,['1'],One gallon.,0.0,"['One gallon.', 'One gallon.', 'One gallon.', 'One gallon.', 'One gallon.', 'One gallon.', 'One gallon.', 'One gallon.', 'One gallon.', 'One gallon.']",-0.0,How much milk is there?,,False,0.32561809404461245,0,incorrect_high
validation::3507,['middle'],Middle.,1.0,"['Left.', 'Middle.', 'Middle.', 'Left.', 'Middle.', 'Middle.', 'Middle.', 'Middle.', 'Middle.', 'Middle.']",0.5004024235381879,"Which is smallest, left, middle or right?",,True,0.32561809404461245,1,correct_low
validation::3508,['1'],Two.,0.0,"['Two.', 'Two.', 'Two.', 'Two.', 'Two.', 'Two.', 'Two.', 'Two.', 'Two.', 'Two.']",-0.0,How many zebras are on four legs in this picture?,,False,0.32561809404461245,0,incorrect_high
validation::351,['2'],Two.,0.0,"['Two.', 'Two.', 'Two.', 'Two.', 'Two.', 'Two.', 'Two.', 'Two.', 'Two.', 'Two.']",-0.0,how many topppings are there?,,True,0.32561809404461245,0,correct_high
validation::3510,['laying'],Staring.,0.0,"['Staring.', 'Peeking.', 'Staring.', 'Staring.', 'Staring.', 'Looking.', 'Staring.', 'Staring.', 'Staring.', 'Staring.']",0.5004024235381879,What is the cat doing?,,False,0.32561809404461245,1,incorrect_low
validation::3511,['plate'],golf,0.0,"['golf', 'golf', 'golf', 'golf', 'golf', 'golf', 'golf', 'golf', 'golf', 'golf']",-0.0,Which word is to the right of power on the building?,,False,0.32561809404461245,0,incorrect_high
validation::3514,['2'],Three.,0.0,"['Three.', 'Three.', 'Three.', 'Three.', 'Three.', 'Three.', 'Three.', 'Three.', 'Three.', 'Three.']",-0.0,How many colors does the wall have?,,False,0.32561809404461245,0,incorrect_high
validation::3515,['blue'],Red.,0.0,"['Red.', 'Red.', 'Red.', 'Red.', 'Red.', 'Red.', 'Red.', 'Red.', 'Red.', 'Red.']",-0.0,What color is the woman's scarf?,,False,0.32561809404461245,0,incorrect_high
validation::3519,['3'],Four.,0.0,"['4', 'Four.', 'Four.', 'Four.', 'Four.', 'Four.', 'Four.', 'Four.', '4', 'Four.']",-0.0,How many eyes are fully visible in the picture?,,False,0.32561809404461245,0,incorrect_high
validation::3522,['2'],One.,0.0,"['One.', 'One.', 'One.', 'One.', 'One.', 'One.', 'One.', 'One.', 'One.', 'One.']",-0.0,How many tusks are shown?,,False,0.32561809404461245,0,incorrect_high
validation::3523,['1990'],1990,1.0,"['1990', '1990.', '1990', '1990', '1990.', '1990.', '1990', '1990.', '1990.', '1990.']",-0.0,What year was the Teddy Bear shop established?,,True,0.32561809404461245,0,correct_high
validation::3524,['hot dog'],A banh mi.,0.0,"['A banh mi.', 'A Vietnamese banh mi sandwich.', 'A bánh mì.', 'A banh mi.', 'A banh mi.', 'A Vietnamese baguette sandwich (bánh mì).', 'A bánh mì.', 'A banh mi.', 'A banh mi.', 'A banh mi.']",0.5004024235381879,What is the person eating?,,False,0.32561809404461245,1,incorrect_low
validation::3530,['1'],Two.,0.0,"['Two.', 'Two.', 'Two.', 'Two.', 'Two.', 'Two.', 'Two.', 'Two.', 'Two.', 'Two.']",-0.0,how many feet can you see?,,False,0.32561809404461245,0,incorrect_high
validation::3532,['3'],Two.,0.0,"['Two.', 'Two.', 'Two.', 'Two.', 'Two.', 'Two.', 'Two.', 'Two.', 'Two.', 'Two.']",-0.0,How many legs are shown for the giraffe on the left?,,False,0.32561809404461245,0,incorrect_high
validation::3534,['travelling suitcase library'],Traveling Suitcase Library,1.0,"['Traveling Suitcase Library', 'Traveling Suitcase Library', 'Traveling Suitcase Library', 'Traveling Suitcase Library', 'Traveling Suitcase Library', 'Traveling Suitcase Library', 'Traveling Suitcase Library', 'Traveling Suitcase Library', 'Traveling Suitcase Library', 'Traveling Suitcase Library']",-0.0,What does it say on the green triangle?,,True,0.32561809404461245,0,correct_high
validation::354,['cover'],A crocheted toilet seat cover.,0.0,"['A crocheted cover.', 'A crocheted cozy.', 'A crocheted cozy.', 'A crocheted cover.', 'A crocheted toilet seat cover.', 'A crocheted cover.', 'A crocheted toilet seat cover.', 'A crocheted toilet seat cover.', 'A crocheted toilet seat cover.', 'A crocheted cozy.']",-0.0,what is on the toilet seat,,True,0.32561809404461245,0,correct_high
validation::3543,['ship'],Coat of arms.,0.0,"['Coat of arms.', 'Heraldic crests.', 'A plaque with text.', 'Coat of arms.', 'Coat of arms.', 'Coat of arms.', 'Coat of arms.', 'A plaque with text.', 'Coat of arms.', 'Coat of arms.']",0.5004024235381879,What is pictured on the panel below the clock of the tower?,,False,0.32561809404461245,1,incorrect_low
validation::3544,['0'],One.,0.0,"['One.', 'One.', 'One.', 'One.', 'One.', 'One.', 'One.', 'One.', 'One.', 'One.']",-0.0,How many wings does he have?,,False,0.32561809404461245,0,incorrect_high
validation::3549,['left'],Left.,1.0,"['Right.', 'Left.', 'Left.', 'Left.', 'Left.', 'Left.', 'Right.', 'Left.', 'Left.', 'Left.']",0.5004024235381879,Is the taller giraffe on the left or right?,,True,0.32561809404461245,1,correct_low
validation::355,['0'],16,0.0,"['16', '18', '18', '18', '14', '16', '14', '12', '18', '18']",1.2206072645530173,how many elephant feet can you see?,,False,0.32561809404461245,1,incorrect_low
validation::3550,['1'],One.,0.0,"['One.', 'One.', 'One.', 'One.', 'One.', 'One.', 'One.', 'One.', 'One.', 'One.']",-0.0,how many birds?,,True,0.32561809404461245,0,correct_high
validation::3555,['0'],Two.,0.0,"['Two.', 'Two.', 'Two.', 'Two.', 'Two.', 'Two.', 'Two.', 'Two.', 'Two.', 'Two.']",-0.0,How many total tails of the giraffes can be seen?,,False,0.32561809404461245,0,incorrect_high
validation::3556,['2'],Two.,0.0,"['Two.', 'Two.', 'Two.', 'Two.', 'Two.', 'Two.', 'Two.', 'Two.', 'Two.', 'Two.']",-0.0,How many controllers are visible?,,True,0.32561809404461245,0,correct_high
validation::3558,['7'],4025,0.0,"['4025', '4025', '4079', '4025', '4075', '4025', '4025.', '4025', '4035', '4075']",1.0888999753452235,what is the last number on the scissors?,,False,0.32561809404461245,1,incorrect_low
validation::3560,['2'],Two.,0.0,"['Two.', 'Two.', 'Two.', 'Two.', 'Two.', 'Two.', 'Two.', 'Two.', 'Two.', 'Two.']",-0.0,how flags are there?,,True,0.32561809404461245,0,correct_high
validation::3564,['1'],Two.,0.0,"['Two.', 'Two.', 'Two.', 'Two.', 'Two.', 'Two.', 'Two.', 'Two.', 'Two.', 'Two.']",-0.0,How many cartoon people can be seen?,,False,0.32561809404461245,0,incorrect_high
validation::3567,['usa'],The hydrant appears to have the flag of **Poland**.,0.0,"['USA', 'USA', 'United States', 'USA', 'United States', 'The hydrant appears to have a U.S. flag design.', 'USA', 'The hydrant appears to be blue and silver, which are the colors of the **New York City** flag.', 'United States', 'USA']",0.3250829733914482,Which flag is represented on the Fire Hydrant?,,False,0.32561809404461245,0,incorrect_high
validation::3568,['metal'],Metal.,1.0,"['Metal.', 'Metal.', 'Metal.', 'Metal.', 'Metal.', 'Metal.', 'Metal.', 'Metal.', 'Metal.', 'Metal.']",-0.0,What material is the hook that the ribbon is tied to made of?,,True,0.32561809404461245,0,correct_high
validation::3569,['5'],3,0.0,"['3', '3', '3', '3', 'Three.', '3', '3', 'Three.', '3', '3']",-0.0,How many light poles are there?,,False,0.32561809404461245,0,incorrect_high
validation::3572,['hot dog'],Sausage.,0.0,"['Sausage.', 'Sausage.', 'Sausage.', 'Sausage.', 'Sausage.', 'Sausage.', 'Sausage.', 'Sausage.', 'Sausage.', 'Sausage.']",-0.0,what is the pastry filled with?,,True,0.32561809404461245,0,correct_high
validation::3574,['camera'],A camera.,1.0,"['A camera.', 'A camera.', 'A camera.', 'A camera.', 'A camera.', 'A camera.', 'A camera.', 'A camera.', 'A camera.', 'A camera.']",-0.0,What is the woman holding in her hand?,,True,0.32561809404461245,0,correct_high
validation::3575,['red'],White.,0.0,"['White.', 'White.', 'White.', 'White.', 'White.', 'White.', 'White.', 'White.', 'White.', 'White.']",-0.0,What color is the batter's belt?,,False,0.32561809404461245,0,incorrect_high
validation::3576,['camouflage'],Plaid.,0.0,"['Plaid.', 'Plaid.', 'Plaid.', 'Plaid.', 'Plaid.', 'Plaid.', 'Plaid.', 'Plaid.', 'Plaid.', 'Plaid.']",-0.0,What pattern is on the man's pants?,,False,0.32561809404461245,0,incorrect_high
validation::3577,['square victoria'],Square-Victoria,0.0,"['Square-Victoria', 'Square-Victoria.', 'Square-Victoria.', 'Square-Victoria and Métropolitain.', 'Square-Victoria.', 'Square-Victoria', 'Square-Victoria', 'Square-Victoria', 'Square-Victoria and Metropolitain.', 'Square-Victoria']",0.5004024235381879,What words are written on the yellow part of the sign with the map?,,True,0.32561809404461245,1,correct_low
validation::358,['yuba college'],Yuba College,1.0,"['Yuba College.', 'Yuba College', 'Yuba College', 'Yuba College', 'Yuba College', 'Yuba College', 'Yuba College', 'Yuba College.', 'Yuba College.', 'Yuba College']",-0.0,What is the name of the college?,,True,0.32561809404461245,0,correct_high
validation::3580,['4'],Three.,0.0,"['Three.', 'Three.', 'Three.', 'Three.', 'Three.', '3', 'Three.', 'Three.', 'Three.', 'Three.']",-0.0,How many fasteners on the stop sign?,,False,0.32561809404461245,0,incorrect_high
validation::3587,['fork'],Frosting.,0.0,"['Frosting.', 'Frosting.', 'Frosting.', 'A fork.', 'Frosting.', 'Frosting.', 'Frosting.', 'Frosting.', 'A fork.', 'Frosting.']",0.5004024235381879,What is between the cake and the plate?,,False,0.32561809404461245,1,incorrect_low
validation::3589,['4'],Two.,0.0,"['Two.', 'Two.', 'Two.', 'Two.', 'Two.', 'Two.', 'Two.', 'Two.', 'Two.', 'Two.']",-0.0,How many engines are on the plane?,,False,0.32561809404461245,0,incorrect_high
validation::3597,['fence'],Chains.,0.0,"['Chains.', 'Chains.', 'Chains.', 'Chains.', 'Chains.', 'Chains.', 'Chains.', 'Chains.', 'Chains.', 'Chains.']",-0.0,What item is used to hold the elephants in place?,,False,0.32561809404461245,0,incorrect_high
validation::3598,['flame'],Flame.,1.0,"['Flame', 'Flame.', 'Flame.', 'Flame', 'Flame.', 'Flame', 'Flame.', 'Flame.', 'Flame.', 'Flame.']",-0.0,what brand is on the box?,,True,0.32561809404461245,0,correct_high
validation::360,['green'],Green.,1.0,"['Green.', 'Green.', 'Green.', 'Green.', 'Green.', 'Green.', 'Green.', 'Green.', 'Green.', 'Green.']",-0.0,What color is the pictured planet?,,True,0.32561809404461245,0,correct_high
validation::3602,['1'],Two.,0.0,"['Two.', 'Two.', 'Two.', 'Two.', 'Two.', 'Two.', 'Two.', 'Two.', 'Two.', 'Two.']",-0.0,How many feet are visible?,,False,0.32561809404461245,0,incorrect_high
validation::3603,['fence'],A field.,0.0,"['A fence.', 'A fence.', 'A fence.', 'A field.', 'A fence.', 'A field.', 'A fence.', 'A field.', 'A field.', 'A fence.']",0.6730116670092565,What is the horse behind?,,False,0.32561809404461245,1,incorrect_low
validation::3610,['seur'],SEUR,1.0,"['SEUR', 'SEUR', 'SEUR', 'SEUR', 'SEUR', 'SEUR', 'SEUR', 'SEUR', 'SEUR', 'SEUR']",-0.0,What does it say on the van?,,True,0.32561809404461245,0,correct_high
validation::3613,['beach'],A beach.,1.0,"['A beach.', 'A beach.', 'A beach.', 'A beach.', 'A beach.', 'A beach.', 'A beach.', 'A beach.', 'A beach.', 'A beach.']",-0.0,Where is the plane taking off from?,,True,0.32561809404461245,0,correct_high
validation::3615,['8235'],"8235, CA49619, 8, 1",0.0,"['8235, CA49619, 303, 126', '8235, CA49619, 18616, 1986', '8235, CA49619, 8, 1', '8235, CA49619, 8, and 1.', '8235, CA49619, 8, 1', '8235', '8235, CA49619, 3000, and 19.', '8235, CA49619, 1011, 1582', '8235, CA49619, 8, 1', '8235, CA49619, 383, and 88.']",1.7480673485460891,what are the four written numbers on the up right side of the bus ?,,True,0.32561809404461245,1,correct_low
validation::362,['1:40'],1:30,0.0,"['1:30', '12:36', '1:34', '1:36', '1:30', '12:34', '1:34', '11:13', '12:44', '1:34']",1.834371970281624,What time is it in this image?,,False,0.32561809404461245,1,incorrect_low
validation::3620,['0'],One.,0.0,"['One.', 'One.', 'One.', 'One.', 'One.', 'One.', 'One.', 'One.', 'One.', 'One.']",-0.0,How many human feet are on the surfboard?,,False,0.32561809404461245,0,incorrect_high
validation::3622,['orange'],Blue.,0.0,"['Blue.', 'Blue.', 'Blue.', 'Blue.', 'Blue.', 'Blue.', 'Blue.', 'Blue.', 'Blue.', 'Blue.']",-0.0,what color is the background of the sticker with four asian symbols?,,False,0.32561809404461245,0,incorrect_high
validation::3624,['2'],Three.,0.0,"['Three.', 'Three.', 'Three.', 'Three.', 'Three.', 'Three.', 'Three.', 'Three.', 'Three.', 'Two.']",0.3250829733914482,how many wheels are on the front of the plane,,False,0.32561809404461245,0,incorrect_high
validation::3625,['diamond'],An anarchy symbol.,0.0,"['Anarchy symbol (a circle with an ""A"" inside).', 'An anarchy symbol.', 'An anarchy symbol.', 'An anarchy symbol.', 'An anarchy symbol.', 'Anarchy symbol (a circle with an ""A"" inside).', 'An anarchy symbol.', 'An anarchy symbol.', 'An anarchy symbol.', 'An anarchy symbol.']",0.5004024235381879,What is the large graffiti symbol slightly covered at the bottom of the door?,,False,0.32561809404461245,1,incorrect_low
validation::3626,['2'],One.,0.0,"['Two.', 'One.', 'One.', 'One.', 'One.', 'One.', 'One.', 'One.', 'One.', 'One.']",0.3250829733914482,How many red ties can be seen holding the umbrella together?,,False,0.32561809404461245,0,incorrect_high
validation::3629,['1'],One.,0.0,"['One.', 'One.', 'One.', 'One.', 'One.', 'One.', 'One.', 'One.', 'One.', 'One.']",-0.0,how many cars are on the road?,,True,0.32561809404461245,0,correct_high
validation::363,['turkey'],Fish.,0.0,"['Fish.', 'Fish.', 'Fish.', 'Fish.', 'Fish.', 'Fish.', 'Fish.', 'Fish.', 'Fish.', 'Fish.']",-0.0,What is on the plate that the woman is holding?,,False,0.32561809404461245,0,incorrect_high
validation::3631,['airplane'],Train.,0.0,"['Train.', 'Train.', 'Train.', 'Train.', 'Train.', 'Train.', 'Train.', 'Train.', 'Train.', 'Train.']",-0.0,What vehicle is on the sign?,,False,0.32561809404461245,0,incorrect_high
validation::3635,['2'],Three.,0.0,"['Three.', 'Two.', 'Two.', 'Two.', 'Two.', 'Two.', 'Three.', '3', 'Three.', 'Three.']",0.6931471805599453,How many buttons on the man's coat are visible?,,False,0.32561809404461245,1,incorrect_low
validation::3637,['22'],51,0.0,"['51', '51', '51', '51', '51', '51', '51', '51', '51', '51']",-0.0,What 2-digit number is next to the arrow on the sign?,,False,0.32561809404461245,0,incorrect_high
validation::364,['vase'],The orange vase.,1.0,"['The orange flower vase.', 'The orange vase.', 'The orange vase.', 'The orange vase.', 'The hand towel matches the vase.', 'The orange vase.', 'The orange flowers.', 'The hand towel matches the vase.', 'The hand towel matches the vase.', 'The orange flower vase.']",1.2798542258336674,what does the hand towel match?,,True,0.32561809404461245,1,correct_low
validation::3640,['water bottle'],A water bottle.,1.0,"['A water bottle.', 'A water bottle.', 'A bottle of water.', 'A water bottle.', 'A water bottle.', 'A water bottle.', 'A water bottle.', 'A water bottle.', 'A water bottle.', 'A water bottle.']",-0.0,What is the person on the left holding?,,True,0.32561809404461245,0,correct_high
validation::3643,['4'],Five.,0.0,"['5', 'Five.', 'Five.', 'Five.', 'Five.', '5', '5', '5', '5', '5']",-0.0,How many visible fingers in the photo?,,False,0.32561809404461245,0,incorrect_high
validation::3646,['camera'],A camera.,1.0,"['A camera.', 'A camera.', 'A camera.', 'A camera.', 'A camera.', 'A camera.', 'A camera.', 'A camera.', 'A tennis racket.', 'A camera.']",0.3250829733914482,What is the person in the red hoodie holding?,,True,0.32561809404461245,0,correct_high
validation::365,['toes'],His heel.,0.0,"['His heel.', 'His heel.', 'His heel.', 'His heel.', 'His heel.', 'His heel.', 'His heel.', 'His heel.', 'His heel.', 'His heel.']",-0.0,What part of his left foot is resting on the ground?,,False,0.32561809404461245,0,incorrect_high
validation::3650,['0'],Two.,0.0,"['Two.', 'Two', 'Two.', 'Two.', 'Two.', 'Two.', 'Two', 'Two', 'Two.', 'Two.']",-0.0,How many cats are sleeping?,,False,0.32561809404461245,0,incorrect_high
validation::3654,['2'],One.,0.0,"['One.', 'One.', 'One.', 'One.', 'One.', 'One.', 'One.', 'One.', 'One.', 'One.']",-0.0,How many wings are on the plane?,,False,0.32561809404461245,0,incorrect_high
validation::3655,['green'],Green.,1.0,"['Green.', 'Green.', 'Green.', 'Light green.', 'Green.', 'Light green.', 'Light green.', 'Light green.', 'Green.', 'Green.']",0.6730116670092565,What color is the man's scarf?,,True,0.32561809404461245,1,correct_low
validation::3658,['taxi driver'],Unknown.,0.0,"['Unclear.', 'Unknown.', 'Unknown.', 'It is impossible to determine the occupation of the person driving the car behind the white vehicle from this image.', 'Unknown.', 'Unknown.', ""It's impossible to determine the driver's occupation from the image."", 'Unknown.', 'Unknown.', 'Unclear.']",0.5004024235381879,what is the occupation of the person driving the car behind the white vehicle?,,False,0.32561809404461245,1,incorrect_low
validation::366,['white and blue'],Black and grey.,0.0,"['Brown and grey.', 'Black and grey.', 'Black and gray.', 'Black and brown.', 'Black and grey.', 'Black and grey.', 'Black and brown.', 'Brown and gray.', 'Brown and grey.', 'Black and grey.']",1.0296530140645737,What colors are the stripes?,,False,0.32561809404461245,1,incorrect_low
validation::3660,['zoe'],Photos by Zoe.,1.0,"['Photos by Zoe.', 'Photos by Zoe.', 'Photos by Zoe.', 'Photos by Zoe.', 'Photos by Zoe.', 'Photos by Zoe.', 'Photos by Zoe.', 'Photos by Zoe.', 'Photos by Zoe.', 'Photos by Zoe.']",-0.0,Who is the photo by?,,True,0.32561809404461245,0,correct_high
validation::3663,['down'],Down.,1.0,"['Down.', 'Down.', 'Down.', 'Down.', 'Down.', 'Down.', 'Down.', 'Down.', 'Down.', 'Down.']",-0.0,Is the toilet lid up or down?,,True,0.32561809404461245,0,correct_high
validation::3664,['right'],Left.,0.0,"['Left.', 'Left.', 'Left.', 'Left.', 'Left.', 'Left.', 'Left.', 'Left.', 'Left.', 'Left.']",-0.0,On what hand does the person have a wristband on?,,False,0.32561809404461245,0,incorrect_high
validation::3665,['4'],Four.,0.0,"['Four.', 'Four.', 'Four.', 'Four.', 'Four.', 'Four.', 'Four.', 'Four.', 'Four.', 'Four.']",-0.0,How many hooves are shown?,,True,0.32561809404461245,0,correct_high
validation::3666,['4'],Four.,0.0,"['Four.', 'Four.', 'Four.', 'Four.', 'Four.', 'Four.', 'Four.', '4', 'Four.', 'Four.']",-0.0,How many legs on the bench?,,True,0.32561809404461245,0,correct_high
validation::3667,['2'],Two.,0.0,"['Two.', 'Two.', '2', 'Two.', 'Two.', 'Two.', 'Two.', 'Two.', 'Two.', 'Two.']",-0.0,how many toasters are there?,,True,0.32561809404461245,0,correct_high
validation::3668,['green'],Not visible.,0.0,"['Not visible.', 'Not visible.', 'Not visible.', 'Not visible.', 'Not visible.', 'Not visible.', 'Not visible.', 'Not visible.', 'Not visible.', 'Not visible.']",-0.0,What color is the front license plate of the red vehicle at the light?,,False,0.32561809404461245,0,incorrect_high
validation::3669,['2'],One.,0.0,"['One.', 'One.', 'One.', '1', 'One.', 'One.', 'One.', 'One.', 'One.', 'One.']",-0.0,how many men have shirts?,,False,0.32561809404461245,0,incorrect_high
validation::367,['1'],Two.,0.0,"['Two.', 'Two.', 'One.', 'One.', 'One.', 'One.', 'Two.', 'Two.', 'One.', 'Two.']",0.6931471805599453,How many drawers are partially open?,,False,0.32561809404461245,1,incorrect_low
validation::3674,['lion'],A lion.,1.0,"['A lion.', 'A lion.', 'A lion.', 'Lion.', 'A lion.', 'Lion.', 'A lion.', 'A lion.', 'A lion.', 'Lion.']",-0.0,What animal is on the blue street sign?,,True,0.32561809404461245,0,correct_high
validation::3675,['66'],66,1.0,"['66', '66', '66', '66', '66', '66', '66', '66', '66', '66']",-0.0,"what is the written number after ""Route"" ?",,True,0.32561809404461245,0,correct_high
validation::3678,['1'],Four.,0.0,"['Four.', 'Four.', 'Four.', '6', '4', 'Four.', '6', 'Four.', 'Four.', 'Four.']",0.5004024235381879,How many feet are on the top of the table?,,False,0.32561809404461245,1,incorrect_low
validation::368,['fork'],"Yes, both.",0.0,"['Yes, both.', 'Yes, both.', 'Yes.', 'Yes, there are both.', 'Both.', 'Yes, there are both spoons and forks on the plates.', 'Yes.', 'Both.', 'Yes, there are both spoons and forks on the plates.', 'Yes, both.']",0.5004024235381879,Is there a spoon or a fork on the plates of food?,,False,0.32561809404461245,1,incorrect_low
validation::3680,['1'],One.,0.0,"['One.', 'One.', 'One.', 'One.', 'One.', 'One.', 'One.', 'One.', 'One.', 'One.']",-0.0,how many of the cats paws do you see?,,True,0.32561809404461245,0,correct_high
validation::3681,['5:36'],Approximately 1:28.,0.0,"['Approximately 1:28.', 'Approximately 1:28.', '1:28', 'Approximately 1:26.', 'Approximately 2:24.', 'Approximately 1:28.', 'Approximately 2:25.', 'Approximately 1:28.', 'Approximately 1:28.', 'Approximately 1:28.']",1.2275294114572126,What time is shown on the clock?,,False,0.32561809404461245,1,incorrect_low
validation::3682,['3'],4,0.0,"['4', '3', '3', '4', '3', '4', '4', '6', '4', '3']",0.9433483923290392,How many people on the sidewalk in front of the park?,,False,0.32561809404461245,1,incorrect_low
validation::3683,['4'],5,0.0,"['5', '5', '5', '4', '6', '6', '6', '6', '6', 'Five.']",0.9433483923290392,How many traffic signs are facing the camera?,,False,0.32561809404461245,1,incorrect_low
validation::3684,['2013'],2013,1.0,"['2013', '2013', '2013', '2013', '2013', '2013', '2013', '2013', '2013', '2013']",-0.0,what year is timestamped on picture?,,True,0.32561809404461245,0,correct_high
validation::3688,['0'],0,1.0,"['0', '0', '0', '0', '0', '0', '0', '0', '0', '0']",-0.0,What digit is lit up on the microwave's display?,,True,0.32561809404461245,0,correct_high
validation::3689,"[""linda's""]",Linda's,1.0,"[""Linda's"", ""Linda's."", ""Linda's"", ""Linda's"", ""Linda's"", ""Linda's"", ""Linda's"", ""Linda's"", ""Linda's"", ""Linda's""]",-0.0,What is the name of the store that is printed on the right hand side of the window?,,True,0.32561809404461245,0,correct_high
validation::3693,['40'],40,1.0,"['40', '40', '40', '40', '40', '40', '40', '40', '40', '40']",-0.0,what number by the heart?,,True,0.32561809404461245,0,correct_high
validation::3696,['w'],M,0.0,"['M', 'B', 'M', 'B', 'M', 'M', 'M', 'M', 'M', 'M']",0.5004024235381879,What letter is on the front of the notebook?,,False,0.32561809404461245,1,incorrect_low
validation::3698,['gracie mac photography'],Gracie Mac Photography,1.0,"['Gracie Mac Photography', 'Gracie Mac Photography', 'Gracie Mac Photography', 'Gracie Mac Photography', 'Gracie Mac Photography', 'Gracie Mac Photography', 'Gracie Mac Photography', 'Gracie Mac Photography', 'Gracie Mac Photography', 'Gracie Mac Photography']",-0.0,What does the image say in the bottom right corner?,,True,0.32561809404461245,0,correct_high
validation::37,['bull'],A statue.,0.0,"['A statue.', 'A statue.', 'A statue.', 'A statue.', 'A statue.', 'A statue.', 'A statue.', 'A statue.', 'A statue.', 'A statue.']",-0.0,what is the man sitting on?,,False,0.32561809404461245,0,incorrect_high
validation::3700,['4'],Four.,0.0,"['4', 'Four.', 'Four.', 'Four.', 'Four.', 'Four.', 'Four.', 'Four.', 'Four.', '4']",-0.0,How many horses are in the picture?,,True,0.32561809404461245,0,correct_high
validation::3701,['cow'],Cow.,1.0,"['Cow', 'Cow.', 'Cow', 'Cow.', 'Cow', 'Cow', 'Cow.', 'Cow.', 'Cow.', 'Cow.']",-0.0,"Which one of the following is NOT seen in this picture: cow, horse or trees?",,True,0.32561809404461245,0,correct_high
validation::3702,['grapes'],Dark purple plums.,0.0,"['Dark purple plums.', 'Dark purple grapes.', 'Dark purple plums.', 'Dark purple grapes.', 'Plums.', 'Dark purple plums.', 'Purple grapes.', 'Dark purple plums.', 'Plums.', 'Dark purple plums.']",1.2206072645530173,what is the bagged fruit in the upper right of the picture?,,False,0.32561809404461245,1,incorrect_low
validation::3703,['2'],One.,0.0,"['One.', 'One.', 'One.', 'One.', 'One.', 'One.', 'One.', 'One.', 'One.', 'One.']",-0.0,How many cell towers are in the background?,,False,0.32561809404461245,0,incorrect_high
validation::3704,['o'],o,1.0,"['o', 'o', 'o', 'o', 'o', 'o', 'o', 'o', 'o', 'o']",-0.0,What is the last letter in the lower right hand corner?,,True,0.32561809404461245,0,correct_high
validation::3705,['2009'],2009,1.0,"['2009', '2009', '2009', '2009', '2009', '2009', '2009', '2009', '2009', '2009']",-0.0,What year was this photo taken?,,True,0.32561809404461245,0,correct_high
validation::3706,['2'],Four.,0.0,"['Four.', '4', '4', '4', 'Four.', '4', '4', '4', 'Four.', '4']",-0.0,How many bag wheels are visible in this picture?,,False,0.32561809404461245,0,incorrect_high
validation::3709,['3'],12,0.0,"['12', '10', '10', '13', '14', '13', '10', '13', '10', '11']",1.4184836619456564,How many times does the Olympic logo appear?,,False,0.32561809404461245,1,incorrect_low
validation::3713,['4'],4,1.0,"['4', '4', '4', '4', '4', '4', '4', 'Four.', 'Four.', '4']",-0.0,How many fork tines visible?,,True,0.32561809404461245,0,correct_high
validation::3715,['2'],One.,0.0,"['One.', 'One.', 'One.', 'One.', 'One.', 'One.', 'One.', 'One.', 'One.', 'One.']",-0.0,How many yellow houses can you see?,,False,0.32561809404461245,0,incorrect_high
validation::3716,['2'],One.,0.0,"['One.', 'One.', 'One.', 'One.', 'Zero.', '0', 'Zero.', '0', 'One.', '2']",0.9433483923290392,How many people have ski poles?,,False,0.32561809404461245,1,incorrect_low
validation::3720,['right'],Right.,1.0,"['Toward the left.', 'Left.', 'Right.', 'Right.', 'Left.', 'West.', 'Left.', 'Left.', 'Right.', 'Right.']",0.9433483923290392,What direction are the shadows falling toward in this image?,,True,0.32561809404461245,1,correct_low
validation::3721,['computer'],A computer monitor.,1.0,"['An old computer monitor.', 'A retro computer monitor.', 'A computer monitor.', 'A vintage computer monitor.', 'A vintage computer.', 'A vintage computer monitor.', 'An old computer monitor.', 'An old-fashioned computer monitor.', 'An old-fashioned computer monitor.', 'An old computer monitor.']",0.639031859650177,What is the image on her shirt?,,True,0.32561809404461245,1,correct_low
validation::3722,['unanswerable'],Quiksilver.,0.0,"['Quiksilver.', 'Quiksilver.', 'Quiksilver.', 'Quiksilver.', 'Quiksilver.', 'Quiksilver.', 'Quiksilver', 'Quiksilver.', 'Quiksilver', 'Quiksilver.']",-0.0,What brand of bathing suit is the man with the surfboard wearing?,,False,0.32561809404461245,0,incorrect_high
validation::3723,['0'],One.,0.0,"['One.', 'One.', 'One.', 'One.', 'One.', 'One.', 'One.', 'One.', 'One.', 'One.']",-0.0,How many pillows are on the bed?,,False,0.32561809404461245,0,incorrect_high
validation::3724,['o'],O,1.0,"['O', 'O', 'O', 'o', 'O', 'o', 'O', 'O', 'o', 'O']",-0.0,whatis the last letter in the white name?,,True,0.32561809404461245,0,correct_high
validation::3726,['left'],No.,0.0,"['No.', 'No.', 'No.', 'No.', 'No. The sign says ""No Turn on Red.""', 'No.', 'No. The sign says ""No Turn on Red.""', 'No.', 'No.', 'No.']",0.5004024235381879,"According to the sign, you can only turn left or right?",,False,0.32561809404461245,1,incorrect_low
validation::3727,['pointed'],Pointed.,1.0,"['Pointed.', 'Pointed.', 'Pointed.', 'Pointed.', 'Pointed.', 'Pointed.', 'Pointed.', 'Pointed.', 'Pointed.', 'Rounded.']",0.3250829733914482,are the scissors blades pointed or rounded?,,True,0.32561809404461245,0,correct_high
validation::3728,['burger'],A burger and a cutting board.,0.0,"['A burger and a cutting board.', 'A burger and a cutting board.', 'A burger and a cutting board.', 'A burger and a cutting board.', 'A burger and a cutting board.', 'A burger and a cutting board.', 'A burger and a cutting board.', 'A burger and a cutting board.', 'A burger and a cutting board.', 'A burger and a cutting board.']",-0.0,what is on the wood?,,True,0.32561809404461245,0,correct_high
validation::373,['2'],Two.,0.0,"['Two.', 'Two.', 'Two.', 'Two.', 'Two.', 'Two.', 'Two.', 'Two.', 'Two.', 'Two.']",-0.0,How many elephants?,,True,0.32561809404461245,0,correct_high
validation::3734,['2010'],2010,1.0,"['2010', '2010', '2010', '2010', '2010', '2010.', '2010', '2010', '2010', '2010.']",-0.0,In what year was this photograph taken?,,True,0.32561809404461245,0,correct_high
validation::3735,['slippers'],Socks.,0.0,"['Socks.', 'Socks.', 'Socks.', 'Socks.', 'Socks.', 'Socks.', 'Socks.', 'Socks.', 'Socks.', 'Socks.']",-0.0,What type of footwear is the person wearing?,,False,0.32561809404461245,0,incorrect_high
validation::3736,['tomato'],Red pepper.,0.0,"['Red pepper.', 'Red pepper.', 'Tomato.', 'Red chili.', 'Red pepper.', 'Tomato.', 'Red pepper.', 'Red bell pepper.', 'Red pepper.', 'Tomato']",1.1682824501765623,what produce is on the second shelf near the ivy?,,False,0.32561809404461245,1,incorrect_low
validation::3737,['4:00'],9:12,0.0,"['9:12', '9:13', '9:18', '9:13', '9:13', '9:14', '9:23', '9:13', '9:15', '9:13']",1.4978661367769952,What is the time on the clock?,,False,0.32561809404461245,1,incorrect_low
validation::3740,['tan'],Orange.,0.0,"['Orange.', 'Orange.', 'Orange.', 'Orange.', 'Orange.', 'Orange.', 'Orange.', 'Orange.', 'Orange.', 'Orange.']",-0.0,What color is the suitcase in the front with the orange belt?,,False,0.32561809404461245,0,incorrect_high
validation::3744,['god'],God.,1.0,"['God.', 'God.', 'God.', 'God.', 'God.', 'God.', 'God.', 'God.', 'God.', 'God.']",-0.0,no king as what?,,True,0.32561809404461245,0,correct_high
validation::3745,['protec'],Voofole,0.0,"['Peaklife', 'Meefole', 'Voole.', 'Weefale', 'Snowfactory', 'VoFole', 'Vo Folle', 'Voile.', 'VoFole.', 'Peaklife']",1.6957425341696346,What name is on the banner with the spade?,,False,0.32561809404461245,1,incorrect_low
validation::375,['mirrors'],Mirrors.,1.0,"['Mirrors.', 'Mirrors.', 'Mirrors.', 'Mirrors.', 'Mirrors.', 'Mirrors.', 'Mirrors.', 'Mirrors.', 'Mirrors.', 'Mirrors.']",-0.0,What are the two black circular objects that are attached to the motorcycle and are above it?,,True,0.32561809404461245,0,correct_high
validation::3750,['green and yellow'],Yellow and green.,1.0,"['Yellow and green.', 'Green and yellow.', 'Yellow and green.', 'Yellow and green.', 'Green and yellow.', 'Yellow and green.', 'Green and yellow.', 'Yellow and green.', 'Yellow and green.', 'Yellow and green.']",-0.0,Which two traffic light colors are not lit up?,,True,0.32561809404461245,0,correct_high
validation::3751,['13'],14,0.0,"['14', '14', '15', '14', '15', '16', '15', '14', '15', '14']",0.9433483923290392,How many umbrellas are there?,,False,0.32561809404461245,1,incorrect_low
validation::3758,['2'],One.,0.0,"['One.', 'One.', 'One.', 'One.', 'One.', 'One.', 'One.', 'One.', 'One.', 'One.']",-0.0,How many people are sitting in the snow?,,False,0.32561809404461245,0,incorrect_high
validation::376,['2'],Two.,0.0,"['Two.', 'Two.', 'Two.', 'Two.', 'Two.', 'Two.', 'Two.', 'Two.', 'Two.', 'Two.']",-0.0,how many lit candles on the bottom right and in front of the man?,,True,0.32561809404461245,0,correct_high
validation::3761,['2'],"1 person, 1 blue item.",0.0,"['1 person, 1 blue item.', '1 person, 1 blue item.', '1 person, 1 blue item.', '1 person, 1 blue item.', '1 person, 1 blue item.', '1 person, 1 blue item.', '1 person, 1 blue item.', 'One person, one blue item.', 'One person, one blue item.', 'One person, one blue item.']",-0.0,How many people plus how many blue items in the air are there?,,True,0.32561809404461245,0,correct_high
validation::3762,['people'],Three stick figures.,0.0,"['Silhouettes of people.', 'Silhouettes of people.', 'Two stick figures.', 'Silhouettes of people.', 'Silhouettes of people.', 'Silhouettes of people.', 'Silhouettes of people.', 'Silhouettes of people.', 'Two stick figures.', 'Silhouettes of people.']",0.5004024235381879,What is on the man's T-shirt?,,True,0.32561809404461245,1,correct_low
validation::3763,['0'],One.,0.0,"['One.', 'One.', 'One.', 'One.', 'One.', 'One.', 'One.', 'One.', 'One.', 'One.']",-0.0,How many hands are on the frisbee?,,False,0.32561809404461245,0,incorrect_high
validation::3766,['3'],Three.,0.0,"['3', '3', 'Three.', '3', 'Three.', '3', 'Three.', 'Three.', 'Three.', 'Three.']",-0.0,how many lights are on the ceiling?,,True,0.32561809404461245,0,correct_high
validation::377,['1'],Zero.,0.0,"['Zero.', 'Zero.', 'Zero.', 'Zero.', 'Zero.', 'Zero.', 'Zero.', 'Zero.', 'Zero.', 'Zero.']",-0.0,How many brown horses are there  in this picture?,,False,0.32561809404461245,0,incorrect_high
validation::3770,['black'],Black.,1.0,"['Black.', 'Black.', 'Black.', 'Black.', 'Black.', 'Black.', 'Black.', 'Black.', 'Black.', 'Black.']",-0.0,What color is the player's watch?,,True,0.32561809404461245,0,correct_high
validation::3773,['drinking milk'],Nursing.,0.0,"['Nursing.', 'Nursing.', 'Nursing.', 'Nursing.', 'Nursing.', 'Nursing.', 'Nursing.', 'Nursing.', 'Nursing.', 'Nursing.']",-0.0,What is the smaller animal doing?,,True,0.32561809404461245,0,correct_high
validation::3774,['super mario galaxy 2'],Super Mario Galaxy 2,1.0,"['Super Mario Galaxy 2', 'Super Mario Galaxy 2', 'Super Mario Galaxy 2', 'Super Mario Galaxy 2', 'Super Mario Galaxy 2', 'Super Mario Galaxy 2', 'Super Mario Galaxy 2', 'Super Mario Galaxy 2', 'Super Mario Galaxy 2', 'Super Mario Galaxy 2']",-0.0,What is the full name of the game?,,True,0.32561809404461245,0,correct_high
validation::3775,['flake'],Flake,1.0,"['Flake', 'Flake', 'Flake', 'Flake', 'Flake', 'Flake', 'Flake.', 'Flake', 'Flake.', 'Flake']",-0.0,What is the big yellow word?,,True,0.32561809404461245,0,correct_high
validation::3777,['7'],6,0.0,"['8', '6', '6', '6', '6', '6', '6', '6', '6', '7']",0.639031859650177,how many vertical posts are visible on the bridge?,,False,0.32561809404461245,1,incorrect_low
validation::3778,['brown'],Black.,0.0,"['Black.', 'Black.', 'Black.', 'Black.', 'Black.', 'Black.', 'Black.', 'Black.', 'Black.', 'Black.']",-0.0,What color are the bottom of his shoes?,,False,0.32561809404461245,0,incorrect_high
validation::3780,['0'],Two.,0.0,"['Two.', 'Two.', 'Two.', 'Two.', 'Two.', 'Two.', 'Two.', 'Two.', 'Two.', 'Two.']",-0.0,How many visible tails in the photo?,,False,0.32561809404461245,0,incorrect_high
validation::3787,['c'],C,1.0,"['C', 'C', 'C', 'C', 'C', 'C', 'C', 'C', 'C', 'C']",-0.0,What is the first letter on the word on the poster with the shirtless man?,,True,0.32561809404461245,0,correct_high
validation::3788,['white'],Pink.,0.0,"['Pink.', 'Pink.', 'Pink.', 'Pink.', 'Pink.', 'Pink.', 'Pink.', 'Pink.', 'Pink.', 'Pink.']",-0.0,What color is the underside of the surfboard,,False,0.32561809404461245,0,incorrect_high
validation::3789,['blue'],Blue.,1.0,"['Blue.', 'Blue.', 'Blue.', 'Blue.', 'Blue.', 'Blue.', 'Blue.', 'Blue.', 'Blue.', 'Blue.']",-0.0,What is the color of the base of the bat?,,True,0.32561809404461245,0,correct_high
validation::379,['1888'],1898,0.0,"['1898', '1898', '1898', '1898', '1898', '1898', '1898', '1898', '1898', '1898']",-0.0,What is the copyright year written next to the man?,,False,0.32561809404461245,0,incorrect_high
validation::3791,['1'],2,0.0,"['2', '2', '2', '2', 'Two.', 'Two.', '2', '2', '2', '2']",-0.0,How many mirrors are visible?,,False,0.32561809404461245,0,incorrect_high
validation::3797,['0'],Zero.,0.0,"['Zero.', 'Zero.', 'Zero.', 'Zero.', 'Zero.', 'Zero.', 'Zero.', 'Zero.', 'Zero.', 'Zero.']",-0.0,How many men are there?,,True,0.32561809404461245,0,correct_high
validation::3798,['lighter'],A knife.,0.0,"['A knife.', 'A knife.', 'A knife.', 'A knife.', 'A knife.', 'A knife.', 'A knife.', 'A knife.', 'A knife.', 'A knife.']",-0.0,what is in his right hand?,,False,0.32561809404461245,0,incorrect_high
validation::380,['1'],Two.,0.0,"['Two.', 'Two.', 'Two.', 'Two.', 'Two.', 'Two.', 'Two.', 'Two.', 'Two.', 'Two.']",-0.0,How many cameras are pointed at the player,,False,0.32561809404461245,0,incorrect_high
validation::3808,['1048'],4048,0.0,"['4048', '4048', '4048', '4048', '4048', '4048', '4048', '4048', '4048', '4048']",-0.0,"What is the bus's identification number, written on the top trim?",,False,0.32561809404461245,0,incorrect_high
validation::3810,['4'],6,0.0,"['8', '7', '8', '7', '7', '8', '6', '6', '7', '6']",1.0888999753452238,How many total circular coasters are seen in the photo?,,False,0.32561809404461245,1,incorrect_low
validation::382,['butterfly'],Butterflies.,0.0,"['Butterflies.', 'Butterflies.', 'Butterflies.', 'Butterflies.', 'Butterflies.', 'Butterflies.', 'Butterflies.', 'Butterflies.', 'Butterflies.', 'Butterflies.']",-0.0,What is the animal on the child's shirt?,,True,0.32561809404461245,0,correct_high
validation::3820,['white and brown'],White.,1.0,"['White and brown.', 'White.', 'White.', 'White.', 'White and brown.', 'White.', 'White and brown.', 'White.', 'White and brown.', 'White.']",0.6730116670092565,What color is the cow's face?,,False,0.32561809404461245,1,incorrect_low
validation::3821,['newspaper'],His phone.,0.0,"['The tracks.', 'His phone.', 'The tracks.', 'The tracks.', 'His phone.', 'The tracks.', 'His phone.', 'His phone.', 'The tracks.', 'The tracks.']",0.6730116670092565,What is the seated man looking down at?,,False,0.32561809404461245,1,incorrect_low
validation::3825,['bananas'],Bananas.,1.0,"['Bananas.', 'Bananas.', 'Bananas.', 'Bananas.', 'Bananas.', 'Bananas.', 'Bananas.', 'Bananas.', 'Bananas.', 'Bananas.']",-0.0,What is on the woman with the pink shirt's hat?,,True,0.32561809404461245,0,correct_high
validation::383,['diamond'],A diamond.,1.0,"['A pink diamond.', 'A pink diamond.', 'A diamond.', 'A pink diamond.', 'A pink diamond.', 'A pink diamond.', 'A diamond.', 'A pink diamond.', 'A diamond.', 'A diamond.']",0.6730116670092565,What is there a drawing of on the notebook?,,True,0.32561809404461245,1,correct_low
validation::3833,['nose'],Nose.,1.0,"['Nose.', 'Nose.', 'Nose.', 'Nose.', 'Nose.', 'Nose.', 'Nose.', 'Nose.', 'Nose.', 'Nose.']",-0.0,Is the dog's nose or tail closer to the bottom of the image?,,True,0.32561809404461245,0,correct_high
validation::3834,['celticrider'],Celtic Rider,0.0,"['CelticRider', 'Celtic Rider', 'Celtic Rider', 'Celtic Rider.', 'Celtic Rider', 'Celtic Rider', 'Celtic Rider.', 'Celtic Rider', 'Celtic Rider', 'Celtic Rider']",-0.0,What is the name of the company on the van?,,True,0.32561809404461245,0,correct_high
validation::3835,['red'],Red.,1.0,"['Red.', 'Red.', 'Red.', 'Red.', 'Red.', 'Red.', 'Red.', 'Red.', 'Red.', 'Red.']",-0.0,"On these traffic lights, what color indicates that you need to stop?",,True,0.32561809404461245,0,correct_high
validation::3836,['nothing'],Surfboard leashes.,0.0,"['Surfboard leashes.', 'Surf leashes.', 'Surfboard leashes.', 'Surfboard leashes.', 'Surfboard leashes.', 'Surfboard leashes.', 'Surfboard leashes.', 'Surfboard leashes.', 'Surfboard leashes.', 'Surfboard leashes.']",-0.0,What are the surfers holding in their left hands?,,False,0.32561809404461245,0,incorrect_high
validation::384,['bus station'],Bus terminal.,1.0,"['Bus terminal.', 'A bus terminal.', 'Bus terminal.', 'Bus terminal.', 'Bus terminal.', 'Bus terminal/station.', 'Bus terminal.', 'Bus terminal.', 'Bus terminal.', 'Bus terminal.']",0.3250829733914482,Where is this?,,True,0.32561809404461245,0,correct_high
validation::3841,['2'],Two.,0.0,"['Two.', 'Two.', 'Two.', 'Two.', 'Two.', 'Two.', 'Two.', 'Two.', 'Two.', 'Two.']",-0.0,How many ropes is he holding onto?,,True,0.32561809404461245,0,correct_high
validation::3843,['2'],One.,0.0,"['One.', 'One.', 'One.', 'One.', 'One.', 'One.', 'One.', 'One.', 'One.', 'One.']",-0.0,How many ovens are there?,,False,0.32561809404461245,0,incorrect_high
validation::3845,['2'],Two.,0.0,"['Two.', 'Two.', 'Two.', 'Two.', 'Two.', 'Two.', 'Two.', 'Two.', 'Two.', 'Two.']",-0.0,How many hanging lights are there?,,True,0.32561809404461245,0,correct_high
validation::3846,['2'],Two.,0.0,"['Two.', 'Two.', 'Two.', 'Two.', 'Two.', '2', 'Two.', '2', 'Two.', 'Two.']",-0.0,How many babies are in this photo?,,True,0.32561809404461245,0,correct_high
validation::3847,['right'],Left.,0.0,"['Left.', 'Left.', 'Left.', 'Left.', 'Left.', 'Right.', 'Left.', 'Left.', 'Right.', 'Left.']",0.5004024235381879,What direction is the river turning?,,False,0.32561809404461245,1,incorrect_low
validation::3849,['4'],Four.,0.0,"['Four.', 'Three.', 'Four.', 'Four.', 'Four.', 'Four.', 'Four.', 'Four.', 'Four.', 'Four.']",0.3250829733914482,how many lights are on the front of this train?,,True,0.32561809404461245,0,correct_high
validation::3851,['2'],Two.,0.0,"['Two.', 'Two.', 'Two.', 'Two.', 'Two.', '2', '2', 'Two.', 'Two.', 'Two.']",-0.0,How many animals and people in total are on the surfboard?,,True,0.32561809404461245,0,correct_high
validation::3852,['shut'],Shut.,1.0,"['Shut.', 'Shut.', 'Shut.', 'Shut.', 'Shut.', 'Shut.', 'Shut.', 'Shut.', 'Shut.', 'Shut.']",-0.0,Are the train doors open or shut?,,True,0.32561809404461245,0,correct_high
validation::3859,['triumph'],Triumph,1.0,"['Triumph', 'Triumph', 'Triumph', 'Triumph', 'Triumph', 'Triumph', 'Triumph', 'Triumph', 'Triumph', 'Triumph']",-0.0,What is the brand name written on the front of the nearest motorcycle?,,True,0.32561809404461245,0,correct_high
validation::386,['2'],Two.,0.0,"['Two.', 'Two.', 'Two.', 'Two.', 'Two.', 'Two.', 'Two.', 'Two.', 'Two.', 'Two.']",-0.0,How many colors is the backpack?,,True,0.32561809404461245,0,correct_high
validation::3861,['factor x'],Factor,1.0,"['Factor', 'Factor.', 'Factor', 'Factor', 'Factor', 'Factor', 'Factor', 'Factor', 'Factor', 'Factor']",-0.0,what brand ramp?,,True,0.32561809404461245,0,correct_high
validation::3867,['right'],Left.,0.0,"['Left.', 'Left.', 'Left.', 'Left.', 'Left.', 'Left.', 'Left.', 'Left.', 'Left.', 'Left.']",-0.0,Is the frisbee left or right of the tree?,,False,0.32561809404461245,0,incorrect_high
validation::3869,['0'],0,1.0,"['0', 'Zero.', '0', '0', '0', '0', '0', '0', '0', '0']",-0.0,how many adults are sitting on chairs?,,True,0.32561809404461245,0,correct_high
validation::3871,['left'],Right.,0.0,"['Right.', 'Right.', 'Left.', 'Left.', 'Right.', 'Left.', 'Left', 'Right.', 'Right.', 'Right.']",0.6730116670092565,which foot is off the ground?,,False,0.32561809404461245,1,incorrect_low
validation::3872,['1'],1,1.0,"['1', '1', '1', '1', '1', '1', '1', '2', '1', '1']",0.3250829733914482,how many blue team players are there?,,True,0.32561809404461245,0,correct_high
validation::3873,['4'],8,0.0,"['8', '8', '8', '7', '8', '8', '7', '7', '8', '8']",0.6108643020548935,How many traffic lights can be read?,,False,0.32561809404461245,1,incorrect_low
validation::3874,['wall'],The wall.,1.0,"['The wall.', 'The wall.', 'The wall.', 'The wall.', 'The wall.', 'The wall.', 'The wall.', 'The wall.', 'The wall.', 'The wall.']",-0.0,Is the person on the ground or the wall?,,True,0.32561809404461245,0,correct_high
validation::3875,['army'],Army,1.0,"['Army', 'Army', 'Army', 'ARMY', 'Army', 'Army', 'Army', 'Army.', 'ARMY', 'Army']",-0.0,what word is on her shirt?,,True,0.32561809404461245,0,correct_high
validation::3878,['3'],Four.,0.0,"['Four.', 'Four.', 'Four.', 'Four.', 'Four.', 'Four.', 'Four.', 'Four.', 'Four.', 'Four.']",-0.0,how many chairs at the table?,,False,0.32561809404461245,0,incorrect_high
validation::388,['bucket'],A bucket.,1.0,"['A bucket.', 'A bucket.', 'A bucket.', 'A bucket.', 'Bucket.', 'A bucket.', 'A bucket.', 'A bucket.', 'A bucket.', 'A bucket.']",-0.0,What is the red item?,,True,0.32561809404461245,0,correct_high
validation::3886,['4'],3,0.0,"['3', '3', '3', '3', '3', '3', '3', '3', '3', '3']",-0.0,"How many people in this photo, including those partially visible?",,False,0.32561809404461245,0,incorrect_high
validation::3887,['white'],White.,1.0,"['White.', 'White.', 'White.', 'White.', 'White.', 'White.', 'White.', 'White.', 'White.', 'White.']",-0.0,what are the colors of the waste basket garbage bag?,,True,0.32561809404461245,0,correct_high
validation::3890,['blue and white'],Blue and white.,1.0,"['Blue.', 'Blue and white.', 'Blue.', 'Blue and white.', 'Blue and white.', 'Blue.', 'Blue and white.', 'Blue and white.', 'Blue and white.', 'Blue.']",0.6730116670092565,what color is the roof?,,True,0.32561809404461245,1,correct_low
validation::3891,['23'],929,0.0,"['929', '929', '929', '929', '929', '929', '929', '929', '929', '929']",-0.0,What number is on the plane?,,False,0.32561809404461245,0,incorrect_high
validation::3892,['4'],11,0.0,"['9', '8', '9', '14', '11', '9', '11', '7', '8', '8']",1.5047882836811908,How many lower steps do you see?,,False,0.32561809404461245,1,incorrect_low
validation::3893,['2'],Three.,0.0,"['Three.', 'Two.', 'Three.', 'Three.', 'Two.', 'Three.', 'Three.', 'Three.', 'Three.', 'Three.']",0.5004024235381879,How many towels are hanging on the shower door?,,False,0.32561809404461245,1,incorrect_low
validation::3894,['black'],Red.,0.0,"['Red.', 'Red.', 'Red.', 'Red.', 'Red.', 'Red.', 'Red.', 'Red.', 'Red.', 'Red.']",-0.0,What color is the hair tie of the left woman?,,False,0.32561809404461245,0,incorrect_high
validation::3896,['wings'],Wings.,1.0,"['Wings.', 'Wings.', 'Wings.', 'Wings.', 'Wings.', 'Wings.', 'Wings.', 'Wings.', 'Wings.', 'Wings.']",-0.0,what bird part is directly above the clock?,,True,0.32561809404461245,0,correct_high
validation::3898,['keen lady iv'],Keen Lady IV,1.0,"['Keen Lady IV', 'Keen Lady IV', 'Keen Lady IV', 'Keen Lady IV', 'Keen Lady IV', 'Keen Lady IV', 'Keen Lady IV', 'Keen Lady IV', 'Keen Lady IV', 'Keen Lady IV']",-0.0,What is the name of the boat?,,True,0.32561809404461245,0,correct_high
validation::3899,['spiderman'],A red box with a character on it.,0.0,"['A cake.', 'A cake.', 'Mario.', 'Mario.', 'A Christmas pudding.', 'A strawberry.', 'A red hat.', 'A gnome.', 'A red hat.', 'A Christmas pudding.']",1.7480673485460894,what character is on the table?,,False,0.32561809404461245,1,incorrect_low
validation::390,['4'],Zero.,0.0,"['Zero.', 'Zero.', 'Zero.', 'Zero.', 'Zero.', 'Zero.', 'Zero.', 'Zero.', 'Zero.', 'Zero.']",-0.0,how many blue cars can be seen?,,False,0.32561809404461245,0,incorrect_high
validation::3900,['headboard'],A headboard.,1.0,"['A headboard.', 'A headboard.', 'A headboard.', 'A headboard.', 'A headboard.', 'A headboard.', 'A headboard.', 'A headboard.', 'A wooden headboard.', 'A headboard.']",0.3250829733914482,What is between the wall and a bunch of pillows?,,True,0.32561809404461245,0,correct_high
validation::3901,['toilet paper'],A cup.,0.0,"['A cup.', 'A cup.', 'A cup.', 'A cup.', 'A cup.', 'A cup.', 'A cup.', 'A cup.', 'A cup.', 'A cup.']",-0.0,What item is on top of the toilet?,,False,0.32561809404461245,0,incorrect_high
validation::3902,['2'],One.,0.0,"['One.', 'One.', 'One.', 'One.', 'One.', 'One.', 'One.', 'One.', 'One.', 'One.']",-0.0,How many bananas are visible?,,False,0.32561809404461245,0,incorrect_high
validation::3905,['black'],Gray.,0.0,"['Gray.', 'Gray.', 'White.', 'White.', 'Gray.', 'White.', 'Gray.', 'Grey.', 'Not visible.', 'Not visible.']",1.0296530140645737,what color is his undershirt,,False,0.32561809404461245,1,incorrect_low
validation::3907,['bottom'],Bottom.,1.0,"['Bottom.', 'Bottom.', 'Bottom.', 'Bottom.', 'Bottom.', 'Bottom.', 'Bottom.', 'Bottom.', 'Bottom.', 'Bottom.']",-0.0,Is the child's head further from the bottom or top of the image?,,True,0.32561809404461245,0,correct_high
validation::3910,['4'],6,0.0,"['6', '6', '6', '6', '6', '6', '6', '6', '6', '6']",-0.0,How many eyes are in the picture?,,False,0.32561809404461245,0,incorrect_high
validation::3912,['4'],Zero.,0.0,"['Zero.', 'One.', 'Zero.', 'Zero.', 'Zero.', 'Zero.', 'Zero.', 'Zero.', 'Zero.', 'Zero.']",0.3250829733914482,how many horns do you see?,,False,0.32561809404461245,0,incorrect_high
validation::3914,['6'],Two.,0.0,"['Two.', 'Two.', 'Two.', 'Two.', 'Two.', 'Two.', 'Two.', 'Two.', 'Two.', 'Two.']",-0.0,how many carrots is he holding?,,False,0.32561809404461245,0,incorrect_high
validation::3916,['0'],Zero.,0.0,"['Zero.', 'Two.', 'Zero.', 'Two.', 'None.', 'Zero.', 'None.', 'Zero.', 'None.', 'Zero.']",0.5004024235381879,How many eye are visible?,,True,0.32561809404461245,1,correct_low
validation::3922,['serrated'],Serrated knife.,1.0,"['Serrated knife.', 'Serrated.', 'Serrated knife.', 'Serrated knife.', 'Serrated knife.', 'Serrated knife.', 'Serrated.', 'Serrated.', 'Serrated knife.', 'Serrated knife.']",-0.0,what type of knife is this?,,True,0.32561809404461245,0,correct_high
validation::3923,['left'],Right.,0.0,"['Right.', 'Right.', 'Right.', 'Right.', 'Right.', 'Right.', 'Right.', 'Right.', 'Right.', 'Right.']",-0.0,Is the skier facing toward the left or right side of the image?,,False,0.32561809404461245,0,incorrect_high
validation::3924,['cooler'],Cooler.,1.0,"['Cooler.', 'Cooler.', 'Cooler.', 'Cooler.', 'Cooler.', 'Cooler.', 'Cooler.', 'Cooler.', 'Cooler.', 'Cooler.']",-0.0,"What is the blue object on the floor, behind the cat?",,True,0.32561809404461245,0,correct_high
validation::3925,['40'],40,1.0,"['40', '40', '40', '40', '40', '40', '40', '40', '40', '40']",-0.0,How many years are there of saving lives?,,True,0.32561809404461245,0,correct_high
validation::3926,['brown'],Black.,0.0,"['Black.', 'Black.', 'Black.', 'Black.', 'Black.', 'Black.', 'Black.', 'Black.', 'Black.', 'Black.']",-0.0,What color is the skateboarders shoes?,,False,0.32561809404461245,0,incorrect_high
validation::3927,['11'],There is no room number visible in the image.,0.0,"['There is no room number visible in the image.', 'There is no room number visible in the image.', 'The image does not contain a room number.', 'There is no room number visible in the image.', 'There is no room number visible in the image.', 'There is no room number visible in the image.', 'There is no room number visible in the image.', 'The image does not contain a room number.', 'The image does not contain a room number.', 'There is no room number visible in the image.']",-0.0,What is the room number for this hotel room?,,False,0.32561809404461245,0,incorrect_high
validation::393,['1'],Zero.,0.0,"['Zero.', 'Zero.', 'Zero.', 'Zero.', 'Zero.', 'Zero.', 'Zero.', 'Zero.', 'Zero.', 'Zero.']",-0.0,How many watches?,,False,0.32561809404461245,0,incorrect_high
validation::3930,['fish'],A dragon.,0.0,"['A flame.', 'A triceratops.', 'A triceratops.', 'A dragon.', 'A dragon.', 'A fire-breathing dragon.', 'A dragon.', 'A dragon.', 'A dragon.', 'A snarling creature, possibly a dragon.']",1.3592367006650063,What is depicted on the kite?,,False,0.32561809404461245,1,incorrect_low
validation::3932,['sheriff'],SHERIFF,1.0,"['SHERIFF', 'SHERIFF', 'SHERIFF', 'SHERIFF', 'SHERIFF', 'SHERIFF', 'SHERIFF', 'SHERIFF', 'SHERIFF', 'SHERIFF']",-0.0,What does it say on the side of the boat on the left?,,True,0.32561809404461245,0,correct_high
validation::3934,['blue and white'],Blue and white.,1.0,"['Light blue and white.', 'Blue and white.', 'Blue and white.', 'Blue and white.', 'Blue and white.', 'Light blue and white.', 'Blue and white.', 'Blue and white.', 'Blue and white.', 'Blue and white.']",0.5004024235381879,What color shirts are they wearing?,,True,0.32561809404461245,1,correct_low
validation::3937,['0'],2,0.0,"['2', 'Two.', '2', '2', '2', '2', 'Two.', '2', 'Two.', '2']",-0.0,How many total hands of the people can be seen?,,False,0.32561809404461245,0,incorrect_high
validation::3938,['ec'],2EC,0.0,"['2EC', '2E', '2EC', '2EC', '2E', '2E', '2E', '2EC', '2E', '2EC']",0.6931471805599453,What are the two letters on the liscense plate?,,False,0.32561809404461245,1,incorrect_low
validation::3939,['8'],Seven.,0.0,"['7', 'Seven.', '7', '8', '7', '8', '7', '8', '7', '7']",0.6108643020548935,how many zebras?,,False,0.32561809404461245,1,incorrect_low
validation::3941,['black'],Black.,1.0,"['Black.', 'Black.', 'Black.', 'Black.', 'Red.', 'Black.', 'Red.', 'Black.', 'Gray.', 'Gray.']",0.9502705392332348,What color shirt is the man with the phone wearing?,,True,0.32561809404461245,1,correct_low
validation::3942,['180c'],200°C,0.0,"['200°C', '200°C', '200°C', '200°C', '200°C', '200°C', '200°C', '200°C', '200°C', '200°C']",-0.0,what is the oven temp?,,False,0.32561809404461245,0,incorrect_high
validation::3943,['california'],California,1.0,"['California', 'California', 'California', 'California', 'California', 'California', 'California.', 'California', 'California', 'California']",-0.0,What state is the photo taken in.,,True,0.32561809404461245,0,correct_high
validation::3949,['4'],7,0.0,"['7', '7', '9', '7', '8', '7', '7', '7', '8', '7']",0.8018185525433373,How many pieces of banana are visible?,,False,0.32561809404461245,1,incorrect_low
validation::3950,['folding them'],His hands are clasped.,0.0,"['His hands are clasped.', 'His hands are clasped.', 'His hands are clasped.', 'His hands are clasped.', 'His hands are clasped.', 'He has his hands clasped.', 'His hands are clasped.', 'His hands are clasped.', 'His hands are clasped.', 'His hands are clasped.']",-0.0,What is he doing with his hands?,,True,0.32561809404461245,0,correct_high
validation::3951,['5'],6,0.0,"['7', '7', '6', '7', '6', '6', '6', '6', '7', '6']",0.6730116670092565,How many people are there?,,False,0.32561809404461245,1,incorrect_low
validation::3952,['bottom middle'],The center window.,0.0,"['The middle window.', 'The bottom left window.', 'The bottom window.', 'The center window.', 'The center window.', 'The center window.', 'The bottom left window.', 'The center window.', 'The bottom left window.', 'The center window.']",0.8979457248567797,Which is the largest window?,,True,0.32561809404461245,1,correct_low
validation::3954,['2'],Two.,0.0,"['Two.', 'Two.', 'Two.', 'Two.', 'Two.', 'Two.', 'Two.', 'Two.', 'Two.', 'Two.']",-0.0,how many different languages are on the signs?,,True,0.32561809404461245,0,correct_high
validation::3958,['marlboro'],Marlboro,1.0,"['Marlboro', 'Marlboro', 'Marlboro', 'Marlboro', 'Marlboro', 'Marlboro', 'Marlboro', 'Marlboro', 'Marlboro', 'Marlboro']",-0.0,What is word on boy's shirt?,,True,0.32561809404461245,0,correct_high
validation::3959,['2'],4,0.0,"['Four.', '4', '4', 'Four.', '4', 'Four.', '4', '4', '4', '4']",-0.0,How many kites are in the air?,,False,0.32561809404461245,0,incorrect_high
validation::396,['pin'],She is pinning it to his lapel.,0.0,"['On his lapel.', 'Pinning it on his lapel.', 'To his lapel.', 'Pinning it on his lapel.', 'On his lapel.', 'To his lapel.', 'To his lapel.', ""She's pinning it to his lapel."", 'To his lapel.', 'On his lapel.']",0.6108643020548935,how is the female attaching the flower?,,True,0.32561809404461245,1,correct_low
validation::3962,['index'],Index and middle fingers.,0.0,"['Index and middle fingers.', 'Index and middle fingers.', 'Index and middle fingers.', 'Index and middle fingers.', 'Index and middle fingers.', 'Index and middle fingers.', 'Index and middle fingers.', 'Index and middle fingers.', 'Index and middle fingers.', 'Index and middle fingers.']",-0.0,which fingers are touching the pizza?,,False,0.32561809404461245,0,incorrect_high
validation::3964,['4'],5,0.0,"['5', '5', '5', '5', '5', '5', '5', '5', '5', '5']",-0.0,based off the candle on the green cake what age is the person turning?,,False,0.32561809404461245,0,incorrect_high
validation::3965,['diagonally'],Vertically.,0.0,"['Vertically.', 'Vertically.', 'Vertical.', 'Vertically.', 'Vertically.', 'Vertically.', 'Vertical.', 'Vertically.', 'Vertically.', 'Vertically.']",-0.0,what direction do his stripes go?,,False,0.32561809404461245,0,incorrect_high
validation::3968,['shark'],Shark.,1.0,"['Shark.', 'Shark.', 'Shark.', 'Shark.', 'Shark.', 'Shark.', 'Shark', 'Shark.', 'Shark.', 'Shark.']",-0.0,What animal is on the boy's shirt?,,True,0.32561809404461245,0,correct_high
validation::3969,['2'],Two.,0.0,"['Two.', 'Two.', 'Two.', 'Two.', 'Two.', 'Two.', 'Two.', 'Two.', 'Two.', 'Two.']",-0.0,How many hand dryers are in the frame?,,True,0.32561809404461245,0,correct_high
validation::397,['table'],A building.,0.0,"['A building.', 'A building.', 'A building.', 'A building.', 'A building.', 'A building.', 'A building.', 'A building.', 'A building.', 'A building.']",-0.0,What is the ramp leaning against?,,False,0.32561809404461245,0,incorrect_high
validation::3970,['513'],513,1.0,"['513', '513', '513', '513', '513', '513', '513', '513', '513', '513']",-0.0,What is the area code of the phone number advertised?,,True,0.32561809404461245,0,correct_high
validation::3976,['ski poles'],Ski poles.,1.0,"['Ski poles.', 'Ski poles.', 'Ski poles.', 'Ski poles.', 'Ski poles.', 'Ski poles.', 'Ski poles.', 'Ski poles.', 'Ski poles.', 'Ski poles.']",-0.0,Are there more ears or ski poles visible?,,True,0.32561809404461245,0,correct_high
validation::3977,['silver'],Blue.,0.0,"['Blue.', 'Blue.', 'Blue.', 'Blue.', 'Blue.', 'Blue.', 'Blue.', 'Blue.', 'Blue.', 'Blue.']",-0.0,What color is the logo on the rightmost screen?,,False,0.32561809404461245,0,incorrect_high
validation::3979,['5'],Five.,0.0,"['Five.', 'Five.', 'Four.', 'Five.', 'Six.', '6', 'Six.', 'Five.', 'Four.', 'Six.']",1.0549201679861442,How many bay windows on the white building?,,True,0.32561809404461245,1,correct_low
validation::3980,['go'],Go.,1.0,"['Go.', 'Go.', 'Go.', 'Go.', 'Go.', 'Go.', 'Go.', 'Go.', 'Go', 'Go']",-0.0,What is the last word on the woman's hat?,,True,0.32561809404461245,0,correct_high
validation::3981,['3'],Four.,0.0,"['Four.', 'Four.', 'Four.', 'Four.', 'Four.', 'Four.', 'Four.', 'Four.', 'Four.', 'Four.']",-0.0,how many people?,,False,0.32561809404461245,0,incorrect_high
validation::3982,['3'],Three.,0.0,"['3', 'Three.', 'Three.', '3', '3', '3', '3', '3', '3', '3']",-0.0,How many boxes of doughnuts are there on the table?,,True,0.32561809404461245,0,correct_high
validation::3984,['2'],One.,0.0,"['One.', 'One.', 'One.', 'One.', 'One.', 'One.', 'One.', 'One.', 'One.', 'One.']",-0.0,How many people can we see sitting down?,,False,0.32561809404461245,0,incorrect_high
validation::3985,['donut'],A donut.,1.0,"['A donut.', 'A donut.', 'A donut.', 'A donut.', 'A donut.', 'A donut.', 'A donut.', 'A donut.', 'A donut.', 'A donut.']",-0.0,What is being used as a bun,,True,0.32561809404461245,0,correct_high
validation::3986,['ossicones'],Ossicones.,1.0,"['Ossicones.', 'Ossicones.', 'Ossicones.', 'Ossicones.', 'Ossicones.', 'Ossicones.', 'Ossicones.', 'Ossicones.', 'Ossicones.', 'Ossicones.']",-0.0,What are the horn-type projections on the giraffe called?,,True,0.32561809404461245,0,correct_high
validation::3987,['red'],White.,0.0,"['White.', 'White.', 'White.', 'White.', 'White.', 'White.', 'White.', 'White.', 'White.', 'White.']",-0.0,What color is the bottom topping?,,False,0.32561809404461245,0,incorrect_high
validation::399,['2'],2,1.0,"['2', '2', '2', '2', '2', '2', '2', '2', '2', '2']",-0.0,How many people on the field aren't wearing a blue hat?,,True,0.32561809404461245,0,correct_high
validation::3990,['suziesfarm.com'],Suziesfarm.com,1.0,"['Suziesfarm.com', 'Suziesfarm.com', 'Suziesfarm.com', 'Suziesfarm.com', ""Suzie's Farm."", 'Suziesfarm.com', 'Suziesfarm.', 'Suziesfarm.com', 'Suziesfarm.com', 'Suziesfarm.com']",0.5004024235381879,What is the name of the website?,,True,0.32561809404461245,1,correct_low
validation::3991,['chs'],CHS,1.0,"['CHS', 'CHS', 'CHS', 'CHS', 'CHS', 'CHS', 'CHS', 'CHS', 'CHS', 'CHS']",-0.0,Which three letters are in red on the lead skiers jacket?,,True,0.32561809404461245,0,correct_high
validation::3992,['d'],D,1.0,"['D', 'D', 'D', 'D', 'D', 'D', 'D', 'D', 'D', 'D']",-0.0,What is the first letter on the mud flap?,,True,0.32561809404461245,0,correct_high
validation::3994,['crayons'],Crayons.,1.0,"['Crayons.', 'Crayons.', 'Crayons.', 'Crayons.', 'Crayons.', 'Crayons.', 'Crayons.', 'Crayons.', 'Crayons.', 'Crayons.']",-0.0,What is in the bucket on the table?,,True,0.32561809404461245,0,correct_high
validation::3995,['1'],Two.,0.0,"['Two.', 'Two.', 'Two.', 'Two.', 'Two.', 'Two.', 'Two.', 'Two.', 'Two.', 'Two.']",-0.0,How many ears are visible?,,False,0.32561809404461245,0,incorrect_high
validation::3996,['left'],Right.,0.0,"['Right.', 'Right.', 'Right.', 'Right.', 'Right.', 'Right.', 'Right.', 'Right.', 'Right.', 'Right.']",-0.0,"If you're sitting on the toilet, on what side is the toilet brush?",,False,0.32561809404461245,0,incorrect_high
validation::3997,['3'],6,0.0,"['6', '6', '7', '7', '6', '6', '6', '7', '6', '7']",0.6730116670092565,How many windows can you see?,,False,0.32561809404461245,1,incorrect_low
validation::3998,['truck'],A truck symbol.,1.0,"['A truck symbol.', 'A truck symbol.', 'A truck symbol.', 'A truck symbol.', 'A truck symbol.', 'A truck symbol.', 'A truck symbol.', 'A truck symbol.', 'A truck symbol.', 'A truck symbol.']",-0.0,what is pictured in yellow and black?,,True,0.32561809404461245,0,correct_high
validation::3999,['4'],Four.,0.0,"['Four.', 'Four.', 'Four.', 'Four.', 'Four.', 'Four.', 'Four.', 'Four.', 'Four.', 'Four.']",-0.0,How many colors are the vase,,True,0.32561809404461245,0,correct_high
validation::4001,['2'],3,0.0,"['3', 'Three.', '3', '3', 'Three.', '3', '3', '3', '3', 'Three.']",-0.0,How many children are in the photo?,,False,0.32561809404461245,0,incorrect_high
validation::4002,['left'],Her right hand.,0.0,"['Her right hand.', 'Right.', 'Her right hand.', 'Her right hand.', 'Her right hand.', 'Her right hand.', 'Her right hand.', 'Her right hand.', 'Her right hand.', 'Her right hand.']",-0.0,Which of the woman's hands is holding the fork?,,False,0.32561809404461245,0,incorrect_high
validation::4003,['15'],12,0.0,"['16', '14', '13', '14', '15', '15', '11', '15', '14', '14']",1.4184836619456564,how many wooden rods can be seen in the headboard?,,False,0.32561809404461245,1,incorrect_low
validation::4006,['cross'],Slazenger.,0.0,"['Slazenger.', 'Slazenger.', 'Slazenger.', 'Slazenger.', 'Slazenger.', 'Slazenger.', 'Slazenger.', 'Slazenger.', 'Slazenger.', 'Slazenger.']",-0.0,what symbol is on the wall behind the spectators?,,False,0.32561809404461245,0,incorrect_high
validation::401,['left'],Left.,1.0,"['Left.', 'Left.', 'Left.', 'Left.', 'Left.', 'Left.', 'Left.', 'Left.', 'Left.', 'Left.']",-0.0,Is the toilet to the right or left of the tub?,,True,0.32561809404461245,0,correct_high
validation::402,['oster'],Oster,1.0,"['Oster.', 'Oster.', 'Oster', 'Oster.', 'Oster.', 'Oster.', 'Oster.', 'Oster.', 'Oster', 'Oster']",-0.0,what brand is the toaster?,,True,0.32561809404461245,0,correct_high
validation::4020,['right'],Right.,1.0,"['Right.', 'Right.', 'Right.', 'Right.', 'Right.', 'Right.', 'Right.', 'Right.', 'Right.', 'Right.']",-0.0,On which side is the door located?,,True,0.32561809404461245,0,correct_high
validation::4023,['purse'],A cup.,0.0,"['A bag.', 'A cup.', 'A cup.', 'Nothing.', 'A cup.', 'A cup.', 'A coffee cup.', 'A purse.', 'A cup.', 'A bag.']",1.1682824501765623,What is the woman standing closest to the front holding?,,False,0.32561809404461245,1,incorrect_low
validation::4024,['go'],GO,1.0,"['GO', 'GO', 'GO', 'GO', 'GO', 'GO', 'GO', 'GO', 'GO', 'GO']",-0.0,what is written on the red sign in front?,,True,0.32561809404461245,0,correct_high
validation::4027,['0'],Three.,0.0,"['Three.', 'Three.', 'Three.', 'Three.', 'Three.', 'Three.', 'Three.', 'Three.', 'Three.', 'Three.']",-0.0,how many motorcycles are rolling?,,False,0.32561809404461245,0,incorrect_high
validation::403,['green'],Black.,0.0,"['Black.', 'Black.', 'Black.', 'Black.', 'Black.', 'Black.', 'Black.', 'Black.', 'Black.', 'Black.']",-0.0,What color are the picnic tables?,,False,0.32561809404461245,0,incorrect_high
validation::4030,['2'],3,0.0,"['3', 'Three.', '2', '2', 'Two.', '3', 'Two.', '3', '2', 'Two.']",0.6730116670092565,How many cars are in the picture?,,False,0.32561809404461245,1,incorrect_low
validation::4035,['skateboard'],A skateboard.,1.0,"['A skateboard.', 'A skateboard.', 'A skateboard.', 'A skateboard.', 'A skateboard.', 'A skateboard.', 'A skateboard.', 'A skateboard.', 'A skateboard.', 'A skateboard.']",-0.0,What is the large object in the picture?,,True,0.32561809404461245,0,correct_high
validation::404,['2'],Two.,0.0,"['Two.', 'Two.', 'Two.', 'Two.', 'Two.', 'Three.', 'Two.', 'Three.', '3', 'Two.']",0.6108643020548935,How many of the pumkins are carved rather than drawn on?,,True,0.32561809404461245,1,correct_low
validation::4047,['5'],Four.,0.0,"['Four.', 'Four.', 'Four.', 'Four.', 'Four.', 'Four.', 'Four.', 'Four.', 'Four.', 'Four.']",-0.0,how many animals are there in the picture?,,False,0.32561809404461245,0,incorrect_high
validation::4048,['3'],6,0.0,"['6', '6', '5', '5', '5', '6', '6', '5', '6', '6']",0.6730116670092565,How many people are in this image?,,False,0.32561809404461245,1,incorrect_low
validation::4051,['4'],Two.,0.0,"['Two.', 'Two.', 'Two.', 'Two.', 'Two.', 'Two.', 'Two.', 'Two.', 'Two.', 'Two.']",-0.0,How many pedestals holding up the top tier?,,False,0.32561809404461245,0,incorrect_high
validation::4054,['white'],Green.,0.0,"['Green.', 'Green.', 'Green.', 'Green.', 'Green.', 'Green.', 'Green.', 'Green.', 'Green.', 'Green.']",-0.0,What color is the Christmas tree next to the couch?,,False,0.32561809404461245,0,incorrect_high
validation::4056,['4'],2,0.0,"['3', 'Two.', '3', '3', 'Two.', '3', '2', '2', '3', '3']",0.6730116670092565,How many people holding a camera in the front row?,,False,0.32561809404461245,1,incorrect_low
validation::4058,['left'],Left.,1.0,"['Left.', 'Left.', 'Left.', 'Left.', 'Left.', 'Left.', 'Left.', 'Left.', 'Left.', 'Left.']",-0.0,On which side of the room is  desk?,,True,0.32561809404461245,0,correct_high
validation::406,['6'],Four.,0.0,"['Four.', 'Four.', 'Four.', 'Four.', 'Four.', 'Four.', 'Four.', 'Four.', 'Four.', 'Four.']",-0.0,How many giraffe legs are visible?,,False,0.32561809404461245,0,incorrect_high
validation::4065,['black'],White.,0.0,"['White.', 'White.', 'White.', 'White.', 'White.', 'White.', 'White.', 'White.', 'White.', 'White.']",-0.0,What color is on the cat's left eye?,,False,0.32561809404461245,0,incorrect_high
validation::4068,['2'],One.,0.0,"['One.', 'One.', 'One.', 'One.', 'One.', 'One.', 'One.', 'One.', 'One.', 'One.']",-0.0,How many horses is the person standing on?,,False,0.32561809404461245,0,incorrect_high
validation::4069,['3'],Two.,0.0,"['Two.', 'Two.', 'Two.', 'Two.', 'Two.', 'Two.', 'Two.', 'Two.', 'Two.', 'Two.']",-0.0,How many traffic lights?,,False,0.32561809404461245,0,incorrect_high
validation::4071,['unanswerable'],Pine needles.,0.0,"['Pine needles.', 'Pine needles.', 'Pine needles.', 'Pine needles.', 'Pine needles.', 'Pine needles.', 'Pine needles.', 'Pine needles.', 'Pine needles.', 'Pine needles.']",-0.0,What type of leaves are dead on the ground?,,False,0.32561809404461245,0,incorrect_high
validation::4072,['4'],4,1.0,"['4', '4', '4', '4', '4', '4', '4', '4', '4', '4']",-0.0,What large number is on the fence?,,True,0.32561809404461245,0,correct_high
validation::4073,['left'],Right.,0.0,"['Right.', 'Right.', 'Right.', 'Right.', 'Right.', 'Right.', 'Right.', 'Right.', 'Right.', 'Right.']",-0.0,Which hand is extended?,,False,0.32561809404461245,0,incorrect_high
validation::4076,['cows'],Cows.,1.0,"['Cows.', 'Cows.', 'Cows.', 'Cows.', 'Cows.', 'Cows.', 'Cows.', 'Cows.', 'Cows.', 'Cows.']",-0.0,Are the cows or mountains closer?,,True,0.32561809404461245,0,correct_high
validation::4079,['car'],A car.,1.0,"['A race car.', 'A car.', 'A car.', 'A vehicle (possibly a car or truck).', 'A race car.', 'A car race.', 'A soccer game.', 'A car.', 'A car.', 'A car race.']",1.193549604098133,What is pictured on the screen in the background?,,True,0.32561809404461245,1,correct_low
validation::408,['art'],ART,1.0,"['ART', 'ART', 'ART', 'ART', 'ART', 'ART', 'ART', 'ART', 'ART', 'ART']",-0.0,What is the first word by the upper left-hand corner of the picture?,,True,0.32561809404461245,0,correct_high
validation::4083,['2'],Two.,0.0,"['Two.', 'Two.', 'Two.', 'Two.', 'Two.', 'Two.', 'Two.', 'Two.', 'Two.', 'Two.']",-0.0,How many round burners are on the rear of the plane?,,True,0.32561809404461245,0,correct_high
validation::4088,['crouched'],Crouched.,1.0,"['Crouched.', 'Crouched.', 'Crouched.', 'Crouched.', 'Crouched.', 'Crouched.', 'Crouched.', 'Crouched.', 'Crouched.', 'Crouched.']",-0.0,Is the person crouched or upright?,,True,0.32561809404461245,0,correct_high
validation::409,['left'],Right.,0.0,"['Right.', 'Right.', 'Right.', 'Right.', 'Right.', 'Right.', 'Right.', 'Right.', 'His right hand.', 'His right hand.']",-0.0,Which hand is the man using to hold the phone?,,False,0.32561809404461245,0,incorrect_high
validation::4092,['2008'],2000,0.0,"['2000', '2000', '2006', '2003', '2006', '2000', '2000', '2000', '2000', '2006']",0.8979457248567797,What is the 4 digit number on the hydrant?,,False,0.32561809404461245,1,incorrect_low
validation::4094,['15'],14,0.0,"['14', '16', '16', '14', '13', '13', '14', '13', '14', '13']",1.0549201679861442,How many animals are pictured?,,False,0.32561809404461245,1,incorrect_low
validation::4098,['3'],3,1.0,"['3', 'Two.', 'Two.', '2', '3', '3', '2', '2', 'Two.', '2']",0.6108643020548935,How many pictures are on the shelf?,,True,0.32561809404461245,1,correct_low
validation::4107,['onion'],Carrots.,0.0,"['Carrots.', 'Carrots.', 'Carrots.', 'Carrots.', 'Carrots.', 'Carrots.', 'Carrots.', 'Carrots.', 'Carrots.', 'Carrot.']",-0.0,What vegetable is in the bowl?,,False,0.32561809404461245,0,incorrect_high
validation::4109,['giraffe'],Zebra.,0.0,"['Zebra.', 'Zebra.', 'Zebra.', 'Zebra.', 'Zebra.', 'Zebra.', 'Zebra.', 'Zebra.', 'Zebra.', 'Zebra.']",-0.0,Is the giraffe or zebra facing left?,,False,0.32561809404461245,0,incorrect_high
validation::4112,['6'],6,1.0,"['6', '6', '6', '6', '6', '6', '6', '6', '6', '6']",-0.0,How many legs plus eyes plus lips are visible?,,True,0.32561809404461245,0,correct_high
validation::4118,['3'],Three.,0.0,"['Three.', 'Three.', 'Three.', 'Three.', 'Three.', 'Three.', 'Three.', 'Three.', 'Three.', 'Three.']",-0.0,How many zebras are there?,,True,0.32561809404461245,0,correct_high
validation::4121,['3'],There are no cows in the photo. There are sheep.,0.0,"['There are no cows in the photo, only sheep. There are several white sheep.', 'There are no cows in the photo, only sheep. There are several white sheep.', 'There are no cows in the photo, only sheep. There are several white sheep.', 'There are no cows in the photo, only sheep. There are multiple white sheep.', 'There are no cows in the photo. There are sheep.', 'There are no cows in the photo, only sheep. There are multiple white sheep visible.', 'There are no cows in the photo. There are sheep.', 'There are no cows in the photo. There are sheep.', 'There are no cows in the photo. There are sheep.', 'There are no cows in the photo; there are sheep. There are at least 6 white sheep.']",0.9433483923290392,How many white cows can be identified in the photo?,,False,0.32561809404461245,1,incorrect_low
validation::4122,['3.99'],$3.99 each.,1.0,"['$3.99 each.', '$3.99 each', '$3.99 each.', '$3.99 each.', '$3.99 each', '$3.99 each.', '$3.99 ea', '$3.99 each.', '$3.99 each', '$3.99 each.']",-0.0,What is the price of sunrise papaya?,,True,0.32561809404461245,0,correct_high
validation::4123,['700'],700,1.0,"['700', '700', '700', '700', '700', '700', '700', '700', '700', '700']",-0.0,What is the number on the back of the truck?,,True,0.32561809404461245,0,correct_high
validation::4127,['blue and green'],Blue and green.,1.0,"['Blue and green.', 'Blue and green.', 'Blue and green.', 'Blue and green.', 'Blue and green.', 'Blue and green.', 'Blue and green.', 'Blue and green.', 'Blue and green.', 'Blue and green.']",-0.0,What are the two main colors of the wood the woman's foot is on?,,True,0.32561809404461245,0,correct_high
validation::4129,['white'],Green.,0.0,"['Green.', 'Green.', 'Green.', 'Green.', 'Green.', 'Green.', 'Green.', 'Green.', 'Green.', 'Green.']",-0.0,What color is the light on the desktop computer?,,False,0.32561809404461245,0,incorrect_high
validation::413,['stop'],Stop,1.0,"['Stop', 'Stop', 'Stop', 'Stop', 'Stop', 'Stop', 'Stop', 'Stop', 'Stop', 'Stop']",-0.0,"What word comes after ""Bus"" on the sign?",,True,0.32561809404461245,0,correct_high
validation::4130,['6'],Three.,0.0,"['Three.', '3', 'Three.', '3', 'Three.', 'Three.', 'Three.', 'Three.', 'Three.', 'Three.']",-0.0,How many drawers are there?,,False,0.32561809404461245,0,incorrect_high
validation::4131,['3'],Two.,0.0,"['Two.', 'Two.', 'Two.', 'Two.', 'Two.', 'Two.', 'Two.', 'Two.', 'Two.', 'Two.']",-0.0,how many dogs are in the picture on the wall?,,False,0.32561809404461245,0,incorrect_high
validation::4134,['2'],Two.,0.0,"['Two.', 'Two.', 'Two.', 'Two.', 'Two.', 'Two.', 'Two.', 'Two.', 'Two.', 'Two.']",-0.0,How many people are holding glasses in this picture?,,True,0.32561809404461245,0,correct_high
validation::4136,['8'],8,1.0,"['8', '8', '8', '8', '8', '8', '8', '8', '8', '8']",-0.0,What number is on the batter's chest?,,True,0.32561809404461245,0,correct_high
validation::4137,['strawberry'],Strawberries.,0.0,"['Strawberries.', 'Strawberries.', 'Strawberries.', 'Strawberries.', 'Strawberries.', 'Strawberries.', 'Strawberries.', 'Strawberries.', 'Strawberries.', 'Strawberries.']",-0.0,What is the object laying on top of the avocado?,,True,0.32561809404461245,0,correct_high
validation::4138,['0'],Zero.,0.0,"['Zero.', 'Zero.', 'Zero.', 'Zero.', 'Zero.', 'Zero.', 'Zero.', 'Zero.', 'Zero.', 'Zero.']",-0.0,How many cheeseburgers are fully visible?,,True,0.32561809404461245,0,correct_high
validation::4140,['1'],6,0.0,"['6', '6', '6', '6', '6', '6', '6', '6', '6', '6']",-0.0,How many lights on?,,False,0.32561809404461245,0,incorrect_high
validation::4146,['0'],One.,0.0,"['One.', 'One.', 'One.', 'One.', 'One.', 'One.', 'One.', 'One.', 'One.', 'One.']",-0.0,how many people looking up?,,False,0.32561809404461245,0,incorrect_high
validation::4148,['5'],8,0.0,"['8', '8', '8', '8', '8', '8', '8', '8', '8', '8']",-0.0,How many people are under the 2 flags?,,False,0.32561809404461245,0,incorrect_high
validation::4151,['2'],One.,0.0,"['One.', 'One.', 'One.', 'One.', 'One.', 'One.', 'One.', 'One.', 'One.', 'One.']",-0.0,How many slices of pizza are there?,,False,0.32561809404461245,0,incorrect_high
validation::4158,['1'],One.,0.0,"['One.', 'One.', 'One.', 'One.', 'One.', 'One.', 'One.', 'One.', 'One.', 'One.']",-0.0,how many brown sheep?,,True,0.32561809404461245,0,correct_high
validation::416,['5'],Three.,0.0,"['Three.', '3', 'Three.', 'Three.', 'Three.', '3', '3', 'Three.', 'Three.', 'Three.']",-0.0,How many red stripes are on the banner at the top of the photo?,,False,0.32561809404461245,0,incorrect_high
validation::4162,['thursday'],Thursday.,1.0,"['Thursday.', 'Thursday.', 'Thursday.', 'Thursday.', 'Thursday.', 'Thursday.', 'Thursday.', 'Thursday.', 'Thursday.', 'Thursday.']",-0.0,"According to the sign, what day is street cleaning?",,True,0.32561809404461245,0,correct_high
validation::4167,['1'],One.,0.0,"['Two.', 'One.', 'One.', 'One.', 'One.', 'One.', 'One.', 'One.', 'One.', 'One.']",0.3250829733914482,how many motorcycles?,,True,0.32561809404461245,0,correct_high
validation::4168,['goods'],Goods,1.0,"['Cars.', 'Goods', 'Buick', 'Car.', 'Cars', 'goods', 'Chevrolet', 'GOODS', 'Goods', 'goods']",1.1682824501765623,last word in red?,,True,0.32561809404461245,1,correct_low
validation::417,['red white yellow'],"Blue, red, and white.",1.0,"['Blue, green, and red.', 'Blue, green, and white.', 'Blue, red, and white.', 'Blue, red, and white.', 'Blue, green, and red.', 'Blue, red, and white.', 'Blue, red, and white.', 'Blue, white, and red.', 'Blue, red, and white.', 'Blue, white, and red.']",0.8018185525433373,what three colors is the archway in the background?,,False,0.32561809404461245,1,incorrect_low
validation::4171,['76'],76,1.0,"['76', '76', '76', '76', '76', '76', '76', '76', '76', '76']",-0.0,what number is on the grey shirt?,,True,0.32561809404461245,0,correct_high
validation::4176,['3'],Three.,0.0,"['Three.', 'Three.', 'Three.', 'Three.', 'Three.', 'Three.', 'Three.', 'Three.', 'Three.', 'Three.']",-0.0,How many school bus are there?,,True,0.32561809404461245,0,correct_high
validation::418,['cup'],In the glass.,0.0,"['In a glass.', 'In a glass.', 'In the tall glass.', 'In the glass.', 'In a glass.', 'In the glass.', 'In the glass next to the wine.', 'In a glass next to the wine.', 'In a glass.', 'In the glass of water.']",1.0888999753452235,Where is the lemon slice?,,True,0.32561809404461245,1,correct_low
validation::4181,['left'],Right.,0.0,"['Right hand.', 'Right hand.', 'Right.', 'Right hand.', 'Right hand.', 'Right.', 'Right hand.', 'Right hand.', 'Right hand.', 'Right hand.']",-0.0,Which hand is holding the object?,,False,0.32561809404461245,0,incorrect_high
validation::4182,['bananas'],Bananas.,1.0,"['Bananas.', 'Bananas.', 'Bananas.', 'Bananas.', 'Bananas.', 'Bananas.', 'Bananas.', 'Bananas.', 'Bananas.', 'Bananas.']",-0.0,What is inside the wooden crates?,,True,0.32561809404461245,0,correct_high
validation::4184,['denim'],Denim jacket.,1.0,"['Denim jacket.', 'Denim jacket.', 'Denim jacket.', 'Denim jacket.', 'Denim jacket.', 'Denim jacket.', 'Denim jacket.', 'Denim jacket.', 'Denim jacket.', 'Denim jacket.']",-0.0,What type of jacket is the woman wearing?,,True,0.32561809404461245,0,correct_high
validation::4192,['white yellow red'],"Yellow, red, and white.",1.0,"['Yellow, red, and white.', 'Yellow, white, and red.', 'Yellow, red, and white.', 'Yellow, red, and white.', 'Yellow, red, and green.', 'Yellow, red, and green.', 'Yellow, red, and green.', 'Yellow, red, and white.', 'Yellow, red, and white.', 'Yellow, white, and red.']",0.6108643020548935,What colors are the three condiment bottles?,,True,0.32561809404461245,1,correct_low
validation::4196,['pink'],Blue.,0.0,"['Brown.', 'Purple.', 'Blue.', 'Red.', 'Red.', 'Brown.', 'Pink.', 'Brown.', 'Red.', 'Red.']",1.4184836619456562,What colour tie is on the shortest man?,,False,0.32561809404461245,1,incorrect_low
validation::42,['red and yellow'],Red and pink.,1.0,"['Red and pink.', 'Pink and white.', 'Red and pink.', 'Red and pink.', 'Red and white.', 'Pink.', 'Pink and white.', 'Red and white.', 'Pink and red.', 'Red and white.']",1.2798542258336674,What colors are the flowers on the bush?,,False,0.32561809404461245,1,incorrect_low
validation::4202,['white'],White.,1.0,"['White.', 'White.', 'White.', 'White.', 'White.', 'White.', 'White.', 'White.', 'White.', 'White.']",-0.0,What color logo is on the back of the surfer's wet suit?,,True,0.32561809404461245,0,correct_high
validation::4203,['msa'],SIM,0.0,"['SIM', 'BSA', 'JMS', 'SMS', 'MSA', 'SMS', 'VMS', 'VMS', 'LMS', 'SIM']",1.8866967846580784,Which 3 letters are visible at the far left behind the steering wheel?,,False,0.32561809404461245,1,incorrect_low
validation::4205,['eiffel tower'],Eiffel Tower.,1.0,"['Eiffel Tower.', 'Eiffel Tower.', 'Eiffel Tower.', 'Eiffel Tower.', 'Eiffel Tower.', 'Eiffel Tower.', 'Eiffel Tower.', 'Eiffel Tower.', 'Eiffel Tower.', 'Eiffel Tower.']",-0.0,what building in background?,,True,0.32561809404461245,0,correct_high
validation::4207,['basket'],In a basket.,1.0,"['In a basket.', 'In a basket.', 'In a basket.', 'In a basket.', 'In a basket.', 'In a basket.', 'In a basket.', 'In a basket.', 'In a basket.', 'In a basket.']",-0.0,Are the bananas on the left directly on the ground or in a basket?,,True,0.32561809404461245,0,correct_high
validation::4211,['3'],24,0.0,"['24', '25', '24', '23', '26', '28', '26', '28', '26', '23']",1.5571130980576458,How many white stripes are visible?,,False,0.32561809404461245,1,incorrect_low
validation::4218,['crown'],A crown.,1.0,"['A finial.', 'A crown.', 'A crown.', 'A finial.', 'A crown.', 'A finial.', 'A crown.', 'A crown.', 'A crown.', 'A crown.']",0.6108643020548935,what object is at the top of the circular clock?,,True,0.32561809404461245,1,correct_low
validation::4219,['left'],Left.,1.0,"['Left.', 'Left.', 'Left.', 'Left.', 'Left.', 'Left.', 'Left.', 'Left.', 'Left.', 'Left.']",-0.0,Which side of the photo is the bench on?,,True,0.32561809404461245,0,correct_high
validation::4220,['crystals'],Butterfly wings.,0.0,"['Butterfly wings.', 'Butterfly wings.', 'Butterfly wings.', 'Butterfly wings.', 'Butterfly wings.', 'Butterfly wings.', 'Butterfly wings.', 'Butterfly wings.', 'Butterfly wings.', 'Butterfly wings.']",-0.0,What does the woman in picture on wall have on her eyes?,,False,0.32561809404461245,0,incorrect_high
validation::4224,['5'],5,1.0,"['5', '4', '4', '4', '5', '5', '5', '5', '5', '6']",0.8979457248567797,how many people are sitting in chairs?,,True,0.32561809404461245,1,correct_low
validation::4227,['brown'],Green.,0.0,"['Green.', 'Green.', 'Green.', 'Green.', 'Green.', 'Green.', 'Green.', 'Green.', 'Green.', 'Green.']",-0.0,what color are the cat's eyes?,,False,0.32561809404461245,0,incorrect_high
validation::4228,['5'],6,0.0,"['7', '7', '6', '7', '6', '7', '7', '6', '7', '7']",0.6108643020548935,How many people are in this image?,,False,0.32561809404461245,1,incorrect_low
validation::4229,['black'],Blue.,0.0,"['Gray.', 'Black.', 'Yellow.', 'Purple.', 'Purple.', 'Purple.', 'Black.', 'Blue.', 'White.', 'Blue.']",1.6957425341696346,What color strap is around the pink helmet?,,False,0.32561809404461245,1,incorrect_low
validation::423,['grey'],Blue.,0.0,"['Blue.', 'Blue.', 'Blue.', 'Blue.', 'Blue.', 'Blue.', 'Blue.', 'Blue.', 'Blue.', 'Blue.']",-0.0,What color is the person's undershirt?,,False,0.32561809404461245,0,incorrect_high
validation::4231,['brush'],Nothing.,0.0,"['Nothing.', 'Nothing.', 'Nothing.', 'Nothing.', 'Nothing.', 'Nothing.', 'Nothing.', 'Nothing.', 'Nothing.', 'Nothing.']",-0.0,what is the girl on the left holding?,,False,0.32561809404461245,0,incorrect_high
validation::4233,['root beer'],Root beer.,1.0,"['Root beer.', 'Root beer.', 'Root beer.', 'Root beer.', 'Root beer.', 'Root beer.', 'Root beer.', 'Root beer.', 'Root beer.', 'Root beer.']",-0.0,What kind of drink is in the can?,,True,0.32561809404461245,0,correct_high
validation::4236,['1'],One.,0.0,"['One.', 'One.', 'One.', 'One.', 'One.', 'One.', 'One.', 'One.', 'One.', 'One.']",-0.0,How many knobs are on the sink?,,True,0.32561809404461245,0,correct_high
validation::4238,['spoon'],Fork.,0.0,"['Fork.', 'Fork.', 'Fork.', 'Fork.', 'Fork.', 'Fork.', 'Fork.', 'Fork.', 'Fork.', 'Fork.']",-0.0,what utensil is on the left of the plate?,,False,0.32561809404461245,0,incorrect_high
validation::4243,['f'],S,0.0,"['S', 'S', 'S', 'S', 'S', 'S', 'S', 'S', 'S', 'S']",-0.0,what is the first letter at left?,,False,0.32561809404461245,0,incorrect_high
validation::4244,['3'],12,0.0,"['3', '3', '12', '3', '3', '3', '12', '12', '3', '12']",0.6730116670092565,Which number is the hour hand pointed at?,,False,0.32561809404461245,1,incorrect_low
validation::4246,['10'],10,1.0,"['10', '10', '10', '10', '10', '10', '10', '10', '10', '10']",-0.0,What's the batter's number?,,True,0.32561809404461245,0,correct_high
validation::4247,['left'],Left.,1.0,"['Left.', 'Left.', 'Left.', 'Left.', 'Left.', 'Left.', 'Left.', 'Left.', 'Left.', 'Left.']",-0.0,Is the shelf directly next to the monitor to its left or right?,,True,0.32561809404461245,0,correct_high
validation::425,['5'],Five.,0.0,"['Four.', 'Six.', 'Five.', 'Six.', 'Six.', 'Six.', 'Six.', 'Five.', 'Six.', 'Five.']",0.8979457248567798,how many pipes run on the wall?,,True,0.32561809404461245,1,correct_low
validation::4250,['navy'],Navy,1.0,"['Navy.', 'Navy', 'Navy.', 'Navy', 'Navy.', 'Navy.', 'Navy', 'Navy', 'Navy', 'Navy.']",-0.0,What USA service branch is the woman in blue from?,,True,0.32561809404461245,0,correct_high
validation::4252,['below'],Below.,1.0,"['Below.', 'Below.', 'Below.', 'Below.', 'Below.', 'Below.', 'Below.', 'Below.', 'Below.', 'Below.']",-0.0,From this perspective would the camera be below or above the plane?,,True,0.32561809404461245,0,correct_high
validation::4256,['right'],Right.,1.0,"['Right.', 'Right.', 'Right.', 'Right.', 'Right.', 'Right.', 'Right.', 'Right.', 'Right.', 'Right.']",-0.0,Which direction is the golf course?,,True,0.32561809404461245,0,correct_high
validation::4257,['2'],Two.,0.0,"['Two.', '2', '2', 'Two.', 'Two.', 'Two.', 'Two.', '2', 'Two.', 'Two.']",-0.0,How many bare feet can be seen on the people who are riding the elephant?,,True,0.32561809404461245,0,correct_high
validation::4258,['3'],Four.,0.0,"['Four.', 'Four.', 'Four.', 'Four.', 'Four.', 'Four.', 'Four.', 'Four.', 'Four.', 'Four.']",-0.0,How many handles are on the fridge?,,False,0.32561809404461245,0,incorrect_high
validation::426,['plate'],Marble.,0.0,"['Marble.', 'Marble.', 'A marble surface.', 'Marble.', 'Marble.', 'Marble.', 'Marble.', 'Marble.', 'Marble.', 'Marble.']",-0.0,What is the pizza resting on?,,False,0.32561809404461245,0,incorrect_high
validation::4260,['0'],Zero.,0.0,"['Zero.', 'Zero.', 'Zero.', 'Zero.', 'Zero.', 'Zero.', 'Zero.', 'Zero.', 'Zero.', 'Zero.']",-0.0,How many wings does this bus have?,,True,0.32561809404461245,0,correct_high
validation::4264,['0'],6,0.0,"['5', '5', '6', '5', '6', '7', '6', '6', '7', '6']",1.0296530140645737,How many visible eyes in the photo?,,False,0.32561809404461245,1,incorrect_low
validation::427,['2'],Two.,0.0,"['Two.', 'Two.', 'Two.', 'Two.', 'Two.', 'Two.', 'Two.', 'Two.', 'Two.', 'Two.']",-0.0,how many cats is looking at the camera?,,True,0.32561809404461245,0,correct_high
validation::4282,['blue'],Blue.,1.0,"['Blue.', 'Blue.', 'Blue.', 'Blue.', 'Blue.', 'Blue.', 'Blue.', 'Blue.', 'Blue.', 'Blue.']",-0.0,What color is his clipboard?,,True,0.32561809404461245,0,correct_high
validation::4284,['nk12 flp'],NK12FLP,0.0,"['NK12FLP', 'NK12FLP', 'NK12FLP', 'NK12FLP', 'NK12FLP', 'NK12FLP', 'NK12FLP', 'NK12FLP', 'NK12FLP', 'NK12FLP']",-0.0,What is the license number on the bus?,,True,0.32561809404461245,0,correct_high
validation::4286,['none'],Index finger.,0.0,"['A pinky finger.', 'None.', 'Index finger.', 'There is no finger touching the pizza.', 'Index finger.', 'Index finger.', 'Index finger.', 'Index finger.', 'Index finger.', 'Index finger.']",0.8018185525433373,Which finger is touching the pizza?,,False,0.32561809404461245,1,incorrect_low
validation::4288,['birthday'],Birthday,1.0,"['Birthday', 'Birthday', 'Birthday', 'Birthday', 'Birthday', 'Birthday', 'Birthday', 'Birthday', 'Birthday', 'Birthday']",-0.0,What is the second word on the hat?,,True,0.32561809404461245,0,correct_high
validation::429,['head'],A headband.,0.0,"['A headband.', 'A headband.', 'A headband.', 'A headband.', 'A headband.', 'A headband.', 'A headband.', 'A headband.', 'A headband.', 'A headband.']",-0.0,what is the umbrella attached to,,True,0.32561809404461245,0,correct_high
validation::4290,['unanswerable'],Quiksilver.,0.0,"['Quiksilver.', 'Quiksilver.', 'Billabong.', 'Quiksilver', 'Quiksilver', 'Quiksilver.', 'Quiksilver.', 'Quiksilver.', 'Quiksilver.', 'Quiksilver.']",0.3250829733914482,What brand is is red top?,,False,0.32561809404461245,0,incorrect_high
validation::4293,['shorter'],Shorter.,1.0,"['Shorter.', 'Shorter.', 'Shorter.', 'Shorter.', 'Shorter.', 'Shorter.', 'Shorter.', 'Shorter.', 'Shorter.', 'Shorter.']",-0.0,Is the baby elephant shorter or taller than the elephant on the far left of the image?,,True,0.32561809404461245,0,correct_high
validation::4294,['right'],The zebra on the right.,1.0,"['The zebra on the right.', 'The zebra on the right.', 'The zebra on the right.', 'The zebra on the right.', 'The zebra on the right.', 'The zebra on the right.', 'The zebra on the right.', 'The zebra on the right.', 'The zebra on the right.', 'The zebra on the right.']",-0.0,Which zebra is the fattest?,,True,0.32561809404461245,0,correct_high
validation::4296,['no entry'],No Entry,1.0,"['No Entry', 'No Entry', 'No Entry', 'No Entry', 'No Entry', 'No Entry', 'No Entry.', 'No Entry', 'No Entry', 'No Entry']",-0.0,What does the sign on the left say?,,True,0.32561809404461245,0,correct_high
validation::4297,['2'],Two.,0.0,"['Two.', 'One.', 'Two.', 'One.', 'One.', 'Two.', 'Two.', 'One.', 'Two.', 'Two.']",0.6730116670092565,How many ribbons are between posts?,,True,0.32561809404461245,1,correct_low
validation::4298,['orange'],The yellow one.,0.0,"['The yellow frisbee.', 'The yellow frisbee.', 'The yellow frisbee.', 'The yellow one.', 'The yellow frisbee.', 'The yellow one.', 'The yellow one.', 'The yellow frisbee.', 'The yellow frisbee.', 'The yellow one.']",-0.0,Which frisbee is the man about to throw?,,False,0.32561809404461245,0,incorrect_high
validation::4299,['ashtray'],A coaster and a small dish.,0.0,"['A coaster and a small plate.', 'A coaster and a small box.', 'A coaster and a small dish.', 'A coaster and a small dish.', 'A coaster and a small plate.', 'A coaster and a small object (possibly a lighter).', 'A small ashtray and some papers.', 'A coaster and a small dish.', 'A coaster and a notepad.', 'A notebook and a mug.']",1.4978661367769952,What is sitting on the table to the left of the laptop?,,False,0.32561809404461245,1,incorrect_low
validation::430,['horses and cows'],Cows and a horse.,1.0,"['Cows and a horse.', 'Cows and a horse.', 'Cows and a horse.', 'Cows and a horse.', 'Cows and a horse.', 'Cows and a horse.', 'Cows and a horse.', 'Cows and a horse.', 'Cows and a horse.', 'Cows and a horse.']",-0.0,What kinds of animals are in the picture?,,True,0.32561809404461245,0,correct_high
validation::4301,['9:55'],10:22,0.0,"['9:27', '9:19', '10:03', '10:38', '10:17', '10:30', '10:23', '10:08', '10:15', '8:19']",2.302585092994045,What time is it on the building clock?,,False,0.32561809404461245,1,incorrect_low
validation::4302,['white'],Teal.,0.0,"['Teal.', 'Turquoise.', 'Teal.', 'Teal.', 'Turquoise.', 'Teal.', 'Turquoise.', 'Teal.', 'Teal.', 'Teal.']",0.6108643020548935,What color is the mans pants?,,False,0.32561809404461245,1,incorrect_low
validation::4303,['4'],Four.,0.0,"['4', 'Four.', 'Four.', '4', 'Four.', 'Four.', '4', '4', 'Four.', 'Four.']",-0.0,How many hands are there?,,True,0.32561809404461245,0,correct_high
validation::4304,['1'],4,0.0,"['4', '4', '5', '5', '3', '4', '4', '4', '4', '5']",0.8979457248567797,how many buttons on the left?,,False,0.32561809404461245,1,incorrect_low
validation::4305,['1'],Two.,0.0,"['Two.', 'Two.', 'Two.', 'Two.', 'Two.', 'Two.', 'Two.', 'Two.', 'Two.', 'Two.']",-0.0,How many tusks?,,False,0.32561809404461245,0,incorrect_high
validation::4307,['1'],Four.,0.0,"['Four.', 'Three.', 'Four.', 'Four.', 'Four.', 'Three.', 'Four.', 'Three.', 'Four.', 'Three.']",0.6730116670092565,how many of the horse's feet are touching the ground?,,False,0.32561809404461245,1,incorrect_low
validation::4308,['4'],Four.,0.0,"['4', 'Four.', 'Four.', 'Four.', 'Four.', 'Four.', 'Four.', 'Four.', 'Four.', '4']",-0.0,How many bottles are in the refrigerator?,,True,0.32561809404461245,0,correct_high
validation::431,['2'],Two.,0.0,"['Two.', 'Two.', 'Two.', 'Two.', 'Two.', 'Two.', 'Two.', 'Two.', 'Two.', 'Two.']",-0.0,how many eyes can you see?,,True,0.32561809404461245,0,correct_high
validation::4311,['tallest'],Tallest.,1.0,"['Tallest.', 'Tallest.', 'Tallest.', 'Tallest.', 'Tallest.', 'Tallest.', 'Tallest.', 'Tallest.', 'Tallest.', 'Tallest.']",-0.0,Is the elephant with tusks the tallest or shortest in the photo?,,True,0.32561809404461245,0,correct_high
validation::4312,['0'],One.,0.0,"['One.', 'One.', 'One.', 'One.', 'One.', 'One.', 'One.', 'One.', 'One.', 'One.']",-0.0,How many dogs have their mouths closed?,,False,0.32561809404461245,0,incorrect_high
validation::4314,['1'],5,0.0,"['6', 'Six', '4', 'Four.', '3', '5', '6', 'Four.', '7', '5']",1.5047882836811908,How many fence sections are coming into the court area?,,False,0.32561809404461245,1,incorrect_low
validation::4316,['2'],Two.,0.0,"['Two.', 'Two.', 'Two.', 'Two.', 'Two.', 'Two.', 'Two.', 'Two.', 'Two.', 'Two.']",-0.0,how many white stripes on the bat?,,True,0.32561809404461245,0,correct_high
validation::4320,['pay at muni-meter'],Pay at Muni-Meter.,1.0,"['Pay at Muni-Meter.', 'Pay at Muni-Meter', 'Pay at Muni-Meter.', 'Pay at Muni-Meter', 'Pay at Muni-Meter.', 'Pay at Muni-Meter', 'Pay at Muni-Meter.', 'Pay at Muni-Meter.', 'Pay at Muni-Meter.', 'Pay at Muni-Meter.']",-0.0,What does the blue sign next to the food truck say?,,True,0.32561809404461245,0,correct_high
validation::4321,['lexus'],Lexus,1.0,"['Lexus', 'Lexus', 'Lexus', 'Lexus', 'Lexus', 'Lexus', 'Lexus', 'Lexus', 'Lexus', 'Lexus']",-0.0,what car model is listed above doorway?,,True,0.32561809404461245,0,correct_high
validation::4330,['departures'],Departures,1.0,"['Departures', 'Departures', 'Departures', 'Departures', 'Departures', 'Departures', 'Departures', 'Departures', 'Departures', 'Departures']",-0.0,What is the English word at the top of the sign that starts with D that is near the clock?,,True,0.32561809404461245,0,correct_high
validation::4332,['canoe'],Rowboat.,0.0,"['Rowboat.', 'Rowboat.', 'Rowboat.', 'Rowboat.', 'Rowboat.', 'Rowboat.', 'Rowboat.', 'Rowboat.', 'Rowboat.', 'Rowboat.']",-0.0,What kind of boat is visible?,,False,0.32561809404461245,0,incorrect_high
validation::4334,['12:45'],10:22,0.0,"['11:44', '10:26', '11:20', '11:08', '12:58', '9:49', '11:43', '8:25', '8:12', '10:24']",2.302585092994045,What time is the clock showing?,,False,0.32561809404461245,1,incorrect_low
validation::4336,['bread'],Pastries.,0.0,"['Pastries.', 'Fried pastries.', 'Empanadas.', 'Pastries (likely empanadas).', 'Crackers.', 'Empanadas.', 'Pastries.', 'Empanadas.', 'Empanadas.', 'Pastries.']",1.4184836619456564,What other food is on the table other than the pizza?,,False,0.32561809404461245,1,incorrect_low
validation::4337,['x'],X,1.0,"['X', 'X', 'X', 'X', 'X', 'X', 'X', 'X', 'X', 'X']",-0.0,what is the written letter on the laptop ?,,True,0.32561809404461245,0,correct_high
validation::434,['wallet'],The cash register.,0.0,"['Cash register.', 'The black box.', 'The cash register.', 'The cash register.', 'The cash register.', 'Cash register.', 'Cash register.', 'Cash register.', 'The cash register.', 'Cash register.']",0.3250829733914482,What object here holds money?,,False,0.32561809404461245,0,incorrect_high
validation::4341,['skateboard'],A rail.,0.0,"['A rail.', 'A rail.', 'A rail.', 'A rail.', 'A rail.', 'A rail.', 'A rail.', 'A rail.', 'A rail.', 'A rail.']",-0.0,What is being riden?,,False,0.32561809404461245,0,incorrect_high
validation::4342,['canoe'],Canoe.,1.0,"['Canoe.', 'Canoe.', 'Canoe.', 'Canoe.', 'Canoe.', 'Canoe.', 'Canoe.', 'Canoe.', 'Canoe.', 'Canoe.']",-0.0,what kind of boat is in the forefront of the image,,True,0.32561809404461245,0,correct_high
validation::4343,['2'],Three.,0.0,"['Three.', 'Three.', 'Three.', 'Three.', 'Four.', 'Four.', 'Three.', 'Three.', 'Three.', 'Three.']",0.5004024235381879,How many of the dog's feet are touching the ground?,,False,0.32561809404461245,1,incorrect_low
validation::4345,['2'],3014,0.0,"['3044', '3044', '3014', '3014', '3014', '3014', '3044', '3044', '3044', '3014']",0.6931471805599453,What is the number on the front of the train?,,False,0.32561809404461245,1,incorrect_low
validation::4348,['5'],6,0.0,"['6', '6', '8', '6', '6', '6', '6', '6', '7', '7']",0.8018185525433373,how many vertical white lines in the road?,,False,0.32561809404461245,1,incorrect_low
validation::4349,['camera'],"Forward, towards the viewer.",0.0,"['Forward, towards the viewer.', 'Forward.', 'Towards the camera.', 'Forward, at the viewer.', 'Forward, towards the viewer.', 'Forward, towards the camera.', 'Forward, towards the viewer.', 'Forward.', 'Forward.', 'Forward, towards the viewer.']",1.1682824501765623,Where is the cat's gaze directed?,,True,0.32561809404461245,1,correct_low
validation::435,['4'],One.,0.0,"['1', 'One.', 'One.', 'One.', 'One.', '1', 'One.', 'One.', 'One.', '1']",-0.0,how many green lights?,,False,0.32561809404461245,0,incorrect_high
validation::4350,['dogs'],Dogs.,1.0,"['Dogs.', 'Dogs.', 'Dogs.', 'Dogs.', 'Dogs', 'Dogs.', 'Dogs.', 'Dogs.', 'Dogs.', 'Dogs.']",-0.0,"Which one of the following is NOT pictured here: dogs, people or skateboards?",,True,0.32561809404461245,0,correct_high
validation::4353,['5'],Two.,0.0,"['One.', 'Two.', 'Two.', 'Two.', 'One.', 'Two.', 'One.', 'One.', 'Two.', 'Two.']",0.6730116670092565,How many orange lights are there?,,False,0.32561809404461245,1,incorrect_low
validation::4354,['3'],Four.,0.0,"['Four.', 'Four.', 'Four.', 'Four.', 'Four.', 'Four.', 'Four.', 'Four.', 'Four.', 'Four.']",-0.0,How many colors make up the shoes?,,False,0.32561809404461245,0,incorrect_high
validation::4356,['hotdog'],A hot dog.,0.0,"['A hot dog.', 'A sausage.', 'A hot dog.', 'A hot dog.', 'A hot dog.', 'A hot dog.', 'A hot dog.', 'A sausage.', 'A hot dog.', 'A hot dog.']",0.5004024235381879,What is inside the sandwich?,,True,0.32561809404461245,1,correct_low
validation::436,['2'],One.,0.0,"['Two.', 'One.', 'One.', 'One.', 'One.', 'Two.', 'One.', 'One.', 'One.', 'One.']",0.5004024235381879,How many spherical lights are seen on the left hand side of the picture?,,False,0.32561809404461245,1,incorrect_low
validation::4361,['audi'],Audi,1.0,"['Audi', 'Audi.', 'Audi', 'Audi', 'Audi', 'Audi', 'Audi', 'Audi.', 'Audi.', 'Audi']",-0.0,what sponsor can you clearly see?,,True,0.32561809404461245,0,correct_high
validation::4363,['angry'],Surprised.,0.0,"['Surprised/shocked.', 'Surprised.', 'Surprised.', 'Surprised.', 'Surprised.', 'Surprised.', 'Surprised/Shocked', 'Surprised.', 'Surprised/shocked.', 'Surprised.']",0.6108643020548935,What expression is on the object in the middle?,,False,0.32561809404461245,1,incorrect_low
validation::437,['1'],One.,0.0,"['One.', 'One.', 'One.', 'One.', 'One.', 'One.', 'One.', 'One.', 'One.', 'One.']",-0.0,How many people are in the background of the photo?,,True,0.32561809404461245,0,correct_high
validation::4371,['remote'],A remote control.,1.0,"['A remote control.', 'A remote control.', 'A telephone.', 'A remote control.', 'A remote control.', 'A TV remote.', 'A remote control.', 'A remote control.', 'A phone.', 'A remote control.']",0.8018185525433372,what is lying on the table next to the woman?,,True,0.32561809404461245,1,correct_low
validation::4374,['scalloped'],Scalloped.,1.0,"['Scalloped.', 'Scalloped.', 'Scalloped.', 'Scalloped.', 'Scalloped.', 'Scalloped.', 'Scalloped.', 'Scalloped.', 'Scalloped.', 'Scalloped.']",-0.0,Is the inside of the pan smooth or scalloped?,,True,0.32561809404461245,0,correct_high
validation::4375,['linksys'],Netgear,0.0,"['Linksys', 'Netgear', 'Netgear', 'Netgear', 'Linksys', 'Netgear', 'Netgear', 'Netgear', 'Netgear', 'Netgear']",0.5004024235381879,What brand is shown on the top left of the blue package?,,False,0.32561809404461245,1,incorrect_low
validation::4376,['white'],White.,1.0,"['White.', 'White.', 'White.', 'White.', 'White.', 'White.', 'White.', 'White.', 'White.', 'White.']",-0.0,What color peg is the tallest?,,True,0.32561809404461245,0,correct_high
validation::4378,['2'],Zero.,0.0,"['Zero.', 'Zero.', 'Zero.', 'Zero.', 'Zero.', 'Zero.', 'Zero.', 'Zero.', 'Zero.', 'Zero.']",-0.0,How many pink outfits are visible?,,False,0.32561809404461245,0,incorrect_high
validation::438,['2'],1,0.0,"['2', '1', '1', 'One.', '2', '1', '1', '1', '1', '1']",0.5004024235381879,How many people are wearing caps?,,False,0.32561809404461245,1,incorrect_low
validation::4380,['10:37'],11:58,0.0,"['11:58', '11:58', '11:57', '11:57', '11:56', '10:14', '11:58', '11:58', '11:57', '10:13']",1.4184836619456564,What time does the clock read?,,False,0.32561809404461245,1,incorrect_low
validation::4381,['4'],4,1.0,"['4', 'Four.', '4', '4', 'Four.', '4', 'Four.', 'Four.', '4', 'Four.']",-0.0,How many pictures are in this image?,,True,0.32561809404461245,0,correct_high
validation::4384,['3'],7,0.0,"['Seven.', 'Seven.', '7', '7', '7', 'Seven.', '7', '7', 'Seven.', '7']",-0.0,How many drawer handles are visible?,,False,0.32561809404461245,0,incorrect_high
validation::4385,['6'],12,0.0,"['12', '12', '18', '14', '12', '10', '12', '12', '12', '12']",0.9404479886553264,How many visible wheels in the photo?,,False,0.32561809404461245,1,incorrect_low
validation::4386,['4'],5,0.0,"['5', '5', '5', '5', '5', '5', '5', '5', '5', '5']",-0.0,How many surfboards are in the foreground of this picture?,,False,0.32561809404461245,0,incorrect_high
validation::4387,['3'],One.,0.0,"['One.', 'One.', 'Three.', 'One.', 'One.', 'One.', 'One.', 'Three.', 'One.', 'Three.']",0.6108643020548935,How many legs are visible on the partially exposed yellow stand?,,False,0.32561809404461245,1,incorrect_low
validation::4388,['box'],A cardboard box.,1.0,"['A cardboard box.', 'A cardboard box.', 'A cardboard box.', 'A cardboard box.', 'A cardboard box.', 'A cardboard box.', 'A cardboard box.', 'A cardboard box.', 'A cardboard box.', 'A cardboard box.']",-0.0,what is the bear sitting on?,,True,0.32561809404461245,0,correct_high
validation::4389,['desk'],A desk.,1.0,"['A desk.', 'A desk.', 'A desk.', 'A desk.', 'A desk.', 'A desk.', 'A desk.', 'A desk.', 'A desk.', 'A desk.']",-0.0,what is his arm resting on?,,True,0.32561809404461245,0,correct_high
validation::4392,['benches'],Benches.,1.0,"['Benches.', 'Benches.', 'Benches.', 'Benches.', 'Benches.', 'Benches.', 'Benches.', 'Benches.', 'Benches.', 'Benches.']",-0.0,"Which one of the following is NOT pictured here: surf boards, buildings or benches?",,True,0.32561809404461245,0,correct_high
validation::4393,['1'],None.,0.0,"['None.', 'None.', 'None.', 'None.', 'None.', 'None.', 'None.', 'None.', 'None.', 'None.']",-0.0,How legs of the surfers are visible in this picture?,,False,0.32561809404461245,0,incorrect_high
validation::4397,['grey'],Gray.,0.0,"['Gray.', 'Gray.', 'Gray.', 'Gray.', 'Gray.', 'Gray.', 'Gray.', 'Gray.', 'Gray.', 'Gray.']",-0.0,What color is the car?,,True,0.32561809404461245,0,correct_high
validation::4400,['3'],Four.,0.0,"['Four.', 'Four.', 'Four.', 'Four.', 'Four.', 'Four.', 'Four.', 'Four.', 'Four.', 'Four.']",-0.0,how many tractor wheels can you see?,,False,0.32561809404461245,0,incorrect_high
validation::4402,['blue and grey'],"Blue, gray, and white.",1.0,"['Blue and gray.', 'Blue, gray, and white.', 'Blue and gray.', 'Blue, gray, and white.', 'Blue, gray, and white.', 'Blue and gray.', 'Blue, gray, and white.', 'Blue and gray.', 'Blue, gray, and white.', 'Blue and gray.']",0.6931471805599453,what colors are the bird,,True,0.32561809404461245,1,correct_low
validation::4404,['250'],250,1.0,"['250', '250', '25', '250', '250', '25', '250', '250', '250', '250']",0.5004024235381879,"What number is written on the green sign, under the orange ENEOS sign?",,True,0.32561809404461245,1,correct_low
validation::4406,['toilet'],The toilet.,1.0,"['The toilet.', 'The toilet.', 'The toilet.', 'The toilet.', 'The toilet.', 'The toilet.', 'The toilet.', 'The toilet.', 'The toilet.', 'The toilet.']",-0.0,"Which object could hold more liquid, the toilet or mug?",,True,0.32561809404461245,0,correct_high
validation::4410,['ribbon'],A yellow ribbon.,1.0,"['A yellow ribbon.', 'A yellow ribbon.', 'A yellow ribbon.', 'A yellow ribbon.', 'A yellow ribbon.', 'A yellow ribbon.', 'A yellow ribbon.', 'A yellow ribbon.', 'A yellow ribbon.', 'A yellow ribbon.']",-0.0,What is tied in front of the log that the bird is resting on?,,True,0.32561809404461245,0,correct_high
validation::4413,['lemon'],Lemon.,1.0,"['A lemon.', 'Lemon.', 'Lemon.', 'Lemon.', 'Lemon.', 'Lemon.', 'A lemon.', 'Lemon.', 'Lemon.', 'A lemon.']",-0.0,What is the yellowish object by the dog's tail?,,True,0.32561809404461245,0,correct_high
validation::442,['bib'],In the background.,0.0,"['In the background.', 'In the background.', 'In the background of the image.', 'In the background.', 'In the background of the image.', 'In the background.', 'In the background.', 'In the background.', 'In the background of the image.', 'In the background of the image.']",-0.0,Where can you see pictures of houses?,,False,0.32561809404461245,0,incorrect_high
validation::4420,['smith'],Smith,1.0,"['Smith', 'Smith', 'Smith', 'Smith', 'Smith', 'Smith', 'Smith', 'Smith', 'Smith', 'Smith']",-0.0,"In reference to the green sign above the stop sign that is located next to the train, what word is on this sign?",,True,0.32561809404461245,0,correct_high
validation::4421,['4'],Five.,0.0,"['Five.', 'Six.', 'Five.', 'Four.', 'Five.', 'Five.', 'Five.', '5', 'Six.', 'Five.']",0.8018185525433372,How many giraffe ears are visible?,,False,0.32561809404461245,1,incorrect_low
validation::4422,['7'],6,0.0,"['6', '6', '6', '6', '6', '6', '6', '6', '6', '6']",-0.0,How many people in this picture?,,False,0.32561809404461245,0,incorrect_high
validation::4423,['4'],Three.,0.0,"['Three.', 'Three.', 'Three.', 'Two real eyes and one fake eye (on the teddy bear).', 'Three.', 'Three.', 'Three.', 'Three.', 'Two real eyes, one fake eye.', 'Four.']",0.9404479886553264,How many real and fake eyes are shown in the image?,,False,0.32561809404461245,1,incorrect_low
validation::4426,['polskie linie lotnicze'],LOT Polish Airlines.,0.0,"['LOT Polish Airlines.', 'LOT Polish Airlines', 'LOT Polish Airlines.', 'LOT Polish Airlines.', 'LOT Polish Airlines.', 'LOT Polish Airlines', 'LOT Polish Airlines.', 'LOT Polish Airlines.', 'LOT Polish Airlines.', 'LOT Polish Airlines.']",-0.0,what airline is this plane from?,,True,0.32561809404461245,0,correct_high
validation::4428,['cans'],Cans.,1.0,"['Cans.', 'Cans.', 'Cans.', 'Cans.', 'Cans.', 'Cans.', 'Cans.', 'Cans.', 'Cans.', 'Cans.']",-0.0,Are there more bottles or cans on the floor?,,True,0.32561809404461245,0,correct_high
validation::443,['left'],Right hand.,0.0,"['Right.', 'Right.', 'Right.', 'Right hand.', 'Right hand.', 'Right hand.', 'Right.', 'Left.', 'Right hand.', 'Right hand.']",0.3250829733914482,Which hand is not shown in the picture?,,False,0.32561809404461245,0,incorrect_high
validation::4430,['4'],Four.,0.0,"['Three.', 'Five.', 'Four.', 'Five.', 'Five.', 'Four.', 'Five.', 'Two.', 'Three.', 'Four.']",1.2798542258336674,How many toes are visible?,,True,0.32561809404461245,1,correct_low
validation::4434,['5'],6,0.0,"['6', '6', '6', '7', '6', '6', '6', '6', '7', '6']",0.5004024235381879,How many people are in the closest bleachers?,,False,0.32561809404461245,1,incorrect_low
validation::4437,['green'],Green.,1.0,"['Green.', 'Green.', 'Green.', 'Green.', 'Green.', 'Green.', 'Green.', 'Green.', 'Green.', 'Green.']",-0.0,What color is the floormat?,,True,0.32561809404461245,0,correct_high
validation::4440,['lion'],Lion,1.0,"['Lion', 'Lion', 'Lion', 'Lion', 'Lion', 'Lion', 'Lion', 'Lion', 'Lion', 'Lion']",-0.0,Which one of the following is NOT pictured here: elephant or lion?,,True,0.32561809404461245,0,correct_high
validation::4442,['glasses'],A white object.,0.0,"['A white piece of paper.', 'A white object.', 'A small white object.', 'A white object.', 'A small white object.', 'A white object.', 'A white object.', 'A white object.', 'A white box.', 'A white object.']",1.0888999753452235,what is on top of the machine behind them?,,False,0.32561809404461245,1,incorrect_low
validation::4443,['6'],Approximately 20.,0.0,"['Approximately 20.', 'Approximately 20.', 'Approximately 20.', 'Approximately 20.', 'Approximately 20.', 'Approximately 20.', 'Approximately 20.', 'Approximately 20.', 'Approximately 20.', 'Approximately 20.']",-0.0,how many fruits are in the tree?,,False,0.32561809404461245,0,incorrect_high
validation::4448,['left'],Right.,0.0,"['Right hand.', 'Right.', 'Right.', 'Right.', 'Right.', 'Right.', 'Right hand.', 'Right.', 'Right.', 'Right.']",-0.0,Is the player holding the racket in his right or left hand?,,False,0.32561809404461245,0,incorrect_high
validation::4452,['at&t'],AT&T,1.0,"['AT&T', 'AT&T', 'AT&T', 'AT&T', 'AT&T', 'AT&T', 'AT&T', 'AT&T', 'AT&T', 'AT&T']",-0.0,What phone company is labeled on this phone?,,True,0.32561809404461245,0,correct_high
validation::4455,['nursing'],Nursing.,1.0,"['Nursing.', 'Nursing.', 'Nursing.', 'Nursing.', 'Nursing.', 'Nursing.', 'Nursing.', 'Nursing.', 'Nursing.', 'Nursing.']",-0.0,What activity is occurring in this image?,,True,0.32561809404461245,0,correct_high
validation::4456,['left'],Right turn.,0.0,"['Right turn.', 'Right turn.', 'Right turn.', 'Right turn.', 'Right turn.', 'Right turn.', 'Right turn.', 'Right turn.', 'Right turn.', 'Right turn.']",-0.0,What kind of turn is prohibited?,,False,0.32561809404461245,0,incorrect_high
validation::4459,['kick the ball'],Kick the ball.,1.0,"['Kick the ball.', 'Kick the ball.', 'Kick the ball.', 'Kick the ball.', 'Kick the ball.', 'Kick the ball.', 'Kick the ball.', 'Kick the ball.', 'Kick the ball.', 'Kick the ball.']",-0.0,What is the player on the left about to do?,,True,0.32561809404461245,0,correct_high
validation::4460,['0'],2,0.0,"['2', '2', '2', '2', '2', '2', 'Two.', '2', '2', 'Two.']",-0.0,How many eyes are visible in the picture?,,False,0.32561809404461245,0,incorrect_high
validation::4461,['the carphone warehouse'],Carphone Warehouse,1.0,"['Carphone Warehouse', 'Carphone Warehouse', 'Carphone Warehouse', 'Carphone Warehouse', 'Carphone Warehouse', 'Carphone Warehouse', 'Carphone Warehouse', 'Carphone Warehouse', 'Carphone Warehouse', 'Carphone Warehouse']",-0.0,What is the name of the store?,,True,0.32561809404461245,0,correct_high
validation::4466,['3'],Three.,0.0,"['Three.', 'Three.', 'Three.', 'Three.', 'Three.', 'Three.', 'Three.', 'Three.', 'Three.', 'Three.']",-0.0,How many horses are visible in the field?,,True,0.32561809404461245,0,correct_high
validation::4469,['3'],4,0.0,"['4', '4', '4', '4', '4', '4', '4', '4', '4', '4']",-0.0,how many wheels are in the picture,,False,0.32561809404461245,0,incorrect_high
validation::447,['2'],Two.,0.0,"['Two.', 'Two.', 'Two.', 'Two.', 'Two.', 'Two.', 'Two.', 'Two.', 'Two.', 'Two.']",-0.0,How many different shades of color are the walls painted?,,True,0.32561809404461245,0,correct_high
validation::4475,['skateboard'],A skateboard.,1.0,"['A skateboard.', 'A skateboard.', 'A skateboard.', 'A skateboard.', 'A skateboard.', 'A skateboard.', 'A skateboard.', 'A skateboard.', 'A skateboard.', 'A skateboard.']",-0.0,What is the man holding in the opposite hand from the microphone?,,True,0.32561809404461245,0,correct_high
validation::4480,['bread'],Bread.,1.0,"['Bread.', 'Bread.', 'Bread.', 'Bread.', 'Bread.', 'Bread', 'Bread.', 'Bread.', 'Bread.', 'Bread']",-0.0,What is in the container on the upper left?,,True,0.32561809404461245,0,correct_high
validation::4483,['0'],Zero.,0.0,"['Zero.', 'Zero.', 'Zero.', 'Zero.', '0', 'Zero.', 'Zero.', '0', '0', 'Zero.']",-0.0,how many visible table napkins in the photo?,,True,0.32561809404461245,0,correct_high
validation::4485,['white'],White.,1.0,"['White.', 'White.', 'White.', 'White.', 'White.', 'White.', 'White.', 'White.', 'White.', 'White.']",-0.0,What color are the insides of the big boots?,,True,0.32561809404461245,0,correct_high
validation::4486,['eating animals'],Eating Animals,1.0,"['Eating Animals', 'Eating Animals', 'Eating Animals', 'Eating Animals', 'Eating Animals', 'Eating Animals', 'Eating Animals', 'Eating Animals', 'Eating Animals', 'Eating Animals']",-0.0,What two words are on the sticker below the word stop?,,True,0.32561809404461245,0,correct_high
validation::4487,['baby'],Baby,1.0,"['Baby', 'Baby', 'Baby', 'Baby.', 'Baby', 'Baby', 'Baby.', 'Baby.', 'Baby', 'Baby']",-0.0,"Which one of the following is NOT seen in this picture: baby, phone or girl?",,True,0.32561809404461245,0,correct_high
validation::4488,['a'],a,1.0,"['a', 'a', 'a', 'a', 'a', 'a', 'a', 'a', 'a', 'a']",-0.0,What is the last letter of the word written on the burner/tray in the bottom left?,,True,0.32561809404461245,0,correct_high
validation::4489,['drink'],Drink.,1.0,"['Drink.', 'Drink.', 'Drink.', 'Drink.', 'Drink', 'Drink.', 'Drink.', 'Drink.', 'Drink.', 'Drink.']",-0.0,What is the word on the sign after for?,,True,0.32561809404461245,0,correct_high
validation::449,['right'],Left.,0.0,"['Left.', 'Left.', 'Left.', 'Left.', 'Left.', 'Left.', 'Left.', 'Left.', 'Left.', 'Left.']",-0.0,Which hand is this person using to hold the phone?,,False,0.32561809404461245,0,incorrect_high
validation::4490,['1'],Two.,0.0,"['Two.', 'Two.', 'Two.', 'Two.', 'Two.', 'Two.', 'Two.', 'Two.', 'Two.', 'Two.']",-0.0,how many trees do you see?,,False,0.32561809404461245,0,incorrect_high
validation::4494,['1'],"It's difficult to say for sure, but it appears that **none** of the sheep in the picture have been shorn. They all have very thick, long wool.",0.0,"['Three.', 'Four.', 'Three.', 'One.', ""It's difficult to say for sure, but based on the visible wool, it appears that **none** of the sheep have been shorn."", ""It's difficult to say for sure, but it looks like at least one sheep has been shorn."", 'Based on the image, it appears that **none** of the sheep have been shorn. Their wool is long and thick.', ""It's difficult to say for certain, but it appears that **none** of the sheep have been shorn. They all have thick, long wool."", ""It's difficult to say for sure, but based on the visible fleece, it appears that **none** of the sheep have been shorn."", 'Three.']",1.834371970281624,how many sheep in this picture have been shorn?,,False,0.32561809404461245,1,incorrect_low
validation::4495,['107'],107,1.0,"['107', '107', '107', '107', '107', '107', '107', '107', '107', '107']",-0.0,what number is on blue on the wagon?,,True,0.32561809404461245,0,correct_high
validation::4496,['3'],Two.,0.0,"['Two.', 'Two.', 'Two.', 'Two.', 'Two.', 'Two.', 'Two.', 'Two.', 'Two.', 'Two.']",-0.0,How many red pillows are there?,,False,0.32561809404461245,0,incorrect_high
validation::4498,['4'],Four.,0.0,"['Four.', 'Four.', 'Four.', '4', 'Four.', 'Four.', 'Four.', 'Four.', 'Four.', 'Four.']",-0.0,how many computer screens are in the picture?,,True,0.32561809404461245,0,correct_high
validation::45,['candy cane'],Candy cane.,1.0,"['Candy cane.', 'Candy cane.', 'Candy cane.', 'Candy cane.', 'Candy cane.', 'Candy cane.', 'Candy cane.', 'Candy cane.', 'Candy cane.', 'Candy cane.']",-0.0,"What is the green, red, and white striped thing hanging on the tree?",,True,0.32561809404461245,0,correct_high
validation::4500,['lime'],Lime.,1.0,"['Lime.', 'Lime.', 'Lime.', 'Lime.', 'Lime.', 'Lime.', 'Lime.', 'Lime.', 'Lime.', 'Lime.']",-0.0,What fruit is this?,,True,0.32561809404461245,0,correct_high
validation::4501,['1'],One.,0.0,"['One.', 'One.', 'One.', 'One.', 'One.', 'One.', 'One.', 'One.', 'One.', 'One.']",-0.0,How many people are in the picture?,,True,0.32561809404461245,0,correct_high
validation::4505,['3'],Four.,0.0,"['Four.', 'Four.', 'Four.', 'Four.', 'Four.', 'Four.', 'Four.', 'Four.', 'Four.', 'Four.']",-0.0,How many hot dog buns are there?,,False,0.32561809404461245,0,incorrect_high
validation::451,['nautilus'],Nautilus,1.0,"['Nautilus.', 'Nautilus.', 'Nautilus', 'Nautilus', 'Nautilus', 'Nautilus', 'Nautilus.', 'Nautilus', 'Nautilus', 'Nautilus']",-0.0,What is the brand of the jump rope?,,True,0.32561809404461245,0,correct_high
validation::4516,['4'],6,0.0,"['6', '6', '6', '6', '6', '6', '6', '6', '6', '6']",-0.0,How many living creatures are pictured?,,False,0.32561809404461245,0,incorrect_high
validation::4519,['black'],Black.,1.0,"['Black.', 'Black.', 'Black.', 'Black.', 'Black.', 'Black.', 'Black.', 'Black.', 'Black.', 'Black.']",-0.0,What color is the boot in this picture?,,True,0.32561809404461245,0,correct_high
validation::4521,['yellow and red'],Yellow and black.,1.0,"['Yellow and black.', 'Yellow and black.', 'Yellow and black.', 'Yellow and black.', 'Yellow and black.', 'Yellow and black.', 'Yellow and black.', 'Yellow and black.', 'Yellow and black.', 'Yellow and black.']",-0.0,What two colors is the bull on the white sign in the background?,,False,0.32561809404461245,0,incorrect_high
validation::4523,['cabbage'],Cabbage.,1.0,"['Cabbage.', 'Cabbage.', 'Cabbage.', 'Cabbage.', 'Cabbage.', 'Cabbage.', 'Cabbage.', 'Cabbage.', 'Cabbage.', 'Cabbage.']",-0.0,What is to the right of the broccoli?,,True,0.32561809404461245,0,correct_high
validation::4524,['dress'],A two-tone dress.,1.0,"['A two-tone dress.', 'A two-toned dress.', 'A two-toned dress.', 'A two-tone dress.', 'A two-tone dress.', 'A two-toned dress.', 'A two-tone dress.', 'A two-tone dress.', 'A two-tone dress.', 'A two-tone dress.']",-0.0,What is the girl wearing?,,True,0.32561809404461245,0,correct_high
validation::4529,['1937'],1937,1.0,"['1937', '1937', '1937', '1937', '1937', '1937', '1937', '1937', '1937', '1937']",-0.0,What year is on the  hydrant?,,True,0.32561809404461245,0,correct_high
validation::4530,['robson'],Robson Street.,1.0,"['Robson Street.', 'Robson Street.', 'Robson Street.', 'Robson Street.', 'Robson Street.', 'Robson Street.', 'Robson Street', 'Robson Street', 'Robson Street.', 'Robson Street.']",-0.0,What Street is on the sign?,,True,0.32561809404461245,0,correct_high
validation::4531,['grey'],Silver.,0.0,"['Silver.', 'Silver.', 'Silver.', 'Silver.', 'Silver.', 'Silver.', 'Silver.', 'Silver.', 'Silver.', 'Silver.']",-0.0,What color is the wing?,,True,0.32561809404461245,0,correct_high
validation::4536,['pepper'],Carrots.,0.0,"['Carrots.', 'Carrots.', 'Carrots.', 'Carrots.', 'Carrots.', 'Carrots.', 'Carrots.', 'Carrots.', 'Carrots.', 'Carrots.']",-0.0,What is the orange food in the pan?,,False,0.32561809404461245,0,incorrect_high
validation::4539,['breakfast'],Breakfast.,1.0,"['Breakfast', 'Breakfast.', 'Breakfast.', 'Breakfast', 'Breakfast.', 'Breakfast.', 'Breakfast.', 'Breakfast.', 'Breakfast.', 'Breakfast.']",-0.0,What meal of the day is advertised?,,True,0.32561809404461245,0,correct_high
validation::454,['lhasa'],Lhasa,1.0,"['Lhasa', 'Lhasa', 'Lhasa', 'Lhasa', 'Lhasa', 'Lhasa', 'Lhasa', 'Lhasa', 'Lhasa', 'Lhasa']",-0.0,"What is the word before ""Restaurant""?",,True,0.32561809404461245,0,correct_high
validation::4540,['surfboard'],A kite bar.,0.0,"['A kite bar.', 'A kite control bar.', 'A kite control bar.', 'A kite bar.', 'A kite bar.', 'A kite bar.', 'A kite control bar.', 'A kite bar.', 'A kite control bar.', 'A kite bar.']",0.6730116670092565,What does the woman hold in her left hand?,,False,0.32561809404461245,1,incorrect_low
validation::4546,['2'],One.,0.0,"['One.', 'One.', 'Two', 'One.', 'Two.', 'One.', 'One.', 'One.', 'One.', 'Two.']",0.6108643020548935,How many pizzas are being made to cook?,,False,0.32561809404461245,1,incorrect_low
validation::455,['camera'],A ski slope.,0.0,"['A ski slope.', 'A ski slope.', 'A ski slope.', 'A ski slope.', 'A ski slope.', 'A ski slope.', 'A ski slope.', 'A ski slope.', 'A ski slope.', 'A ski slope.']",-0.0,where is man starting at?,,False,0.32561809404461245,0,incorrect_high
validation::4553,['hands'],Feet.,0.0,"['Feet.', 'Feet.', 'Feet.', 'Feet.', 'Feet.', 'Feet.', 'Feet.', 'Feet.', 'Feet.', 'Feet.']",-0.0,Are there more hands or feet visible?,,False,0.32561809404461245,0,incorrect_high
validation::4557,['sanssouci'],Sanssouci,1.0,"['Sanssouci', 'Sanssouci', 'Sanssouci', 'Sanssouci', 'Sanssouci', 'Sanssouci', 'Sanssouci', 'Sanssouci', 'Sanssouci', 'Sanssouci']",-0.0,What does it say on the side of the boat closest in the foreground,,True,0.32561809404461245,0,correct_high
validation::4560,['1'],Four.,0.0,"['Four.', 'Four.', 'Four.', 'Four.', 'Four.', 'Four.', 'Four.', 'Four.', 'Four.', 'Four.']",-0.0,how many bear paws are in view?,,False,0.32561809404461245,0,incorrect_high
validation::4561,['marble'],Marble.,1.0,"['Marble.', 'Marble.', 'Marble.', 'Marble.', 'Marble.', 'Marble.', 'Marble.', 'Marble.', 'Marble.', 'Marble.']",-0.0,what is the tabletop made of?,,True,0.32561809404461245,0,correct_high
validation::4565,['tub'],Shower.,0.0,"['Shower.', 'Shower.', 'Shower.', 'Shower.', 'Shower.', 'Shower.', 'Shower.', 'Shower.', 'Shower.', 'Shower.']",-0.0,Is the toilet farther from the tub or the shower based on the reflection in the mirror?,,False,0.32561809404461245,0,incorrect_high
validation::457,['0'],One.,0.0,"['Zero.', 'One.', 'Zero.', 'Zero.', 'One.', 'One.', 'Zero.', 'One.', 'One.', 'One.']",0.6730116670092565,How many cups are there?,,False,0.32561809404461245,1,incorrect_low
validation::4570,['5:10'],10:28,0.0,"['1:55', '10:28', '11:52', '10:22', '12:23', '10:11', '11:53', '10:42', '10:18', '10:29.']",2.302585092994045,What time does the clock say it is?,,False,0.32561809404461245,1,incorrect_low
validation::4571,['0'],One.,0.0,"['One.', 'One.', 'One.', 'One.', 'One.', 'One.', 'One.', 'One.', 'One.', 'One.']",-0.0,how many windows are open?,,False,0.32561809404461245,0,incorrect_high
validation::4572,['8'],8,1.0,"['8', '8', '8', '8', '8', '8', '8', '8', '8', '8']",-0.0,How many hooves are there?,,True,0.32561809404461245,0,correct_high
validation::4574,['3'],Six.,0.0,"['6', 'Seven.', '8', 'Six.', 'Six.', 'Five.', '8', '6', '6', 'Six.']",1.0888999753452235,How many legs on the bench?,,False,0.32561809404461245,1,incorrect_low
validation::4575,['restaurant'],Restaurant.,1.0,"['Restaurant.', 'Restaurant', 'Restaurant.', 'Restaurant.', 'Restaurant.', 'Restaurant.', 'Restaurant.', 'Restaurant.', 'Restaurant.', 'Restaurant.']",-0.0,What kind of business is the white and green building behind the train.,,True,0.32561809404461245,0,correct_high
validation::4577,['isuzu'],Isuzu,1.0,"['Isuzu', 'Isuzu', 'Isuzu.', 'Isuzu', 'Isuzu.', 'Isuzu.', 'Isuzu', 'Isuzu', 'Isuzu', 'Isuzu']",-0.0,what brand of truck?,,True,0.32561809404461245,0,correct_high
validation::4578,['book'],A book.,1.0,"['A book.', 'A book.', 'A book.', 'A book.', 'A book.', 'A book.', 'A book.', 'A book.', 'A book.', 'A book.']",-0.0,What object besides a lamp is on the far nightstand?,,True,0.32561809404461245,0,correct_high
validation::458,['hands'],Tape.,0.0,"['Tape.', 'Tape.', 'Tape.', 'Tape.', 'Tape.', 'Tape.', 'Tape.', 'Tape.', 'Tape.', 'Tape.']",-0.0,what is around the bottom of the bat?,,False,0.32561809404461245,0,incorrect_high
validation::4580,['3'],3,1.0,"['3', '3', '3', '3', '3', '3', '3', '3', '3', '3']",-0.0,what number is after Max on the blue sign?,,True,0.32561809404461245,0,correct_high
validation::4581,['red'],Red.,1.0,"['Red.', 'Red.', 'Red.', 'Red.', 'Red.', 'Red.', 'Red.', 'Red.', 'Red.', 'Red.']",-0.0,What color is the catchers helmet?,,True,0.32561809404461245,0,correct_high
validation::4582,['2'],22,0.0,"['23', '22', '22', '23', '23', '22', '22', '22', '22', '22']",0.6108643020548935,What is the number on the hitter's shirt?,,False,0.32561809404461245,1,incorrect_low
validation::4583,['8:35'],10:58,0.0,"['10:47', '8:58', '7:25.', 'The clock says 11:25.', '8:59', '8:59', '10:58', '10:58', 'The clock says 11:05.', '10:52']",2.025326220770068,What time does the clock say?,,False,0.32561809404461245,1,incorrect_low
validation::4586,['2'],12,0.0,"['12', '12', '9', '12', '20', '12', '12', '12', '12', '12']",0.639031859650177,how many circles on racket?,,False,0.32561809404461245,1,incorrect_low
validation::4588,['coconut banana'],Coconuts and bananas.,0.0,"['Coconuts and bananas.', 'Coconuts and bananas.', 'Coconuts and bananas.', 'Coconuts and bananas.', 'Coconuts and bananas.', 'Coconuts and bananas.', 'Coconuts and bananas.', 'Coconuts and bananas.', 'Bananas and coconuts.', 'Coconuts and bananas.']",-0.0,What 2 fruits are on the wood table?,,True,0.32561809404461245,0,correct_high
validation::459,['2'],One.,0.0,"['One.', 'One.', 'One.', 'One.', 'One.', 'One.', 'One.', 'One.', 'One.', 'One.']",-0.0,How many eyes are looking in this direction?,,False,0.32561809404461245,0,incorrect_high
validation::4590,['peanuts'],Peanuts.,1.0,"['Peanuts.', 'Peanuts.', 'Peanuts.', 'Peanuts.', 'Peanuts.', 'Peanuts.', 'Peanuts.', 'Peanuts.', 'Peanuts.', 'Peanuts.']",-0.0,What kind of nuts are those?,,True,0.32561809404461245,0,correct_high
validation::4591,['3'],Two.,0.0,"['Two.', 'Two.', 'Two.', 'Two.', 'Two.', 'Two.', 'Two.', 'Two.', 'Two.', 'Two.']",-0.0,how many zebras are facing left?,,False,0.32561809404461245,0,incorrect_high
validation::4594,['right'],His left arm.,0.0,"['His left arm.', 'His left arm.', 'His left arm.', 'His left arm.', 'His left arm.', 'His left arm.', 'His left arm.', 'His left arm.', 'His left arm.', 'His left arm.']",-0.0,which of the man's arms is the woman holding?,,False,0.32561809404461245,0,incorrect_high
validation::4596,['water'],Water and trees.,1.0,"['Water and trees.', 'The lake and trees.', 'The lake and trees.', 'The lake and trees.', 'Water and trees.', 'Water and trees.', 'Water.', 'Water.', 'A lake and trees.', 'Water and trees.']",1.0549201679861442,What is above the grass?,,True,0.32561809404461245,1,correct_low
validation::4599,['2'],Three.,0.0,"['Three.', 'Three.', 'Three.', 'Three.', 'Three.', 'Three.', 'Three.', 'Three.', 'Three.', 'Three.']",-0.0,How many people are on the large plate?,,False,0.32561809404461245,0,incorrect_high
validation::4600,['toolbox'],A black box.,0.0,"['A black box.', 'A black box.', 'A box.', 'A black box.', 'A black box.', 'A black box.', 'A black box.', 'A black box.', 'A black box.', 'A black box.']",0.3250829733914482,What metal object is in front of the door on the ground?,,True,0.32561809404461245,0,correct_high
validation::4604,['2'],Two.,0.0,"['Two.', 'Two.', 'Two.', 'Two.', 'Two.', 'Two.', 'Two.', 'Two.', 'Two.', 'Two.']",-0.0,how many tomato slices?,,True,0.32561809404461245,0,correct_high
validation::4606,['v'],Long and narrow.,0.0,"['Long and narrow.', 'Long and narrow.', 'Long and narrow.', 'Long and narrow.', 'Long and narrow.', 'Long and narrow.', 'Long and narrow.', 'Long and narrow.', 'Long and narrow.', 'Long and narrow.']",-0.0,What shape are the skis in?,,False,0.32561809404461245,0,incorrect_high
validation::4607,['www.reays.co.uk'],reays.co.uk,0.0,"['reays.co.uk', 'www.reays.co.uk', 'reays.co.uk', 'reays.co.uk', 'reays.co.uk', 'reays.co.uk', 'reays.co.uk', 'reays.co.uk', 'reays.co.uk', 'reays.co.uk']",-0.0,What is the name of the website that is written on top of the front window glass of the bus?,,True,0.32561809404461245,0,correct_high
validation::4609,['4'],Two.,0.0,"['Three.', 'Two.', 'Two.', 'Two.', 'Two.', 'Two.', 'Two.', 'Three.', 'Two.', 'Two.']",0.5004024235381879,How many people-like images are obviously on the clock?,,False,0.32561809404461245,1,incorrect_low
validation::461,['red'],White.,0.0,"['White.', 'White.', 'White.', 'White.', 'White.', 'White.', 'White.', 'White.', 'White.', 'White.']",-0.0,What colors are the arrows on the street sign?,,False,0.32561809404461245,0,incorrect_high
validation::4617,['usa'],United States.,0.0,"['United States.', 'United States of America.', 'United States.', 'United States.', 'United States.', 'United States.', 'United States.', 'United States.', 'United States.', 'United States of America.']",-0.0,what counrty do the colors on kite represent?,,True,0.32561809404461245,0,correct_high
validation::4618,['tennis ball'],A tennis racket.,1.0,"['A tennis racket.', 'A tennis racket.', 'A tennis racket.', 'A tennis racket.', 'A tennis racket.', 'A tennis racket.', 'A tennis racket.', 'A tennis racket.', 'A tennis racket.', 'A tennis racket.']",-0.0,What is the man holding in his left hand?,,False,0.32561809404461245,0,incorrect_high
validation::462,['wipers'],Lights.,0.0,"['Lights.', 'Lights.', 'Lights.', 'Lights.', 'Lights.', 'Lights.', 'Lights.', 'Lights.', 'Lights.', 'Lights.']",-0.0,"What objects are on the 2, front windows?",,False,0.32561809404461245,0,incorrect_high
validation::4620,['left'],Left.,1.0,"['Left.', 'Left.', 'Left.', 'Left.', 'Left.', 'Left.', 'Left.', 'Left.', 'Left.', 'Left.']",-0.0,Is the scratching post to the right or left of the tv?,,True,0.32561809404461245,0,correct_high
validation::4624,['eggs'],Eggs.,1.0,"['Eggs.', 'Eggs.', 'Eggs.', 'Eggs.', 'Eggs.', 'Eggs.', 'Eggs.', 'Eggs.', 'Eggs.', 'Eggs.']",-0.0,What is usually in the container on the top shelf of the open fridge?,,True,0.32561809404461245,0,correct_high
validation::4628,['3'],3,1.0,"['3', '3', '3', '3', '3', '3', '3', '3', '3', '3']",-0.0,how many boys are in the picture?,,True,0.32561809404461245,0,correct_high
validation::4631,['phillips'],Phillips head.,1.0,"['Phillips head.', 'Phillips head.', 'Phillips head.', 'Phillips head.', 'Phillips head.', 'Phillips head.', 'Phillips head.', 'Phillips head.', 'Phillips head.', 'Phillips head.']",-0.0,Would you use either a Phillips head or a flat head screwdriver on the visible screws?,,True,0.32561809404461245,0,correct_high
validation::4634,['bracelet'],A black bracelet.,1.0,"['A black bracelet.', 'A black bracelet.', 'A black bracelet.', 'A black bracelet.', 'A black bracelet.', 'A black bracelet.', 'A black bracelet.', 'A black bracelet.', 'A black bracelet.', 'A black bracelet.']",-0.0,What is the girl wearing on her arm?,,True,0.32561809404461245,0,correct_high
validation::4635,['waggle dance'],Waggle Dance,1.0,"['Waggle Dance.', 'Waggle Dance', 'Waggle Dance', 'Waggledance', 'Waggle Dance', 'Waggle Dance.', 'Waggle Dance', 'Waggle Dance.', 'Waggle Dance.', 'Waggle Dance']",-0.0,What brand is the beer?,,False,0.32561809404461245,0,incorrect_high
validation::4636,['clouds'],Clouds/fog.,0.0,"['Clouds/fog.', 'Clouds/Fog.', 'Clouds/fog.', 'Clouds/fog.', 'Clouds/fog.', 'Clouds/fog.', 'Clouds/fog.', 'Clouds/fog.', 'Clouds/fog.', 'Clouds/fog.']",-0.0,What is the vapor on the mountainside?,,True,0.32561809404461245,0,correct_high
validation::4640,['25'],25,1.0,"['25', '25', '25', '25', '25', '25', '25', '25', '25', '25']",-0.0,What two digit number is on the front of the bus on the right?,,True,0.32561809404461245,0,correct_high
validation::4649,['gulp'],Gulp,1.0,"['Gulp', 'Gulp', 'Gulp', 'Gulp', 'Gulp', 'Gulp', 'Gulp', 'Gulp', 'Gulp', 'Gulp']",-0.0,What four letter word is on the red mug?,,True,0.32561809404461245,0,correct_high
validation::465,['rope'],Rope.,1.0,"['Rope.', 'Rope.', 'Rope.', 'Rope.', 'Rope.', 'Rope.', 'Rope.', 'Rope.', 'Rope.', 'Rope.']",-0.0,WHAT IS THE LEAD MADE OF?,,True,0.32561809404461245,0,correct_high
validation::4656,['1'],One.,0.0,"['One.', 'One.', 'One.', 'One.', 'One.', 'One.', 'One.', 'One.', 'One.', 'One.']",-0.0,How many animals are sitting down?,,True,0.32561809404461245,0,correct_high
validation::4657,['2'],Two.,0.0,"['Two.', 'Two.', 'Two.', 'Two.', 'Two.', 'Two.', 'Two.', 'Two.', 'Two.', 'Two.']",-0.0,How many ski tips are visible?,,True,0.32561809404461245,0,correct_high
validation::466,['2'],Three.,0.0,"['Three.', 'Three.', 'Three.', 'Three.', 'Three.', 'Three.', 'Three.', 'Three.', '3', 'Three.']",-0.0,How many mouses are there?,,False,0.32561809404461245,0,incorrect_high
validation::4663,['4'],3,0.0,"['3', 'Four.', 'Four.', '3', '3', 'Three.', 'Four.', '3', 'Four.', 'Four.']",0.6931471805599453,How many people are riding on the lift chair?,,False,0.32561809404461245,1,incorrect_low
validation::4664,['blue'],Blue.,1.0,"['Blue.', 'Blue.', 'Blue.', 'Blue.', 'Blue.', 'Blue.', 'Blue.', 'Blue.', 'Blue.', 'Blue.']",-0.0,what color are the conductors clothes,,True,0.32561809404461245,0,correct_high
validation::4666,['4'],4,1.0,"['4', '4', '6', '4', '4', '4', '6', '4', '4', '4']",0.5004024235381879,What is the total number of the zebra's eyes and ears visible in the picture?,,True,0.32561809404461245,1,correct_low
validation::4671,['2'],Two.,0.0,"['Two.', 'Two.', 'Two.', 'Two.', 'Two.', 'Two.', 'Two.', 'Two.', 'Two.', 'Two.']",-0.0,How many layers of cake are there?,,True,0.32561809404461245,0,correct_high
validation::4673,['pink'],Pink.,1.0,"['Pink.', 'Pink.', 'Pink.', 'Pink.', 'Pink.', 'Pink.', 'Pink.', 'Pink.', 'Pink.', 'Pink.']",-0.0,What color is the man's dress shirt?,,True,0.32561809404461245,0,correct_high
validation::4676,['2'],Two.,0.0,"['Two.', 'Two.', 'Two.', 'Two.', 'Two.', '2', 'Two.', 'Two.', '2', 'Two.']",-0.0,How many shepherds are there?,,True,0.32561809404461245,0,correct_high
validation::4678,['0'],Four.,0.0,"['Four.', 'Four.', 'Four.', 'Four.', 'Four.', 'Four.', 'Four.', 'Four.', 'Four.', 'Four.']",-0.0,How many hooves can be seen?,,False,0.32561809404461245,0,incorrect_high
validation::4680,['200'],200,1.0,"['200', '200', '200', '200', '200', '200', '200', '200', '200', '200']",-0.0,what number is written on the signs that are the closest to the camera?,,True,0.32561809404461245,0,correct_high
validation::4684,['3'],5,0.0,"['5', '5', '5', '5', '5', '5', '5', '5', '5', '5']",-0.0,how many cars drivivng?,,False,0.32561809404461245,0,incorrect_high
validation::4687,['left'],Left.,1.0,"['Left.', 'Left.', 'Left.', 'Left.', 'Left.', 'Left.', 'Left.', 'Left.', 'Left.', 'Left.']",-0.0,In what direction is the One Way sign pointing?,,True,0.32561809404461245,0,correct_high
validation::4690,['2:01'],10:04,0.0,"['10:04', '10:06', '10:04', '10:04', '10:04', '10:04', '10:04', '10:04', '10:28', '10:04']",0.639031859650177,What time is seen on the clock?,,False,0.32561809404461245,1,incorrect_low
validation::4692,['4'],Four.,0.0,"['Four.', 'Four.', 'Four.', 'Four.', 'Four.', 'Four.', 'Four.', 'Four.', 'Four.', 'Four.']",-0.0,How many legs total are visible from both birds in the image?,,True,0.32561809404461245,0,correct_high
validation::4693,['white'],White.,1.0,"['White.', 'White.', 'White.', 'White.', 'White.', 'White.', 'White.', 'White.', 'White.', 'White.']",-0.0,What is the second most prominent color of the cat's fur?,,True,0.32561809404461245,0,correct_high
validation::4694,['5'],6,0.0,"['6', '6', '6', '6', '6', '6', '6', '6', '6', '6']",-0.0,How many animals can be seen in this photo?,,False,0.32561809404461245,0,incorrect_high
validation::4695,['water'],A water trough.,1.0,"['A stone trough.', 'A water trough.', 'A stone trough.', 'A stone or concrete water trough.', 'A water trough.', 'A water trough.', 'A stone trough.', 'A water trough.', 'A water trough.', 'A stone trough.']",0.9433483923290392,what is in the box behind the woman?,,True,0.32561809404461245,1,correct_low
validation::4697,['red hand'],The red traffic light.,0.0,"['The red traffic light.', 'The red traffic light.', 'The red traffic light.', 'The red traffic light.', 'Red traffic light.', 'The red traffic light.', 'The red traffic light.', 'The red traffic light.', 'The red traffic light.', 'The red traffic light.']",-0.0,what shows that you cannot cross?,,True,0.32561809404461245,0,correct_high
validation::4698,['bls'],RLS,0.0,"['R.L.S.', 'RLS', 'ILS', 'RLS', 'RLS', 'RLS', 'R.L.S.', 'R.L.S.', 'RLS', 'R.L.S.']",0.3250829733914482,What are the letters on the skateboarding man's t-shirt?,,False,0.32561809404461245,0,incorrect_high
validation::4699,['1'],Two.,0.0,"['2', 'Two.', 'Two.', 'Two.', 'Two.', '2', '2', '2', 'Two.', '2']",-0.0,How many stuffed toys are there?,,False,0.32561809404461245,0,incorrect_high
validation::4700,['paws'],A computer mouse.,0.0,"['A mouse.', 'A computer mouse.', 'A computer mouse.', 'A computer mouse.', 'A computer mouse.', 'A mouse.', 'A computer mouse.', 'A computer mouse.', 'A computer mouse.', 'A computer mouse.']",0.5004024235381879,what is the cats tail covering?,,False,0.32561809404461245,1,incorrect_low
validation::4703,['car racing'],Baseball.,0.0,"['Baseball.', 'Baseball.', 'Baseball.', 'Hockey.', 'Baseball.', 'Baseball.', 'Baseball.', 'Baseball.', 'Hockey.', 'Baseball.']",0.5004024235381879,What sport is on the television?,,False,0.32561809404461245,1,incorrect_low
validation::4706,['6'],5,0.0,"['5', '5', 'Five.', 'Five.', '5', '5', '5', '5', '5', 'Five.']",-0.0,How many laptop screens are on the table?,,False,0.32561809404461245,0,incorrect_high
validation::4708,['4'],Four.,0.0,"['Four.', 'Four.', 'Four.', 'Four.', 'Four.', 'Four.', 'Four.', 'Four.', 'Four.', 'Four.']",-0.0,How many buttons on the man's sleeve?,,True,0.32561809404461245,0,correct_high
validation::4715,['5'],7,0.0,"['7', '7', '8', '7', '7', '8', '7', '7', '7', '7']",0.5004024235381879,how many people?,,False,0.32561809404461245,1,incorrect_low
validation::4716,['bocquet'],Bocquet.,1.0,"['Bocquet', 'Bocquet.', 'Bocquet.', 'Bocquet', 'Bocquet.', 'Bocquet.', 'Bocquet.', 'Bocquet.', 'Bocquet', 'Bocquet.']",-0.0,What is Paul's last name?,,True,0.32561809404461245,0,correct_high
validation::4717,['deep dish'],Deep dish.,1.0,"['Deep dish.', 'Deep dish.', 'Deep dish.', 'Deep dish.', 'Deep dish.', 'Deep dish.', 'Deep dish.', 'Deep dish.', 'Deep dish.', 'Deep dish.']",-0.0,Does this look like deep dish pizza or thin crust pizza?,,True,0.32561809404461245,0,correct_high
validation::4718,['3'],Two.,0.0,"['Two.', 'Two.', 'Two.', 'Two.', 'Two.', 'Two.', 'Two.', 'Two.', 'Two.', 'Two.']",-0.0,How many men are batting left-handed?,,False,0.32561809404461245,0,incorrect_high
validation::4723,['15923'],15923,1.0,"['15923', '15923', '15923', '15923', '15923', '15923', '15923', '15923', '15923', '15923']",-0.0,What number is this firehouse?,,True,0.32561809404461245,0,correct_high
validation::473,['green'],Red and green.,1.0,"['Red.', 'Red and green.', 'Red and green.', 'Red and green.', 'Red and green.', 'Red.', 'Red and green.', 'Red and green.', 'Red.', 'Red and green.']",0.6108643020548935,What color are the lights down the street to the left?,,False,0.32561809404461245,1,incorrect_low
validation::4730,['1'],Two.,0.0,"['2', 'Two.', 'Two.', 'Two.', '2', '2', 'Two.', '2', 'Two.', 'Two.']",-0.0,How many balding men are there?,,False,0.32561809404461245,0,incorrect_high
validation::4733,['2'],Two.,0.0,"['Two.', 'One.', 'Two.', 'One.', 'Two.', 'Two.', 'One.', 'Two.', 'One.', 'Two.']",0.6730116670092565,How many towels can be seen?,,True,0.32561809404461245,1,correct_low
validation::4735,['playing tennis'],Playing tennis.,1.0,"['Playing tennis.', 'Playing tennis.', 'Playing tennis.', 'Playing tennis.', 'Playing tennis.', 'Playing tennis.', 'Playing tennis.', 'Playing tennis.', 'Playing tennis.', 'Playing tennis.']",-0.0,What is the man doing?,,True,0.32561809404461245,0,correct_high
validation::4736,['5'],5,1.0,"['5', '5', '5', '5', '5', '5', '5', '5', '5', '5']",-0.0,what number is on the middle sticker on the right side?,,True,0.32561809404461245,0,correct_high
validation::4738,['thermostat'],A thermostat.,1.0,"['A thermostat.', 'A thermostat.', 'A thermostat.', 'A thermostat.', 'A thermostat.', 'A thermostat.', 'A thermostat.', 'A thermostat.', 'A thermostat.', 'A thermostat.']",-0.0,What is above the light switch next to the door?,,True,0.32561809404461245,0,correct_high
validation::4739,['2'],4,0.0,"['4', '4', '4', '3', 'Three.', 'Four.', '4', '4', 'Three.', '3']",0.6730116670092565,How many logs are there?,,False,0.32561809404461245,1,incorrect_low
validation::4742,['right'],Right.,1.0,"['Right.', 'Right foot.', 'The right foot.', 'The right foot.', 'Right.', 'Right foot.', 'Right foot.', 'Right foot.', 'Right.', 'Right.']",-0.0,Which of the skier's feet is closer to the end of the rail?,,True,0.32561809404461245,0,correct_high
validation::4746,['10'],One.,0.0,"['One.', 'One.', 'One.', 'One.', 'One.', 'One.', 'One.', 'One.', 'One.', 'One.']",-0.0,how many fingers can you see?,,False,0.32561809404461245,0,incorrect_high
validation::4747,['water'],WATER,1.0,"['WATER', 'WATER', 'WATER', 'Water', 'WATER', 'WATER', 'Water', 'WATER', 'WATER', 'Water']",-0.0,what is the first word on the sign?,,True,0.32561809404461245,0,correct_high
validation::4748,['2'],Two.,0.0,"['Two.', 'Two.', 'Two.', '2', '2', 'Two.', 'Two.', '2', '2', '2']",-0.0,how many mammals are in this picture?,,True,0.32561809404461245,0,correct_high
validation::4750,['keyboard'],A desk.,0.0,"['A desk.', 'A desk.', 'A desk.', 'A desk.', 'A desk.', 'A desk.', 'A desk.', 'A desk.', 'A desk.', 'A desk.']",-0.0,What are the hind legs on?,,False,0.32561809404461245,0,incorrect_high
validation::4754,['n'],L,0.0,"['L', 'L', 'L', 'L', 'L', 'L', 'L', 'L', 'L', 'L']",-0.0,what letter on the shoes?,,False,0.32561809404461245,0,incorrect_high
validation::4755,['8'],Six.,0.0,"['Eight.', 'Six.', 'Six.', 'Eight.', 'Six.', 'Six.', 'Six.', 'Six.', 'Six.', 'Eight.']",0.6108643020548935,How many foots are visible?,,False,0.32561809404461245,1,incorrect_low
validation::4756,['wheelchair'],Wheelchair accessibility symbol.,1.0,"['Wheelchair accessibility symbol.', 'Wheelchair accessibility symbol.', 'Wheelchair accessibility symbol.', 'Wheelchair accessibility symbol.', 'Wheelchair accessibility symbol.', 'Wheelchair symbol.', 'Wheelchair accessibility symbol.', 'Wheelchair symbol.', 'Wheelchair accessibility symbol.', 'Wheelchair accessibility symbol.']",0.5004024235381879,what symbol is on the upper left hand of the bus?,,True,0.32561809404461245,1,correct_low
validation::4758,['2'],Two.,0.0,"['Two.', 'Two.', 'Two.', 'Two.', 'Two.', 'Two.', 'Two.', 'Two.', 'Two.', 'Two.']",-0.0,how many persons are on the boat?,,True,0.32561809404461245,0,correct_high
validation::4759,['teddy bear'],Toilet paper.,0.0,"['Toilet paper.', 'Toilet paper.', 'A teddy bear.', 'Toilet paper.', 'Toilet paper.', 'Toilet paper.', 'Toilet paper.', 'Toilet paper.', 'Toilet paper.', 'Toilet paper.']",0.3250829733914482,what is on the toilet?,,False,0.32561809404461245,0,incorrect_high
validation::4760,['rope'],A red rope.,1.0,"['A red rope.', 'A red rope.', 'A red rope.', 'A red rope.', 'A red rope.', 'Red velvet ropes.', 'A red rope.', 'A red rope.', 'A red rope.', 'A red rope.']",0.3250829733914482,What blocks the people from entering the sitting area?,,True,0.32561809404461245,0,correct_high
validation::4761,['pink'],The image does not show a girl in a dress. It shows giraffes and children.,0.0,"['The image does not show a girl in a dress. It shows giraffes and children.', ""There is no mention of a girl's dress in the image or question."", 'The image does not show a girl in a dress. It shows giraffes and children.', 'The image does not show a girl in a dress. It shows giraffes and people.', 'The image does not show a girl in a dress.', 'There are no girls in the image, and thus no dresses to describe.', ""The image doesn't show a girl in a dress. It shows giraffes and a group of children."", 'The image does not show a girl in a dress. It shows giraffes and children.', 'There is no black girl in the image.', 'There is no girl in a dress in the image.']",1.1935496040981333,What color is the black girl's dress?,,False,0.32561809404461245,1,incorrect_low
validation::4765,['2'],Two.,0.0,"['Two.', 'Three.', 'Two.', 'Two.', 'Two.', 'Two.', 'Two.', 'Three.', 'Two.', 'Two.']",0.5004024235381879,how many potatoes?,,True,0.32561809404461245,1,correct_low
validation::4766,['volvo'],Volvo,1.0,"['Volvo', 'Volvo', 'Volvo', 'Volvo', 'Volvo', 'Volvo', 'Volvo', 'Volvo', 'Volvo', 'Volvo']",-0.0,What brand is present on the front of the bus?,,True,0.32561809404461245,0,correct_high
validation::4772,['o'],O,1.0,"['O', 'O', 'O', 'O', 'O', 'O', 'O', 'O', 'O', 'O']",-0.0,What is the 2nd letter on the bottle?,,True,0.32561809404461245,0,correct_high
validation::4774,['red and white'],Red and white.,1.0,"['Red and white.', 'Red and white.', 'Red and white.', 'Red and white.', 'Red and white.', 'Red and white.', 'Red and white.', 'Red and white.', 'Red and white.', 'Red and white.']",-0.0,what two colors are on the farmhouse on the cow?,,True,0.32561809404461245,0,correct_high
validation::4777,['3'],3,1.0,"['3', '4', '4', '4', 'Four.', '3', '3', '3', '3', 'Four.']",0.6931471805599453,How many different types of animals can be seen in the photo?,,True,0.32561809404461245,1,correct_low
validation::4778,['0'],Four.,0.0,"['Four.', 'Three.', 'Three.', 'Four.', 'Three.', 'Four.', 'Four.', '4', '4', 'Four.']",0.6108643020548935,How many yellow vases are on the blue table?,,False,0.32561809404461245,1,incorrect_low
validation::4779,['1'],3,0.0,"['3', '3', '3', '3', '3', '3', '3', '3', '3', '3']",-0.0,how many pieces f chicken are in the right picture?,,False,0.32561809404461245,0,incorrect_high
validation::4785,['circle'],Circle.,1.0,"['Circle.', 'Circle.', 'Circle.', 'Circle.', 'Circle.', 'Circle.', 'Circle.', 'Circle.', 'Circle.', 'Circle.']",-0.0,What shape is the large button in the middle?,,True,0.32561809404461245,0,correct_high
validation::4786,['nothing'],Bare feet.,0.0,"['Nothing.', 'Bare feet.', 'Nothing.', 'Bare feet.', 'Nothing.', 'Barefoot.', 'Nothing.', 'Barefoot.', 'Nothing.', 'Barefoot.']",-0.0,What is she wearing on her feet?,,True,0.32561809404461245,0,correct_high
validation::4787,['2'],Two.,0.0,"['Two.', 'Two.', 'Two.', 'Two.', 'Two.', 'Two.', 'Two.', 'Two.', 'Two.', 'Two.']",-0.0,How many slices of cheese are there?,,True,0.32561809404461245,0,correct_high
validation::4794,['2'],One.,0.0,"['One.', 'One.', 'One.', 'One.', 'One.', 'One.', 'One.', 'One.', 'One.', 'One.']",-0.0,how many pillows on the right side of the bed?,,False,0.32561809404461245,0,incorrect_high
validation::4799,['1'],One.,0.0,"['One.', 'One.', 'One.', 'One.', 'One.', 'One.', 'One.', 'One.', 'One.', '1']",-0.0,How many teddy bears have shoes in this picture?,,True,0.32561809404461245,0,correct_high
validation::4802,['suitcase'],A suitcase.,1.0,"['A suitcase.', 'A suitcase.', 'A suitcase.', 'A suitcase.', 'A suitcase.', 'A suitcase.', 'A suitcase.', 'A suitcase.', 'A suitcase.', 'A suitcase.']",-0.0,What is on top of the person?,,True,0.32561809404461245,0,correct_high
validation::4803,['blue'],Green.,0.0,"['Green.', 'Green.', 'Green.', 'Green.', 'Green.', 'Green.', 'Green.', 'Green.', 'Green.', 'Green.']",-0.0,what is the color of the door?,,False,0.32561809404461245,0,incorrect_high
validation::4810,['chicago'],Chicago.,1.0,"['Chicago.', 'Chicago.', 'Chicago.', 'Chicago.', 'Chicago.', 'Chicago.', 'Chicago.', 'Chicago.', 'Chicago', 'Chicago.']",-0.0,In what city does this image take place?,,True,0.32561809404461245,0,correct_high
validation::4813,['11'],9,0.0,"['9', '9', '9', '9', '9', '9', '9', '9', '9', '9']",-0.0,how many medhu vada are there?,,False,0.32561809404461245,0,incorrect_high
validation::4814,['2'],Two.,0.0,"['Two.', 'Two.', 'Two.', 'Two.', 'Two.', 'Two.', 'Two.', 'Two.', 'Two.', '2']",-0.0,how many lenses visible,,True,0.32561809404461245,0,correct_high
validation::4815,['2'],Two.,0.0,"['Two.', 'Two.', 'Two.', 'Two.', 'Two.', 'Two.', 'Two.', 'Two.', 'Two.', 'Two.']",-0.0,How many chairs are visible?,,True,0.32561809404461245,0,correct_high
validation::4816,['2'],Two.,0.0,"['Two.', 'Two.', 'Two.', 'Two.', 'Two.', 'Two.', 'Two.', 'Two.', 'Two.', 'Two.']",-0.0,how many plates are there?,,True,0.32561809404461245,0,correct_high
validation::4817,['2013'],2013,1.0,"['2013', '2013', '2013', '2013', '2013', '2013', '2013', '2013', '2013', '2013']",-0.0,What year are the plastic food containers from?,,True,0.32561809404461245,0,correct_high
validation::4818,['7'],4,0.0,"['4', '4', '4', '4', '4', '4', '4.', '4', '4', '4']",-0.0,What hour mark is the clock approaching?,,False,0.32561809404461245,0,incorrect_high
validation::4820,['fork'],Rice.,0.0,"['Rice.', 'Rice.', 'Rice.', 'Rice.', 'Rice.', 'White rice.', 'Rice.', 'Rice.', 'Rice.', 'Rice.']",0.3250829733914482,What is above the spoon?,,False,0.32561809404461245,0,incorrect_high
validation::4821,['8'],5,0.0,"['Four.', '5', '5', '5', '5', '5', '4', '5', '4', '5']",0.6108643020548935,How many stars are in the blue rectangle on the front of the hydrant?,,False,0.32561809404461245,1,incorrect_low
validation::4825,['yellow'],Red.,0.0,"['White.', 'There is no lanyard visible in the image.', 'Red.', 'There is no lanyard visible in the image.', 'Red.', 'Red.', 'White.', 'Red.', 'Red.', 'Red.']",0.9502705392332348,what color is the lanyard being worn by the first lady on the left?,,False,0.32561809404461245,1,incorrect_low
validation::4827,['2'],One.,0.0,"['One.', 'One.', 'One.', 'One.', 'One.', 'One.', 'One.', 'One.', 'One.', 'One.']",-0.0,How many chairs?,,False,0.32561809404461245,0,incorrect_high
validation::4830,['peeled'],Peeled.,1.0,"['Peeled.', 'Peeled.', 'Peeled.', 'Peeled.', 'Peeled.', 'Peeled.', 'Peeled.', 'Peeled.', 'Peeled.', 'Peeled.']",-0.0,Is the fruit on the plate peeled or unpeeled.,,True,0.32561809404461245,0,correct_high
validation::4833,['cheese'],Pepperoni pizza.,0.0,"['Pepperoni pizza.', 'Pepperoni pizza.', 'Pepperoni pizza.', 'Pepperoni pizza.', 'Pepperoni pizza.', 'Pepperoni pizza.', 'Pepperoni pizza.', 'Pepperoni pizza.', 'Pepperoni pizza.', 'Pepperoni pizza.']",-0.0,what kind of pizza is this,,False,0.32561809404461245,0,incorrect_high
validation::4835,['2'],Three.,0.0,"['Three.', '3', '3', '3', 'Three.', 'Two.', '3', '3', 'Three.', 'Two.']",0.5004024235381879,How many tops of benches are there?,,False,0.32561809404461245,1,incorrect_low
validation::4837,['detroit'],Detroit,1.0,"['Detroit', 'Detroit', 'Detroit.', 'Detroit.', 'Detroit', 'Detroit', 'Detroit', 'Detroit', 'Detroit.', 'Detroit']",-0.0,Which sign is a city in Michigan?,,True,0.32561809404461245,0,correct_high
validation::4839,['public toilet'],Public toilet.,1.0,"['Public toilet.', 'Public toilet.', 'Public toilet, 150m away.', 'Public toilet, 150 meters away.', 'Public toilet.', 'Public toilet.', 'Public toilet.', 'Public toilet.', 'Public toilet.', 'Public toilet.']",0.5004024235381879,Where does the sign lead you to?,,True,0.32561809404461245,1,correct_low
validation::4840,['86902'],86902,1.0,"['86902', '86902', '86902', '86902', '86902', '86902', '86902', '86902', '86902', '86902']",-0.0,what is this trains number?,,True,0.32561809404461245,0,correct_high
validation::4841,['ski'],Skis.,0.0,"['Skis.', 'Skis.', 'Skis.', 'Skis.', 'Skis.', 'Skis.', 'Skis.', 'Skis.', 'Skis.', 'Skis.']",-0.0,What type of equipment does the person have who is closest to the snowboarder?,,True,0.32561809404461245,0,correct_high
validation::4845,['circle'],Hexagons.,0.0,"['Circles.', 'Hexagons.', 'Hexagons.', 'Hexagons.', 'Circles.', 'Hexagons.', 'Hexagons.', 'Circles.', 'Circles.', 'Hexagons.']",0.6730116670092565,What shape makes up the tile,,False,0.32561809404461245,1,incorrect_low
validation::4848,['milkshake'],Chocolate milkshake.,1.0,"['Chocolate milkshake.', 'Chocolate milkshake.', 'Chocolate milkshake.', 'Chocolate milkshake.', 'Chocolate milkshake.', 'Chocolate milkshake.', 'Chocolate milkshake.', 'Chocolate milkshake.', 'Chocolate milkshake.', 'Chocolate milkshake.']",-0.0,What drink is on the table?,,True,0.32561809404461245,0,correct_high
validation::4849,['5'],3,0.0,"['3', '3', '3', '3', '3', '3', '3', '3', '3', '3']",-0.0,"including partially, how many people?",,False,0.32561809404461245,0,incorrect_high
validation::4852,['6'],Three.,0.0,"['Three.', 'Three.', 'Three.', 'Three.', 'Three.', '3', 'Three.', 'Three.', 'Three.', 'Three.']",-0.0,How many power lines are visible?,,False,0.32561809404461245,0,incorrect_high
validation::4854,['pears'],Floral pattern.,0.0,"['Floral pattern.', 'Fish.', 'Floral pattern.', 'A fish.', 'Floral pattern.', 'Fish.', 'Fish.', 'Fish.', 'Fish.', 'Flowers.']",0.6730116670092565,what is the design on the plate in the lower left corner?,,False,0.32561809404461245,1,incorrect_low
validation::4855,['2'],Two.,0.0,"['Two.', 'Two.', 'Two.', 'Two.', 'Two.', 'Two.', 'Two.', 'Two.', 'Two.', 'Two.']",-0.0,How many of the man's hands have food in them for the giraffes?,,True,0.32561809404461245,0,correct_high
validation::4859,['3'],Two.,0.0,"['Two.', 'Two.', 'Two.', 'Two.', 'Two.', 'Two.', 'Two.', 'Two.', 'Two.', 'Two.']",-0.0,How many chains?,,False,0.32561809404461245,0,incorrect_high
validation::4863,['hb-hzc'],HB-HZC,1.0,"['HB-HZC', 'HB-HZC', 'HB-HZC', 'HB-HZC', 'HB-HZC', 'HB-HZC', 'HB-HZC', 'HB-HZC', 'HB-HZC', 'HB-HZC']",-0.0,What letters are on the lower part of the back of the plane?,,True,0.32561809404461245,0,correct_high
validation::4864,['purple'],Black.,0.0,"['Black.', 'Black.', 'Black.', 'Black.', 'Black.', 'Black.', 'Black.', 'Black.', 'Black.', 'Black.']",-0.0,What color is the curtain?,,False,0.32561809404461245,0,incorrect_high
validation::4868,['on the sheep'],On the sheep.,1.0,"['On the sheep.', 'On the sheep.', 'On the sheep.', 'On the sheep.', 'On the sheep.', 'On the sheep.', 'On the sheep.', 'On the sheep.', 'On the sheep.', 'On the sheep.']",-0.0,Where are the ladies hands?,,True,0.32561809404461245,0,correct_high
validation::4869,['truck'],A car.,0.0,"['A car.', 'A car.', 'A car.', 'A car.', 'A car.', 'A car.', 'A car.', 'A car.', 'A van.', 'A van.']",0.5004024235381879,Where is the dog on top of?,,False,0.32561809404461245,1,incorrect_low
validation::4872,['present'],A drawing of a tree.,0.0,"['A drawing of a birthday cake.', 'A drawing of a wreath.', 'A drawing of a bear.', 'Green leaves.', 'Green leaves.', 'A drawing of a star.', 'A drawing of a holiday decoration.', 'A drawing of a tree and a flag.', 'A drawing of a dinosaur.', 'Green leaves and a red decoration.']",2.163955656882057,what is above the blonde head on wall?,,False,0.32561809404461245,1,incorrect_low
validation::488,['kite'],Kite.,1.0,"['Kite.', 'Kite.', 'Kite.', 'Kite.', 'Kite.', 'Kite.', 'Kite.', 'Kite.', 'Kite.', 'Kite.']",-0.0,is the black thing in the sky a bird or a kite?,,True,0.32561809404461245,0,correct_high
validation::4880,['3'],4,0.0,"['4', '4', '4', '4', '4', '4', '4', '4', '4', '4']",-0.0,How many total eyes of the bears can be seen?,,False,0.32561809404461245,0,incorrect_high
validation::4883,['black'],Blue.,0.0,"['Blue.', 'Blue.', 'Blue.', 'Blue.', 'Blue.', 'Blue.', 'Blue.', 'Blue.', 'Blue.', 'Blue.']",-0.0,What color is the top of the train?,,False,0.32561809404461245,0,incorrect_high
validation::4884,['2'],Four.,0.0,"['Four.', 'Two.', 'Four.', 'Four.', 'Two.', 'Two.', 'Four.', 'Four.', 'Four.', 'Four.']",0.6108643020548935,How many propellers are there?,,False,0.32561809404461245,1,incorrect_low
validation::4885,['puma'],Puma.,1.0,"['Puma.', 'Puma.', 'Puma.', 'Puma.', 'Puma.', 'Puma.', 'Puma.', 'Puma.', 'Puma.', 'Puma.']",-0.0,What animal can be seen on the man's footwear?,,True,0.32561809404461245,0,correct_high
validation::4889,['comedy central'],Comedy Central,1.0,"['Comedy Central', 'Comedy Central', 'Comedy Central', 'Comedy Central', 'Comedy Central', 'Comedy Central', 'Comedy Central', 'Comedy Central', 'Comedy Central.', 'Comedy Central']",-0.0,What does the logo say in the bottom right of the screen?,,True,0.32561809404461245,0,correct_high
validation::4893,['3'],Two.,0.0,"['Two.', 'Two.', 'Two.', 'Two.', 'Two.', 'Two.', 'Two.', 'Two.', 'Two.', 'Two.']",-0.0,How many zebras can be seen?,,False,0.32561809404461245,0,incorrect_high
validation::4895,['22'],22,1.0,"['22', '22', '22', '22', '22', '22', '22', '22', '22', '22']",-0.0,what number is written in lights at the top of the bus?,,True,0.32561809404461245,0,correct_high
validation::4896,['3'],Four.,0.0,"['Four.', 'Four.', '4', '4', 'Four.', 'Four.', 'Four.', 'Four.', 'Four.', 'Four.']",-0.0,How many benches are there?,,False,0.32561809404461245,0,incorrect_high
validation::4897,['6'],6,1.0,"['6', '6', '6', '5', '7', '6', '6', '7', '7', '6']",0.8979457248567798,How many oranges are there?,,True,0.32561809404461245,1,correct_low
validation::4898,['scott brown'],Scott Brown,1.0,"['Scott Brown.', 'Scott Brown.', 'Scott Brown.', 'Scott Brown.', 'Scott Brown.', 'Scott Brown', 'Scott Brown', 'Scott Brown.', 'Scott Brown.', 'Scott Brown.']",-0.0,What's the name of the politician being advertised on the bus?,,True,0.32561809404461245,0,correct_high
validation::49,['tan'],Khaki.,0.0,"['Khaki.', 'Khaki.', 'Khaki.', 'Khaki.', 'Khaki.', 'Khaki.', 'Khaki.', 'Khaki.', 'Khaki.', 'Khaki.']",-0.0,What is the color of the trouser the man is wearing?,,True,0.32561809404461245,0,correct_high
validation::4902,['red'],Green.,0.0,"['Green.', 'Green.', 'Green.', 'Green.', 'Green.', 'Green.', 'Green.', 'Green.', 'Green.', 'Green.']",-0.0,What color is the house that is not grey or white?,,False,0.32561809404461245,0,incorrect_high
validation::4903,['bottom'],Bottom.,1.0,"['Bottom.', 'Bottom.', 'Bottom.', 'Bottom.', 'Bottom.', 'Bottom.', 'Bottom.', 'Bottom.', 'Bottom.', 'Bottom.']",-0.0,Are the people at the top or bottom of the rocks?,,True,0.32561809404461245,0,correct_high
validation::4904,['3'],Two.,0.0,"['Two.', 'Two.', 'Two.', 'Two.', 'Two.', 'Two.', 'Two.', 'Two.', 'Two.', 'Two.']",-0.0,How many colors on his shirt?,,False,0.32561809404461245,0,incorrect_high
validation::4906,['6'],Three.,0.0,"['Three.', 'Three.', 'Three.', 'Three.', 'Three.', 'Three.', 'Three.', 'Three.', 'Three.', 'Three.']",-0.0,How many plates are in the stack?,,False,0.32561809404461245,0,incorrect_high
validation::4908,['6'],7,0.0,"['Seven.', '7', '7', '7', '7', '7', '7', '7', 'Seven.', '7']",-0.0,How many colors make up the rainbow on the cake?,,False,0.32561809404461245,0,incorrect_high
validation::4910,['3'],Two.,0.0,"['Two.', 'Two.', 'Two.', 'Two.', 'Two.', 'Two.', 'Two.', 'Two.', 'Two.', 'Two.']",-0.0,how many people are visible?,,False,0.32561809404461245,0,incorrect_high
validation::4911,['6'],5,0.0,"['5', '5', '5', '5', '4', '6', '5', '5', '5', '5']",0.639031859650177,How many analog clocks are shown?,,False,0.32561809404461245,1,incorrect_low
validation::4912,['lasalle street'],LaSalle Street,1.0,"['LaSalle Street', 'LaSalle Street', 'LaSalle Street', 'Lasalle Street', 'LaSalle Street', 'LaSalle Street', 'LaSalle Street', 'LaSalle Street', 'LaSalle Street', 'LaSalle Street']",-0.0,What does the sign say,,True,0.32561809404461245,0,correct_high
validation::4915,['1'],Two.,0.0,"['Two.', 'Two.', 'Two.', 'Two.', 'Two.', 'Two.', 'Two.', 'Two.', 'Two.', 'Two.']",-0.0,"In the group of three girls, how many are holding a bag of some kind?",,False,0.32561809404461245,0,incorrect_high
validation::4918,['marc'],Marc.,1.0,"['Marc', 'Marc.', 'Marc.', 'Marc.', 'Marc', 'Marc.', 'Marc', 'Marc', 'Marc.', 'Marc.']",-0.0,What name is on the woman's black bag?,,True,0.32561809404461245,0,correct_high
validation::4919,['dolphin'],A surfboard.,0.0,"['A surfboard.', 'A surfboard.', 'A surfboard.', 'A surfboard.', 'A surfboard.', 'A surfboard.', 'A surfboard.', 'A surfboard.', 'A surfboard.', 'A surfboard.']",-0.0,What is the woman standing on?,,False,0.32561809404461245,0,incorrect_high
validation::4920,['the'],The One,0.0,"['""The""', '""The""', 'The One', '""The""', 'The One.', 'The One', '""The""', 'The One', 'The One.', 'The One']",0.6931471805599453,What is the first word on the poster behind the man with the glasses?,,False,0.32561809404461245,1,incorrect_low
validation::4921,['2e85'],2E85,1.0,"['2E85', '2E85', '2E85', '2E85', '2E85', '2E85', '2E85', '2E85', '2E85', '2E85']",-0.0,what letters and numbers are on the top front of the train?,,True,0.32561809404461245,0,correct_high
validation::4922,['2'],Two.,0.0,"['Two.', 'Two.', 'Two.', 'Two.', 'Two.', 'Two.', 'Two.', 'Two.', 'Two.', 'Two.']",-0.0,How many green rooves do you see?,,True,0.32561809404461245,0,correct_high
validation::4923,['female'],Female,1.0,"['Female', 'Female', 'Female', 'Female.', 'Female.', 'Female', 'Female.', 'Female.', 'Female', 'Female.']",-0.0,What gender is the person riding the horse?,,True,0.32561809404461245,0,correct_high
validation::4924,['3'],4,0.0,"['Four.', 'Four.', '4', 'Four.', '4', '4', '4', '4', 'Four', '4']",-0.0,How many animals in this picture?,,False,0.32561809404461245,0,incorrect_high
validation::4927,['balloon'],Scissors.,0.0,"['Scissors.', 'Scissors.', 'Scissors.', 'Scissors.', 'Scissors.', 'Scissors.', 'Scissors.', 'Scissors.', 'Scissors.', 'Scissors.']",-0.0,what is the little girl holding in her left hand?,,False,0.32561809404461245,0,incorrect_high
validation::493,['2'],2,1.0,"['2', '2', '2', '2', '2', '2', '2', '2', '2', '2']",-0.0,What is the number of the batter?,,True,0.32561809404461245,0,correct_high
validation::4931,['1'],Two.,0.0,"['Two.', 'Two.', 'Two.', 'Two.', 'Two.', 'Two.', 'Two.', 'Two.', 'Two.', 'Two.']",-0.0,How many animals are shown looking at the camera taking the picture?,,False,0.32561809404461245,0,incorrect_high
validation::4932,['white black and ginger'],"Black, white, and orange.",1.0,"['Black, white, and orange.', 'Black, white, and orange.', 'Black, white, and orange.', 'Black, white, and orange.', 'Black, white, and orange.', 'Black, white, and orange.', 'Black, white, and orange.', 'Black, white, and orange.', 'Black, white, and orange.', 'Black, white, and orange.']",-0.0,What are the three colors on the cat?,,True,0.32561809404461245,0,correct_high
validation::4933,['left'],Left.,1.0,"['Left.', 'Left.', 'Left.', 'Left.', 'Left.', 'Left.', 'Left.', 'Left.', 'Left.', 'Left.']",-0.0,Is the propellor plane on the left or right?,,True,0.32561809404461245,0,correct_high
validation::4934,['12'],12,1.0,"['10', '12', '14', '12', '12', '14', '14', '12', '12', '10']",1.0296530140645737,How many legs are in this image included hidden?,,True,0.32561809404461245,1,correct_low
validation::4936,['2'],Three.,0.0,"['Three.', 'Three.', 'Three.', 'Three.', 'Three.', '3', 'Three.', 'Three.', 'Three.', 'Three.']",-0.0,How many children are there?,,False,0.32561809404461245,0,incorrect_high
validation::4938,['sad'],Sad.,1.0,"['Sad.', 'Sad.', 'Sad.', 'Sad.', 'Sad.', 'Sad.', 'Sad.', 'Sad.', 'Sad.', 'Sad.']",-0.0,What face expression is the red light portraying?,,True,0.32561809404461245,0,correct_high
validation::4949,['2'],6,0.0,"['6', '4', '7', '6', '7', '8', '6', '7', '5', '8']",1.5047882836811908,how many hands are visible on the railing?,,False,0.32561809404461245,1,incorrect_low
validation::495,['twitter'],Twitter.,1.0,"['Twitter.', 'Twitter.', 'Twitter.', 'Twitter.', 'Twitter.', 'Twitter.', 'Twitter.', 'Twitter.', 'Twitter.', 'Twitter.']",-0.0,What website is open on the laptop?,,True,0.32561809404461245,0,correct_high
validation::4951,['checkers'],Mahjong.,0.0,"['Mahjong.', 'Mahjong.', 'Mahjong.', 'Mahjong.', 'Mahjong.', 'Mahjong.', 'Mahjong.', 'Mahjong.', 'Mahjong.', 'Mahjong.']",-0.0,What is the name of the game set up on the table?,,False,0.32561809404461245,0,incorrect_high
validation::4953,['ball'],A kite.,0.0,"['A kite string.', 'A kite string.', 'A kite.', 'A kite string.', 'A kite string.', 'A kite.', 'A kite string.', 'A kite.', 'A kite.', 'A hat.']",0.9433483923290392,What is the little girl in pink holding?,,False,0.32561809404461245,1,incorrect_low
validation::4955,['white'],White.,1.0,"['White.', 'White.', 'White.', 'White.', 'White.', 'White.', 'White.', 'White.', 'White.', 'White.']",-0.0,What color is the fabric behind the couch against the wall?,,True,0.32561809404461245,0,correct_high
validation::4957,['black'],Black.,1.0,"['Black.', 'Black.', 'Black.', 'Black.', 'Black.', 'Black.', 'Black.', 'Black', 'Black.', 'Black.']",-0.0,What color is the girl's hair bow?,,True,0.32561809404461245,0,correct_high
validation::4959,['s'],S,1.0,"['S', 'S', 'S', 'S', 'S', 'S', 'S', 'S', 's', 'S']",-0.0,What letter can you clearly see in the right corner of the image?,,True,0.32561809404461245,0,correct_high
validation::4961,['dell'],Dell,1.0,"['Dell', 'Dell', 'Dell', 'Dell', 'Dell.', 'Dell', 'Dell', 'Dell', 'Dell.', 'Dell']",-0.0,What is the brand of the laptop?,,True,0.32561809404461245,0,correct_high
validation::4962,['black'],Black.,1.0,"['Black.', 'Black.', 'Black.', 'Black.', 'Black.', 'Black.', 'Black.', 'Black.', 'Black.', 'Black.']",-0.0,What color is on the umbrella's besides yellow and white?,,True,0.32561809404461245,0,correct_high
validation::4965,['4'],Two.,0.0,"['Two.', 'Two.', 'Two.', 'Two.', 'Two.', '2', 'Two.', 'Two.', '2', '2']",-0.0,how many shakers on rear table?,,False,0.32561809404461245,0,incorrect_high
validation::4966,['right'],Right.,1.0,"['Right.', 'Right.', 'Right.', 'Right.', 'Right.', 'Right.', 'Right.', 'Right.', 'Right.', 'Right.']",-0.0,Is the visible fabric hand towel to the right or left of the sink it's next to?,,True,0.32561809404461245,0,correct_high
validation::4967,['1'],Four.,0.0,"['Four.', 'Four.', 'Four.', 'Four.', '4', 'Four.', 'Four.', 'Four.', 'Four.', '4']",-0.0,How many sheep are in the sunlight?,,False,0.32561809404461245,0,incorrect_high
validation::4968,['left'],Right.,0.0,"['Right.', 'Right.', 'Right.', 'Right.', 'Right.', 'Right.', 'Right.', 'Right.', 'Right.', 'Right.']",-0.0,Which hand is the man holding the umbrella with?,,False,0.32561809404461245,0,incorrect_high
validation::497,['green and red'],Blue and green.,1.0,"['Blue and green.', 'Green and orange.', 'Blue and green.', 'Blue and green.', 'Blue and green.', 'Blue and green.', 'Green and orange.', 'Green and orange.', 'Green and orange.', 'Green and blue.']",0.6730116670092565,what two colors are the lights on the bottom of the laptop?,,False,0.32561809404461245,1,incorrect_low
validation::4970,['4'],Four.,0.0,"['Four.', 'Four.', 'Four.', 'Four.', 'Four.', 'Four.', 'Four.', 'Four.', 'Four.', 'Four.']",-0.0,how many paws do you see?,,True,0.32561809404461245,0,correct_high
validation::4973,['pickle'],A pickle.,1.0,"['Pickle.', 'A pickle.', 'A pickle.', 'A pickle.', 'A pickle.', 'A pickle.', 'A pickle.', 'A pickle.', 'A pickle.', 'A pickle.']",-0.0,What is on top of the slaw?,,True,0.32561809404461245,0,correct_high
validation::4975,['1'],Two.,0.0,"['Two.', 'Two.', 'Two.', 'Two.', 'Two.', 'Two.', 'Two.', 'Two.', 'Two.', 'Two.']",-0.0,how many silver trains are in the image?,,False,0.32561809404461245,0,incorrect_high
validation::4977,['2'],Four.,0.0,"['Four.', 'Four.', 'Four.', '5', '5', 'Four.', '5', '4', 'Four.', 'Four.']",0.6108643020548935,How many dark spots are on the cats back?,,False,0.32561809404461245,1,incorrect_low
validation::4978,['3'],One.,0.0,"['One.', 'One.', 'One.', 'One.', 'One.', 'One.', 'One.', 'One.', 'One.', 'One.']",-0.0,How many engines are visible?,,False,0.32561809404461245,0,incorrect_high
validation::498,['chest'],Chest.,1.0,"['Chest.', 'Chest.', 'Chest.', 'Chest.', 'Chest.', 'Chest.', 'Chest.', 'Chest.', 'Chest.', 'Chest.']",-0.0,"Which part of the toucan has a lighter shade of yellow, the bill or the chest?",,True,0.32561809404461245,0,correct_high
validation::4982,['bears'],Bears.,1.0,"['Bears.', 'Bears.', 'Bears.', 'Bears.', 'Bears.', 'Bears.', 'Teddy bears.', 'Bears.', 'Teddy bears.', 'Teddy bears.']",0.6108643020548935,What are dressed as soldiers?,,True,0.32561809404461245,1,correct_low
validation::4983,['star'],A star.,1.0,"['A star.', 'A star.', 'A star.', 'A star.', 'A star.', 'A star.', 'A star.', 'A star.', 'A star.', 'A star.']",-0.0,What is hanging on the wall?,,True,0.32561809404461245,0,correct_high
validation::4992,['right'],Left.,0.0,"['Right hand.', 'Right.', 'Right.', 'Right.', 'Left.', 'Left.', 'Left.', 'Right.', 'Right.', 'Right.']",0.6108643020548935,Which hand is in the air?,,False,0.32561809404461245,1,incorrect_low
validation::4996,['10'],8,0.0,"['8', '8', '8', '7', '7', '6', '8', '6', '8', '6']",1.0296530140645737,how many floor tiles are touching the kite,,False,0.32561809404461245,1,incorrect_low
validation::4997,['2'],One.,0.0,"['One.', 'One.', 'One.', 'One.', 'One.', 'One.', 'One.', 'One.', 'One.', 'One.']",-0.0,How many hot dogs are on the plate?,,False,0.32561809404461245,0,incorrect_high
validation::500,['1'],One.,0.0,"['1', 'One.', 'One.', 'One.', 'One.', 'One.', 'One.', 'One.', 'One.', 'One.']",-0.0,How many hands are up in the air?,,True,0.32561809404461245,0,correct_high
validation::5002,['blue'],Blue.,1.0,"['Blue.', 'Blue.', 'Blue.', 'Blue.', 'Blue.', 'Blue.', 'Blue.', 'Black.', 'Blue.', 'Blue.']",0.3250829733914482,What color scarf is the girl in the green jacket wearing?,,True,0.32561809404461245,0,correct_high
validation::5003,['white and black'],White and brown.,1.0,"['White and brown.', 'White and brown.', 'White and brown.', 'White and brown.', 'White and brown.', 'White and brown.', 'White and brown.', 'White and brown.', 'White and brown.', 'White and brown.']",-0.0,What 2 colors is the dog?,,False,0.32561809404461245,0,incorrect_high
validation::5004,['3'],XIV,0.0,"['XIV', 'XIV', 'XIV', 'XIV', 'XIV', 'XIV', 'XIV', 'XIV', 'XIV', 'XIV']",-0.0,How many roman numerals below the billboard?,,False,0.32561809404461245,0,incorrect_high
validation::5007,['red'],Red.,1.0,"['Red.', 'Red.', 'Red.', 'Red.', 'Red.', 'Red.', 'Red.', 'Red.', 'Red.', 'Red.']",-0.0,What color is the crosswalk?,,True,0.32561809404461245,0,correct_high
validation::5009,['3'],One.,0.0,"['One.', 'One.', 'One.', 'One.', 'One.', 'One.', 'One.', 'One.', 'One.', 'One.']",-0.0,How many benches are visible?,,False,0.32561809404461245,0,incorrect_high
validation::501,['fun never smelled so good'],Fun Never Smelled So Good.,1.0,"['Fun Never Smelled So Good.', '""Fun Never Smelled So Good.""', '""FUN NEVER SMELLED SO GOOD.""', '""Fun Never Smelled So Good.""', 'FUN NEVER SMELLED SO GOOD.', 'Fun Never Smelled So Good.', '""Fun Never Smelled So Good.""', 'Fun Never Smelled So Good.', 'Fun Never Smelled So Good.', '""FUN NEVER SMELLED SO GOOD.""']",-0.0,What does the top part of the sign in the left window say?,,True,0.32561809404461245,0,correct_high
validation::5010,['2'],Two.,0.0,"['Two.', 'Two.', 'Two.', 'Two.', 'Two.', 'Two.', 'Two.', 'Two.', 'Two.', 'Two.']",-0.0,How many eyes can be seen?,,True,0.32561809404461245,0,correct_high
validation::5017,['3'],3,1.0,"['3', '3', '3', '3', '3', '3', '3', '3', '3', '3']",-0.0,How many people are sitting in chairs?,,True,0.32561809404461245,0,correct_high
validation::5020,['90020'],90020,1.0,"['90020', '90020', '90026', '90020', '90020', '90020', '90020', '90020', '90020', '90020']",0.3250829733914482,What number is written on the front of the train?,,True,0.32561809404461245,0,correct_high
validation::5021,['1'],One.,0.0,"['One.', 'One.', 'One.', 'One.', 'One.', 'One.', 'One.', 'One.', 'One.', 'One.']",-0.0,How many pockets on front of man's shirt?,,True,0.32561809404461245,0,correct_high
validation::5022,['cakebread cellars'],Cakebread Cellars.,1.0,"['Cakebread Cellars.', 'Cakebread Cellars.', 'Cakebread Cellars.', 'Cakebread Cellars.', 'Cakebread Cellars.', 'Cakebread Cellars', 'Cakebread Cellars.', 'Cakebread Cellars', 'Cakebread Cellars.', 'Cakebread Cellars']",-0.0,What vineyard is printed on the glasses?,,True,0.32561809404461245,0,correct_high
validation::5027,['right'],Left.,0.0,"['Left.', 'Left.', 'Left.', 'Left.', 'Left.', 'Left.', 'Left.', 'Left.', 'Left.', 'Left.']",-0.0,what direction in the cat looking?,,False,0.32561809404461245,0,incorrect_high
validation::5030,['tights'],Jeans.,0.0,"['Jeans.', 'Jeans.', 'Jeans.', 'Jeans.', 'Jeans.', 'Jeans.', 'Jeans.', 'Jeans.', 'Jeans.', 'Jeans.']",-0.0,What is on the legs of the person closest to the camera?,,False,0.32561809404461245,0,incorrect_high
validation::5031,"['brown, black and white']","Black, brown, and white.",1.0,"['Black, brown, and white.', 'Black, brown, and white.', 'Black, brown, and white.', 'Brown, black, and white.', 'Black, brown, and white.', 'Black, brown, and white.', 'Black, brown, and white.', 'Black, brown, and white.', 'Black, brown, and white.', 'Black, brown, and white.']",-0.0,What 3 colors make up the animals?,,True,0.32561809404461245,0,correct_high
validation::5033,['55'],55,1.0,"['55', '55', '55', '55', '55', '55', '55', '55', '55', '55']",-0.0,What number is lit up above the traffic light?,,True,0.32561809404461245,0,correct_high
validation::5036,['sidewalk'],On a paved area near a stone wall.,0.0,"['On a paved area next to some greenery.', 'On a paved area next to some greenery.', 'On a raised paved area.', 'On a paved area near a raised walkway.', 'On a paved area next to a raised garden bed.', 'On a paved area near landscaping.', 'On a paved area.', 'On a paved area.', 'On a sidewalk.', 'On a paved area, likely a sidewalk or parking lot.']",1.834371970281624,Where is the car parked?,,False,0.32561809404461245,1,incorrect_low
validation::5037,['surftotal'],SURF TOTAL,0.0,"['Surf Total', 'SURF TOTAL', 'SURF TOTAL', 'Surf Total', 'SURF TOTAL', 'SURF TOTAL', 'SURF TOTAL', 'SURF TOTAL', 'SURF TOTAL', 'SURF TOTAL']",-0.0,What's written on the second yellow surf board from the left?,,True,0.32561809404461245,0,correct_high
validation::504,['books'],Books.,1.0,"['Books.', 'Books.', 'Books.', 'Books.', 'Books.', 'Books.', 'Books.', 'Books.', 'Books.', 'Books.']",-0.0,what can you check out here?,,True,0.32561809404461245,0,correct_high
validation::5040,['2'],3,0.0,"['3', '3', '3', '3', '3', '3', '3', 'Three.', '3', '3']",-0.0,how many yellow cabs?,,False,0.32561809404461245,0,incorrect_high
validation::5042,['sunglasses'],A reflection.,0.0,"['A reflection.', 'A reflection.', 'A reflection.', 'A reflection.', 'A reflection.', 'A reflection.', 'A reflection.', 'A reflection.', 'A reflection.', 'A reflection.']",-0.0,what is on the guys bald head?,,False,0.32561809404461245,0,incorrect_high
validation::5048,['2'],Four.,0.0,"['Four.', 'Four.', 'Four.', 'Four.', 'Four.', 'Four.', 'Four.', 'Four.', 'Four.', 'Four.']",-0.0,How many dormers are visible on the building?,,False,0.32561809404461245,0,incorrect_high
validation::5049,['blue and white'],Blue and red.,1.0,"['Blue and red.', 'Blue and red.', 'Blue and red.', 'Blue and red.', 'Blue and red.', 'Blue and red.', 'Blue and red.', 'Blue and red.', 'Blue and red.', 'Blue and red.']",-0.0,What are the colors of the racquet?,,False,0.32561809404461245,0,incorrect_high
validation::505,['fire department'],Fire department.,1.0,"['Fire department.', 'Fire department.', 'Fire department.', 'Fire Department', 'Fire department.', 'Fire department.', 'Fire department.', 'Fire department.', 'Arch Street Fire Department.', 'Fire department.']",0.3250829733914482,what department building is shown in the image?,,True,0.32561809404461245,0,correct_high
validation::5050,['3'],Four.,0.0,"['Five.', 'Four.', 'Four.', 'Four.', 'Four.', 'Four.', 'Four.', 'Four.', 'Four.', 'Five.']",0.5004024235381879,How many glasses,,False,0.32561809404461245,1,incorrect_low
validation::5051,['802'],802,1.0,"['802', '802', '802', '802', '802', '802', '802', '802', '802', '802']",-0.0,what are the first 3 numbers on the license plate?,,True,0.32561809404461245,0,correct_high
validation::5057,['strainer'],A metal strainer.,1.0,"['A metal strainer.', 'A metal strainer.', 'A metal strainer.', 'A metal strainer.', 'A metal strainer.', 'A metal strainer.', 'A metal strainer.', 'A metal strainer.', 'A metal strainer.', 'A metal strainer.']",-0.0,What are the bananas sitting on?,,True,0.32561809404461245,0,correct_high
validation::5059,['comb'],Soap dish.,0.0,"['Soap dish.', 'Soap dish.', 'Soap dish.', 'Soap dish.', 'Soap dish.', 'Soap dish.', 'Bath mat.', 'Soap dish.', 'Soap dish.', 'Soap dish.']",0.3250829733914482,What is the blue item called?,,False,0.32561809404461245,0,incorrect_high
validation::5064,['1'],One.,0.0,"['One.', 'One.', 'One.', 'One.', 'One.', 'One.', 'One.', 'One.', 'One.', 'One.']",-0.0,How many pair of shoes are there?,,True,0.32561809404461245,0,correct_high
validation::5065,['shaking hands'],Shaking hands.,1.0,"['Shaking hands.', 'Shaking hands.', 'Shaking hands.', 'Shaking hands.', 'Shaking hands.', 'Shaking hands.', 'Shaking hands.', 'Shaking hands.', 'Shaking hands.', 'Shaking hands.']",-0.0,What are the two women in front doing?,,True,0.32561809404461245,0,correct_high
validation::5067,['green'],Olive green.,1.0,"['Olive green.', 'Olive green.', 'Green.', 'Olive green.', 'Green.', 'Olive green.', 'Olive green.', 'Olive green.', 'Olive green.', 'Olive green.']",0.5004024235381879,What color is the plane?,,True,0.32561809404461245,1,correct_low
validation::5070,['1'],Two.,0.0,"['Two.', 'Two.', 'Two.', 'Two.', 'Two.', 'Two.', 'Two.', 'Two.', 'Two.', 'Two.']",-0.0,How many bushes?,,False,0.32561809404461245,0,incorrect_high
validation::5071,['4'],3,0.0,"['3', '3', '3', 'Two.', '3', 'Two.', 'Two.', 'Two.', '3', 'Two.']",0.6931471805599453,How many blue pillows total are seen?,,False,0.32561809404461245,1,incorrect_low
validation::5072,['cake'],Cake.,1.0,"['Cake.', 'A piece of cake.', 'A piece of cake.', 'Cake.', 'Cake.', 'A slice of cake.', 'Cake.', 'Cake.', 'Cake.', 'Cake.']",0.3250829733914482,What is the woman holding in her left hand?,,True,0.32561809404461245,0,correct_high
validation::5073,['9'],8,0.0,"['8', '8', '8', '8', '8', '8', '8', '8', '8', '8']",-0.0,how many animals?,,False,0.32561809404461245,0,incorrect_high
validation::5076,['pink and black'],Black and pink.,1.0,"['Black and pink.', 'Black and pink.', 'Black and pink.', 'Black and pink.', 'Black and pink.', 'Black and pink.', 'Black and pink.', 'Black and pink.', 'Black and pink.', 'Black and pink.']",-0.0,what 2 colors are on the comb,,True,0.32561809404461245,0,correct_high
validation::5077,['stop'],Stop signal.,1.0,"['Stop signal.', 'Stop signal.', 'Stop signal.', 'Stop.', 'Stop.', 'Stop signal.', 'Stop signal.', 'Stop signal.', 'Stop signal.', 'Stop signal.']",-0.0,Is there a walk or a stop signal shown on the traffic light?,,True,0.32561809404461245,0,correct_high
validation::5080,['2'],One.,0.0,"['One.', 'One.', 'One.', 'One.', 'One.', 'One.', 'One.', 'One.', 'One.', 'One.']",-0.0,How many elephant calf are present?,,False,0.32561809404461245,0,incorrect_high
validation::5085,['3'],3,1.0,"['3', '3', '3', '3', '3', '3', '3', 'Three.', '3', '3']",-0.0,how many visible legs are on the table?,,True,0.32561809404461245,0,correct_high
validation::5087,['sign'],A seat.,0.0,"['A seat.', 'A seat.', 'A seat.', 'A seat.', 'A seat.', 'A seat.', 'A seat.', 'A seat.', 'A seat.', 'A seat.']",-0.0,What is setting on the back of the green bike?,,False,0.32561809404461245,0,incorrect_high
validation::5090,['right'],The phone on the right.,1.0,"['The one on the left.', 'The one on the left.', 'The phone on the right.', 'The one on the right.', 'The phone on the right.', 'The phone on the right.', 'The phone on the right.', 'The phone on the right.', 'The phone on the right.', 'The phone on the right.']",0.5004024235381879,which phone is darker?,,True,0.32561809404461245,1,correct_low
validation::5092,['keyboard'],Keyboard.,1.0,"['Keyboard.', 'Keyboard.', 'Keyboard.', 'Keyboard.', 'Keyboard.', 'Keyboard.', 'Keyboard.', 'Keyboard.', 'Keyboard.', 'Keyboard.']",-0.0,what electronic device is under the laptop?,,True,0.32561809404461245,0,correct_high
validation::5094,['m'],I,0.0,"['I', 'I', 'I', 'I', 'I', 'I', 'I', 'I', 'I', 'I']",-0.0,What is the first letter of the second word on the banner behind them?,,False,0.32561809404461245,0,incorrect_high
validation::5095,['salt'],Salt.,1.0,"['Salt.', 'Salt.', 'Salt.', 'Salt.', 'Salt.', 'Salt.', 'Salt.', 'Salt.', 'Salt.', 'Salt.']",-0.0,what is on the edge of the cup?,,True,0.32561809404461245,0,correct_high
validation::51,['hammock'],A hammock.,1.0,"['A hammock.', 'A hammock.', 'A hammock.', 'A hammock.', 'A hammock.', 'A hammock.', 'A hammock.', 'A hammock.', 'A hammock.', 'A hammock.']",-0.0,What is the bear on?,,True,0.32561809404461245,0,correct_high
validation::5102,['6'],056,0.0,"['056', '056', '056', '056', '056', '056', '056', '056', '056', '056']",-0.0,How many number are there in the bottom left corner?,,True,0.32561809404461245,0,correct_high
validation::5107,['beer'],Beer.,1.0,"['Beer.', 'Beer.', 'Beer.', 'Beer.', 'Beer.', 'Beer.', 'Beer.', 'Beer.', 'Beer.', 'Beer.']",-0.0,What is in the glass behind the bread plate?,,True,0.32561809404461245,0,correct_high
validation::5108,['1'],One.,0.0,"['One.', '1', 'One.', 'One.', '1', 'One.', '1', 'One.', 'One.', 'One.']",-0.0,How many birds are not flying?,,True,0.32561809404461245,0,correct_high
validation::5116,['33'],13,0.0,"['13', '13', '13', '13', '13', '13', '13', '13', '13', '13']",-0.0,What number is on the blue shirt?,,False,0.32561809404461245,0,incorrect_high
validation::5118,['2'],Two.,0.0,"['Two.', 'Two.', 'Two.', 'Two.', 'Two.', 'Two.', 'Two.', 'Two.', 'Two.', 'Two.']",-0.0,How many items is the person holding up?,,True,0.32561809404461245,0,correct_high
validation::5123,['0'],Two.,0.0,"['Two.', 'Two.', 'Two.', 'Two.', 'Two.', 'Two.', 'Two.', 'Two.', 'Two.', 'Two.']",-0.0,How many airplanes are flying under the bridge?,,False,0.32561809404461245,0,incorrect_high
validation::5125,['white'],White.,1.0,"['White.', 'White.', 'White.', 'White.', 'White.', 'White.', 'White.', 'White.', 'White.', 'White.']",-0.0,What color is the front suspension?,,True,0.32561809404461245,0,correct_high
validation::5131,['4'],Four.,0.0,"['Four.', 'Four.', 'Four.', 'Four.', 'Four.', 'Four.', 'Four.', 'Four.', 'Four.', 'Four.']",-0.0,how many eyes?,,True,0.32561809404461245,0,correct_high
validation::5132,['5'],5,1.0,"['Six.', 'Five.', '5', '5', '5', 'Six.', '5', '5', '5', '6']",0.6108643020548935,How many spokes does the wheel on the gray car have?,,True,0.32561809404461245,1,correct_low
validation::5137,['2'],Two.,0.0,"['Two.', 'Two.', 'Two.', 'Two.', 'Two.', 'Two.', 'Two.', '2', 'Two.', 'Two.']",-0.0,How many people are in the photo?,,True,0.32561809404461245,0,correct_high
validation::5138,['2'],Three.,0.0,"['Three.', 'Three.', 'Three.', 'Three.', 'Four.', 'Two.', 'Three.', 'Two.', 'Four.', 'Three.']",0.9502705392332348,How many lines visible in the crosswalk nearest the woman?,,False,0.32561809404461245,1,incorrect_low
validation::5139,['red'],White.,0.0,"['White.', 'White.', 'White.', 'White.', 'White.', 'White.', 'White.', 'White.', 'White.', 'White.']",-0.0,What color is the flower like shape in the vase?,,False,0.32561809404461245,0,incorrect_high
validation::5146,['green'],Black.,0.0,"['Black.', 'Black.', 'Black.', 'Black.', 'Black.', 'Black.', 'Black.', 'Black.', 'Black.', 'Black.']",-0.0,What color is the train's roof?,,False,0.32561809404461245,0,incorrect_high
validation::5147,['8'],Four.,0.0,"['Four.', 'Four.', 'Four.', 'Four.', 'Four.', 'Four.', 'Four.', 'Four.', 'Four.', 'Four.']",-0.0,How many of the dog's nails are visible?,,False,0.32561809404461245,0,incorrect_high
validation::515,['4'],4,1.0,"['4', '4', '4', '4', '4', '4', '4', '4', '4', '4']",-0.0,What is the number of the athelete in white at the front of the image?,,True,0.32561809404461245,0,correct_high
validation::5150,['heart'],A dollar bill.,0.0,"['Dollar bill.', 'A dollar bill.', 'A dollar bill.', 'A dollar bill.', 'Dollar bill.', 'A dollar bill.', 'A dollar bill.', 'A dollar bill.', 'Dollar bill.', 'A dollar bill.']",-0.0,"What is the shape seen next to the word ""you"" on the container above the pizza on the left?",,False,0.32561809404461245,0,incorrect_high
validation::5155,['y'],Y,1.0,"['Y', 'Y', 'Y', 'Y', 'Y', 'Y', 'Y', 'Y', 'Y', 'Y']",-0.0,What is the 4th character if the license plate?,,True,0.32561809404461245,0,correct_high
validation::516,['bracelet'],A watch.,0.0,"['A watch.', 'A watch.', 'A watch.', 'A watch.', 'A watch.', 'A watch.', 'A watch.', 'A watch.', 'A watch.', 'A watch.']",-0.0,What is on the wrist of the woman to the right?,,False,0.32561809404461245,0,incorrect_high
validation::5160,['brown'],Brown.,1.0,"['Brown.', 'Brown.', 'Brown.', 'Brown.', 'Brown.', 'Brown.', 'Brown.', 'Brown.', 'Brown.', 'Brown.']",-0.0,What color is the boy's hair?,,True,0.32561809404461245,0,correct_high
validation::5163,['6'],5,0.0,"['Four.', 'Four', '4', '5', '4', '6', '5', '5', 'Four.', '4']",0.8979457248567797,How many pieces of bread are left on the bread plate in the center?,,False,0.32561809404461245,1,incorrect_low
validation::5168,['4'],6,0.0,"['6', '5', '5', '5', '5', '6', '6', '4', '6', '6']",0.9433483923290392,How many cinnamon rolls are on the clear rectangle tray 2nd from the lower right?,,False,0.32561809404461245,1,incorrect_low
validation::5169,['3'],6,0.0,"['6', '6', '6', '5', '6', '6', '6', '6', '6', '6']",0.3250829733914482,How many hands are clearly visible?,,False,0.32561809404461245,0,incorrect_high
validation::5172,['open'],Open.,1.0,"['Open.', 'Open.', 'Open.', 'Open.', 'Open.', 'Open.', 'Open.', 'Open.', 'Open.', 'Open.']",-0.0,Are the birds' mouths open or closed?,,True,0.32561809404461245,0,correct_high
validation::5173,['1'],Three.,0.0,"['3', '3', 'Three.', '3', 'Three.', 'Three.', 'Three.', 'Three.', '4', 'Three.']",0.3250829733914482,How many vessels are clearly visible behind the man standing on the boat?,,False,0.32561809404461245,0,incorrect_high
validation::5174,['2'],Two.,0.0,"['Two.', 'Two.', 'Two.', 'Two.', 'Two.', 'Two.', 'Two.', 'Two.', 'Two.', 'Two.']",-0.0,How many mobile homes are shown?,,True,0.32561809404461245,0,correct_high
validation::5178,['2'],Three.,0.0,"['3', '3', '3', '3', '3', 'Three.', '3', 'Three.', 'Three.', '3']",-0.0,How many kites are in the sky?,,False,0.32561809404461245,0,incorrect_high
validation::5179,['nose'],Eyes.,0.0,"['Eyes.', 'Eyes.', 'Eyes.', 'Eyes.', 'Eyes.', 'Eyes.', 'Eyes.', 'Eyes.', 'Eyes.', 'Eyes.']",-0.0,Which body part on the person's face is visible?,,False,0.32561809404461245,0,incorrect_high
validation::5183,['57'],57,1.0,"['57', '57', '57', '57', '57', '57', '57', '57', '57', '57']",-0.0,What is the number on the door?,,True,0.32561809404461245,0,correct_high
validation::5185,['unanswerable'],Poland Spring,0.0,"['Poland Spring', ""Landrup's"", 'Poland Spring', ""Hendrup's"", 'Poland Spring', 'Poland Spring', ""Landrup's"", ""Lanbruk's"", ""Lanstrup's"", ""Lanstrup's""]",0.9433483923290392,what brand is on the cup?,,False,0.32561809404461245,1,incorrect_low
validation::5188,['fish'],A stylized fish.,1.0,"['A stylized fish.', 'A fish.', 'A stylized drawing of a fish.', 'A fish illustration and the words ""Reel Big Fish.""', 'A stylized image of a fish.', 'A fish and the words ""Reel Big Fish"".', 'A fish.', 'A stylized drawing of a fish.', 'A fish and the words ""Reef Big Fish"".', 'A fish and text ""Reel Big Fish"".']",1.0549201679861442,What is the image on the tie?,,True,0.32561809404461245,1,correct_low
validation::519,['skirt'],Shorts.,0.0,"['Shorts.', 'Shorts.', 'Shorts.', 'Shorts.', 'Shorts.', 'Shorts.', 'Shorts.', 'Shorts.', 'Shorts.', 'Shorts.']",-0.0,is the woman wearing shorts or a skirt?,,False,0.32561809404461245,0,incorrect_high
validation::5198,['express'],Express,1.0,"['Express', 'Express', 'Express', 'Express', 'Express', 'Express', 'Express', 'Express', 'Express', 'Express']",-0.0,What is the word that starts with an E on the side of the plane?,,True,0.32561809404461245,0,correct_high
validation::5199,['353'],353,1.0,"['353', '353', '353', '353', '353', '353', '353', '353', '353', '353']",-0.0,What number is on the train?,,True,0.32561809404461245,0,correct_high
validation::52,['what is the pickup line today'],"""What is the pickup line today?""",1.0,"['""What is the pickup line today?""', '""What is the pickup line today?""', '""What is the pickup line today?""', '""What is the pickup line today?""', '""What is the Pickup line today?""', '""What is the pickup line today?""', '""What is the pickup line today?""', '""What is the pickup line today?""', '""What is the pickup line today?""', '""What is the pickup line today?""']",-0.0,What is written on the cake?,,True,0.32561809404461245,0,correct_high
validation::520,['blonde'],Blond.,0.0,"['Blond.', 'Blond.', 'Blond.', 'Blonde.', 'Blond.', 'Blond.', 'Blond.', 'Blond.', 'Blond.', 'Blond.']",-0.0,What color is the man's hair?,,True,0.32561809404461245,0,correct_high
validation::5201,['3'],3,1.0,"['3', '3', '3', '3', '3', '3', 'Three.', '3', '3', '3']",-0.0,How many helmets?,,True,0.32561809404461245,0,correct_high
validation::5202,['3'],Three.,0.0,"['Three.', '3', '3', 'Three.', '3', 'Three.', '3', 'Three.', '3', '3']",-0.0,How many people with red jackets are in the circle?,,True,0.32561809404461245,0,correct_high
validation::5206,['19'],18,0.0,"['19', '19', '18', '19', '18', '18', '19', '18', '18', '19']",0.6931471805599453,how many birds are sitting on the water?,,False,0.32561809404461245,1,incorrect_low
validation::5207,['4'],Three.,0.0,"['Four.', 'Three.', 'Three.', 'Three.', 'Four.', 'Three.', '3', 'Three.', 'Three.', 'Four.']",0.6108643020548935,How many buttons are on the sleeve of the suit?,,False,0.32561809404461245,1,incorrect_low
validation::5209,['boat'],The black car.,0.0,"['The black car.', 'The black car.', 'The black car.', 'The black car.', 'The black car.', 'The black car.', 'The black car.', 'The black car.', 'The black car.', 'The black car.']",-0.0,Is the black car or the boat closer to the water?,,False,0.32561809404461245,0,incorrect_high
validation::521,['flowers'],Flowers.,1.0,"['Flowers.', 'Flowers.', 'Flowers.', 'Flowers.', 'Flowers.', 'Flowers.', 'Flowers.', 'Flowers.', 'Flowers.', 'Flowers.']",-0.0,what is the man grabbing?,,True,0.32561809404461245,0,correct_high
validation::5210,['3'],Three.,0.0,"['3', 'Three.', '3', '3', '3', '3', 'Three.', '3', '3', 'Three.']",-0.0,How many people have their mouths open?,,True,0.32561809404461245,0,correct_high
validation::5216,['green'],Red.,0.0,"['Red.', 'Red.', 'Red.', 'Red.', 'Red.', 'Red.', 'Red.', 'Red.', 'Red.', 'Red.']",-0.0,what color is the rear bucket?,,False,0.32561809404461245,0,incorrect_high
validation::5218,['tent'],A ski lift shelter.,0.0,"['A ski lift shelter.', 'A ski lift shed.', 'A ski lift shack.', 'A ski lift shelter.', 'A ski lift shack.', 'A ski lift shack.', 'A ski lift shelter.', 'A ski lift shack.', 'A ski lift shack.', 'A ski lift shelter.']",-0.0,What is the orange object on the right?,,False,0.32561809404461245,0,incorrect_high
validation::5219,['space bar'],"The ""B"" key.",0.0,"[""The 'U' and 'I' keys."", ""The 'J' and 'K' keys."", ""The 'B' key."", 'The ""Y"" key.', 'The ""Y"" key.', ""The 'Y' key."", 'The ""Y"" key.', 'The ""Y"" key.', 'The ""B"" key.', 'The ""Y"" key.']",1.0888999753452235,What part of the keyboard are the fingers resting on?,,False,0.32561809404461245,1,incorrect_low
validation::5220,['yellow and red'],Yellow and red.,1.0,"['Yellow and red.', 'Yellow and red.', 'Yellow and red.', 'Yellow and red.', 'Yellow and red.', 'Yellow and Red.', 'Yellow and red.', 'Yellow and red.', 'Yellow and red.', 'Yellow and red.']",-0.0,What are the two kinds of carrots he's selling according to the signs?,,True,0.32561809404461245,0,correct_high
validation::5221,['unanswerable'],A beaded curtain.,0.0,"['A beaded curtain.', 'A beaded curtain.', 'A beaded curtain.', 'A beaded curtain.', 'A beaded garland.', 'A beaded garland.', 'A beaded curtain.', 'A beaded curtain.', 'A beaded curtain.', 'Beaded garland.']",0.6108643020548935,What is hanging from the doorknob in the background?,,False,0.32561809404461245,1,incorrect_low
validation::5222,['north temple'],North Temple Avenue.,1.0,"['North Temple Avenue.', 'North Temple Avenue.', 'North Temple Avenue.', 'North Temple Avenue.', 'North Temple Avenue.', 'North Temple Avenue.', 'North Temple Avenue.', 'North Temple Avenue.', 'North Temple Avenue.', 'North Temple Avenue.']",-0.0,What street would a car that is turning left enter?,,True,0.32561809404461245,0,correct_high
validation::5223,['below'],Above.,0.0,"['Above.', 'Above.', 'Above.', 'Above.', 'Above.', 'Above.', 'Above.', 'Above.', 'Above.', 'Above.']",-0.0,Is the wallet above or below the phone on the table in the foreground?,,False,0.32561809404461245,0,incorrect_high
validation::5224,['white'],Tan.,0.0,"['Tan.', 'Light brown.', 'Tan.', 'Tan.', 'Tan.', 'Tan.', 'Tan.', 'Tan.', 'Tan.', 'Tan.']",-0.0,What color is the glaze on the donut?,,False,0.32561809404461245,0,incorrect_high
validation::523,['10'],11,0.0,"['12', '11', '12', '11', '11', '12', '11', '12', '10', '11']",0.9433483923290392,how many peices of clothing on line?,,False,0.32561809404461245,1,incorrect_low
validation::5233,['9'],10,0.0,"['10', '10', '10', '10', '10', '11', '10', '11', '10', '10']",0.5004024235381879,how many elephant?,,False,0.32561809404461245,1,incorrect_low
validation::5239,['left'],The car on the left.,1.0,"['The car on the left.', 'The car on the left.', 'The car on the left.', 'The car on the left.', 'The car on the left.', 'The car on the left.', 'The car closest to the house is red.', 'The car on the left is red.', 'The car closest to the house is red.', 'The car closest to the house.']",0.6108643020548935,which car is red?,,True,0.32561809404461245,1,correct_low
validation::5240,['rca'],RCA,1.0,"['RCA', 'RCA', 'RCA', 'RCA', 'RCA', 'RCA', 'RCA', 'RCA', 'RCA', 'RCA']",-0.0,Which brand name can be seen on the remote?,,True,0.32561809404461245,0,correct_high
validation::5241,['787'],787,1.0,"['787', '787', 'N789BA', 'N789BA', '787', '787', '787', '787', '787', '787']",0.5004024235381879,What numbers are on the plane's tail?,,True,0.32561809404461245,1,correct_low
validation::5242,['right'],Downwards.,0.0,"['Downwards.', 'Downward.', 'Downwards.', 'Downward.', 'Downwards.', 'Downwards.', 'Downwards.', 'Downward.', 'Downward.', 'Downwards.']",-0.0,what direction are the stripes pointing,,False,0.32561809404461245,0,incorrect_high
validation::5244,['peace sign'],A heart.,0.0,"['A heart.', 'A heart.', 'A heart.', 'A heart.', 'A heart.', 'A heart.', 'A heart.', 'Peace sign.', 'A heart.', 'A heart.']",0.3250829733914482,what Red symbol is visible on the poster?,,False,0.32561809404461245,0,incorrect_high
validation::5250,['lizard'],Dragon.,0.0,"['Dragon.', 'Dragon.', 'Dragon.', 'Dragon.', 'Dragon.', 'Dragon.', 'Dragon.', 'Dragon.', 'Dragon.', 'Dragon.']",-0.0,What animal type is the green kite on the right?,,False,0.32561809404461245,0,incorrect_high
validation::5253,['25'],6,0.0,"['5', '6', '6', '6', '8', '6', '6', '7', '6', '6']",0.9404479886553264,what number can be seen on the stove control panel?,,False,0.32561809404461245,1,incorrect_low
validation::5255,['fork'],Fork.,1.0,"['Fork.', 'Fork.', 'Fork.', 'Fork.', 'Fork.', 'Fork.', 'Fork.', 'Fork.', 'Fork.', 'Fork.']",-0.0,Which utensil is on the right side of the plate?,,True,0.32561809404461245,0,correct_high
validation::5256,['2'],Two.,0.0,"['Two.', 'Two.', 'Two.', 'Two.', 'Two.', 'Two.', 'Two.', 'Two.', 'Two.', 'Two.']",-0.0,how many people are in the black picture frame?,,True,0.32561809404461245,0,correct_high
validation::5257,['4'],4,1.0,"['4', '4', '4', '4', '4', '4', '4', '4', '4', '46']",0.3250829733914482,What is the middle number of the three white numbers?,,True,0.32561809404461245,0,correct_high
validation::5259,['elbows'],Elbows.,1.0,"['Elbows.', 'Elbows.', 'Elbows.', 'Elbows.', 'Elbows.', 'Elbows.', 'Elbows.', 'Elbows.', 'Elbows.', 'Elbows.']",-0.0,Are the child's elbows or ears higher?,,True,0.32561809404461245,0,correct_high
validation::526,['3'],Two.,0.0,"['Three.', 'Two.', 'Three.', 'Three.', 'Two.', 'Three.', 'Three.', 'Two.', 'Two.', 'Two.']",0.6931471805599453,"How many tall, street lights are in the in the background?",,False,0.32561809404461245,1,incorrect_low
validation::5267,['3'],Three.,0.0,"['Three.', 'Three.', 'Three.', 'Three.', 'Three.', 'Three.', 'Three.', 'Three.', 'Three.', 'Three.']",-0.0,How many leaves can be seen in focus in the foreground?,,True,0.32561809404461245,0,correct_high
validation::5268,['917'],917,1.0,"['917', '917', '917', '917', '917', '917', '917', '917', '917', '917']",-0.0,what is the number on the train?,,True,0.32561809404461245,0,correct_high
validation::5269,['white'],Yellow.,0.0,"['Yellow.', 'Yellow and white.', 'Yellow.', 'Yellow', 'Yellow.', 'Yellow.', 'Yellow.', 'Yellow.', 'Yellow.', 'Yellow']",0.3250829733914482,What color are the discs that the people in yellow shirts are holding?,,False,0.32561809404461245,0,incorrect_high
validation::5271,['mts'],MTS,1.0,"['MTS', 'MTS', 'MTS', 'MTS', 'MTS', 'MTS', 'MTS', 'MTS', 'MTS', 'MTS']",-0.0,Which acronym is on the side of the red and white bus?,,True,0.32561809404461245,0,correct_high
validation::5273,['left'],Left.,1.0,"['Left.', 'Left.', 'Left.', 'Left.', 'Left.', 'Left.', 'Left.', 'Left.', 'Left.', 'Left.']",-0.0,on which side of the white striped line is the woman standing?,,True,0.32561809404461245,0,correct_high
validation::5274,['please flush'],- Please flush,1.0,"['- Please flush', '- Please flush', '- Please Flush', '- Please flush', '- Please flush', '- Please flush', '- Please flush', '- Please flush', '- PLEASE FLUSH', '- PLEASE FLUSH']",-0.0,"what is the written text after the word ""chodta"" ?",,True,0.32561809404461245,0,correct_high
validation::5276,['knife'],A knife.,1.0,"['A knife.', 'A knife.', 'A knife.', 'A knife.', 'A knife.', 'A knife.', 'A knife.', 'A knife.', 'A knife.', 'A knife.']",-0.0,"besides a fork, what other utensil is on the plate?",,True,0.32561809404461245,0,correct_high
validation::5277,['3'],Three.,0.0,"['Four.', 'Four.', 'Four.', 'Four.', 'Three.', 'Four.', 'Three.', 'Three.', 'Four.', 'Four.']",0.6108643020548935,How many steps are there?,,True,0.32561809404461245,1,correct_low
validation::5280,['mailbox'],A sign.,0.0,"['A sign.', 'A sign.', 'A sign.', 'A sign.', 'A sign.', 'A sign.', 'A sign.', 'A sign.', 'A sign.', 'A sign.']",-0.0,What object is labeled 107?,,False,0.32561809404461245,0,incorrect_high
validation::5281,['3'],Six.,0.0,"['6', 'Six.', 'Six.', 'Six.', 'Five.', 'Six.', 'Six.', 'Six.', 'Six.', 'Six.']",0.3250829733914482,How many windows are beneath the three windows on top?,,False,0.32561809404461245,0,incorrect_high
validation::5282,['lg'],LG,1.0,"['LG', 'LG', 'LG', 'LG', 'LG', 'LG', 'LG', 'LG', 'LG', 'LG']",-0.0,What brand of TV is the cat looking at?,,True,0.32561809404461245,0,correct_high
validation::5284,['nightmares'],NightHawks,0.0,"['NightHawks', 'Night Hawks', 'Night Hawks', 'NightHawks', 'Night Hawks', 'Night Hawks', 'NightHawks', 'Night Hawks', 'NightHawks', 'NightHawks']",-0.0,What team is playing?,,False,0.32561809404461245,0,incorrect_high
validation::5286,['2'],Two.,0.0,"['2', '2', 'Two.', 'Two.', 'Two.', '2', 'Two.', '2', 'Two.', 'Two.']",-0.0,How many umbrellas are all red in the picture?,,True,0.32561809404461245,0,correct_high
validation::5287,['5'],Three.,0.0,"['Three.', 'Four.', '3', 'Four.', 'Three.', 'Three.', 'Three.', 'Four.', 'Three.', 'Three.']",0.6108643020548935,How many people are standing by the train?,,False,0.32561809404461245,1,incorrect_low
validation::5289,['1'],Four.,0.0,"['Four.', 'Four.', 'Four.', 'Four.', 'Four.', '4', 'Four.', 'Four.', 'Four.', 'Four.']",-0.0,How many ears are visible?,,False,0.32561809404461245,0,incorrect_high
validation::529,['kitten'],Kitten.,1.0,"['Kitten.', 'Kitten.', 'Kitten.', 'Kitten.', 'Kitten.', 'Kitten.', 'Kitten.', 'Kitten.', 'Kitten.', 'Kitten.']",-0.0,What is this animal called when it is under 1 year old?,,True,0.32561809404461245,0,correct_high
validation::5290,['string'],String.,1.0,"['String.', 'String.', 'String.', 'String.', 'String.', 'String.', 'String.', 'String.', 'String.', 'Kite string.']",0.3250829733914482,What is between the man's fingers?,,True,0.32561809404461245,0,correct_high
validation::5294,['marucci'],Marucci,1.0,"['Marucci', 'Marucci.', 'Marucci', 'Marucci', 'Marucci', 'Marucci', 'Marucci', 'Marucci', 'Marucci', 'Marucci']",-0.0,What does the ball player's bat say on it?,,True,0.32561809404461245,0,correct_high
validation::5298,['fireplace'],On the mantelpiece.,0.0,"['On the mantelpiece.', 'On the mantelpiece.', 'On the mantelpiece.', 'On the mantelpiece.', 'On the mantelpiece.', 'On the mantelpiece.', 'On the mantelpiece.', 'On the mantelpiece.', 'On the mantlepiece.', 'On the mantelpiece.']",-0.0,Where are the statues of the dogs?,,True,0.32561809404461245,0,correct_high
validation::5299,['4'],Three.,0.0,"['Three.', 'Three.', 'Three.', 'Two.', 'Three.', 'Two.', 'Three.', 'Three.', 'Two.', 'Four.']",0.8979457248567797,How many total long stripes are on the surfboard?,,False,0.32561809404461245,1,incorrect_low
validation::5300,['2'],Zero.,0.0,"['Zero.', 'One.', 'Zero.', 'One.', 'Zero.', 'One.', 'Zero.', 'Zero.', 'Zero.', 'Zero.']",0.6108643020548935,How many used tissues are on the counter?,,False,0.32561809404461245,1,incorrect_low
validation::5301,['tea'],Tea,1.0,"['Tea', 'Tea', 'Tea', 'Tea', 'Tea', 'Tea', 'Tea', 'Tea', 'Tea', 'Tea']",-0.0,What is the first word before rooms in the signage?,,True,0.32561809404461245,0,correct_high
validation::5305,['harley'],Davidson,0.0,"['Davidson', 'Davidson', 'H', 'Davidson', 'Davidson', 'Davidson', 'Davidson', 'Davidson', 'Davidson', 'Davidson']",0.3250829733914482,What is the first part that is visible of the white letters on the sign?,,False,0.32561809404461245,0,incorrect_high
validation::5309,['2'],Two.,0.0,"['2', 'Two.', 'Two.', 'Two.', 'Two.', '2', 'Two.', 'Two.', 'Two.', 'Two.']",-0.0,How many males are in the front?,,True,0.32561809404461245,0,correct_high
validation::5310,['unanswerable'],Balloons.,0.0,"['Decorations.', 'Balloons.', 'Balloons.', 'Balloons.', 'Balloons.', 'Balloons.', 'Balloons.', 'Balloons.', 'Decorations.', 'Balloons.']",0.5004024235381879,What are the blue and orange balls?,,False,0.32561809404461245,1,incorrect_low
validation::5311,['fence'],Ground.,0.0,"['Ground.', 'Ground.', 'Ground.', 'Ground.', 'Ground.', 'Ground.', 'Ground.', 'Ground.', 'Ground.', 'Ground.']",-0.0,What are the sheep standing on?,,False,0.32561809404461245,0,incorrect_high
validation::5312,['18'],6,0.0,"['Six.', '6', '6', '6', '6', '8', '6', 'Six.', '6', '6']",0.3250829733914482,How many rings does the notebook have?,,False,0.32561809404461245,0,incorrect_high
validation::5313,['b17'],B 17,0.0,"['B 17', 'B 17', 'B 17', 'B17', 'B17', '""B 17""', 'B 17', 'B17', 'B 17', 'B17']",-0.0,What does the flag on the right side of the picture say?,,True,0.32561809404461245,0,correct_high
validation::5314,['1'],Three.,0.0,"['Three.', 'Four.', 'Four.', 'Four.', 'Three.', 'Four.', 'Three.', 'Three.', 'Four.', 'Four.']",0.6730116670092565,How many fingers are visible in the picture?,,False,0.32561809404461245,1,incorrect_low
validation::5318,['ameritech'],Motorola.,0.0,"['Motorola.', 'Motorola.', 'Motorola', 'Motorola.', 'Motorola.', 'Motorola.', 'Motorola.', 'Motorola.', 'Motorola.', 'Motorola.']",-0.0,This is a cellular product powered by who?,,False,0.32561809404461245,0,incorrect_high
validation::5320,['2'],Two.,0.0,"['Two.', 'Two.', 'Two.', 'Two.', 'Two.', 'Two.', 'Two.', 'Two.', 'Two.', 'Two.']",-0.0,how many people are shown?,,True,0.32561809404461245,0,correct_high
validation::5322,['7'],7,1.0,"['7', '7', '7', '6', '7', '7', '7', '6', '7', '7']",0.5004024235381879,How many people are standing?,,True,0.32561809404461245,1,correct_low
validation::5324,['remote'],A remote control.,1.0,"['A remote control.', 'A remote control.', 'A remote control.', 'A remote control.', 'A remote control.', 'A remote control.', 'A remote control.', 'A remote control.', 'A remote control.', 'A remote control.']",-0.0,What is the boy holding?,,True,0.32561809404461245,0,correct_high
validation::5326,['purple'],Purple.,1.0,"['Purple.', 'Purple.', 'Purple.', 'Purple.', 'Purple.', 'Purple.', 'Purple.', 'Purple.', 'Purple.', 'Purple.']",-0.0,What color is the biggest piece of round confetti on the bottom rightish?,,True,0.32561809404461245,0,correct_high
validation::5327,['6'],Four.,0.0,"['Four.', '4', 'Four.', 'Four.', 'Four.', 'Four.', 'Four.', 'Four.', 'Four.', '5']",0.3250829733914482,How many shoes are visible?,,False,0.32561809404461245,0,incorrect_high
validation::5330,['0'],One.,0.0,"['One.', 'One.', 'One.', 'One.', 'One.', 'One.', 'One.', 'One.', 'One.', 'One.']",-0.0,How many bears are looking toward the camera?,,False,0.32561809404461245,0,incorrect_high
validation::5331,['property'],Property,1.0,"['Property', 'Property', 'Property', 'Property', 'Property', 'Property', 'Property', 'Property', 'Property', 'Property']",-0.0,What is the first word on the kid's shirt?,,True,0.32561809404461245,0,correct_high
validation::5333,['0'],Two.,0.0,"['Two.', 'Two.', 'Two.', 'Two.', 'Two.', 'Two.', 'Two.', 'Two.', 'Two.', 'Two.']",-0.0,how many eyes are visible?,,False,0.32561809404461245,0,incorrect_high
validation::5334,['cow'],Cows.,0.0,"['Cows.', 'Cows.', 'Cows.', 'Cows.', 'Cows.', 'Cows.', 'Cows.', 'Cows.', 'Cows.', 'Cows.']",-0.0,What type if animal walking next to the horses?,,True,0.32561809404461245,0,correct_high
validation::5338,['third'],Second base.,0.0,"['Second base.', 'Second base.', 'Second base.', 'Second base.', 'Second base.', 'Second base.', 'Second base.', 'Second base.', 'Second base.', 'Second base.']",-0.0,what base is the runner almost at,,False,0.32561809404461245,0,incorrect_high
validation::5340,['vacuum'],A mop.,0.0,"['A coiled rope.', 'A mop.', 'A mop.', 'A mop.', 'A mop.', 'A mop.', 'A mop.', 'A mop.', 'A mop.', 'A roll of tape.']",0.639031859650177,What is the green and white item near the left side?,,False,0.32561809404461245,1,incorrect_low
validation::5341,['green'],Yellow.,0.0,"['Yellow.', 'Yellow.', 'Yellow.', 'Yellow.', 'Yellow.', 'Yellow.', 'Yellow.', 'Yellow.', 'Yellow.', 'Yellow.']",-0.0,what is the accent color on the soccer ball,,False,0.32561809404461245,0,incorrect_high
validation::5343,['camera'],A ticket machine.,0.0,"['A ticket machine.', 'A ticket machine.', 'A ticket machine.', 'A ticket machine.', 'A ticket machine.', 'A ticket machine.', 'A ticket machine.', 'A ticket machine.', 'A ticket machine.', 'A ticket machine.']",-0.0,What is the lady with the glasses looking at?,,False,0.32561809404461245,0,incorrect_high
validation::5344,['coolers'],Coolers and a bucket.,1.0,"['Coolers and a bucket.', 'Coolers and buckets.', 'Coolers and a bucket.', 'Coolers and a bucket.', 'Coolers and buckets.', 'Coolers and a bucket.', 'Coolers and a bucket.', 'Buckets and a cooler.', 'Coolers and buckets.', 'Buckets and a cooler.']",-0.0,What are the people sitting on top of?,,True,0.32561809404461245,0,correct_high
validation::5345,['banana split'],Banana split.,1.0,"['Banana split.', 'Banana split.', 'Banana split.', 'Banana split.', 'Banana split.', 'Banana split.', 'Banana split.', 'Banana split.', 'Banana split.', 'Banana split.']",-0.0,What is the name of the dessert on the table?,,True,0.32561809404461245,0,correct_high
validation::535,['4'],Five.,0.0,"['Five.', 'Five.', 'Five.', 'Four.', 'Five.', 'Five.', 'Five.', 'Four.', 'Four.', 'Five.']",0.6108643020548935,How many boards make up the seat of the bench?,,False,0.32561809404461245,1,incorrect_low
validation::5350,['3'],3,1.0,"['3', 'Three.', '3', '3', '3', 'Three.', '3', '3', 'Three.', 'Two.']",0.3250829733914482,how many tents on shore?,,True,0.32561809404461245,0,correct_high
validation::5353,['blue'],Yellow.,0.0,"['Yellow.', 'Yellow.', 'Yellow.', 'Yellow.', 'Yellow.', 'Yellow.', 'Yellow.', 'Yellow.', 'Yellow.', 'Yellow.']",-0.0,What color is the center of the flower on the desk?,,False,0.32561809404461245,0,incorrect_high
validation::5358,['888'],888,1.0,"['888', '888', '888', '888', '888', '888', '888', '888', '888', '888']",-0.0,What number is on the picture?,,True,0.32561809404461245,0,correct_high
validation::5359,['smiley face'],A smiley face.,1.0,"['A smiley face.', 'A smiley face.', 'A smiley face.', 'A smiley face.', 'A smiley face.', 'A smiley face.', 'A smiley face.', 'A smiley face.', 'A smiley face.', 'A smiley face.']",-0.0,What is on the bag to the right of the man on the right,,True,0.32561809404461245,0,correct_high
validation::5364,['cord'],A cable.,0.0,"['A cable.', 'A cable.', 'A cable.', 'A cable.', 'A cable.', 'A cable.', 'A cable.', 'A cable.', 'A cable.', 'A cable.']",-0.0,what is the black curvy line?,,True,0.32561809404461245,0,correct_high
validation::5366,['5'],6,0.0,"['5', '6', '6', '6', '6', '6', '6', '6', '6', '6']",0.3250829733914482,how many tomato slices are there?,,False,0.32561809404461245,0,incorrect_high
validation::5367,['down'],At the camera.,0.0,"['At the camera.', 'At the camera.', 'At the camera.', 'At the camera.', 'At the camera.', 'At the camera.', 'At the camera.', 'At the camera.', 'At the camera.', 'At the camera.']",-0.0,Where is the cat looking?,,False,0.32561809404461245,0,incorrect_high
validation::5368,['4'],6,0.0,"['Six.', 'Six.', 'Six.', '6', '6', '6', 'Six.', '6', '6', '6']",-0.0,How many doors on the train?,,False,0.32561809404461245,0,incorrect_high
validation::5369,['2'],1,0.0,"['1', '1', 'One.', '1', '1', '1', '1', '1', '1', '1']",-0.0,how many people are wearing sunglasses?,,False,0.32561809404461245,0,incorrect_high
validation::537,['light'],"A tire with a whitewall, a fender with stripes, a license plate, and a shock absorber.",0.0,"['A seat, tire, fender, exhaust pipe, and license plate.', 'A fender with white stripes, a taillight, and a license plate.', 'A tire with a whitewall, a fender with white stripes, a seat, and a license plate.', 'A tire, fender, seat, and exhaust pipe.', 'A tire, a fender with stripes, a license plate, and exhaust pipe.', 'A tire, fender, and license plate.', 'A tire with a whitewall, a fender with stripes, a seat, and a license plate.', 'A black fender with white stripes, a license plate, and a tire with a whitewall.', 'A seat, tire, fender, and license plate.', 'A tire, fender, and license plate.']",2.163955656882057,What is on back of the motorbike?,,False,0.32561809404461245,1,incorrect_low
validation::5372,['2'],Two.,0.0,"['Two.', 'Two.', 'Two.', 'Two.', 'Two.', 'Two.', 'Two.', 'Two.', 'Two.', 'Two.']",-0.0,how many boats are in the picture?,,True,0.32561809404461245,0,correct_high
validation::5374,['1019'],1019,1.0,"['1019', '1019', '1019', '1019', '1019', '1019', '1019', '1019', '1019', '1019']",-0.0,What number is the approaching bus?,,True,0.32561809404461245,0,correct_high
validation::5377,['1'],4,0.0,"['4', '4', '4', '4', '4', '4', 'Four.', '4', '4', '4']",-0.0,How many wheels of the van are visible in this picture?,,False,0.32561809404461245,0,incorrect_high
validation::5379,['30'],Approximately 20.,0.0,"['Approximately 20.', 'Approximately 20.', 'Approximately 20.', 'Approximately 20.', 'Approximately 20.', 'Approximately 20.', 'Around 20.', 'Approximately 20.', 'Approximately 20.', 'Approximately 20.']",-0.0,how many sausages?,,False,0.32561809404461245,0,incorrect_high
validation::5380,['1'],8,0.0,"['11', '9', '7', '10', '8', '8', '8', '8', '7', '9']",1.4708084763221114,How many slices of cheese can be seen in the image?,,False,0.32561809404461245,1,incorrect_low
validation::5383,['1'],One.,0.0,"['One.', 'One.', 'One.', 'One.', 'One.', 'One.', 'One.', 'One.', 'One.', 'One.']",-0.0,How many ski poles are visible?,,True,0.32561809404461245,0,correct_high
validation::5384,['fedex'],FedEx,1.0,"['FedEx', 'FedEx', 'FedEx', 'FedEx', 'FedEx', 'FedEx', 'FedEx', 'FedEx.', 'FedEx.', 'FedEx']",-0.0,what is the name the package delivery company?,,True,0.32561809404461245,0,correct_high
validation::5387,['4'],Four.,0.0,"['Four.', 'Four.', 'Four.', 'Four.', 'Four.', 'Four.', 'Four.', 'Four.', 'Four.', 'Four.']",-0.0,How many Zebra ears can be seen?,,True,0.32561809404461245,0,correct_high
validation::5388,['1'],One.,0.0,"['One.', 'One.', 'One.', 'One.', 'One.', 'One.', 'One.', 'One.', 'One.', 'One.']",-0.0,How many bowls are in this image?,,True,0.32561809404461245,0,correct_high
validation::5389,['1'],One.,0.0,"['One.', '1', 'One.', 'One.', 'One.', 'One.', 'One.', 'One.', 'One.', 'One.']",-0.0,How many blue cushions are there?,,True,0.32561809404461245,0,correct_high
validation::5394,['circle'],Circular.,0.0,"['Circular.', 'Circular.', 'Circle.', 'Round.', 'Circle.', 'Circular.', 'Circle.', 'Circular.', 'Circular.', 'Circular.']",-0.0,What shape is the spot on the ceiling?,,True,0.32561809404461245,0,correct_high
validation::5395,['olive'],Olive oil.,1.0,"['Olive oil.', 'Olive oil.', 'Olive oil.', 'Olive oil.', 'Olive oil.', 'Olive oil.', 'Olive oil.', 'Olive oil.', 'Olive oil.', 'Olive oil.']",-0.0,what oil is pictured?,,True,0.32561809404461245,0,correct_high
validation::5396,['camera'],A baseball bat.,0.0,"['A baseball bat.', 'A baseball bat.', 'A baseball bat.', 'A baseball bat.', 'A baseball bat.', 'A baseball bat.', 'A camera.', 'A baseball bat.', 'A baseball bat.', 'A baseball bat.']",0.3250829733914482,What is in the hands of the man standing opposite the woman?,,False,0.32561809404461245,0,incorrect_high
validation::54,['black'],Black.,1.0,"['Black.', 'Black.', 'Black.', 'Black.', 'Black.', 'Black.', 'Black.', 'Black.', 'Black.', 'Black.']",-0.0,What color are the kitchen chairs?,,True,0.32561809404461245,0,correct_high
validation::540,['3'],3,1.0,"['3', '3', 'Three.', '3', '3', '3', '3', '3', '3', '3']",-0.0,How many tops of umbrellas do you see?,,True,0.32561809404461245,0,correct_high
validation::5408,['bananas'],Bananas.,1.0,"['Bananas.', 'Bananas.', 'Bananas.', 'Bananas.', 'Bananas.', 'Bananas.', 'Bananas.', 'Bananas.', 'Bananas.', 'Bananas.']",-0.0,"In this image, what are the fruits that are not red called?",,True,0.32561809404461245,0,correct_high
validation::5410,['angled'],Angled.,1.0,"['Angled.', 'Angled.', 'Angled.', 'Angled.', 'Angled.', 'Angled.', 'Angled.', 'Angled.', 'Angled.', 'Angled.']",-0.0,Is this photo straight or angled?,,True,0.32561809404461245,0,correct_high
validation::5412,['left'],Left.,1.0,"['Right.', 'Left.', 'Left.', 'Right.', 'Right.', 'Right.', 'Right.', 'Right.', 'Right.', 'Left.']",0.6108643020548935,"Which of the panda's front paws is more forward, their left or right?",,True,0.32561809404461245,1,correct_low
validation::5416,['black'],White.,0.0,"['White.', 'White.', 'White.', 'White.', 'White.', 'White.', 'White.', 'White.', 'White.', 'White.']",-0.0,what color shirt is the man who is serving wearing?,,False,0.32561809404461245,0,incorrect_high
validation::5419,['0'],Two.,0.0,"['Two.', 'Two.', 'Two.', 'Two.', '2', 'Two.', 'Two.', 'Two.', 'Two.', '2']",-0.0,How many visible ears in the photo?,,False,0.32561809404461245,0,incorrect_high
validation::5420,['3'],Two.,0.0,"['Two.', 'Two.', 'Two.', 'Two.', 'Two.', 'Two.', 'Two.', 'Two.', 'Two.', 'Two.']",-0.0,How many hands are being used to cut the cake?,,False,0.32561809404461245,0,incorrect_high
validation::5424,['left'],Right hand.,0.0,"['Right.', 'Right.', 'Right hand.', 'Right.', 'Right.', 'Right.', 'Right hand.', 'Right hand.', 'Right.', 'Right.']",-0.0,In which hand is the person holding the phone?,,False,0.32561809404461245,0,incorrect_high
validation::5427,['pizza'],Pizza,1.0,"['Pizza', 'Pizza.', 'Pizza.', 'Pizza.', 'Pizza', 'Pizza.', 'Pizza', 'Pizza.', 'Pizza', 'Pizza']",-0.0,What is the largest food represented in the bottom right arrangement?,,True,0.32561809404461245,0,correct_high
validation::5438,['3'],Two.,0.0,"['Two.', 'Two.', 'Two.', 'Two.', 'Two.', 'Two.', 'Two.', 'Two.', 'Two.', 'Two.']",-0.0,How many white cups?,,False,0.32561809404461245,0,incorrect_high
validation::544,['red'],Yellow.,0.0,"['Yellow.', 'Yellow.', 'Yellow.', 'Yellow.', 'Yellow.', 'Yellow.', 'Yellow.', 'Yellow.', 'Yellow.', 'Yellow.']",-0.0,What color is the lifeguard tower?,,False,0.32561809404461245,0,incorrect_high
validation::5441,['2'],Three.,0.0,"['3', 'Three.', '3', 'Three.', 'Three.', 'Three.', '3', 'Three.', '3', 'Three.']",-0.0,how many persons are there?,,False,0.32561809404461245,0,incorrect_high
validation::5444,['4'],Four.,0.0,"['Four.', 'Four.', 'Four.', 'Four.', 'Four.', 'Four.', 'Four.', 'Four.', 'Four.', 'Four.']",-0.0,how many clipboards are on the wall?,,True,0.32561809404461245,0,correct_high
validation::5445,['glass'],Metal.,0.0,"['Chrome.', 'Chrome.', 'Chrome.', 'Chrome.', 'Chrome.', 'Chrome.', 'Chrome.', 'Metal.', 'Chrome.', 'Metal.']",0.5004024235381879,What material is the end of the curtain rod?,,False,0.32561809404461245,1,incorrect_low
validation::5446,['on the tape'],On the tape.,1.0,"['On the tape roll.', 'On the tape.', 'On the tape.', 'On the tape.', 'On top of the tape.', 'On the tape.', 'On the tape.', 'On the tape.', 'On the tape.', 'On the tape.']",-0.0,Where are the scissors?,,True,0.32561809404461245,0,correct_high
validation::5449,['motorcycle'],Motorcycle,1.0,"['Motorcycle', 'Motorcycle', 'Motorcycle', 'Motorcycle', 'Motorcycle', 'Motorcycle', 'MOTORCYCLE', 'Motorcycle', 'Motorcycle', 'Motorcycle']",-0.0,What word is painted on the pavement?,,True,0.32561809404461245,0,correct_high
validation::545,['2'],Two.,0.0,"['Two.', 'Two.', 'Two.', 'Two.', 'Two.', 'Two.', 'Two.', 'Two.', 'Two.', 'Two.']",-0.0,How many boards visibly make up the back of he bench?,,True,0.32561809404461245,0,correct_high
validation::5452,['4'],Five.,0.0,"['Six.', '7', 'Six.', 'Six.', 'Six.', 'Six.', 'Six.', 'Seven.', '6', 'Five.']",0.8018185525433372,How many lines are visible on the hull of the boat?,,False,0.32561809404461245,1,incorrect_low
validation::5455,['umbrella'],Shoes.,0.0,"['Shoes.', 'Shoes.', 'Shoes.', 'Shoes.', 'Shoes.', 'Shoes.', 'Shoes.', 'Shoes.', 'Shoes.', 'Shoes.']",-0.0,What is on the table in the image?,,False,0.32561809404461245,0,incorrect_high
validation::5456,['0'],One.,0.0,"['One.', 'One.', 'One.', 'One.', 'One.', 'One.', 'One.', 'One.', 'One.', 'One.']",-0.0,How many animals are looking straight up in the photo?,,False,0.32561809404461245,0,incorrect_high
validation::5457,['1 and 2'],VII and VIII,0.0,"['8 and 9.', '7 and 8.', '7 and 8.', 'VII and VIII.', '5 and 6', 'VII and VIII', 'VI and VII', 'VII and VIII', 'VII and VIII.', '6 and 7.']",1.0888999753452238,Which two numbers is the hand between in the top right of the clock?,,False,0.32561809404461245,1,incorrect_low
validation::5458,['2'],Two.,0.0,"['Two.', 'Two.', 'Two.', 'Two.', 'Three.', 'Two.', 'Two.', 'Two.', 'Two.', 'Two.']",0.3250829733914482,how many holes in the floor?,,True,0.32561809404461245,0,correct_high
validation::5461,['nobody'],Not visible.,0.0,"['Not visible.', 'Not visible in the image.', 'Not visible.', 'Not visible.', 'The leash is draped over the bench, so no one is holding it in the image.', 'Not visible.', 'The leash is draped over the bench.', 'Not visible.', 'The leash is not being held by anyone in the image.', 'Not visible.']",1.0888999753452235,who is holding the leash?,,True,0.32561809404461245,1,correct_low
validation::5464,['0'],Zero.,0.0,"['Zero.', 'Zero.', 'Zero.', 'Zero.', 'Zero.', 'Zero.', 'Zero.', 'Zero.', 'Zero.', 'Zero.']",-0.0,How many fingers are visible?,,True,0.32561809404461245,0,correct_high
validation::5465,['right'],Away from the camera.,0.0,"['Away from the camera.', 'Left.', 'Away from the camera.', 'Away from the camera.', 'Away from the camera.', 'Away from the camera.', 'Off to the right.', 'To the right.', 'Left.', 'Away from the camera.']",0.9502705392332348,What direction is the man looking?,,False,0.32561809404461245,1,incorrect_low
validation::5466,['black'],Pink.,0.0,"['Pink.', 'Pink.', 'Pink.', 'Pink.', 'Pink.', 'Pink.', 'Pink.', 'Pink.', 'Pink.', 'Pink.']",-0.0,What color is the player's bra straps?,,False,0.32561809404461245,0,incorrect_high
validation::5467,['1188645'],1109,0.0,"['1109', '1109', '1109', '1109', '1109', '1109', '1109', '1109', '1109', '1109']",-0.0,What is the bus's license plate number?,,False,0.32561809404461245,0,incorrect_high
validation::5473,['6:55'],Approximately 11:30.,0.0,"['Approximately 10:23.', 'Approximately 11:30.', 'Approximately 10:50.', 'Approximately 11:45.', 'Approximately 11:40.', 'Approximately 11:24.', 'Approximately 11:23.', 'Approximately 11:53 and 2:53.', 'Approximately 11:20.', 'Approximately 11:50 and 2:10.']",2.163955656882057,What time is on the clock?,,False,0.32561809404461245,1,incorrect_low
validation::5474,['up'],Up.,1.0,"['Up.', 'Up.', 'Up.', 'Up.', 'Up.', 'Up.', 'Up.', 'Up.', 'Up.', 'Up.']",-0.0,Which way is the arrow pointing to?,,True,0.32561809404461245,0,correct_high
validation::5475,['1'],One.,0.0,"['One.', 'One.', 'One.', 'One.', 'One.', 'One.', 'One.', 'One.', 'One.', 'One.']",-0.0,How many of the dogs tails are on top of the black blanket?,,True,0.32561809404461245,0,correct_high
validation::5476,['black and white'],Black and grey.,1.0,"['Black and grey.', 'Black and blue.', 'Black and blue.', 'Black and grey.', 'Black and red.', 'Black and green.', 'Black and gray.', 'Black and dark blue.', 'Black and green.', 'Black and red.']",1.5571130980576458,What two colors is the man's suit?,,False,0.32561809404461245,1,incorrect_low
validation::5477,['raft'],A buoy.,0.0,"['A buoy.', 'A buoy.', 'A buoy.', 'A buoy.', 'A buoy.', 'A buoy.', 'A buoy.', 'A buoy.', 'A buoy.', 'A buoy.']",-0.0,What is the red thing to the right of the white boat with the blue stripe?,,False,0.32561809404461245,0,incorrect_high
validation::548,['6'],4,0.0,"['4', 'Four.', '4', '4', 'Four.', '4', '4', 'Four.', 'Four.', 'Four.']",-0.0,how many horse legs can be seen,,False,0.32561809404461245,0,incorrect_high
validation::5482,['spoon'],Spoon.,1.0,"['The spoon.', 'The spoon.', 'Spoon.', 'Spoon.', 'The spoon.', 'The spoon.', 'Spoon.', 'The spoon.', 'Spoon.', 'The spoon.']",-0.0,Which cutlery has food stains?,,True,0.32561809404461245,0,correct_high
validation::5487,['new york'],New York.,1.0,"['New York.', 'New York.', 'New York.', 'New York.', 'New York.', 'New York.', 'New York.', 'New York.', 'New York', 'New York.']",-0.0,What city is on the man's shirt?,,True,0.32561809404461245,0,correct_high
validation::5490,['4'],5,0.0,"['Five.', '5', '5', '5', '5', '5', '5', 'Five.', '5', '5']",-0.0,How many noses are there?,,False,0.32561809404461245,0,incorrect_high
validation::5494,['pizza'],Pizza.,1.0,"['Pizza.', 'Pizza.', 'Pizza.', 'Pizza', 'Pizza.', 'Pizza', 'Pizza.', 'Pizza.', 'Pizza.', 'Pizza']",-0.0,What is being eaten?,,True,0.32561809404461245,0,correct_high
validation::5497,['plastic'],Plastic.,1.0,"['Plastic.', 'Plastic.', 'Plastic.', 'Plastic.', 'Plastic.', 'Plastic.', 'Plastic.', 'Plastic.', 'Plastic.', 'Plastic.']",-0.0,What is the orange fencing made of?,,True,0.32561809404461245,0,correct_high
validation::5499,['dke'],"""J"" and ""M""",0.0,"['""BW""', '""A"" and ""J""', '""SM""', 'H and P.', '""JR""', '""MJ""', '""J"" and ""R"".', '""SM""', '""WC""', '""JD""']",2.025326220770068,What letters are scrapped into the left part of toilet seat,,False,0.32561809404461245,1,incorrect_low
validation::550,['left'],Right.,0.0,"['Right.', 'Right.', 'Right.', 'Right.', 'Right.', 'Right.', 'Right side.', 'Right.', 'Right side.', 'Right.']",-0.0,What side is the ball going towards in this picture?,,False,0.32561809404461245,0,incorrect_high
validation::5500,['2'],Two.,0.0,"['Two.', 'Two.', 'Two.', 'Two.', 'Two.', 'Two.', 'Two.', 'Two.', 'Two.', 'Two.']",-0.0,How many legs of the bird can be seen?,,True,0.32561809404461245,0,correct_high
validation::5501,['4'],7,0.0,"['Seven.', 'Seven.', '7', '8', '7', 'Seven.', 'Seven.', '7', 'Seven.', '7']",0.3250829733914482,How many horizontal blue stripes are part of the design on the wall?,,False,0.32561809404461245,0,incorrect_high
validation::5502,['cutting pizza'],Cutting a pizza.,1.0,"['Cutting pizza.', 'Cutting a pizza.', 'Cutting a pizza.', 'Cutting a pizza.', 'Cutting a pizza.', 'Cutting a pizza.', 'Cutting pizza.', 'Cutting a pizza.', 'Cutting pizza.', 'Cutting a pizza.']",-0.0,What is the person doing?,,True,0.32561809404461245,0,correct_high
validation::5505,['3'],Three.,0.0,"['Three.', 'Three.', 'Three.', 'Three.', 'Three.', 'Three.', 'Three.', 'Three.', 'Three.', 'Three.']",-0.0,How many animals in this picture?,,True,0.32561809404461245,0,correct_high
validation::5506,['1'],One.,0.0,"['One.', 'One.', 'One.', 'One.', 'One.', 'One.', 'One.', 'One.', 'One.', 'One.']",-0.0,How many black cows can be seen?,,True,0.32561809404461245,0,correct_high
validation::551,['speed'],Speed laws.,1.0,"['Speed laws.', 'Speed laws.', 'Speed laws.', 'Speed laws.', 'Speed laws.', 'Speed laws.', 'Speed laws.', 'Speed laws.', 'Speed laws.', 'Speed laws.']",-0.0,what kind of laws enforced?,,True,0.32561809404461245,0,correct_high
validation::5515,['2'],3,0.0,"['Three.', '3', '3', 'Three.', 'Three.', 'Three.', '3', 'Three.', '3', 'Three.']",-0.0,how many buildings are there?,,False,0.32561809404461245,0,incorrect_high
validation::552,['3'],8,0.0,"['8', '8', '8', '8', '8', '8', '8', '8', '8', '8']",-0.0,how many window panes are on the garage door?,,False,0.32561809404461245,0,incorrect_high
validation::5526,['5'],Six.,0.0,"['Six.', 'Six.', 'Six.', 'Six.', 'Six.', 'Six.', 'Six.', 'Six.', 'Six.', 'Six.']",-0.0,How many wheels does this skateboard have?,,False,0.32561809404461245,0,incorrect_high
validation::5528,['6:30'],10:22,0.0,"['10:18', '10:41', '10:50', '10:22', '10:18', '10:37', '3:38', '1:22', '10:22', '10:05']",2.025326220770068,what time is on the clock?,,False,0.32561809404461245,1,incorrect_low
validation::5530,['6'],6,1.0,"['6', '6', '6', '6', '6', '6', '6', '6', '6', '6']",-0.0,What number is on the boy's tank top?,,True,0.32561809404461245,0,correct_high
validation::5533,['12'],6,0.0,"['6', '6', '6', '12', '6', '12', '6', '6', '6', '6']",0.5004024235381879,What number is the small hand of the clock on?,,False,0.32561809404461245,1,incorrect_low
validation::5534,['2'],Two.,0.0,"['Two.', 'Two.', 'Two.', 'Two.', 'Two.', '2', 'Two.', 'Two.', 'Two.', 'Two.']",-0.0,"How many traffic signs are on this pole, even those partially visible?",,True,0.32561809404461245,0,correct_high
validation::5535,['20'],22,0.0,"['21', '22', '21', '21', '12', '2', '22', '22', '21', '22']",1.193549604098133,what number is on the back of the batter?,,False,0.32561809404461245,1,incorrect_low
validation::5537,['elephant'],The elephant.,1.0,"['The elephant.', 'The elephant.', 'The elephant.', 'The elephant.', 'The elephant.', 'The elephant.', 'The elephant.', 'The elephant.', 'The elephant.', 'The elephant.']",-0.0,Is the man looking at the camera or at the elephant?,,True,0.32561809404461245,0,correct_high
validation::5540,['2'],4,0.0,"['4', '4', '4', '4', '4', 'Four.', '4', '4', '4', '4']",-0.0,How many items are on the sinks countertop?,,False,0.32561809404461245,0,incorrect_high
validation::5548,['0'],Zero.,0.0,"['Zero.', 'Zero.', 'Zero.', 'Zero.', 'Zero.', 'Zero.', 'Zero.', 'Zero.', 'Zero.', 'Zero.']",-0.0,How many dogs are in the room?,,True,0.32561809404461245,0,correct_high
validation::5549,['0'],Zero.,0.0,"['Zero.', 'Zero.', 'Zero.', 'Zero.', 'Zero.', 'Zero.', 'Zero.', 'Zero.', 'Zero.', 'Zero.']",-0.0,How many knives are shown?,,True,0.32561809404461245,0,correct_high
validation::555,['chevrolet'],Chevrolet,1.0,"['Chevrolet', 'Chevrolet', 'Chevrolet', 'Chevrolet', 'Chevrolet', 'Chevrolet', 'Chevrolet', 'Chevrolet', 'Chevrolet', 'Chevrolet.']",-0.0,What make is the red pickup?,,True,0.32561809404461245,0,correct_high
validation::5550,['2'],Four.,0.0,"['Four.', 'Four.', 'Four.', 'Four.', 'Four.', 'Four.', 'Four.', 'Four.', 'Four.', 'Four.']",-0.0,How many tires are shown on the white car?,,False,0.32561809404461245,0,incorrect_high
validation::5552,['3'],Three.,0.0,"['Three.', 'Three.', 'Three.', 'Three.', 'Three.', 'Three.', 'Three.', 'Three.', 'Three.', 'Three.']",-0.0,How many colors does the hat of the cat have in this picture?,,True,0.32561809404461245,0,correct_high
validation::5558,['2'],Two.,0.0,"['Two.', 'Two.', 'Two.', 'Two.', 'Two.', 'Two.', 'Two.', 'Two.', 'Two.', 'Two.']",-0.0,how many different shoes?,,True,0.32561809404461245,0,correct_high
validation::556,['orange'],Green.,0.0,"['Green.', 'Green.', 'Green.', 'Green.', 'Green.', 'Green.', 'Green.', 'Green.', 'Green.', 'Green.']",-0.0,what color are the ski pole baskets?,,False,0.32561809404461245,0,incorrect_high
validation::5562,['towel'],A towel.,1.0,"['A towel.', 'A pink towel.', 'A pink towel.', 'A towel.', 'A towel.', 'A towel.', 'A pink towel.', 'A towel.', 'A towel.', 'A pink towel.']",0.6730116670092565,what is on the girls head,,True,0.32561809404461245,1,correct_low
validation::5563,['horse'],Mustang.,0.0,"['Mustang.', 'Horse.', 'Horse.', 'Mustang.', 'Mustang (horse)', 'Mustang (horse)', 'Mustang (horse)', 'Mustang.', 'Mustang.', 'Mustang (horse)']",1.0549201679861442,what is the animal in the emblem of the blue car?,,True,0.32561809404461245,1,correct_low
validation::5565,['862'],862,1.0,"['862', '862', '862', '862', '862', '862', '862', '862', '862', '862']",-0.0,What is the number on the parking meter?,,True,0.32561809404461245,0,correct_high
validation::5568,['blue'],Blue.,1.0,"['Blue.', 'Blue.', 'Blue.', 'Blue.', 'Blue.', 'Blue.', 'Blue.', 'Blue.', 'Blue.', 'Blue.']",-0.0,What color is the back of the yellow bus?,,True,0.32561809404461245,0,correct_high
validation::557,['soap dish'],A yellow soap dish.,1.0,"['A yellow soap dish.', 'A green soap dish.', 'A yellow soap dish.', 'A yellow soap dish.', 'A yellow soap dish.', 'A yellow soap dish.', 'A yellow soap dish.', 'A yellow soap dish.', 'A green soap dish.', 'A green soap dish.']",0.6108643020548935,What is placed near the sink tap?,,True,0.32561809404461245,1,correct_low
validation::5574,['green'],Green.,1.0,"['Green.', 'Blue.', 'Green.', 'Blue.', 'Green.', 'Green.', 'Green.', 'Red.', 'Green.', 'Green.']",0.8018185525433372,What color are the person's shoes?,,True,0.32561809404461245,1,correct_low
validation::5575,['30'],30,1.0,"['30', '30', '30', '30', '30', '30', '30', '30', '30', '30']",-0.0,What is the jersey number of Navaro?,,True,0.32561809404461245,0,correct_high
validation::5577,['red'],Green.,0.0,"['Green.', 'Red.', 'Green.', 'Green.', 'Green.', 'Green.', 'Red.', 'Green.', 'Green.', 'Green.']",0.5004024235381879,What color are the bags behind the fence?,,False,0.32561809404461245,1,incorrect_low
validation::5582,['985'],985,1.0,"['985', '985', '985', '985', '985', '985', '985', '985', '985', '985']",-0.0,What is the bus number?,,True,0.32561809404461245,0,correct_high
validation::5585,['cone'],People.,0.0,"['People.', 'People.', 'People.', 'A crowd of people.', 'People.', 'People.', 'A crowd of people.', 'A crowd of people.', 'People.', 'People.']",0.6108643020548935,What is in front of the barrier next to an English flag?,,False,0.32561809404461245,1,incorrect_low
validation::559,['right'],Left.,0.0,"['Left.', 'Left.', 'Left.', 'Left.', 'Left.', 'Left wrist.', 'Left.', 'Left.', 'Left.', 'Left wrist.']",-0.0,which wrist is he wearing a watch on?,,False,0.32561809404461245,0,incorrect_high
validation::5590,['3'],6,0.0,"['6', '6', '6', 'Six.', 'Six.', '6', '6', '6', '6', '6']",-0.0,how many arm rests?,,False,0.32561809404461245,0,incorrect_high
validation::5595,['1'],Two.,0.0,"['Two.', 'Two.', 'Two.', 'Two.', 'Two.', 'Two.', 'Two.', 'Two.', 'Two.', 'Two.']",-0.0,How many hands can be seen touching the motorcycle?,,False,0.32561809404461245,0,incorrect_high
validation::5597,['3'],Three.,0.0,"['Three.', 'Three.', 'Three.', 'Three.', 'Three.', 'Three.', 'Three.', 'Three.', 'Three.', 'Three.']",-0.0,How many sheep are in the scene?,,True,0.32561809404461245,0,correct_high
validation::5598,['1'],One.,0.0,"['One.', 'One.', 'One.', 'One.', 'One.', 'One.', 'One.', 'One.', 'One.', '1']",-0.0,how many persons are there?,,True,0.32561809404461245,0,correct_high
validation::5601,['gloves'],Gloves.,1.0,"['Gloves.', 'Gloves.', 'Gloves.', 'Gloves.', 'Gloves.', 'Gloves.', 'Gloves.', 'Gloves.', 'Gloves.', 'Gloves.']",-0.0,What are hanging on the rack?,,True,0.32561809404461245,0,correct_high
validation::5607,['black'],Black.,1.0,"['Black.', 'Black.', 'Black.', 'Black.', 'Black.', 'Black.', 'Black.', 'Black.', 'Black.', 'Black.']",-0.0,What color are the wingtips of this bird?,,True,0.32561809404461245,0,correct_high
validation::5608,['2'],Two.,0.0,"['Two.', 'Two.', 'Two.', 'Two.', 'Two.', 'Two.', 'Two.', 'Three.', 'Two.', 'Two.']",0.3250829733914482,How many mirrors are in this room?,,True,0.32561809404461245,0,correct_high
validation::5609,['cross'],Flathead.,0.0,"['Phillips head.', 'Flathead.', 'Flathead.', 'Hexagonal.', 'Flathead.', 'Phillips head.', 'Flathead.', 'Flathead.', 'Star.', 'Phillips head.']",1.1682824501765623,what shape is on the screw?,,False,0.32561809404461245,1,incorrect_low
validation::561,['kite'],A kite.,1.0,"['A kite.', 'A kite.', 'A kite.', 'A kite.', 'A kite.', 'A kite.', 'A kite.', 'A kite.', 'A kite.', 'A kite.']",-0.0,What is the boy holding in his right hand?,,True,0.32561809404461245,0,correct_high
validation::5614,['left'],Right hand.,0.0,"['Left.', 'His right hand.', 'Right.', 'The right hand.', 'The right hand.', 'Right.', 'Right hand.', 'The right hand.', 'Right hand.', 'Left.']",0.8018185525433373,Which hand on the bat is closer to the knob?,,False,0.32561809404461245,1,incorrect_low
validation::5615,['27'],ES 27,1.0,"['ES 27', 'ES 27', 'ES 27', 'ES 27', 'ES 27', '27', 'ES 27', 'ES 27', 'ES 27', 'ES 27']",0.3250829733914482,What is the number on the sign?,,True,0.32561809404461245,0,correct_high
validation::5616,['1'],One.,0.0,"['One.', 'One.', 'One.', 'One.', 'One.', 'One.', 'One.', 'One.', 'One.', 'One.']",-0.0,How many baby giraffes are visible?,,True,0.32561809404461245,0,correct_high
validation::5617,['1'],Two.,0.0,"['Two.', 'Two.', 'Two.', 'Two.', 'Two.', 'Two.', 'Two.', 'Two.', 'Two.', 'Two.']",-0.0,How many bikes are in full view?,,False,0.32561809404461245,0,incorrect_high
validation::562,['white'],Black.,0.0,"['Black.', 'Black.', 'Black.', 'Black.', 'Black.', 'Black.', 'Black.', 'Black.', 'Black.', 'Black.']",-0.0,What color are the man's shoelaces,,False,0.32561809404461245,0,incorrect_high
validation::5620,['4'],3,0.0,"['Three.', '3', 'Three.', '3', '3', 'Three.', '3', '3', '3', '3']",-0.0,How many people are seen sitting down?,,False,0.32561809404461245,0,incorrect_high
validation::5621,['5441'],1000A,0.0,"['1000A', '1000A', '1000A', '10001', '10081', '1000A', '1000A', '10001', '1000A', '10001']",0.8979457248567797,What is the number on the top right corner of the back of the bus?,,False,0.32561809404461245,1,incorrect_low
validation::5626,['4'],4,1.0,"['4', '4', '4', '4', '4', '4', '4', '4', '4', '4']",-0.0,how many persons are wearing green T-shirts?,,True,0.32561809404461245,0,correct_high
validation::5629,['2'],One.,0.0,"['One.', '1', 'One.', 'One.', 'One.', 'One.', 'One.', 'One.', 'One.', 'One.']",-0.0,How many plants are there?,,False,0.32561809404461245,0,incorrect_high
validation::5633,['3'],Two.,0.0,"['Two.', 'Two.', '2', 'Two.', 'Two.', 'Two.', 'Two.', 'Two.', 'Two.', 'Two.']",-0.0,how many  openings of refrigerator?,,False,0.32561809404461245,0,incorrect_high
validation::564,['pw'],PW,1.0,"['PW', 'PW', 'PW', 'PW', 'PW', 'PW', 'PW', 'PW', 'PW', 'PW']",-0.0,what are the two initails on the back of the shirt?,,True,0.32561809404461245,0,correct_high
validation::5640,['4'],6,0.0,"['7', '5', '7', '7', '6', 'Six.', 'Seven.', 'Six.', 'Seven.', '8']",1.1682824501765623,how many shapes are on the netting of her racket?,,False,0.32561809404461245,1,incorrect_low
validation::5641,['white'],White.,1.0,"['White.', 'White.', 'White.', 'White.', 'White.', 'White.', 'White.', 'White.', 'White.', 'White.']",-0.0,What color does this zebra have an unusual amount of?,,True,0.32561809404461245,0,correct_high
validation::5643,['2'],One.,0.0,"['One.', 'One.', 'One.', 'One.', 'One.', 'One.', 'One.', 'One.', 'One.', 'One.']",-0.0,How many tattoos do you see?,,False,0.32561809404461245,0,incorrect_high
validation::5645,['ladles'],Climbing carabiners.,0.0,"['Climbing carabiners.', 'Climbing holds.', 'Climbing carabiners.', 'Climbing carabiners.', 'Climbing carabiners.', 'Climbing carabiners.', 'Climbing holds.', 'Climbing carabiners.', 'Climbing carabiners.', 'Climbing holds.']",0.6108643020548935,What are the two black things hanging on the wall?,,False,0.32561809404461245,1,incorrect_low
validation::5646,['1'],2,0.0,"['2', '2', '2', '2', '2', '2', '2', '2', '2', '2']",-0.0,Which number is the hour hand pointing to on the clock to the left?,,False,0.32561809404461245,0,incorrect_high
validation::5647,['open'],Closed.,0.0,"['Closed.', 'Closed.', 'Closed.', 'Closed.', 'Closed.', 'Closed.', 'Closed.', 'Closed.', 'Closed.', 'Closed.']",-0.0,Is his mouth closed or open?,,False,0.32561809404461245,0,incorrect_high
validation::5650,['3'],Four.,0.0,"['Four.', 'Four.', 'Four.', 'Four.', 'Four.', 'Four.', 'Four.', 'Four.', 'Four.', 'Four.']",-0.0,How many poles are seen in this picture?,,False,0.32561809404461245,0,incorrect_high
validation::5652,['15'],Approximately 18.,0.0,"['Approximately 20.', 'Around 20.', 'Around 20.', 'Approximately 18.', 'Approximately 18.', 'Around 20.', 'Approximately 20.', 'Around 20.', 'Around 20.', 'Approximately 17.']",0.8018185525433372,How many elephants are there?,,False,0.32561809404461245,1,incorrect_low
validation::5659,['1'],One.,0.0,"['One.', 'One.', 'One.', 'One.', 'One.', 'One.', 'One.', 'One.', 'One.', 'One.']",-0.0,How many zebras are looking straight ahead?,,True,0.32561809404461245,0,correct_high
validation::5661,['2'],Two.,0.0,"['Two.', 'Two.', 'Two.', 'Two.', 'Two.', 'Two.', 'Two.', 'Two.', 'Two.', 'Two.']",-0.0,How many adult sheep are there?,,True,0.32561809404461245,0,correct_high
validation::5662,['3'],3,1.0,"['3', '3', '3', '3', '3', '3', '3', '3', '3', '3']",-0.0,how many people have on mitts?,,True,0.32561809404461245,0,correct_high
validation::5664,['1'],One.,0.0,"['One.', 'One.', 'One.', 'One.', 'One.', 'One.', 'One.', 'One.', 'One.', 'One.']",-0.0,How many birds are not blurred?,,True,0.32561809404461245,0,correct_high
validation::5667,['picnic'],Picnic.,1.0,"['Picnic.', 'Picnic.', 'Having a picnic.', 'Having a picnic.', 'Picnic.', 'Picnic.', 'Having a picnic.', 'Picnic.', 'Picnic.', 'Picnic.']",-0.0,what activity are the Bears carrying out?,,True,0.32561809404461245,0,correct_high
validation::5673,['baseball'],A bat.,0.0,"['A bat.', 'A bat.', 'A bat.', 'A bat.', 'A bat.', 'A bat.', 'A bat.', 'A bat.', 'A bat.', 'A bat.']",-0.0,what does the child is holding?,,False,0.32561809404461245,0,incorrect_high
validation::5674,['orange and blue'],Blue and purple.,1.0,"['Blue and purple.', 'Blue and purple.', 'Blue and purple.', 'Blue and purple.', 'Blue and purple.', 'Blue and purple.', 'Blue and purple.', 'Blue and purple.', 'Blue and purple.', 'Blue and purple.']",-0.0,What are the two teams' colors?,,False,0.32561809404461245,0,incorrect_high
validation::5677,['brown'],Black.,0.0,"['Brown.', 'Brown.', 'Black.', 'Black.', 'Dark brown.', 'Brown.', 'Brown.', 'Black.', 'Brown.', 'Black.']",0.9433483923290392,What color is the handtowel?,,False,0.32561809404461245,1,incorrect_low
validation::5679,['1'],Two.,0.0,"['Two.', 'Two.', 'Two.', 'Two.', 'Two.', 'Two.', 'Two.', 'Two.', 'Two.', 'Two.']",-0.0,How many small pillars are there?,,False,0.32561809404461245,0,incorrect_high
validation::5680,['12'],15,0.0,"['15', '13', '14', '14', '15', '15', '14', '14', '15', '15']",0.9433483923290392,How many visible people are in the photo?,,False,0.32561809404461245,1,incorrect_low
validation::5681,['tilted'],Tilted.,1.0,"['Tilted.', 'Tilted.', 'Tilted.', 'Tilted.', 'Tilted.', 'Tilted.', 'Tilted.', 'Tilted.', 'Tilted.', 'Tilted.']",-0.0,Is the front wheel of the motorcycle straight or tilted?,,True,0.32561809404461245,0,correct_high
validation::5683,['blue'],Blue.,1.0,"['Blue.', 'Blue.', 'Blue.', 'Blue.', 'Blue.', 'Blue.', 'Blue.', 'Blue.', 'Blue.', 'Blue.']",-0.0,What color are the end of the sleeves?,,True,0.32561809404461245,0,correct_high
validation::5684,['bills'],Bills.,1.0,"['Bills.', 'Bills.', 'Bills.', 'Bills.', 'Bills', 'Bills.', 'Bills.', 'Bills.', 'Bills.', 'Bills.']",-0.0,post no what?,,True,0.32561809404461245,0,correct_high
validation::5685,['sandals'],Sneakers.,0.0,"['Sneakers.', 'Sneakers.', 'Sneakers.', 'Sneakers.', 'Sneakers.', 'Sneakers.', 'Sneakers.', 'Sneakers.', 'Sneakers.', 'Sneakers.']",-0.0,What kind of shoes is the woman wearing?,,False,0.32561809404461245,0,incorrect_high
validation::5687,['1'],Zero.,0.0,"['Zero.', 'Zero.', '0', 'Zero.', 'Zero.', 'Zero.', 'Zero.', 'Zero.', 'Zero.', 'Zero.']",-0.0,how many hats are visible in the picture?,,False,0.32561809404461245,0,incorrect_high
validation::5688,['5'],6,0.0,"['5', '5', '6', '5', '6', '6', '6', '5', '6', '6']",0.6730116670092565,how many pillows even partially visible are there?,,False,0.32561809404461245,1,incorrect_low
validation::5690,['4'],Two.,0.0,"['Two.', 'Two.', 'Two.', 'Two.', 'Two.', 'Two.', 'Four.', 'Two.', 'Four.', 'Two.']",0.5004024235381879,How many legs of the giraffe can be seen in the photo?,,False,0.32561809404461245,1,incorrect_low
validation::5693,['3'],4,0.0,"['3', '4', '4', 'Four.', '4', '3', '4', '4', 'Four.', '4']",0.5004024235381879,How many of tines on the fork?,,False,0.32561809404461245,1,incorrect_low
validation::5697,['left'],The person on the right.,0.0,"['The person on the right.', 'The person on the right.', 'The person on the right.', 'The person on the right.', 'The person on the right.', 'The person on the right.', 'The person on the right.', 'The person on the right.', 'The person on the right.', 'The person on the right.']",-0.0,which person on the field has their socks showing?,,False,0.32561809404461245,0,incorrect_high
validation::5699,['pepper'],Specks.,0.0,"['Speckles.', 'Specks.', 'Specks.', 'Specks.', 'Specks.', 'Speck.', 'Speckles.', 'Specks.', 'Specks.', 'Specks.']",0.6730116670092565,What garnish is inside of the soup?,,True,0.32561809404461245,1,correct_low
validation::570,['3'],Three.,0.0,"['Three.', 'Three.', 'Three.', 'Three.', 'Three.', 'Three.', 'Three.', 'Three.', 'Three.', 'Three.']",-0.0,how many zebra are there?,,True,0.32561809404461245,0,correct_high
validation::5700,['lion'],Lion,1.0,"['Lion', 'Lion', 'Lion.', 'Lion', 'Lion', 'Lion.', 'Lion', 'Lion.', 'Lion', 'Lion']",-0.0,"Which one of the following is NOT seen in this picture: lion, people or giraffe?",,True,0.32561809404461245,0,correct_high
validation::5701,['4'],One.,0.0,"['One.', 'One.', 'One.', 'One.', 'One.', 'One.', 'One.', 'One.', 'One.', 'One.']",-0.0,How many slices of pizza does the girl have?,,False,0.32561809404461245,0,incorrect_high
validation::5703,['2'],Two.,0.0,"['Two.', 'Two.', 'Two.', 'Two.', 'Two.', 'Two.', 'Two.', 'Two.', 'Two.', 'Two.']",-0.0,What number is the girl signaling with her fingers?,,True,0.32561809404461245,0,correct_high
validation::5715,['open'],Open.,1.0,"['Open.', 'Open.', 'Open.', 'Open.', 'Open.', 'Open.', 'Open.', 'Open.', 'Open.', 'Open.']",-0.0,Is the door to the room open or closed?,,True,0.32561809404461245,0,correct_high
validation::5716,['masts'],Masts.,1.0,"['Masts.', 'Masts.', 'Masts.', 'Masts.', 'Masts.', 'Masts.', 'Masts.', 'Masts.', 'Masts.', 'Masts.']",-0.0,What are the vertical poles called?,,True,0.32561809404461245,0,correct_high
validation::5719,['red and gold'],Red and white.,1.0,"['Red and white.', 'Red and white.', 'Red and white.', 'Red and white.', 'Red and white.', 'Red and white.', 'Red and white.', 'Red and white.', 'Red and white.', 'Red and white.']",-0.0,What colors are the bow?,,False,0.32561809404461245,0,incorrect_high
validation::572,['camera'],Upward.,0.0,"['Up.', 'Upward.', 'Up.', 'Upward.', 'Up.', 'Upward.', 'Upward.', 'Upward.', 'Up.', 'Upward.']",-0.0,Where is the cat looking?,,False,0.32561809404461245,0,incorrect_high
validation::5721,['4'],Two.,0.0,"['Two.', 'Two.', 'Two.', 'Two.', 'Two.', 'Two.', 'Two.', 'Two.', 'Two.', 'Two.']",-0.0,How many limbs are visible?,,False,0.32561809404461245,0,incorrect_high
validation::5722,['trucks'],Trucks.,1.0,"['Trucks.', 'Trucks.', 'Trucks.', 'Trucks.', 'Trucks.', 'Trucks.', 'Trucks.', 'Trucks.', 'Trucks.', 'Trucks.']",-0.0,What does the sign say can not go on that street?,,True,0.32561809404461245,0,correct_high
validation::5723,['left'],Right.,0.0,"['Right.', 'Right.', 'Right.', 'Right.', 'Right.', 'Right.', 'Right.', 'Right.', 'Right.', 'Right.']",-0.0,"Which lamp shade is more triangular, left or right.",,False,0.32561809404461245,0,incorrect_high
validation::5726,['5'],7,0.0,"['7', '7', '7', 'Seven.', 'All seven.', '7', 'Seven.', '7', '7', '7']",0.3250829733914482,How many of these planes are producing a clearly visible white plume?,,False,0.32561809404461245,0,incorrect_high
validation::5727,['3'],Three.,0.0,"['Two.', 'Three.', 'Two.', 'Three.', '3', 'Three.', 'Three.', '3', 'Two.', 'Three.']",0.6108643020548935,How many overhead traffic lights are there?,,True,0.32561809404461245,1,correct_low
validation::5731,['peacock'],Peacock feathers.,1.0,"['Peacock feathers.', 'Peacock feathers.', 'Peacock feathers.', 'Peacock feathers.', 'Peacock feathers.', 'Peacock feathers.', 'Peacock feathers.', 'Peacock feathers.', 'Peacock feathers.', 'Peacock feathers.']",-0.0,What kind of feathers are in the vase?,,True,0.32561809404461245,0,correct_high
validation::5733,['california'],California,1.0,"['California', 'California', 'California.', 'California', 'California', 'California.', 'California', 'California', 'California', 'California']",-0.0,What state is the white automobile from?,,True,0.32561809404461245,0,correct_high
validation::5736,['3'],6,0.0,"['6', '5', '5', '4', '6', '6', '4', '5', '5', '6']",1.0549201679861442,How many poles can we see holding up the banners?,,False,0.32561809404461245,1,incorrect_low
validation::5740,['bear'],Mammalia,0.0,"['Mammalia.', 'Mammalia', 'Mammalia', 'Mammalia', 'Mammalia', 'Mammalia.', 'Mammalia', 'Mammalia', 'Mammalia.', 'Mammalia']",-0.0,What taxonomic class is this animal in?,,False,0.32561809404461245,0,incorrect_high
validation::5741,['kangaroo'],A kangaroo.,1.0,"['A kangaroo.', 'A kangaroo.', 'A kangaroo.', 'A kangaroo.', 'A kangaroo.', 'A kangaroo.', 'A kangaroo.', 'A kangaroo.', 'A kangaroo.', 'A kangaroo.']",-0.0,What is on the tail of the plane?,,True,0.32561809404461245,0,correct_high
validation::5742,['0'],Two.,0.0,"['One.', 'Two.', 'One.', 'Two.', 'Two.', 'Two.', 'Two.', 'Two.', 'Two.', 'One.']",0.6108643020548935,how many tails can be seen?,,False,0.32561809404461245,1,incorrect_low
validation::5746,['3'],5,0.0,"['5', '5', '5', '5', '5', '5', '6', '6', '5', '5']",0.5004024235381879,How many horizontal slats on the back of the bench?,,False,0.32561809404461245,1,incorrect_low
validation::5748,['3'],Two.,0.0,"['Two.', 'Two.', 'Two.', 'Two.', 'Two.', 'Two.', 'Two.', 'Two.', 'Two.', 'Two.']",-0.0,How many bed mattresses are in the photo?,,False,0.32561809404461245,0,incorrect_high
validation::5749,['black'],Black.,1.0,"['Black.', 'Black.', 'Black.', 'Black.', 'Black.', 'Black.', 'Black.', 'Black.', 'Black.', 'Black.']",-0.0,what color is the woman's watch band?,,True,0.32561809404461245,0,correct_high
validation::5750,['2'],Three.,0.0,"['3', '3', '3', '3', 'Three.', 'Three.', 'Three.', '3', 'Three.', 'Three.']",-0.0,how many drawers are closed?,,False,0.32561809404461245,0,incorrect_high
validation::5751,['brown'],Brown.,1.0,"['Brown.', 'Brown.', 'Brown.', 'Brown.', 'Brown.', 'Brown.', 'Brown.', 'Brown.', 'Brown.', 'Brown.']",-0.0,What color is the woman wearing?,,True,0.32561809404461245,0,correct_high
validation::5754,['tongs'],Hot dogs.,0.0,"['Hot dogs.', 'Hot dogs.', 'Hot dogs.', 'Hot dogs.', 'Hot dogs.', 'Hot dogs.', 'Hot dogs.', 'Hot dogs.', 'Hot dogs.', 'Hot dogs.']",-0.0,What is the woman in the front holding in her right hand?,,False,0.32561809404461245,0,incorrect_high
validation::5757,['901'],901,1.0,"['901', '901', '901', '901', '901', '901', '901', '901', '901', '901']",-0.0,What is the number on the train?,,True,0.32561809404461245,0,correct_high
validation::576,['53'],53,1.0,"['53', '53', '53', '53', '53', '53', '53', '53', '53', '53']",-0.0,What number is painted on the wall?,,True,0.32561809404461245,0,correct_high
validation::5760,['3'],6,0.0,"['Four.', 'Six.', '6', 'Six.', '6', '4', '6', '4', 'Six.', 'Four.']",0.6730116670092565,How many rectangular cubish blackish items are hanging off the railing above the train?,,False,0.32561809404461245,1,incorrect_low
validation::5762,['foot pedal'],By stepping on the pedal.,0.0,"['By stepping on the pedal.', 'With the foot pedal.', 'By the foot pedal.', 'By stepping on the pedal.', 'By the foot pedal.', 'By stepping on the foot pedal.', 'With the foot pedal.', 'With the pedal.', 'By stepping on the pedal.', 'With the pedal.']",0.5004024235381879,How do you open the garbage can?,,True,0.32561809404461245,1,correct_low
validation::5764,['5'],10,0.0,"['10', '10', '10', '10', '10', '10', '10', '10', '8', 'Eight.']",0.5004024235381879,How many eye are visible?,,False,0.32561809404461245,1,incorrect_low
validation::5765,['orange'],Orange.,1.0,"['Orange.', 'Orange.', 'Orange.', 'Orange.', 'Orange.', 'Orange.', 'Orange.', 'Orange.', 'Orange.', 'Orange.']",-0.0,What color is the vegetable's inside?,,True,0.32561809404461245,0,correct_high
validation::5767,['6'],8,0.0,"['8', '8', '8', '8', '8', '8', '8', '8', '8', '8']",-0.0,How many legs are shown?,,False,0.32561809404461245,0,incorrect_high
validation::5769,['4'],Two.,0.0,"['Two.', 'Two.', 'Two.', 'Two.', 'Two.', 'Two.', 'Two.', 'Two.', 'Two.', 'Two.']",-0.0,how many hands holding the pie?,,False,0.32561809404461245,0,incorrect_high
validation::577,['male'],Male.,1.0,"['Male.', 'Male.', 'Male', 'Male.', 'Male.', 'Male', 'Male', 'Male.', 'Male.', 'Male.']",-0.0,What gender is the person on the ground?,,True,0.32561809404461245,0,correct_high
validation::5772,['1'],6,0.0,"['6', '6', 'Six.', '6', '6', '6', '6', '6', '6', '6']",-0.0,How many wheels can be seen on the red bus on the right hand side of the photo?,,False,0.32561809404461245,0,incorrect_high
validation::5773,['1'],Two.,0.0,"['Two.', '3', 'Two.', 'Three.', 'Two.', 'Two.', 'Two.', 'Two.', 'Three.', 'Three.']",0.6730116670092565,How many buttons are shown?,,False,0.32561809404461245,1,incorrect_low
validation::5777,['2'],Three.,0.0,"['3', '3', 'Three.', '3', 'Three.', '3', '3', '3', 'Three.', 'Three.']",-0.0,How many people is the horse pulling?,,False,0.32561809404461245,0,incorrect_high
validation::5780,['red and yellow'],Blue and yellow.,1.0,"['Blue and yellow.', 'Blue and yellow.', 'Blue and yellow.', 'Blue and yellow.', 'Blue and yellow.', 'Blue and yellow.', 'Blue and yellow.', 'Blue and yellow.', 'Blue and yellow.', 'Blue and yellow.']",-0.0,what two colors are the robot on the napkins?,,False,0.32561809404461245,0,incorrect_high
validation::5782,['shawl'],A woven bag.,0.0,"['A woven bag.', 'A woven bag.', 'A woven bag.', 'A woven bag.', 'A woven bag.', 'A colorful, woven bag.', 'A woven bag.', 'A woven bag.', 'A woven bag.', 'A woven bag.']",0.3250829733914482,"What article of clothing does the woman on the right have, that the woman on the left does not?",,False,0.32561809404461245,0,incorrect_high
validation::5789,['4'],Three.,0.0,"['Three.', 'Three.', 'Three.', 'Two.', 'Three.', 'Three.', 'Two.', 'Three.', 'Three.', 'Three.']",0.5004024235381879,How many fingers can be seen on the man's hand?,,False,0.32561809404461245,1,incorrect_low
validation::5790,['3'],Two.,0.0,"['Two.', 'Two.', 'Two.', 'Two.', 'Two.', 'Two.', 'Two.', 'Two.', 'Two.', 'Two.']",-0.0,how many people?,,False,0.32561809404461245,0,incorrect_high
validation::5791,['handicap'],Handicap parking.,1.0,"['Handicapped/Disabled parking.', 'Handicap parking.', 'Handicap parking.', 'Handicapped parking.', 'Handicap parking.', 'Handicapped parking.', 'Handicapped/Accessible parking.', 'Handicap parking.', 'Handicap parking.', 'Handicapped/Disabled parking.']",0.8018185525433372,The blue sign in front of the white car denotes what kind of parking?,,True,0.32561809404461245,1,correct_low
validation::5794,['blue'],Blue.,1.0,"['Blue.', 'Blue.', 'Blue.', 'Blue.', 'Blue.', 'Blue.', 'Blue.', 'Blue.', 'Blue.', 'Blue.']",-0.0,What color is the board besides orange and white?,,True,0.32561809404461245,0,correct_high
validation::5796,['3'],Three.,0.0,"['3', 'Two.', 'Three.', '3', '3', 'Three.', '3', '3', 'Three.', '3']",0.3250829733914482,How many total headlights can be seen on the vehicles that are parked at the curb?,,True,0.32561809404461245,0,correct_high
validation::5802,['waterloo'],Waterloo,1.0,"['Waterloo', 'Waterloo', 'Waterloo', 'Waterloo', 'Waterloo', 'Waterloo', 'Waterloo', 'Waterloo', 'Waterloo', 'Waterloo']",-0.0,What city is on the top left display in the front of the train?,,True,0.32561809404461245,0,correct_high
validation::5807,['8'],12,0.0,"['12', '12', '12', '12', '12', '12', '12', '12', '12', '12']",-0.0,How many total legs in this picture?,,False,0.32561809404461245,0,incorrect_high
validation::5810,['dell'],Dell,1.0,"['Dell', 'Dell', 'Dell', 'Dell', 'Dell', 'Dell', 'Dell', 'Dell.', 'Dell', 'Dell.']",-0.0,What brand is the laptop?,,True,0.32561809404461245,0,correct_high
validation::5819,['black'],Black.,1.0,"['Black.', 'Black.', 'Black.', 'Black.', 'Black.', 'Black.', 'Black.', 'Black.', 'Black.', 'Black.']",-0.0,what color is the rope,,True,0.32561809404461245,0,correct_high
validation::582,['laying down'],Sitting.,0.0,"['Sitting.', 'Sitting.', 'Sitting.', 'Sitting.', 'Sitting.', 'Sitting.', 'Sitting.', 'Sitting.', 'Sitting.', 'Sitting.']",-0.0,What is the cat doing by the tree?,,False,0.32561809404461245,0,incorrect_high
validation::5825,['1'],Two.,0.0,"['Two.', '2', '1', '2', '2', '2', 'Two.', 'Two.', '2', '2']",0.3250829733914482,How many people are wearing a red cap?,,False,0.32561809404461245,0,incorrect_high
validation::5826,['4'],One.,0.0,"['One.', '4', 'Four.', 'One.', 'Four.', 'One.', 'Four.', 'One.', 'Four.', 'One.']",0.6931471805599453,How many people are faced away from the water?,,False,0.32561809404461245,1,incorrect_low
validation::5827,['top'],Lower half.,0.0,"['Lower half.', 'Lower half.', 'Lower half.', 'Lower half.', 'Lower half.', 'Lower half.', 'Lower half.', 'Lower half.', 'Lower half.', 'Lower half.']",-0.0,Are there more skiers in the top half of the image or lower half?,,False,0.32561809404461245,0,incorrect_high
validation::5828,['unmade'],Unmade.,1.0,"['Unmade.', 'Unmade.', 'Unmade.', 'Unmade.', 'Unmade.', 'Unmade.', 'Unmade.', 'Unmade.', 'Unmade.', 'Unmade.']",-0.0,Is the bed unmade or made?,,True,0.32561809404461245,0,correct_high
validation::5829,['black diamond'],Black Diamond,1.0,"['Black Diamond', 'Black Diamond', 'Black Diamond.', 'Black Diamond', 'Black Diamond', 'Black Diamond', 'Black Diamond.', 'Black Diamond', 'Black Diamond', 'Black Diamond']",-0.0,What brand is the snow axe?,,True,0.32561809404461245,0,correct_high
validation::5831,['the'],The,1.0,"['The', 'The', 'The', 'The', 'The', 'The', 'The', 'The', 'The', 'The']",-0.0,what is the first word on the divider?,,True,0.32561809404461245,0,correct_high
validation::5833,['1'],2,0.0,"['Two.', '2', '2', '2', 'Two.', 'Two.', 'Two.', '2', '2', '2']",-0.0,How many taxis are there in this picture?,,False,0.32561809404461245,0,incorrect_high
validation::5838,['2103'],2103,1.0,"['2103', '2103', '2103', '2103', '2103', '2103', '2103', '2103', '2103', '2103']",-0.0,what is the 4 digit number?,,True,0.32561809404461245,0,correct_high
validation::5839,['blue'],Blue.,1.0,"['Blue.', 'Blue.', 'Blue.', 'Blue.', 'Blue.', 'Blue.', 'Blue.', 'Blue.', 'Blue.', 'Blue.']",-0.0,What color is the bike?,,True,0.32561809404461245,0,correct_high
validation::5843,['10'],11,0.0,"['11', '12', '13', '12', '12', '13', '11', '11', '10', '11']",1.2798542258336674,How many knobs that can be turned?,,False,0.32561809404461245,1,incorrect_low
validation::5844,['apple'],Apple.,1.0,"['Apple.', 'Apple.', 'Apple.', 'Apple', 'Apple.', 'Apple.', 'Apple.', 'Apple.', 'Apple.', 'Apple.']",-0.0,what is the fruit in the middle,,True,0.32561809404461245,0,correct_high
validation::5845,['9'],11,0.0,"['11', '11', '11', '11', '11', '12', '11', '11', '11', '11']",0.3250829733914482,How many sheep are there?,,False,0.32561809404461245,0,incorrect_high
validation::5846,['2'],Two.,0.0,"['Two.', 'Two.', 'Two.', 'Two.', 'Two.', 'Two.', 'Two.', 'Two.', 'Two.', 'Two.']",-0.0,How many pillows are there?,,True,0.32561809404461245,0,correct_high
validation::5848,['mcdonalds'],McDonald's,1.0,"[""McDonald's"", ""McDonald's"", ""McDonald's"", ""McDonald's"", ""McDonald's"", ""McDonald's."", ""McDonald's"", ""McDonald's"", ""McDonald's"", ""McDonald's""]",-0.0,what restaurant is this food from?,,True,0.32561809404461245,0,correct_high
validation::585,['2'],Two.,0.0,"['Two.', 'Two.', 'Two.', 'Two.', 'Two.', 'Two.', 'Two.', 'Two.', 'Two.', 'Two.']",-0.0,How many dogs can we see?,,True,0.32561809404461245,0,correct_high
validation::5850,['kerttuli'],Kerttuli,1.0,"['Kerttuli', 'Kerttuli', 'Kerttuli', 'KERTTULI', 'KERTTULI', 'Kerttuli', 'Kerttuli', 'KERTTULI', 'Kerttuli', 'Kerttuli']",-0.0,What word is on the clock?,,True,0.32561809404461245,0,correct_high
validation::5852,['22'],22,1.0,"['22', '22', '22', '22', '22', '22', '22', '22', '22', '22']",-0.0,What is the building number on the building with the red doors?,,True,0.32561809404461245,0,correct_high
validation::5854,['chain'],Chains.,0.0,"['Chains.', 'Chains.', 'Chains.', 'Chains.', 'Chain.', 'Chain.', 'Chains.', 'Chains.', 'Chains.', 'Chain.']",-0.0,what is on the rail?,,True,0.32561809404461245,0,correct_high
validation::5857,['black'],Pink.,0.0,"['Pink.', 'Pink.', 'Pink.', 'Pink.', 'Pink.', 'Pink.', 'Pink.', 'Pink.', 'Pink.', 'Pink.']",-0.0,What color are the shoulders on her jacket?,,False,0.32561809404461245,0,incorrect_high
validation::5858,['5'],7,0.0,"['6', '7', '6', '7', '6', '8', '6', '7', '7', '7']",0.9433483923290392,"Including the seconds hand, how many clock hands are visible in total?",,False,0.32561809404461245,1,incorrect_low
validation::5859,['black'],Black.,1.0,"['Black.', 'Black.', 'Black.', 'Black.', 'Black.', 'Black.', 'Black.', 'Black.', 'Black.', 'Black.']",-0.0,Are the black or the white stripes thicker on this Zebra?,,True,0.32561809404461245,0,correct_high
validation::586,['2'],Two.,0.0,"['Two.', 'Two.', 'Two.', 'Three.', 'Two.', 'Two.', 'Two.', 'Two.', 'Three.', 'Three.']",0.6108643020548935,How many chair lifts are there?,,True,0.32561809404461245,1,correct_low
validation::5862,['yellow green red'],"Yellow, green, and red.",1.0,"['Yellow, green, and red.', 'Yellow, green, red, and blue.', 'Yellow, green, and red.', 'Yellow, green, and red.', 'Yellow, green, and red.', 'Yellow, green, and red.', 'Yellow, green, and red.', 'Yellow, green, and red.', 'Yellow, green, and red.', 'Yellow, green, and red.']",0.3250829733914482,What colors are the kite's streamers?,,True,0.32561809404461245,0,correct_high
validation::5863,['2'],3,0.0,"['3', '3', '3', '3', '3', '3', '3', '3', 'Three.', '3']",-0.0,How many guys are wearing orange short pants in this picture?,,False,0.32561809404461245,0,incorrect_high
validation::5869,['l'],Ω,0.0,"['Ω', 'Ω', 'Ω', 'Ω', 'Ω', 'Ω', 'Ω', 'Ω', 'Ω', 'Ω']",-0.0,what is the first capital of poster on wall?,,True,0.32561809404461245,0,correct_high
validation::5870,['1'],One.,0.0,"['One.', 'One.', 'One.', 'One.', 'One.', 'One.', 'One.', 'One.', 'One.', 'One.']",-0.0,How many adult giraffes are in the photo?,,True,0.32561809404461245,0,correct_high
validation::5871,['wireless g rangeplus'],Wireless G RangePlus,1.0,"['Wireless G RangePlus', 'Wireless G RangePlus', 'Wireless G RangePlus', 'Wireless G RangePlus', 'Wireless G RangePlus', 'Wireless G RangePlus', 'Wireless G RangePlus', 'Wireless G RangePlus', 'Wireless G RangePlus', 'Wireless G RangePlus']",-0.0,What is the second network option,,True,0.32561809404461245,0,correct_high
validation::5872,['ct'],CT,1.0,"['CT', 'CT', 'CT', 'CT', 'CT', 'CT', 'CT', 'CT', 'CT', 'CT']",-0.0,Which two letters appear on the far right of the green sign?,,True,0.32561809404461245,0,correct_high
validation::5873,['0'],Zero.,0.0,"['Zero.', 'Zero.', 'Zero.', 'Zero.', 'Zero.', 'Zero.', 'One.', 'Zero.', 'Zero.', 'Zero.']",0.3250829733914482,How many tricycles are in this picture?,,True,0.32561809404461245,0,correct_high
validation::5874,['van'],Van,1.0,"['Van', 'Van', 'Van', 'Van', 'Van', 'Van', 'Van', 'Van', 'Van', 'VAN']",-0.0,What is the first word on the side of the bus?,,True,0.32561809404461245,0,correct_high
validation::5877,['bridge'],A bridge.,1.0,"['A bridge.', 'A bridge.', 'A bridge.', 'A bridge.', 'A bridge.', 'A bridge.', 'A bridge.', 'A bridge.', 'A bridge.', 'A bridge.']",-0.0,What is the green object over the tracks?,,True,0.32561809404461245,0,correct_high
validation::5880,['plant'],A plant.,1.0,"['A plant.', 'A plant.', 'A plant.', 'A plant.', 'A plant.', 'A plant.', 'A plant.', 'A plant.', 'A plant.', 'A plant.']",-0.0,"Which of the following is NOT on the table: a cat, a TV or a plant?",,True,0.32561809404461245,0,correct_high
validation::5881,['2'],1 animal and 1 person.,0.0,"['1 animal, 1 person.', '1 animal and 1 person.', '1 animal and 1 person.', '1 animal and 1 person.', '1 animal and 1 person.', '1 animal, 1 person.', '1 animal and 1 person.', '1 animal and 1 person.', '1 animal, 1 person.', '1 animal and 1 person.']",-0.0,how many animals and people sitting?,,True,0.32561809404461245,0,correct_high
validation::5885,['8'],8,1.0,"['8', '8', '8', '8', '9', '8', '9', '8', '8', '8']",0.5004024235381879,How many bottles are on the table?,,True,0.32561809404461245,1,correct_low
validation::5886,['2'],3,0.0,"['3', '3', '3', '3', '3', '3', '3', '3', '3', '3']",-0.0,how many different types of fruit are in the scene?,,False,0.32561809404461245,0,incorrect_high
validation::5887,['on the wall'],Not visible in the image.,0.0,"['Not visible.', 'Not visible in the image.', 'Not visible in the image.', 'Not visible in the image.', 'Not visible in the image.', 'Not visible in the image.', 'Not visible in the image.', 'Not visible in the image.', 'Not visible in the image.', 'Not visible in the image.']",0.3250829733914482,Where is the toilet paper?,,False,0.32561809404461245,0,incorrect_high
validation::5889,['newport'],Newport,1.0,"['Newport', 'Newport', 'Newport', 'Newport', 'Newport', 'Newport', 'Newport', 'Newport', 'Newport', 'Newport']",-0.0,What is the bottom-most word on the clock?,,True,0.32561809404461245,0,correct_high
validation::5895,['2'],One.,0.0,"['One.', 'One.', 'One.', 'One.', 'One.', 'One.', 'One.', 'One.', 'One.', 'One.']",-0.0,How many items are holding the bottom of the computer up?,,False,0.32561809404461245,0,incorrect_high
validation::5899,['bird'],Butterfly.,0.0,"['Butterfly.', 'Butterfly', 'Butterfly.', 'Butterfly.', 'Butterfly.', 'Butterfly.', 'Butterfly.', 'Butterfly', 'Butterfly.', 'Butterfly.']",-0.0,What animal is the shape of the blue picture in the back?,,False,0.32561809404461245,0,incorrect_high
validation::590,['4'],4,1.0,"['4', '4', '4', '4', '4', '4', '4', '4', '4', '4']",-0.0,How many kid are in the table?,,True,0.32561809404461245,0,correct_high
validation::5903,['sydney'],Sydney,1.0,"['Sydney.', 'Sydney', 'Sydney', 'Sydney', 'Sydney', 'Sydney.', 'Sydney.', 'Sydney', 'Sydney', 'Sydney.']",-0.0,What does the ground say?,,True,0.32561809404461245,0,correct_high
validation::5905,['horses'],Horses.,1.0,"['Horses.', 'Horses.', 'Horses.', 'Horses.', 'Horses.', 'Horses.', 'Horses.', 'Horses.', 'Horses.', 'Horses.']",-0.0,What kind of animals are the men riding on?,,True,0.32561809404461245,0,correct_high
validation::5908,['3'],10,0.0,"['10', '10', '11', '10', '13', '10', '10', '10', '12', '10']",0.9404479886553264,How many fingernails are visible?,,False,0.32561809404461245,1,incorrect_low
validation::5909,['3804'],3804,1.0,"['3804', '3804', '3804', '3804', '3804', '3804', '3804', '3804', '3804', '3804']",-0.0,What is the number on the side of the bus?,,True,0.32561809404461245,0,correct_high
validation::5914,['unanswerable'],Crumb doughnut.,0.0,"['Crumb topped.', 'Crumb topping.', 'Crumb topping.', 'Crumb doughnut.', 'Crumb topping.', 'Crumb doughnut.', 'Crumb topping.', 'Crumb doughnut.', 'Crumb topped.', 'Crumb topping.']",0.6108643020548935,what kind of doughnut is the center picture on the box?,,False,0.32561809404461245,1,incorrect_low
validation::5915,['yellow'],White.,0.0,"['White.', 'White.', 'White.', 'White.', 'White.', 'White.', 'White.', 'White.', 'White.', 'White.']",-0.0,What color are the girls socks who is not holding a tennis racket?,,False,0.32561809404461245,0,incorrect_high
validation::592,['moths'],Moths.,1.0,"['Moths.', 'Moths.', 'Moths.', 'Moths.', 'Moths.', 'Moths.', 'Moths.', 'Moths.', 'Moths.', 'Moths.']",-0.0,Are those moths or crickets?,,True,0.32561809404461245,0,correct_high
validation::5921,['b'],B,1.0,"['B', 'B', 'B', 'B', 'B', 'B', 'B', 'B', 'B', 'B']",-0.0,What is the first fully visible letter on the left side of the train?,,True,0.32561809404461245,0,correct_high
validation::5933,['wheat'],Wheat.,1.0,"['Wheat.', 'Wheat.', 'Wheat.', 'Wheat.', 'Wheat.', 'Wheat.', 'Wheat.', 'Wheat.', 'Wheat.', 'Wheat.']",-0.0,Does the bread appear to be wheat or white bread?,,True,0.32561809404461245,0,correct_high
validation::5936,['3'],Four.,0.0,"['Four.', '4', 'Four.', '4', 'Four.', 'Four.', 'Four.', 'Four.', 'Four.', 'Four.']",-0.0,How many figurines are on the shelf above the people?,,False,0.32561809404461245,0,incorrect_high
validation::5937,['3'],Four.,0.0,"['Four', 'Four.', 'Four.', 'Four.', 'Four.', 'Four.', 'Four.', 'Four.', 'Four.', 'Four.']",-0.0,how many legs?,,False,0.32561809404461245,0,incorrect_high
validation::594,['quit'],Quit,1.0,"['Quit', 'Quit', 'Quit', 'Quit', 'Quit', 'Quit', 'Quit.', 'Quit', 'Quit', 'Quit']",-0.0,what word is under the avatar?,,True,0.32561809404461245,0,correct_high
validation::5940,['2013'],2013,1.0,"['2013', '2013', '2013', '2013', '2013', '2013', '2013', '2013', '2013', '2013']",-0.0,What year was the photo taken?,,True,0.32561809404461245,0,correct_high
validation::5942,['left'],The giraffe on the left.,1.0,"['The giraffe on the left.', 'The giraffe on the left.', 'The giraffe on the left.', 'The giraffe on the left.', 'The giraffe on the left.', 'The giraffe on the left.', 'The giraffe on the left.', 'The giraffe on the left.', 'The giraffe on the left.', 'The giraffe on the left.']",-0.0,which one is taller?,,True,0.32561809404461245,0,correct_high
validation::5943,['crown'],None.,0.0,"['None.', 'None.', 'None.', 'None.', 'None.', 'No head wear is visible.', 'None.', 'None.', 'No headwear is seen in the image.', 'None.']",-0.0,What head wear is seen in this image?,,False,0.32561809404461245,0,incorrect_high
validation::5945,['3'],Two.,0.0,"['Two.', 'Two.', 'Two.', 'Two.', 'Two.', 'Two.', 'Two.', 'Two.', 'Two.', 'Two.']",-0.0,How many flags are flying on or near this building?,,False,0.32561809404461245,0,incorrect_high
validation::5946,['white'],Silver.,0.0,"['Silver.', 'Silver.', 'Silver.', 'Silver.', 'Silver.', 'Silver.', 'Silver.', 'Silver.', 'Silver.', 'Silver.']",-0.0,what color is the item in the mans hand,,False,0.32561809404461245,0,incorrect_high
validation::5954,['left'],Right.,0.0,"['Right hand.', 'Right.', 'Right.', 'Right.', 'Right.', 'Right hand.', 'Right hand.', 'Right.', 'Right hand.', 'Right.']",-0.0,What hand is being used to try to block the throw?,,False,0.32561809404461245,0,incorrect_high
validation::5956,['left'],Left.,1.0,"['Up.', 'Left.', 'Left.', 'Up.', 'Left.', 'Left.', 'Left.', 'Upward.', 'Upward.', 'Left.']",0.6730116670092565,In what direction is the adult giraffe staring at?,,True,0.32561809404461245,1,correct_low
validation::5958,['top'],Bottom.,0.0,"['Bottom.', 'Bottom.', 'Bottom.', 'Bottom.', 'Bottom.', 'Bottom.', 'Bottom.', 'Bottom.', 'Bottom.', 'Bottom.']",-0.0,Is the nose of the plane further from the bottom or top of the image?,,False,0.32561809404461245,0,incorrect_high
validation::596,['white'],White.,1.0,"['White.', 'White.', 'White.', 'White.', 'White.', 'White.', 'White.', 'White.', 'White.', 'White.']",-0.0,What color is the shirt of the person closest to the camera?,,True,0.32561809404461245,0,correct_high
validation::5961,['2'],Zero.,0.0,"['Zero.', 'Zero.', 'Zero.', 'Zero.', 'Zero.', 'Zero.', 'Zero.', 'Zero.', 'Zero.', 'Zero.']",-0.0,How many of the cat's nostrils are visible?,,False,0.32561809404461245,0,incorrect_high
validation::5964,['9'],9,1.0,"['9', '9', '9', '9', '9', '9', '9', '9', '9', '9']",-0.0,What number is on the jersey of the person to the far left in the dugout?,,True,0.32561809404461245,0,correct_high
validation::5965,['2'],Three.,0.0,"['3', 'Three.', '3', 'Three.', 'Three.', 'Three.', 'Three.', 'Two.', 'Three.', 'Three.']",0.3250829733914482,How man piercings can we see on this man?,,False,0.32561809404461245,0,incorrect_high
validation::5967,['apart'],Apart.,1.0,"['Apart.', 'Apart.', 'Apart.', 'Apart.', 'Apart.', 'Apart.', 'Apart.', 'Apart.', 'Apart.', 'Apart.']",-0.0,Are the skier's legs crossed or apart?,,True,0.32561809404461245,0,correct_high
validation::5969,['1'],Two.,0.0,"['Two.', 'Two.', 'Two.', 'Two.', 'Two.', 'Two.', 'Two.', 'Two.', 'Two.', 'Two.']",-0.0,how many people are surfing?,,False,0.32561809404461245,0,incorrect_high
validation::597,['ties'],Fabric headbands.,0.0,"['Fabric headbands.', 'Headbands.', 'Scarves and headbands.', 'Fabric headbands.', 'Fabric headbands.', 'Fabric headbands.', 'Fabric headbands.', 'Fabric headbands.', 'Headbands and fabric.', 'Fabric headbands.']",0.9404479886553264,What is for sale on the table?,,False,0.32561809404461245,1,incorrect_low
validation::5971,['15104'],151,0.0,"['151', '151', '151', '151', '151', '151', '151', '151', '151', '151']",-0.0,What is the red number?,,False,0.32561809404461245,0,incorrect_high
validation::5973,['nike'],Vans,0.0,"['Vans', 'Vans', 'Vans', 'Vans', 'Vans.', 'Vans', 'Vans', 'Vans', 'Vans', 'Vans.']",-0.0,What brand are the sneakers that can be seen?,,False,0.32561809404461245,0,incorrect_high
validation::5980,['bowl'],Bowl.,1.0,"['Bowl.', 'Bowl.', 'Bowl.', 'Bowl.', 'Bowl.', 'Bowl.', 'Bowl.', 'Bowl.', 'Bowl.', 'Bowl.']",-0.0,Is this a plate or a bowl?,,True,0.32561809404461245,0,correct_high
validation::5981,['4'],Four.,0.0,"['5', '6', 'Six.', '3', 'Four.', 'Four.', 'Seven.', '7', '4', 'Six.']",1.5047882836811908,How many books are visible on the lower shelf?,,True,0.32561809404461245,1,correct_low
validation::5987,['2'],One.,0.0,"['One.', 'One.', 'One.', 'One.', 'One.', 'One.', 'One.', 'One.', 'One.', 'One.']",-0.0,How many horses have white in there foreheads?,,False,0.32561809404461245,0,incorrect_high
validation::5988,['sun'],Shade.,0.0,"['Shade.', 'Shade.', 'Shade.', 'Shade.', 'Shade.', 'Shade.', 'Shade.', 'Shade.', 'Shade.', 'Shade.']",-0.0,Is the bicycle in the sun or in the shade?,,False,0.32561809404461245,0,incorrect_high
validation::5989,['chiquita anana'],Chiquita Banana.,1.0,"['Chiquita Banana.', 'Chiquita Banana.', 'Chiquita Nana', 'Chiquita Banana.', 'Chiquita Nana.', 'Chiquita Banana.', 'Chiquita Banana.', 'Chiquita Banana.', 'Chiquita Banana.', 'Chiquita Banana.']",0.5004024235381879,What does the tapestry behind the women say?,,True,0.32561809404461245,1,correct_low
validation::5990,['2'],4,0.0,"['4', '4', '4', '4', '4', '4', '2 ears, 2 eyes.', '2 ears, 2 eyes.', '4', '4']",0.5004024235381879,What is the total number of ears and eyes visible?,,False,0.32561809404461245,1,incorrect_low
validation::5992,['2'],One.,0.0,"['One.', 'One.', 'One.', 'One.', 'One.', 'One.', 'One.', 'One.', 'One.', '1']",-0.0,How many cups are there?,,False,0.32561809404461245,0,incorrect_high
validation::5994,['train'],A small train.,1.0,"['A small train.', 'A tourist train.', 'A small train.', 'A small train.', 'A train-like shuttle bus.', 'A tourist train.', 'A tourist train.', 'A train.', 'A small train.', 'A train/shuttle.']",1.4184836619456564,What is the vehicle in the center?,,True,0.32561809404461245,1,correct_low
validation::6001,['1'],Two.,0.0,"['2', 'Two.', 'Two.', '2', '2', 'Two.', 'Two.', 'Two.', 'Two.', '2']",-0.0,how many cups are there ?,,False,0.32561809404461245,0,incorrect_high
validation::6005,['left'],Left.,1.0,"['Right arm.', 'Left.', 'Left.', 'Left.', 'Left.', 'Left arm.', 'Left.', 'Left.', 'Left.', 'Right arm.']",0.5004024235381879,Which arm is supporting the bag?,,True,0.32561809404461245,1,correct_low
validation::6007,['5'],6,0.0,"['5', '6', '7', '6', '6', 'Five.', '6', '7', '6', '6']",0.9502705392332348,how many large branches does the tree have?,,False,0.32561809404461245,1,incorrect_low
validation::6010,['3'],Three.,0.0,"['Three.', 'Three.', '3', 'Three.', '3', 'Three.', 'Three.', 'Three.', 'Three.', 'Three.']",-0.0,How many red Santa hats are on the table that the TV is on?,,True,0.32561809404461245,0,correct_high
validation::6012,['star alliance'],ANA,0.0,"['ANA', 'ANA', 'ANA', 'ANA', 'ANA', 'ANA', 'ANA', 'ANA', 'ANA', 'ANA']",-0.0,What is the name of the airline?,,False,0.32561809404461245,0,incorrect_high
validation::6015,['4'],Two.,0.0,"['Two.', 'Two.', 'Two.', 'Two.', 'Two.', 'Two.', 'Two.', 'Two.', 'Two.', 'Two.']",-0.0,How many giraffe eyes can be seen between the two?,,False,0.32561809404461245,0,incorrect_high
validation::602,['south west'],South West,1.0,"['South West', 'South West', 'South West', 'South West', 'South West', 'South West', 'South West', 'South West', 'South West', 'South West']",-0.0,What 2 words can be seen on the train?,,True,0.32561809404461245,0,correct_high
validation::6021,['left'],Left.,1.0,"['Left.', 'To the left.', 'Left.', 'Left.', 'Left.', 'Left.', 'Left.', 'Left.', 'Left.', 'To the left.']",-0.0,In what direction is the man staring?,,True,0.32561809404461245,0,correct_high
validation::6026,['forward'],Right.,0.0,"['Right.', 'Right.', 'Right.', 'Right.', 'Right.', 'Right.', 'Right.', 'Right.', 'Right.', 'Right.']",-0.0,What direction is the horse carriage moving towards?,,False,0.32561809404461245,0,incorrect_high
validation::603,['child'],Child.,1.0,"['Child.', 'Child.', 'Child.', 'Child.', 'Child.', 'Child.', 'Child.', 'Child.', 'Child.', 'Child.']",-0.0,Is the backpack in the middle generally for a child or an adult?,,True,0.32561809404461245,0,correct_high
validation::6031,['2'],Four.,0.0,"['Four.', 'Four.', 'Four.', 'Four.', 'Four.', 'Four.', 'Four.', 'Four.', 'Four.', 'Four.']",-0.0,How many hooves visible?,,False,0.32561809404461245,0,incorrect_high
validation::6035,['4'],4,1.0,"['4', '4', '4', '3', '5', '5', '3', '4', '4', '4']",0.9502705392332348,How many people have green shirts on?,,True,0.32561809404461245,1,correct_low
validation::6041,['0'],One.,0.0,"['One.', 'One.', 'One.', 'One.', 'One.', 'One.', 'One.', 'One.', 'One.', 'One.']",-0.0,How many refrigerator doors are open?,,False,0.32561809404461245,0,incorrect_high
validation::6042,['6'],Three.,0.0,"['Three.', 'Three.', 'Three.', 'Three.', 'Three.', 'Three.', 'Three.', 'Three.', 'Three.', 'Three.']",-0.0,How many grate/bar lines/poles are there under the cow's hooves?,,False,0.32561809404461245,0,incorrect_high
validation::6043,['forests'],Forests.,1.0,"['Forests.', 'Forests.', 'Forests.', 'Forests.', 'Forests.', 'Forests', 'Forests', 'Forests', 'Forests.', 'Forests.']",-0.0,What habitat is this species found in?,,True,0.32561809404461245,0,correct_high
validation::6045,['49'],49,1.0,"['43', '49', '43', '48', '49', '49', '43', '49', '49', '49']",0.8979457248567797,what is the route number?,,True,0.32561809404461245,1,correct_low
validation::6046,['1'],One.,0.0,"['One.', 'One.', 'One.', 'One.', 'One.', 'One.', 'One.', 'One.', 'One.', 'One.']",-0.0,how many trees is the giraffe touching?,,True,0.32561809404461245,0,correct_high
validation::6048,['blue'],Red.,0.0,"['Red.', 'White.', 'Red.', 'Red.', 'White.', 'Red.', 'White.', 'Red.', 'Red.', 'White.']",0.6730116670092565,what color is the text kiosk on the store?,,False,0.32561809404461245,1,incorrect_low
validation::6049,['pink'],Pink.,1.0,"['Pink.', 'Pink.', 'Pink.', 'Pink.', 'Pink.', 'Pink.', 'Pink.', 'Pink.', 'Pink.', 'Pink.']",-0.0,What color is the kid's jacket?,,True,0.32561809404461245,0,correct_high
validation::6050,['supervalue'],SuperValu,0.0,"['SuperValu', 'SuperValu.', 'SuperValue.', 'SuperValu', 'SuperValu.', 'SuperValu.', 'SuperValue.', 'SuperValu.', 'SuperValue', 'SuperValu']",-0.0,What store is listed on the white plastic bag?,,True,0.32561809404461245,0,correct_high
validation::6053,['tripod'],A camera.,0.0,"['A camera.', 'A camera.', 'A camera.', 'A camera.', 'A camera.', 'A camera.', 'A camera.', 'A camera.', 'A camera.', 'A camera.']",-0.0,What is she holding in her left hand?,,False,0.32561809404461245,0,incorrect_high
validation::6061,['1'],One.,0.0,"['One.', 'One.', 'One.', 'One.', 'One.', 'One.', 'One.', 'One.', 'One.', 'One.']",-0.0,How many eyes are visible?,,True,0.32561809404461245,0,correct_high
validation::6062,['syrup'],Fried sage.,0.0,"['Fried herbs.', 'Fried sage.', 'Fried herbs.', 'Fried sage.', 'Fried herbs.', 'Fried sage.', 'Fried sage.', 'Fried sage.', 'Fried herbs.', 'Fried sage.']",0.6730116670092565,What is the brown thing on top of the icecream?,,False,0.32561809404461245,1,incorrect_low
validation::6066,['2'],Two.,0.0,"['Two.', 'Two.', 'Two.', 'Two.', 'Two.', 'Two.', 'Two.', 'Two.', 'Two.', 'Two.']",-0.0,how many windows,,True,0.32561809404461245,0,correct_high
validation::6067,['4'],5,0.0,"['5', '5', '6', '5', '5', '5', '5', '5', 'Five.', '5']",0.3250829733914482,How many tails do you see?,,False,0.32561809404461245,0,incorrect_high
validation::6070,['flower'],A red flower.,1.0,"['A red flower.', 'A red flower.', 'A red flower.', 'A red flower.', 'A red flower.', 'A red flower.', 'A red flower.', 'A red flower.', 'A red flower.', 'A red flower.']",-0.0,What is on top of the cake?,,True,0.32561809404461245,0,correct_high
validation::6071,['phones'],With their phones.,1.0,"['With their phones.', 'With their phones.', 'With their phones.', 'With their phones.', 'With their phones.', 'With their phones.', 'With their phones.', 'With their phones.', 'With their phones.', 'With their phones.']",-0.0,how do they take pictures?,,True,0.32561809404461245,0,correct_high
validation::6072,['1'],Two.,0.0,"['Two.', 'Two.', 'Three.', 'Two.', 'Two.', 'Two.', 'Two.', 'Two.', 'Three.', 'Two.']",0.5004024235381879,How many fingers of the glove can be seen in the darker glove colour?,,False,0.32561809404461245,1,incorrect_low
validation::6077,['spoon'],Fork.,0.0,"['Fork.', 'Fork.', 'Fork.', 'Fork.', 'Fork.', 'Fork.', 'Fork', 'Fork', 'Fork.', 'Fork.']",-0.0,"Which of the following is the woman NOT holding: fork, spoon or knife?",,False,0.32561809404461245,0,incorrect_high
validation::6081,['woman'],Embracing figures.,0.0,"['Two embracing figures.', 'Two embracing figures.', 'Figures embracing.', 'Two embracing figures.', 'Figures embracing.', 'Two embracing figures.', 'Figures embracing.', 'Two faces embracing.', 'Embracing figures.', 'Two embracing figures.']",0.9433483923290392,what picture is on the cup?,,False,0.32561809404461245,1,incorrect_low
validation::6083,['green'],Yellow.,0.0,"['Yellow.', 'Yellow.', 'Yellow.', 'Yellow.', 'Yellow.', 'Yellow.', 'Yellow.', 'Yellow.', 'Yellow.', 'Yellow.']",-0.0,What color is the cell phone case to the left of the beverage container?,,False,0.32561809404461245,0,incorrect_high
validation::6084,['6'],4,0.0,"['Four.', '4', 'Four.', 'Four.', '4', '3', '4', '4', 'Four.', '4']",0.3250829733914482,How many red traffic signals are visible?,,False,0.32561809404461245,0,incorrect_high
validation::6085,['0'],One.,0.0,"['One.', 'One.', 'One.', 'One.', 'One.', 'One.', 'One.', 'One.', 'One.', 'One.']",-0.0,How many of the people's mouths can be seen in the photo?,,False,0.32561809404461245,0,incorrect_high
validation::6087,['pepperoni and cheese'],Pepperoni and cheese.,1.0,"['Pepperoni and cheese.', 'Pepperoni and cheese.', 'Pepperoni and cheese.', 'Pepperoni and cheese.', 'Pepperoni and cheese.', 'Pepperoni and cheese.', 'Pepperoni and cheese.', 'Pepperoni and cheese.', 'Pepperoni and cheese.', 'Pepperoni and cheese.']",-0.0,what two toppings are on the pizza?,,True,0.32561809404461245,0,correct_high
validation::6089,['apple'],Strawberries.,0.0,"['Strawberries.', 'Strawberries.', 'Strawberries.', 'Strawberries.', 'Strawberry.', 'Strawberries.', 'Strawberries.', 'Strawberries.', 'Strawberries.', 'Strawberries.']",-0.0,what fruit is on the girl's shirt?,,False,0.32561809404461245,0,incorrect_high
validation::6090,['9'],Nine.,0.0,"['Ten.', '10', 'Nine.', 'Nine.', 'Ten.', 'Ten', 'Ten.', 'Nine.', 'Ten.', 'Nine.']",0.6730116670092565,How many meatballs are present?,,True,0.32561809404461245,1,correct_low
validation::6097,['2'],Two.,0.0,"['Two.', 'Two.', 'Two.', 'Two.', 'Two.', 'Two.', 'Two.', 'Two.', 'Two.', 'Two.']",-0.0,how many tennis balls are shown?,,True,0.32561809404461245,0,correct_high
validation::6102,['towel'],A large pot.,0.0,"['A large, black pot.', 'A large pot.', 'A large, black pot.', 'A large, black pot.', 'A large, black pot.', 'A large black pot.', 'A large black pot.', 'A large black pot.', 'A large pot.', 'A large, black pot.']",0.5004024235381879,What is hanging off the front of the stove?,,False,0.32561809404461245,1,incorrect_low
validation::611,['1'],Two.,0.0,"['2', 'Two.', 'Two.', 'Two.', 'Two.', 'Two.', 'Two.', 'Two.', 'Two.', '2']",-0.0,How many orange suitcases?,,False,0.32561809404461245,0,incorrect_high
validation::6110,['3'],Two.,0.0,"['2', '3', 'Two.', 'Two.', 'Two.', '3', '2', '3', '3', '2']",0.6730116670092565,How many oranges not sliced?,,False,0.32561809404461245,1,incorrect_low
validation::6111,['2'],Two.,0.0,"['Two.', 'Two.', 'Two.', 'Two.', 'Two.', 'Two.', 'Two.', 'Two.', 'Two.', 'Two.']",-0.0,How many eyes of the bear are visible?,,True,0.32561809404461245,0,correct_high
validation::6113,['horse'],Horse Show,1.0,"['Horse show.', 'Horse Show', 'Horse show.', 'Horse Show', 'Horse show.', 'Horse Show', 'Horse show.', 'Horse Show', 'Horse show.', 'Horse show.']",-0.0,What type of show is displayed on the white banner.,,True,0.32561809404461245,0,correct_high
validation::6114,['outside'],Outside.,1.0,"['Outside.', 'Outside.', 'Outside.', 'Outside.', 'Outside.', 'Outside.', 'Outside.', 'Outside.', 'Outside.', 'Outside.']",-0.0,Is the cat inside or outside?,,True,0.32561809404461245,0,correct_high
validation::6116,['shamrock'],A clover.,0.0,"['A clover.', 'A clover.', 'A shamrock.', 'A shamrock.', 'A shamrock.', 'A clover.', 'A shamrock.', 'A clover.', 'A clover.', 'A clover.']",0.6730116670092565,What is the green decoration in the front right?,,True,0.32561809404461245,1,correct_low
validation::6117,['top'],Right.,0.0,"['Right.', 'Right.', 'Right.', 'Right.', 'Right.', 'Right.', 'Right.', 'Right.', 'Right.', 'Right.']",-0.0,which side is the flusher on?,,False,0.32561809404461245,0,incorrect_high
validation::6118,['1'],Two.,0.0,"['Two.', 'Two.', 'Two.', 'Two.', 'Two.', 'Two.', 'Two.', 'Two.', 'Two.', 'Two.']",-0.0,How many cats?,,False,0.32561809404461245,0,incorrect_high
validation::6119,['black and white'],Black and white.,1.0,"['Black and white.', 'Black and white.', 'Black and white.', 'Black, grey, and red.', 'Black and white.', 'Black and white.', 'Black, white, and grey.', 'Black and grey.', 'Black and white.', 'Black, gray, and red.']",1.0888999753452235,What colors are the straps to his helmet?,,True,0.32561809404461245,1,correct_low
validation::6122,['beige'],Beige.,1.0,"['Beige.', 'Beige.', 'Beige.', 'Beige.', 'Beige.', 'Beige.', 'Beige.', 'Beige.', 'Beige.', 'Beige.']",-0.0,What color are the interior seats of the red car?,,True,0.32561809404461245,0,correct_high
validation::6123,['2'],Two.,0.0,"['Two.', 'Two.', 'Two.', 'Two.', 'Two.', 'Two.', 'Three.', 'Two.', 'Two.', 'Two.']",0.3250829733914482,how many cows are facing the camera?,,True,0.32561809404461245,0,correct_high
validation::6124,['oil'],Oil.,1.0,"['Oil.', 'Oil.', 'Hot oil.', 'Oil.', 'Oil.', 'Oil.', 'Oil.', 'Hot oil.', 'Hot oil.', 'Hot oil.']",0.6730116670092565,What is the liquid in the photo?,,True,0.32561809404461245,1,correct_low
validation::6125,['at the camera'],At the camera.,1.0,"['The camera.', 'At the camera.', 'At the camera.', 'At the camera.', 'At the camera.', 'The camera.', 'At the camera.', 'At the camera.', 'At the camera.', 'The camera.']",-0.0,Where is the man staring?,,True,0.32561809404461245,0,correct_high
validation::6129,['2'],Two.,0.0,"['Two.', 'Two.', 'Two.', 'Two.', 'Two.', 'Two.', 'Two.', 'Two.', 'Two.', 'Two.']",-0.0,How many white cows are present?,,True,0.32561809404461245,0,correct_high
validation::613,['1'],Two.,0.0,"['Two.', 'Two.', 'Two.', 'Two.', 'Two.', 'Two.', 'Two.', 'Two.', 'Two.', 'Two.']",-0.0,How many knives are there?,,False,0.32561809404461245,0,incorrect_high
validation::6130,['2'],Six.,0.0,"['Six.', 'Six.', 'Six.', 'Six.', 'Six.', '6', 'Six.', 'Six.', 'Six.', 'Six.']",-0.0,How many rails are shown in this image?,,False,0.32561809404461245,0,incorrect_high
validation::6134,['5'],5,1.0,"['10', '7', '4', '6', '5', '5', '10', '8', '10', '6']",1.6957425341696346,How many fingernails do we see?,,True,0.32561809404461245,1,correct_low
validation::6137,['59 west 8th st.'],59 West 8th St.,1.0,"['59 West 8th St.', '59 West 8th St.', '59 West 8th St.', '59 West 8th St.', '59 West 8th St.', '59 West 8th St.', '59 West 8th St.', '59 West 8th St.', '59 West 8th St.', '59 West 8th St.']",-0.0,What is the address of the subway according to the sign?,,True,0.32561809404461245,0,correct_high
validation::6140,['3'],Two.,0.0,"['Two.', 'Two.', 'Two.', 'Two.', 'Two.', 'Two.', 'Two.', 'Two.', 'Two.', 'Two.']",-0.0,How many cartons of eggs are there in the refrigerator?,,False,0.32561809404461245,0,incorrect_high
validation::6141,['left'],Left.,1.0,"['Left.', 'Left.', 'Left.', 'Left.', 'Left.', 'Left.', 'Left.', 'Left.', 'Left.', 'Left.']",-0.0,Which way is the arrow above the stop sign pointing?,,True,0.32561809404461245,0,correct_high
validation::6143,['0'],Zero.,0.0,"['Zero.', 'Zero.', 'Zero.', 'Zero.', 'Zero.', 'Zero.', 'Zero.', 'Zero.', 'Zero.', 'Zero.']",-0.0,How many boats are in the water?,,True,0.32561809404461245,0,correct_high
validation::6145,['person'],Circular.,0.0,"['Circular.', 'Circular.', 'Round.', 'Circular.', 'Round.', 'Round.', 'Circular.', 'Circular.', 'Circular.', 'Round.']",-0.0,What shape is the green light?,,False,0.32561809404461245,0,incorrect_high
validation::6147,['poster'],A poster.,1.0,"['A poster.', 'A poster.', 'A poster.', 'A poster.', 'A poster.', 'A poster.', 'A poster.', 'A poster.', 'A poster.', 'A poster.']",-0.0,What is hanging on the wall?,,True,0.32561809404461245,0,correct_high
validation::6150,['mountain'],Mountains.,0.0,"['Mountains.', 'Mountains.', 'Mountains.', 'Mountains.', 'Mountains.', 'Mountains.', 'Mountains.', 'Mountains.', 'Mountains.', 'Mountains.']",-0.0,What geological feature is in the background?,,True,0.32561809404461245,0,correct_high
validation::6153,['white'],Stainless steel.,0.0,"['White.', 'White.', 'White.', 'White.', 'White.', 'White.', 'Stainless steel.', 'White.', 'White.', 'Stainless steel.']",0.5004024235381879,what color is the dishwasher?,,False,0.32561809404461245,1,incorrect_low
validation::6155,['left'],Left.,1.0,"['Left.', 'Left.', 'Left.', 'Left.', 'Left.', 'Left.', 'Right.', 'Right.', 'Left.', 'Left.']",0.5004024235381879,Which foot is in front on the board?,,True,0.32561809404461245,1,correct_low
validation::6156,['1'],9,0.0,"['9', '8', '8', '8', '9', '7', '9', '8', '9', '8']",0.9433483923290392,What large single digit number is on the train?,,False,0.32561809404461245,1,incorrect_low
validation::6157,['5'],5,1.0,"['5', '5.', '5', '5', '38.', '5', '5.', '5.', '5.', '5']",0.3250829733914482,What is the last number on the ear tag of the cow on the left?,,True,0.32561809404461245,0,correct_high
validation::6160,['starship'],Starship.,1.0,"['Starship.', 'Starship.', 'Starship', 'Starship.', 'Starship.', 'Starship.', 'Starship.', 'Starship.', 'Starship.', 'Starship.']",-0.0,what is the name of the bus?,,True,0.32561809404461245,0,correct_high
validation::6162,['3'],One.,0.0,"['Two.', 'One.', 'Two.', 'Two.', 'One.', 'Two.', 'Two.', 'One.', 'One.', 'One.']",0.6931471805599453,How many spray painted diamond shapes towards the right?,,False,0.32561809404461245,1,incorrect_low
validation::6167,['lions'],Lions,1.0,"['Lions', 'Lions', 'Lions.', 'Lions', 'Lions', 'Lions.', 'Lions.', 'Lions.', 'Lions', 'Lions.']",-0.0,"Which one of the following is NOT pictured here: lions, zebras or bushes?",,True,0.32561809404461245,0,correct_high
validation::6170,['gazelle'],Gazelle.,1.0,"['Gazelle', 'Gazelle', 'Gazelle.', 'Gazelle.', 'Gazelle.', 'Gazelle.', 'Gazelle.', 'Gazelle', 'Gazelle.', 'Gazelle.']",-0.0,What brand is the pink bike?,,True,0.32561809404461245,0,correct_high
validation::6175,['silver'],Red and white.,0.0,"['Red and white.', 'Red.', 'Red and white.', 'Red and white.', 'Red.', 'Red and white.', 'Red.', 'Red and white.', 'Red and white.', 'Red and white.']",0.6108643020548935,What color are the man's ski boots?,,False,0.32561809404461245,1,incorrect_low
validation::6177,['blue'],White.,0.0,"['White.', 'White.', 'White.', 'White.', 'White.', 'White.', 'White.', 'White.', 'White.', 'White.']",-0.0,What color is the sky?,,False,0.32561809404461245,0,incorrect_high
validation::618,['0'],One.,0.0,"['One.', 'One.', 'One.', 'One.', 'One.', 'One.', 'One.', 'One.', 'One.', 'One.']",-0.0,how many persons are looking to the camera?,,False,0.32561809404461245,0,incorrect_high
validation::6181,['1'],Two.,0.0,"['Two.', '2', '2', '2', '2', 'Two.', 'Two.', 'Two.', 'Two.', 'Two.']",-0.0,how many rings can you see?,,False,0.32561809404461245,0,incorrect_high
validation::6182,['3'],Two.,0.0,"['Two.', 'Two.', 'Three.', 'Three.', 'Two.', 'Two.', 'Two.', 'Two.', '3', 'Three.']",0.6730116670092565,How  many green portable toilets are seen in background on the left side of the photo?,,False,0.32561809404461245,1,incorrect_low
validation::6183,['acer'],Acer.,1.0,"['Acer.', 'Acer.', 'Acer', 'Acer.', 'Acer.', 'Acer.', 'Acer.', 'Acer', 'Acer.', 'Acer.']",-0.0,Which brand is this laptop?,,True,0.32561809404461245,0,correct_high
validation::6186,['6'],6,1.0,"['6', '5', '6', '5', '6', '6', '6', '6', '6', '6']",0.5004024235381879,how many bottles are on the 2nd shelf of the refrigerator?,,True,0.32561809404461245,1,correct_low
validation::6187,['bar'],BAR,1.0,"['BAR', 'BAR', 'BAR', 'BAR', 'BAR', 'BAR', 'BAR', 'BAR', 'BAR', 'BAR']",-0.0,What word is seen in the window?,,True,0.32561809404461245,0,correct_high
validation::6189,['floor'],Floor.,1.0,"['Floor.', 'Floor.', 'Floor.', 'Floor.', 'Floor.', 'Floor.', 'Floor.', 'Floor.', 'Floor.', 'Floor.']",-0.0,Is the bitten part of the donut facing the floor or the ceiling?,,True,0.32561809404461245,0,correct_high
validation::619,['green'],Brown.,0.0,"['Brown.', 'Brown.', 'Brown.', 'Brown.', 'Brown.', 'Brown.', 'Brown.', 'Brown.', 'Brown.', 'Brown.']",-0.0,what color is the sprinkle nearest the center of the cupcake?,,False,0.32561809404461245,0,incorrect_high
validation::6190,['surfers'],Surfers.,1.0,"['Surfers.', 'Surfers.', 'Surfers.', 'Surfers.', 'Surfers.', 'Surfers.', 'Surfers.', 'Surfers.', 'Surfers.', 'Surfers.']",-0.0,Are there more surfers or benches visible?,,True,0.32561809404461245,0,correct_high
validation::6191,['yellow'],Red.,0.0,"['Red.', 'Red.', 'Red.', 'Red.', 'Red.', 'Red.', 'Red.', 'Red.', 'Red.', 'Red.']",-0.0,What color hat does the guy to the far right of the photo have on?,,False,0.32561809404461245,0,incorrect_high
validation::6193,['3'],3,1.0,"['3', '3', '3', '3', '3', '3', '3', '3', '3', 'Four.']",0.3250829733914482,How many framed pictures appear to hang on the wall?,,True,0.32561809404461245,0,correct_high
validation::6194,['basketball hoop'],A wreath.,0.0,"['A wreath.', 'A wreath.', 'A sign.', 'A wreath.', 'A wreath.', 'A wreath.', 'A wreath.', 'A wreath.', 'A wreath.', 'A wreath.']",0.3250829733914482,what is over the front door of the white building?,,False,0.32561809404461245,0,incorrect_high
validation::6196,['4'],Four.,0.0,"['Four.', 'Four.', 'Four.', 'Four.', 'Four.', 'Four.', 'Five.', '4', 'Four.', 'Four.']",0.3250829733914482,how many nails can you see?,,True,0.32561809404461245,0,correct_high
validation::6198,['3'],Two.,0.0,"['Two.', 'Two.', 'Two.', 'Two.', 'Two.', 'Two.', 'Two.', 'Two.', 'Two.', '2']",-0.0,how many people have on hats?,,False,0.32561809404461245,0,incorrect_high
validation::6199,['5'],6,0.0,"['6', '6', 'Six.', '6', '6', '6', '6', 'Six.', '6', 'Six.']",-0.0,"Between the horse and the man, how many legs can you see?",,False,0.32561809404461245,0,incorrect_high
validation::62,['powdered sugar'],Powdered sugar.,1.0,"['Powdered sugar.', 'Powdered sugar.', 'Powdered sugar.', 'Powdered sugar.', 'Powdered sugar.', 'Powdered sugar.', 'Powdered sugar.', 'Powdered sugar.', 'Powdered sugar.', 'Powdered sugar.']",-0.0,What is sprinkled all over the plate?,,True,0.32561809404461245,0,correct_high
validation::6200,['6'],6,1.0,"['6', '6', '6', '6', '6', '6', '6', '6', '6', '6']",-0.0,How many flags?,,True,0.32561809404461245,0,correct_high
validation::6201,['4'],Two.,0.0,"['Two.', 'Two.', 'Two.', 'Two.', '2', 'Two.', 'Two.', 'Two.', 'Two.', '2']",-0.0,how many guys facing the camera?,,False,0.32561809404461245,0,incorrect_high
validation::6202,['3'],Three.,0.0,"['Three.', '3', 'Three.', 'Three.', '3', 'Three.', 'Three.', '3', 'Three.', 'Three.']",-0.0,How many cows are there?,,True,0.32561809404461245,0,correct_high
validation::6204,['2'],Two.,0.0,"['Two.', 'Two.', 'Two.', 'Two.', 'Two.', 'Two.', 'Two.', 'Two.', 'Two.', 'Two.']",-0.0,How many basins are there?,,True,0.32561809404461245,0,correct_high
validation::6206,['1'],One.,0.0,"['One.', 'One.', 'One.', 'One.', 'One.', 'One.', 'One.', 'One.', 'One.', 'One.']",-0.0,How many buses are directly in front in the photo?,,True,0.32561809404461245,0,correct_high
validation::6210,['left'],Right.,0.0,"['Right.', 'Right.', 'Right.', 'Right.', 'Right.', 'Right.', 'Right.', 'Right.', 'Right.', 'Right.']",-0.0,Which direction are the giraffes heading?,,False,0.32561809404461245,0,incorrect_high
validation::6212,['white'],White.,1.0,"['White.', 'White.', 'White', 'White.', 'White.', 'White.', 'White.', 'White.', 'White.', 'White.']",-0.0,What color car is shown most?,,True,0.32561809404461245,0,correct_high
validation::6214,['6'],12,0.0,"['10', '8', '7', '12', '11', '11', '8', '12', '12', '8']",1.5047882836811908,The barrier has how many cutouts?,,False,0.32561809404461245,1,incorrect_low
validation::622,['4'],6,0.0,"['6', '6', '6', '6', '6', '6', '6', '6', '6', '6']",-0.0,How many zebras can be seen?,,False,0.32561809404461245,0,incorrect_high
validation::6224,['5'],Four.,0.0,"['Three.', 'Three.', '4', 'Four.', 'Two.', 'Three.', 'Three.', 'Four.', 'Three.', 'Three.']",0.8979457248567797,How many lines does kite have?,,False,0.32561809404461245,1,incorrect_low
validation::6225,['smiley face'],A smiley face.,1.0,"['A smiley face.', 'A smiley face.', 'A smiley face.', 'A smiley face.', 'A smiley face.', 'A smiley face.', 'A smiley face.', 'A smiley face.', 'A smiley face.', 'A smiley face.']",-0.0,What is the sticker on the back of the driver's helmet depicting?,,True,0.32561809404461245,0,correct_high
validation::6228,['blinkstarmedia.com'],blinkstarmedia.com,1.0,"['blinkstarmedia.com', 'blinkstarmedia.com', 'blinkstarmedia.com', 'blinkstarmedia.com', 'blinkstarmedia.com', 'blinkstarmedia.com', 'blinkstarmedia.com', 'blinkstarmedia.com', 'blinkstarmedia.com', 'blinkstarmedia.com']",-0.0,What is the website shown on the lower right?,,True,0.32561809404461245,0,correct_high
validation::6230,['212'],2EZ,0.0,"['2EZ', '212', '2IZ', '212', '2ZZ', '2ZZ', '2EZ', '2EZ', '2YZ', '212']",1.5047882836811908,What are the first three digits of the car's license plate in the foreground?,,False,0.32561809404461245,1,incorrect_low
validation::6233,['on the roof'],In front of the truck.,0.0,"['In front of the truck.', 'In front of the truck.', 'In front of the truck.', 'Near the trucks.', 'Near the trucks.', 'Near the trucks.', 'In front of the truck.', 'Standing near the truck.', 'In front of the truck.', 'In front of the truck.']",0.8979457248567797,where is the man?,,False,0.32561809404461245,1,incorrect_low
validation::6234,['veins'],Tattoos.,0.0,"['Sleeve tattoos.', 'Tattoos.', 'Tattoos.', 'Sleeve design.', 'Sleeve design.', 'Tattoo sleeves.', 'Tattoo sleeves.', 'Tattoo.', 'Tattoos.', 'Tattoo sleeves.']",1.0549201679861442,what are the lines on his arm?,,False,0.32561809404461245,1,incorrect_low
validation::6237,['q'],Q,1.0,"['Q', 'Q', 'Q', 'Q', 'Q', 'Q', 'Q', 'Q', 'Q', 'Q']",-0.0,What is the letter within the red shape towards the back of the bus?,,True,0.32561809404461245,0,correct_high
validation::624,['0'],One.,0.0,"['One.', 'One.', 'One.', 'One.', 'One.', 'One.', 'One.', 'One.', 'One.', 'One.']",-0.0,How many pencils are visible?,,False,0.32561809404461245,0,incorrect_high
validation::6242,['4'],Approximately 15.,0.0,"['Approximately 15.', 'Approximately 15.', 'Approximately 20.', 'Approximately 10.', 'Approximately 10.', 'Approximately 15.', 'Approximately 15.', 'Approximately 10.', 'Approximately 20.', 'Approximately 15.']",1.0296530140645737,how many standing spectators?,,False,0.32561809404461245,1,incorrect_low
validation::6247,['motorcycle'],Infinity symbol.,0.0,"['Infinity symbol.', 'Infinity symbol.', 'Infinity symbol.', 'Infinity symbol.', 'Infinity symbol.', 'Infinity symbol.', 'Infinity symbol.', 'Infinity symbol.', 'Infinity symbol.', 'Infinity symbol.']",-0.0,whats drawn on his tshirt?,,False,0.32561809404461245,0,incorrect_high
validation::625,['giraffe'],The giraffe.,1.0,"['The giraffe.', 'The giraffe.', 'Giraffe.', 'The giraffe.', 'Giraffe.', 'The giraffe.', 'The giraffe.', 'Giraffe.', 'The giraffe.', 'The giraffe.']",-0.0,Is the man or the giraffe on the right?,,True,0.32561809404461245,0,correct_high
validation::6250,['0'],Zero.,0.0,"['Zero.', 'Zero.', 'Zero.', 'Zero.', 'Zero.', 'Zero.', 'Zero.', 'Zero.', 'Zero.', 'Zero.']",-0.0,How many visible ears in the photo?,,True,0.32561809404461245,0,correct_high
validation::6254,['3'],3,1.0,"['3', '3', 'Three.', '3', 'Three.', '3', '3', '3', '3', 'Three.']",-0.0,How many animals in the picture?,,True,0.32561809404461245,0,correct_high
validation::6261,['rotary'],Corded phone.,0.0,"['Corded phone.', 'Corded phone.', 'Corded phone.', 'Corded phone.', 'Corded phone.', 'Corded phone.', 'Corded telephone.', 'Corded phone.', 'Corded phone.', 'Corded phone.']",-0.0,What kind of phone is in the background?,,True,0.32561809404461245,0,correct_high
validation::6263,['2'],Four.,0.0,"['Four.', 'Four.', 'Four.', '4', 'Four.', 'Three.', 'Four.', 'Four.', 'Four.', 'Four.']",0.3250829733914482,How many eyes are visible?,,False,0.32561809404461245,0,incorrect_high
validation::6266,['2'],Two.,0.0,"['Two.', 'Two.', 'Two.', 'Two.', 'Two.', 'Two.', 'Two.', 'Two.', 'Two.', 'Two.']",-0.0,How many towels are there?,,True,0.32561809404461245,0,correct_high
validation::6267,['1:50'],10:20,0.0,"['10:20', '10:27', '2:53', '10:17', '10:30', '10:22', '10:33', '1:28', '10:18', '10:28']",2.302585092994045,What time does the clock show,,False,0.32561809404461245,1,incorrect_low
validation::6270,['clock'],A lamppost with a clock.,1.0,"['A lamppost with a clock.', 'A lamppost with a clock.', 'A lamppost with a clock.', 'A lamppost with a clock.', 'A clock tower.', 'A lamppost with a clock.', 'A lamppost with a clock.', 'A lamppost with a clock.', 'A lamppost with a clock.', 'A lamppost with a clock.']",0.3250829733914482,what is in the forefront on the right side of the image?,,True,0.32561809404461245,0,correct_high
validation::6273,['1'],Two.,0.0,"['Two.', 'Two.', 'Two.', 'Two.', 'Two.', 'Two.', 'Two.', 'Two.', 'Two.', 'Two.']",-0.0,How many paws are visible?,,False,0.32561809404461245,0,incorrect_high
validation::6277,['4'],5,0.0,"['5', 'Five.', 'Five.', '5', '5', '5', '5', '5', 'Five.', 'Five.']",-0.0,how many palm trees are on the curtain?,,False,0.32561809404461245,0,incorrect_high
validation::6280,['3'],6,0.0,"['6', '7', '7', '6', '5', '6', '6', '6', '6', '7']",0.8979457248567797,What is the largest number of floor tiles seen in any row?,,False,0.32561809404461245,1,incorrect_low
validation::6281,['3'],4,0.0,"['5', '5', 'Four.', 'Four.', '5', '5', '4', '4', 'Four.', '4']",0.6730116670092565,how many video game controllers do you see?,,False,0.32561809404461245,1,incorrect_low
validation::6283,['1'],25,0.0,"['23', '27', '26', '24', '25', '23', 'Approximately 25.', '23', '30', '25']",1.834371970281624,How many vertical beams are shown from the wall in the background?,,False,0.32561809404461245,1,incorrect_low
validation::6287,['right'],Right.,1.0,"['Right.', 'Right.', 'Right.', 'Right.', 'Right.', 'Left.', 'Right.', 'Right.', 'Right.', 'Right.']",0.3250829733914482,Which of the man in the foreground's feet is on the front of the skateboard?,,True,0.32561809404461245,0,correct_high
validation::6289,['arrow'],Arrow.,1.0,"['Arrow.', 'A downward-pointing arrow.', 'Arrow.', 'Arrow.', 'Arrow.', 'An arrow.', 'Arrow.', 'An arrow.', 'An arrow.', 'Arrow.']",0.3250829733914482,What symbol is embossed into the container's lid?,,True,0.32561809404461245,0,correct_high
validation::6294,['4'],16,0.0,"['12', '16', '16', '16', '16', '18', '16', '16', '12', '16']",0.8018185525433372,How many smaller arches in total on the sides of the main doorway?,,False,0.32561809404461245,1,incorrect_low
validation::6299,['www.imageoptimizer.net'],imageoptimizer.net,0.0,"['imageoptimizer.net', 'imageoptimizer.net', 'imageoptimizer.net', 'imageoptimizer.net', 'imageoptimizer.net', 'imageoptimizer.net', 'imageoptimizer.net', 'imageoptimizer.net', 'imageoptimizer.net', 'imageoptimizer.net']",-0.0,What is the website on the bottom right of the photo?,,True,0.32561809404461245,0,correct_high
validation::630,['1'],One.,0.0,"['One.', 'One.', 'One.', 'One.', 'One.', 'One.', 'One.', 'One.', 'One.', 'One.']",-0.0,How many of the cows are white?,,True,0.32561809404461245,0,correct_high
validation::6300,['75'],7.5,1.0,"['7.5', '7.5', '7.5', '7.5', '7.5', '7.5', '75', '7.5', '7.5', '7.5']",0.3250829733914482,what is written on the yellow signboard at the left side of the picture?,,True,0.32561809404461245,0,correct_high
validation::6301,['3'],3,1.0,"['3', '3', '4', '3', '3', '3', '4', '3', '3', '4']",0.6108643020548935,How many flags are there?,,True,0.32561809404461245,1,correct_low
validation::6305,['dog'],Riding waves on a board.,0.0,"['Riding a wave on a board.', 'Riding waves on a board.', 'Riding waves on a board.', 'Riding waves on a board.', 'Riding a wave on a board.', 'Riding waves on a board.', 'Riding waves on a board.', 'Riding waves on a board.', 'Riding waves on a board.', 'Riding waves on a board.']",-0.0,what is surfing?,,False,0.32561809404461245,0,incorrect_high
validation::6307,['2'],One.,0.0,"['One.', 'One.', 'One.', '1', 'One.', 'One.', '1', 'One.', '1', '1']",-0.0,How many stuffed animals are visible in the image?,,False,0.32561809404461245,0,incorrect_high
validation::631,['kogi'],Kogi,1.0,"['Kogi', 'Kogi', 'Kogi', 'Kogi', 'Kogi', 'Kogi', 'Kogi', 'Kogi', 'Kogi', 'Kogi']",-0.0,what is the big word on the left food truck?,,True,0.32561809404461245,0,correct_high
validation::6313,['right'],The one lying down.,0.0,"['The zebra lying down.', 'The one lying down.', 'The one lying down.', 'The one lying down.', 'The one lying down.', 'The one lying down.', 'The one lying down.', 'The one lying down.', 'The zebra that is lying down.', 'The one lying down.']",-0.0,Which zebra is younger?,,False,0.32561809404461245,0,incorrect_high
validation::6316,['cnn'],WWE,0.0,"['ESPN', 'WWE', 'WWE', 'WWE', 'WWE', 'WWE', 'WWE', 'WWE', 'WWE', 'WWE']",0.3250829733914482,What network name is on the blue shirt?,,False,0.32561809404461245,0,incorrect_high
validation::6319,['3'],Four.,0.0,"['Four.', 'Four.', 'Four.', 'Four.', 'Four.', 'Four.', 'Four.', 'Four.', 'Four.', 'Four.']",-0.0,how many teddy bears?,,False,0.32561809404461245,0,incorrect_high
validation::6322,['2'],1,0.0,"['1', '1', 'One.', '1', 'One.', '1', 'One.', '1', '1', '1']",-0.0,How many people are in the water and not actively surfing?,,False,0.32561809404461245,0,incorrect_high
validation::6324,['sidewalk'],On a wet sidewalk.,1.0,"['On a wet sidewalk.', 'On a wet sidewalk.', 'On a wet sidewalk.', 'On a wet sidewalk.', 'On a wet sidewalk.', 'On a wet sidewalk.', 'On a wet sidewalk.', 'On a wet sidewalk.', 'On a wet sidewalk.', 'On a wet sidewalk.']",-0.0,Where is the girl standing?,,True,0.32561809404461245,0,correct_high
validation::6327,['v'],V,1.0,"['V', 'V', 'V', 'V', 'V', 'V', 'V', 'V', 'V', 'V']",-0.0,What is the first letter seen on the street sign seen on the far right hand side of the photo?,,True,0.32561809404461245,0,correct_high
validation::6329,['spices'],Spice rack and baskets.,0.0,"['Spice rack and baskets.', 'Spice jars and baskets.', 'Spice rack and baskets.', 'Spice racks.', 'Spice rack and baskets.', 'Spice racks and baskets.', 'Spice rack and baskets.', 'Spice racks.', 'Spice racks and baskets.', 'Spice racks and baskets.']",0.5004024235381879,What are kept above the stove?,,True,0.32561809404461245,1,correct_low
validation::6333,['2'],Two.,0.0,"['Four.', 'Two.', 'Two.', 'Four.', 'Two.', 'Four.', 'Two.', 'Two.', 'Two.', 'Two.']",0.6108643020548935,How many lit up clocks can you see?,,True,0.32561809404461245,1,correct_low
validation::6335,['tennis court'],Hard court.,1.0,"['Hard court.', 'Hard court.', 'Hard court.', 'Hard court.', 'Hard court.', 'Hard court.', 'Hard court.', 'Hard court.', 'Hard court.', 'Hard court.']",-0.0,What type of playing surface is this?,,True,0.32561809404461245,0,correct_high
validation::6338,['9020'],9020,1.0,"['9020', '9020', '9020', '9020', '9020', '9020', '9020', '9020', '9020', '9020']",-0.0,What is the 4 digit numbers on the left of the bus?,,True,0.32561809404461245,0,correct_high
validation::6339,['3'],Three.,0.0,"['Three.', 'Three.', 'Three.', 'Three.', 'Three.', 'Three.', 'Three.', 'Three.', 'Three.', 'Three.']",-0.0,How many people are in the group closest to the front?,,True,0.32561809404461245,0,correct_high
validation::6340,['3804'],3804,1.0,"['3804', '3804', '3804', '3804', '3804', '3804', '3804', '3804', '3804', '3804']",-0.0,what is the bus number?,,True,0.32561809404461245,0,correct_high
validation::6341,['2'],3,0.0,"['Three.', '3', '3', '3', 'Three.', 'Three.', '3', 'Three.', '3', '3']",-0.0,how many redheads?,,False,0.32561809404461245,0,incorrect_high
validation::6342,['keys'],Keys.,1.0,"['Keys.', 'Keys.', 'Keys.', 'Keys.', 'Keys.', 'Keys.', 'Keys.', 'Keys.', 'Keys.', 'Keys.']",-0.0,What are the items lying on the table below the wrist of the man wearing a ring?,,True,0.32561809404461245,0,correct_high
validation::6346,['9'],12,0.0,"['Approximately 15.', 'Approximately 10.', '12', '11', 'Approximately 14.', '14', '10', '12', 'Approximately 15.', '12']",1.834371970281624,How many potato chips are shown on the side of the van?,,False,0.32561809404461245,1,incorrect_low
validation::6347,['slices'],Slices.,1.0,"['Slices.', 'Slices.', 'Slices.', 'Slices.', 'Slices.', 'Slices.', 'Slices.', 'Slices.', 'Slices.', 'Slices.']",-0.0,Was this pizza cut into square or slices?,,True,0.32561809404461245,0,correct_high
validation::6348,['mexico'],Mexico,1.0,"['Mexico', 'Mexico', 'Mexico', 'Mexico', 'Mexico', 'Mexico', 'Mexico', 'Mexico', 'Mexico', 'Mexico']",-0.0,What is the name on the jersey?,,True,0.32561809404461245,0,correct_high
validation::6350,['0'],One.,0.0,"['One.', 'One.', 'One.', 'One.', 'One.', 'One.', 'One.', 'One.', 'One.', 'One.']",-0.0,How many legs of the zebra can be seen?,,False,0.32561809404461245,0,incorrect_high
validation::6353,['yellow'],Green.,0.0,"['Green.', 'Green.', 'Green.', 'Green.', 'Green.', 'Green.', 'Green.', 'Green.', 'Green.', 'Green.']",-0.0,What is the colour of the sign in the very upper middle back on the fence?,,False,0.32561809404461245,0,incorrect_high
validation::6354,['carlsberg'],Carlsberg,1.0,"['Carlsberg', 'Carlsberg', 'Carlsberg', 'Carlsberg', 'Carlsberg', 'Carlsberg.', 'Carlsberg', 'Carlsberg', 'Carlsberg.', 'Carlsberg']",-0.0,what brand of beer is showing?,,True,0.32561809404461245,0,correct_high
validation::6356,['8'],7,0.0,"['7', '8', '7', '7', '7', '7', '8', '7', '7', '7']",0.5004024235381879,How many flowers are present in the vase?,,False,0.32561809404461245,1,incorrect_low
validation::6357,['8'],3,0.0,"['3', 'Four.', 'Three.', 'Four.', 'Three.', 'Two.', '3', '4', 'Three.', 'Four.']",0.9433483923290392,how many fingers can you see?,,False,0.32561809404461245,1,incorrect_low
validation::6358,['2'],One.,0.0,"['One.', 'One.', 'One.', 'One.', 'One.', 'One.', 'One.', 'One.', 'One.', 'One.']",-0.0,How many people are cutting the cake?,,False,0.32561809404461245,0,incorrect_high
validation::636,['2011'],2011,1.0,"['2011', '2011', '2011', '2011', '2011', '2011', '2011', '2011', '2011', '2011']",-0.0,what year is it?,,True,0.32561809404461245,0,correct_high
validation::6363,['duck'],Duck.,1.0,"['Duck.', 'Duck', 'Duck.', 'Duck.', 'Duck.', 'Duck.', 'Duck.', 'Duck.', 'Duck.', 'Duck.']",-0.0,What animal is featured on the bus?,,True,0.32561809404461245,0,correct_high
validation::6371,['left'],Right side.,0.0,"['Right side.', 'Right side.', 'Right side.', 'Right side.', 'Right side.', 'Right side.', 'Right side.', 'Right side.', 'Right side.', 'Right side.']",-0.0,"Which side of the bear running at the camera can we see, It's left side or right side?",,False,0.32561809404461245,0,incorrect_high
validation::6372,['purple'],Purple.,1.0,"['Purple.', 'Purple.', 'Purple.', 'Purple.', 'Purple.', 'Purple.', 'Purple.', 'Purple.', 'Purple.', 'Purple.']",-0.0,What color is the flower in the woman's hair?,,True,0.32561809404461245,0,correct_high
validation::6375,['flughafen'],Flughafen,1.0,"['Flughafen.', 'Flughafen', 'Flughafen', 'Flughafen', 'Flughafen', 'Flughafen', 'Flughafen', 'Flughafen', 'Flughafen', 'Flughafen']",-0.0,Which sign shows an airport?,,True,0.32561809404461245,0,correct_high
validation::6376,['p'],B,0.0,"['B', 'B', 'B', 'B', 'B', 'B', 'B', 'B', 'B', 'B']",-0.0,"what is the letter after letter ""A"" found on the box behind?",,False,0.32561809404461245,0,incorrect_high
validation::6377,['plums'],Plums.,1.0,"['Plums.', 'Plums.', 'Plums.', 'Plums.', 'Plums.', 'Plums.', 'Plums.', 'Plums.', 'Plums.', 'Plums.']",-0.0,what fruit is with the bananas?,,True,0.32561809404461245,0,correct_high
validation::6378,['2'],Two.,0.0,"['Two.', 'Two.', 'Three.', 'Two.', 'Two.', 'Two.', 'Two.', 'Two.', 'Two.', 'Two.']",0.3250829733914482,How many eyes are shown in this image?,,True,0.32561809404461245,0,correct_high
validation::6379,['left'],Left.,1.0,"['Left.', 'Left.', 'Left.', 'Left.', 'Left.', 'Left.', 'Left.', 'Left.', 'Left.', 'Left.']",-0.0,On which foot is the man standing on the skateboard?,,True,0.32561809404461245,0,correct_high
validation::638,['red'],Red.,1.0,"['Red.', 'Red.', 'Red.', 'Red.', 'Red.', 'Red.', 'Red.', 'Red.', 'Red.', 'Red.']",-0.0,what is the color of the boat?,,True,0.32561809404461245,0,correct_high
validation::6380,['welcome'],Welcome,1.0,"['Welcome', 'Welcome', 'Welcome', 'Welcome', 'Welcome', 'Welcome', 'Welcome', 'Welcome', 'Welcome', 'Welcome']",-0.0,What is the word that starts with a W that can be seen in the lower left hand panel in the photo?,,True,0.32561809404461245,0,correct_high
validation::6381,['tallahassee'],"Capp's, Greenville, St. Petersburg, Tallahassee.",0.0,"['Greenville, Tallahassee, St. Petersburg.', ""Capp's, Greenville, St. Petersburg, Tallahassee."", 'Greenville, St. Petersburg, Tallahassee.', 'Greenville, St. Petersburg, Tallahassee.', 'St. Petersburg, Tallahassee.', 'Caps, Greenville, St. Petersburg, Tallahassee.', 'Greenville, Tallahassee, St. Petersburg.', 'Greenville, St. Petersburg, Tallahassee.', ""Capp's, Greenville, St. Petersburg, Tallahassee."", ""Capp's, Greenville, St. Petersburg, Tallahassee.""]",1.2798542258336674,where can you go on the 90 West,,True,0.32561809404461245,1,correct_low
validation::6383,['3'],Three.,0.0,"['Three.', 'Three.', 'Three.', 'Three.', 'Three.', '3', 'Three.', 'Three.', 'Three.', 'Three.']",-0.0,How many planes are not in the air?,,True,0.32561809404461245,0,correct_high
validation::6388,['0'],Zero.,0.0,"['Zero.', 'Zero.', 'Zero.', 'Zero.', 'Zero.', 'Zero.', 'Zero.', 'Zero.', 'Zero.', 'Zero.']",-0.0,How many eyes of the elephant are visible  in this picture?,,True,0.32561809404461245,0,correct_high
validation::6390,['spoon'],Orange.,0.0,"['Orange.', 'Orange.', 'Orange.', 'Orange.', 'Orange.', 'Orange.', 'Orange.', 'Orange.', 'Orange.', 'Orange.']",-0.0,What does the bowl match with?,,False,0.32561809404461245,0,incorrect_high
validation::6391,['people'],Books and decorative items.,0.0,"['Books.', 'Books and stuffed animals.', 'Books and decorative items.', 'Books and stuffed animals.', 'Books and stuffed animals.', 'Books.', 'Books.', 'Books and stuffed animals.', 'Books and toys.', 'Books and stuffed animals.']",1.1682824501765623,what is in the picture on the shelf?,,False,0.32561809404461245,1,incorrect_low
validation::6392,['straps'],Being held by a person.,0.0,"['Being held by a person.', 'Being held by a person.', 'Being held by a person.', 'Being held by a person.', 'By a person.', 'Being held by a person.', 'Being held by a person.', 'Being held by a person.', ""On a person's shoulders."", 'By a person.']",0.8018185525433372,How is the bear being supported?,,False,0.32561809404461245,1,incorrect_low
validation::6393,['e18 047'],E18 047,1.0,"['E18 047', 'E18 047', 'E18 047', 'E18 047', 'E18 047', 'E18 047', 'E18 047', 'E18 047', 'E18 047', 'E18 047']",-0.0,What is the number of the train?,,True,0.32561809404461245,0,correct_high
validation::6394,['longoria'],Longoria,1.0,"['Longoria', 'Longoria', 'Longoria', 'Longoria', 'Longoria', 'Longoria', 'Longoria', 'Longoria', 'Longoria', 'Longoria']",-0.0,What is the name on the batter's uniform?,,True,0.32561809404461245,0,correct_high
validation::6395,['5'],3,0.0,"['3', 'Three.', '3', '3', '3', '3', '3', 'Three.', '3', '3']",-0.0,How many price tags are there?,,False,0.32561809404461245,0,incorrect_high
validation::6396,['extended'],Extended.,1.0,"['Extended.', 'Extended.', 'Extended.', 'Extended.', 'Extended.', 'Extended.', 'Extended.', 'Extended.', 'Extended.', 'Extended.']",-0.0,Is the luggage hand retracted or extended?,,True,0.32561809404461245,0,correct_high
validation::6397,['0'],One.,0.0,"['One.', 'One.', 'One.', 'One.', 'One.', 'One.', 'One.', 'One.', 'One.', 'One.']",-0.0,How many buttons does the man with the jacket have buttoned?,,False,0.32561809404461245,0,incorrect_high
validation::64,['left'],His right hand.,0.0,"['His left hand.', 'His right hand.', 'His right hand.', 'The right hand.', 'His right hand.', 'His left hand.', 'His right hand.', 'The left hand.', 'Left.', 'The left hand.']",0.6931471805599453,Which of the man's hands are closer to the front of the surfboard?,,False,0.32561809404461245,1,incorrect_low
validation::640,['red'],Yellow.,0.0,"['Yellow.', 'Yellow.', 'Yellow.', 'Yellow.', 'Yellow.', 'Yellow.', 'Yellow.', 'Yellow.', 'Yellow.', 'Yellow.']",-0.0,What color is the little light right of the big light?,,False,0.32561809404461245,0,incorrect_high
validation::6400,['2'],One.,0.0,"['One.', 'One.', 'One.', 'One.', 'One.', 'One.', 'One.', 'One.', 'One.', 'One.']",-0.0,How many birds can be seen?,,False,0.32561809404461245,0,incorrect_high
validation::6402,['3'],Two.,0.0,"['Two.', 'Two.', 'Two.', 'Two.', 'Two.', 'Two.', 'Two.', 'Two.', 'Two.', 'Two.']",-0.0,How many sections of mirror are mounted to the rear of the sink?,,False,0.32561809404461245,0,incorrect_high
validation::6407,['7'],8,0.0,"['8', '7', '8', '8', '8', '8', '8', '8', '8', '8']",0.3250829733914482,how many persons are there?,,False,0.32561809404461245,0,incorrect_high
validation::6414,['star'],A star.,1.0,"['A star.', 'A star.', 'A star.', 'A star.', 'A star.', 'A star.', 'A star.', 'A star.', 'A star.', 'A star.']",-0.0,What is drawn above the elephants left eye?,,True,0.32561809404461245,0,correct_high
validation::6415,['h'],H,1.0,"['H', 'H', 'H', 'H', 'H', 'H', 'H', 'H', 'H', 'H']",-0.0,What is the first big letter written in color blue on the picture?,,True,0.32561809404461245,0,correct_high
validation::6417,['frabisa'],Frabisa,1.0,"['Frabisa', 'Frabisa', 'Frabisa', 'Frabisa', 'Frabisa', 'Frabisa', 'Frabisa', 'Frabisa', 'Frabisa', 'Frabisa']",-0.0,What is written in cursive in the lower right corner?,,True,0.32561809404461245,0,correct_high
validation::6418,['racket'],A tennis racket.,1.0,"['A tennis racket.', 'A tennis racket.', 'A tennis racket.', 'A tennis racket.', 'A tennis racket.', 'A tennis racket.', 'A tennis racket.', 'A tennis racket.', 'A tennis racket.', 'A tennis racket.']",-0.0,What is in her left hand?,,True,0.32561809404461245,0,correct_high
validation::6422,['6'],11,0.0,"['11', '10', '12', '11', '11', '12', '10', '12', '12', '10']",1.0888999753452238,how many carrot pieces?,,False,0.32561809404461245,1,incorrect_low
validation::6423,['5'],3,0.0,"['3', '3', '3', '3', 'Three.', '3', '3', '4', '3', '3']",0.3250829733914482,How many books are there?,,False,0.32561809404461245,0,incorrect_high
validation::6427,['brown'],Brown.,1.0,"['Reddish-brown.', 'Reddish-brown.', 'Brown.', 'Reddish-brown.', 'Reddish-brown.', 'Reddish-brown.', 'Brown.', 'Brown.', 'Brown.', 'Brown.']",0.6931471805599453,What is the predominate color of the cat's tail?,,True,0.32561809404461245,1,correct_low
validation::643,['4'],5,0.0,"['6', '6', '5', '5', '5', '6', '6', '6', '4', '5']",0.9433483923290392,how many blue mats are on the fence?,,False,0.32561809404461245,1,incorrect_low
validation::6430,['bottle'],A bottle.,1.0,"['A bottle.', 'A bottle.', 'A bottle.', 'A bottle.', 'A bottle.', 'A bottle.', 'A bottle.', 'A bottle.', 'A bottle.', 'A bottle.']",-0.0,What is the person holding?,,True,0.32561809404461245,0,correct_high
validation::6431,['askew'],Askew.,1.0,"['Askew.', 'Askew.', 'Askew.', 'Askew.', 'Askew.', 'Askew.', 'Askew.', 'Askew.', 'Askew.', 'Askew.']",-0.0,Is the hat straight on his head or askew?,,True,0.32561809404461245,0,correct_high
validation::6432,['9'],11,0.0,"['12', '12', '11', '12', '11', '11', '10', '11', '11', '11']",0.8979457248567797,How many living creatures on the beach?,,False,0.32561809404461245,1,incorrect_low
validation::6434,['wakeboarding'],Wakeboarding.,1.0,"['Wakeboarding.', 'Wakeboarding.', 'Wakeboarding.', 'Wakeboarding.', 'Wakeboarding.', 'Wakeboarding.', 'Wakeboarding.', 'Wakeboarding.', 'Wakeboarding.', 'Wakeboarding.']",-0.0,What is the man doing?,,True,0.32561809404461245,0,correct_high
validation::6437,['cutting cake'],Cutting cake.,1.0,"['Cutting cake.', 'Cutting cake.', 'Cutting cake.', 'Cutting a cake.', 'Cutting cake.', 'Cutting cake.', 'Cutting cake.', 'Cutting cake.', 'Cutting cake.', 'Cutting cake.']",-0.0,What is the woman on the right side doing?,,True,0.32561809404461245,0,correct_high
validation::6439,['50'],$5.00 each.,0.0,"['$5.00 each.', '$5.00 each.', '$5.00 each.', '$5.00 each.', '$5.00 each.', '$5.00 each.', '$5.00 each.', '$5.00 each.', '$5.00 each.', '$5.00 each.']",-0.0,What is the price of each toilet?,,False,0.32561809404461245,0,incorrect_high
validation::6440,['rickshaw'],Rickshaw.,1.0,"['Rickshaw.', 'Rickshaw.', 'Rickshaw.', 'Rickshaw.', 'Rickshaw.', 'Rickshaw.', 'Rickshaw.', 'Rickshaw.', 'Rickshaw.', 'Rickshaw.']",-0.0,What is the carriage to the right of the bike in the front called?,,True,0.32561809404461245,0,correct_high
validation::6441,['37'],37,1.0,"['37', '37', '37', '37', '37', '37', '37', '37', '37', '37']",-0.0,What are the last two numbers of the license plate?,,True,0.32561809404461245,0,correct_high
validation::6443,['black'],Black.,1.0,"['Black.', 'Black.', 'Black.', 'Black.', 'Black.', 'Black.', 'Black.', 'Black.', 'Black.', 'Black.']",-0.0,What color is the person's hair?,,True,0.32561809404461245,0,correct_high
validation::6444,['10:42'],10:42,1.0,"['10:42', '10:42', '10:42', '10:42', '10:42', '10:42', '10:42', '10:42', '10:42', '10:42']",-0.0,What time does the phone say it is?,,True,0.32561809404461245,0,correct_high
validation::6448,['pink'],Pink.,1.0,"['Pink.', 'Pink.', 'Pink.', 'Pink.', 'Pink.', 'Pink.', 'Pink.', 'Pink.', 'Pink.', 'Pink.']",-0.0,what color are the finger nails,,True,0.32561809404461245,0,correct_high
validation::6449,['4'],11,0.0,"['12', '11', '11', '11', '9', '8', '11', '11', '11', '11']",0.9404479886553264,how many fingers can you see?,,False,0.32561809404461245,1,incorrect_low
validation::6450,['owl'],Owl.,1.0,"['Owl.', 'Owl.', 'An owl.', 'Owl.', 'Owl.', 'Owl.', 'Owl.', 'Owl.', 'An owl.', 'Owl.']",-0.0,What kind of bird appears on the sponsor's logo?,,True,0.32561809404461245,0,correct_high
validation::6451,['4'],6,0.0,"['6', '6', '7', '6', '6', '6', '6', '6', '7', '6']",0.5004024235381879,How many legs are shown?,,False,0.32561809404461245,1,incorrect_low
validation::6453,['zebras'],Zebras.,1.0,"['Zebras', 'Zebras', 'Zebras.', 'Zebras.', 'Zebras', 'Zebras.', 'Zebras.', 'Zebras.', 'Zebras', 'Zebras.']",-0.0,"Which one of the following is NOT seen in this picture: zebras, giraffes or trees?",,True,0.32561809404461245,0,correct_high
validation::6454,['cylinders'],Round.,0.0,"['Round.', 'Round.', 'Round.', 'Cylindrical.', 'Round.', 'Rounded.', 'Round.', 'Rounded.', 'Cylindrical.', 'Cylindrical.']",0.6108643020548935,What shape are the poles holding up the seat of the bench?,,True,0.32561809404461245,1,correct_low
validation::6456,['down'],Left.,0.0,"['Left.', 'Left.', 'Left.', 'Left.', 'Left.', 'Left.', 'Left.', 'Left.', 'Left.', 'Left.']",-0.0,In which direction is the man looking?,,False,0.32561809404461245,0,incorrect_high
validation::6460,['13'],13,1.0,"['13', '13', '13', '13', '13', '13', '13', '13', '13', '13']",-0.0,What numbers are written in red on the black jersey?,,True,0.32561809404461245,0,correct_high
validation::6464,['bows'],Ribbon.,0.0,"['A pink ribbon.', 'Ribbon.', 'Ribbon.', 'Ribbon.', 'A pink ribbon.', 'A pink ribbon.', 'A pink ribbon.', 'Ribbon.', 'Ribbon.', 'Ribbon.']",0.6730116670092565,What is tied around the serving utensils at the bottom of the image?,,True,0.32561809404461245,1,correct_low
validation::6465,['nordstrom'],Nordstrom,1.0,"['Nordstrom', 'Nordstrom', 'Nordstrom', 'Nordstrom', 'Nordstrom', 'Nordstrom', 'Nordstrom', 'Nordstrom', 'Nordstrom', 'Nordstrom']",-0.0,What is the name of the store the flag is flying near?,,True,0.32561809404461245,0,correct_high
validation::6468,['brown'],Brown.,1.0,"['Brown.', 'Brown.', 'Brown.', 'Brown.', 'Brown.', 'Brown.', 'Brown.', 'Brown.', 'Brown.', 'Brown.']",-0.0,What color is the spoon handle?,,True,0.32561809404461245,0,correct_high
validation::6470,['webcam'],A black box.,0.0,"['A black object (possibly a box or case).', 'A black object (possibly a phone or small device) and a dark gray object.', 'A black notebook.', 'A black box.', 'A small black box.', 'A black object, possibly a notebook.', 'A black box.', 'A black case/box.', 'A webcam.', 'A black speaker.']",1.6094379124341005,what is on top of the black laptop?,,False,0.32561809404461245,1,incorrect_low
validation::6471,['left'],Right.,0.0,"['Right.', 'Right.', 'Right.', 'Right.', 'Right.', 'Right.', 'Right.', 'Right.', 'Right.', 'Right.']",-0.0,what hand is touching the skateboard?,,False,0.32561809404461245,0,incorrect_high
validation::6473,['10'],8,0.0,"['8', '8', '7', '8', '8', '9', 'Approximately 10.', '9', '8', 'Approximately 8.']",1.3592367006650063,How many shrimps are visible on a plate?,,False,0.32561809404461245,1,incorrect_low
validation::6474,['john'],John,1.0,"['John', 'John', 'John', 'John', 'John', 'John', 'John', 'John', 'John', 'John']",-0.0,What first name is shown in this image?,,True,0.32561809404461245,0,correct_high
validation::6475,['4'],One.,0.0,"['One.', 'One.', 'One.', 'One.', 'Two.', 'One.', 'One.', 'One.', 'One.', 'One.']",0.3250829733914482,How many buttons are on the suit sleeve to the right?,,False,0.32561809404461245,0,incorrect_high
validation::6476,['left'],Left.,1.0,"['Left.', 'Left.', 'Left.', 'The left side.', 'The left side.', 'Left.', 'Left.', 'Left.', 'Left.', 'Left.']",-0.0,What side of the giraffe is facing the camera?,,True,0.32561809404461245,0,correct_high
validation::6477,['3'],6,0.0,"['5', '7', '6', '7', '7', '6', '6', 'Six.', '7', '6']",0.9433483923290392,How many finger nails are visible?,,False,0.32561809404461245,1,incorrect_low
validation::648,['1'],Four.,0.0,"['Four.', 'Four.', 'Three.', 'Four.', 'Four.', 'Four.', 'Four.', 'Four.', 'Four.', 'Five.']",0.639031859650177,How many lights are there above the train's windshield?,,False,0.32561809404461245,1,incorrect_low
validation::6482,['3'],3,1.0,"['3', 'Three.', '3', '3', '3', '3', '3', '3', 'Three.', 'Three.']",-0.0,How many vehicles can be seen?,,True,0.32561809404461245,0,correct_high
validation::6483,['1'],Two.,0.0,"['Two.', 'Two.', 'Two.', 'Two.', 'Two.', 'Two', 'Two.', 'Two', 'Two.', 'Two.']",-0.0,how many persons are there?,,False,0.32561809404461245,0,incorrect_high
validation::6486,['on fire'],It's on fire.,1.0,"[""It's on fire."", ""It's on fire."", ""It's on fire."", ""It's on fire."", ""It's on fire."", ""It's on fire."", ""It's on fire."", ""It's on fire."", ""It's on fire."", ""It's on fire.""]",-0.0,What is happening to the robot on this man's tie?,,True,0.32561809404461245,0,correct_high
validation::649,['2'],Two.,0.0,"['Two.', 'Two.', 'Two.', 'Two.', 'Two.', 'Two.', 'Two.', 'Three.', 'Two.', 'Three.']",0.5004024235381879,How many long boards are on the back of the bench in the area where someone might rest their back?,,True,0.32561809404461245,1,correct_low
validation::6492,['1'],One.,0.0,"['One.', 'One.', 'One.', 'One.', 'One.', '1', 'One.', 'One.', 'One.', 'One.']",-0.0,how many door handles?,,True,0.32561809404461245,0,correct_high
validation::6493,['white'],Green.,0.0,"['Green.', 'Green.', 'Green.', 'Green.', 'Green.', 'Green.', 'Green.', 'Green.', 'Green.', 'Green.']",-0.0,What color are the fins on his surfboard?,,False,0.32561809404461245,0,incorrect_high
validation::6494,['2'],Two.,0.0,"['Two.', 'Two.', 'Two.', 'Two.', 'Two.', 'Two.', 'Two.', 'Two.', 'Two.', 'Two.']",-0.0,How many black horse ears are pictured?,,True,0.32561809404461245,0,correct_high
validation::6497,['bmw'],BMW,1.0,"['BMW', 'BMW', 'BMW', 'BMW', 'BMW', 'BMW', 'BMW', 'BMW', 'BMW', 'BMW']",-0.0,what is the brand of the motorcycles?,,True,0.32561809404461245,0,correct_high
validation::65,['3'],Four.,0.0,"['Four.', 'Four.', 'Four.', 'Four.', 'Four.', 'Four.', 'Four.', 'Four.', 'Four.', 'Four.']",-0.0,how many tracks can be seen?,,False,0.32561809404461245,0,incorrect_high
validation::6500,['mexican food'],Mexican food.,1.0,"['Mexican food.', 'Mexican food.', 'Mexican food.', 'Mexican food.', 'Mexican food.', 'Mexican food.', 'Mexican food.', 'Mexican food.', 'Mexican food.', 'Mexican food.']",-0.0,What type of food is being advertised on these signs?,,True,0.32561809404461245,0,correct_high
validation::6501,['3'],3,1.0,"['3', '3', '3', '3', '3', '3', '3', 'Three.', '3', '3']",-0.0,How many living beings are in the photo?,,True,0.32561809404461245,0,correct_high
validation::6503,['on'],On.,1.0,"['On.', 'On the bowl.', 'On.', 'On.', 'On.', 'On.', 'On.', 'On.', 'On.', 'On.']",-0.0,Are the chopsticks on or in the bowl?,,True,0.32561809404461245,0,correct_high
validation::6505,['inches'],inches,1.0,"['inches', 'inches', 'inches', 'inches', 'Inches.', 'inches', 'inches', 'inches', 'inches', 'Inches.']",-0.0,"What word is printed on the glove right after it says ""10.5""?",,True,0.32561809404461245,0,correct_high
validation::6507,['noodles'],Beef noodles.,1.0,"['Beef and noodle stir-fry.', 'Beef noodles.', 'Beef noodles.', 'Beef noodles.', 'Beef noodles.', 'Beef noodles.', 'Beef noodles.', 'Beef and noodle stir-fry.', 'Beef and noodle stir-fry.', 'Beef noodles.']",0.6108643020548935,What is the dish in the bowl?,,True,0.32561809404461245,1,correct_low
validation::6508,['silver'],Chrome.,0.0,"['Chrome.', 'Chrome.', 'Chrome.', 'Chrome.', 'Chrome.', 'Chrome.', 'Chrome.', 'Chrome.', 'Chrome.', 'Chrome.']",-0.0,What is the color of the flash tap?,,True,0.32561809404461245,0,correct_high
validation::651,['2'],Two.,0.0,"['Two.', 'Two.', 'Two.', 'Two.', 'Two.', 'Two.', 'Two.', 'Two.', 'Two.', 'Two.']",-0.0,How many cats?,,True,0.32561809404461245,0,correct_high
validation::6510,['k'],K,1.0,"['K', 'K', 'K', 'K', 'K', 'K', 'K', 'K', 'K', 'K']",-0.0,what is first letter on hydrant?,,True,0.32561809404461245,0,correct_high
validation::6513,['bird'],Parrot.,0.0,"['Parrot.', 'Parrot.', 'Parrot.', 'Parrot.', 'Parrot.', 'Parrot.', 'Parrot.', 'Parrot.', 'Parrot.', 'Parrot.']",-0.0,Which animal is the shortest?,,True,0.32561809404461245,0,correct_high
validation::6515,['bedford'],Bedford.,1.0,"['Bedford.', 'Bedford.', 'Bedford.', 'Bedford.', 'Bedford.', 'Bedford.', 'Bedford.', 'Bedford.', 'Bedford.', 'Bedford.']",-0.0,What brand is the van in the front?,,True,0.32561809404461245,0,correct_high
validation::6517,['bus'],A bus.,1.0,"['A bus.', 'A bus.', 'A bus.', 'A bus.', 'A bus.', 'A bus.', 'A bus.', 'A bus.', 'A bus.', 'Bus.']",-0.0,what is crossed out on top sign?,,True,0.32561809404461245,0,correct_high
validation::6518,['left'],The glass on the right.,0.0,"['The glass on the right.', 'The one on the right.', 'The glass on the right.', 'The glass on the right.', 'The glass on the right.', 'The glass on the right.', 'The glass on the right.', 'The glass on the right.', 'The glass on the right.', 'The glass on the right.']",-0.0,Which glass has more wine in it,,False,0.32561809404461245,0,incorrect_high
validation::652,['4'],Four.,0.0,"['4', '4', 'Four.', 'Four.', 'Four.', 'Four.', 'Four.', 'Four.', '4', 'Four.']",-0.0,How many burners are visible?,,True,0.32561809404461245,0,correct_high
validation::6523,['white'],White.,1.0,"['White.', 'White.', 'White.', 'White.', 'White.', 'White.', 'White.', 'White.', 'White.', 'White.']",-0.0,What color is the circle thing beside the hanging rackets?,,True,0.32561809404461245,0,correct_high
validation::6525,['african burial ground way'],African Burial Ground Way,1.0,"['African Burial Ground Way', 'African Burial Ground Way', 'African Burial Ground Way', 'African Burial Ground Way', 'African Burial Ground Way', 'African Burial Ground Way', 'African Burial Ground Way', 'African Burial Ground Way', 'African Burial Ground Way', 'African Burial Ground Way']",-0.0,What is the street name with the name of a continent in it?,,True,0.32561809404461245,0,correct_high
validation::6528,['left'],Left.,1.0,"['Left.', 'Left.', 'Left.', 'Left.', 'Left.', 'Left.', 'Right.', 'Left.', 'Left.', 'Left.']",0.3250829733914482,Which hand is holding the skateboard?,,True,0.32561809404461245,0,correct_high
validation::6529,['left'],Right.,0.0,"['Right.', 'Right.', 'Right.', 'Right.', 'Right.', 'Right.', 'Right.', 'Right.', 'Right.', 'Right.']",-0.0,Is the animal facing left or right?,,False,0.32561809404461245,0,incorrect_high
validation::6530,['epaulet'],"A patch with a ""G"" symbol.",0.0,"['A patch.', 'A black shoulder patch with a gold insignia.', 'A shoulder epaulette.', 'A shoulder epaulette.', 'A black epaulette with a gold emblem.', 'A patch.', 'A patch.', 'A patch.', 'A black epaulette with a gold symbol.', 'A patch.']",1.0296530140645737,What is on the woman's shoulder?,,False,0.32561809404461245,1,incorrect_low
validation::6532,['divine transportation'],Divine Transportation,1.0,"['Divine Transportation', 'Divine Transportation', 'Divine Transportation.', 'Divine Transportation', 'Divine Transportation.', 'Divine Transportation.', 'Divine Transportation.', 'Divine Transportation.', 'Divine Transportation.', 'Divine Transportation']",-0.0,What is the name of the company that owns the bus?,,True,0.32561809404461245,0,correct_high
validation::6533,['under armour'],Under Armour.,1.0,"['Under Armour', 'Under Armour.', 'Under Armour.', 'Under Armour.', 'Under Armour.', 'Under Armour.', 'Under Armour', 'Under Armour.', 'Under Armour.', 'Under Armour.']",-0.0,what brand shoe does the man on the right have?,,True,0.32561809404461245,0,correct_high
validation::6537,['3'],3,1.0,"['3', 'Three.', '3', '3', '3', '3', 'Three.', '3', 'Three', '3']",-0.0,How many people are playing?,,True,0.32561809404461245,0,correct_high
validation::654,['0'],Zero.,0.0,"['Zero.', 'Zero.', 'Zero.', 'Zero.', 'Zero.', 'Zero.', 'Zero.', 'Zero.', 'Zero.', 'Zero.']",-0.0,How many of the man's hands do we see?,,True,0.32561809404461245,0,correct_high
validation::659,['13'],12,0.0,"['11', '11', '13', '13', '12', 'Approximately 15.', '11', '12', '11', '11']",1.2206072645530173,How many sheep in this picture,,False,0.32561809404461245,1,incorrect_low
validation::66,['5'],Seven.,0.0,"['Seven.', 'Seven.', 'Seven.', 'Seven.', 'Seven.', 'Seven.', 'Seven.', 'Seven.', 'Seven.', 'Seven.']",-0.0,how many planes are emitting smoke,,False,0.32561809404461245,0,incorrect_high
validation::661,['2'],Three.,0.0,"['Three.', '3', 'Four.', 'Three.', 'Three.', 'Three.', 'Three.', 'Three.', 'Three.', 'Three.']",0.3250829733914482,How many pillows are there?,,False,0.32561809404461245,0,incorrect_high
validation::666,['2'],1 eye + 1 beak,0.0,"['1 eye + 1 beak', '1 eye + 1 beak', '1 eye + 1 beak', '1 eye + 1 beak', '1 eye + 1 beak', '1 eye + 1 beak', '1 eye, 1 beak.', '1 eye + 1 beak', '1 eye + 1 beak', '1 eye, 1 beak.']",-0.0,How many eyes plus how many beaks are visible?,,True,0.32561809404461245,0,correct_high
validation::667,['left'],Left.,1.0,"['Left.', 'Left.', 'Left.', 'Left.', 'Left.', 'Left.', 'Left.', 'Left.', 'Left.', 'Left.']",-0.0,Which of the surfer's feet is closest to the front of the surfboard?,,True,0.32561809404461245,0,correct_high
validation::672,['0'],Zero.,0.0,"['Zero.', 'Zero.', 'Zero.', 'Zero.', 'Zero.', 'Zero.', 'Zero.', 'Zero.', 'Zero.', 'Zero.']",-0.0,How many cows are shown?,,True,0.32561809404461245,0,correct_high
validation::673,['ajax'],Ajax,1.0,"['Ajax', 'Aja', 'Ajax', 'Ajax', 'Aja', 'Aja.', 'Aja', 'Ajax', 'Aja', 'Aja']",0.6730116670092565,what cleanser is on countertop?,,True,0.32561809404461245,1,correct_low
validation::674,['2.81'],$2.81,1.0,"['$2.81', '$2.81', '$2.81', '$2.81', '$2.81', '$2.81', '$2.81', '$2.81', '$2.81', '$2.81']",-0.0,What is the price for regular gas according to the gas station sign?,,True,0.32561809404461245,0,correct_high
validation::675,['red'],Red.,1.0,"['Red.', 'Red.', 'Red.', 'Red.', 'Red.', 'Red.', 'Red.', 'Red.', 'Red.', 'Red.']",-0.0,What color shoes is the skater in the black shirt wearing?,,True,0.32561809404461245,0,correct_high
validation::68,['2'],3,0.0,"['3', '3', '3', '3', 'Three.', '3', '3', '3', '3', '3']",-0.0,How many people are not sitting on the bench?,,False,0.32561809404461245,0,incorrect_high
validation::682,['one way'],Way,1.0,"['Way', 'Way', 'Way', 'Way', 'Way', 'Way', 'Way', 'Way', 'Way', 'Way']",-0.0,What does the sign say?,,True,0.32561809404461245,0,correct_high
validation::684,['white'],White.,1.0,"['White.', 'White.', 'White.', 'White.', 'White.', 'White.', 'White.', 'White.', 'White.', 'White.']",-0.0,What color are the laces on the shoes?,,True,0.32561809404461245,0,correct_high
validation::685,['22'],21,0.0,"['21', '21', '21', '21', '21', '21', '21', '21', '21', '21']",-0.0,what number is on the fourth motorcycle from the left?,,False,0.32561809404461245,0,incorrect_high
validation::687,['2'],Two.,0.0,"['Two.', 'Two.', 'Two.', 'Two.', 'Two.', 'Two.', 'Two.', 'Two.', 'Two.', 'Two.']",-0.0,How many of the trainers have pony tails?,,True,0.32561809404461245,0,correct_high
validation::688,['4'],Two.,0.0,"['Two.', 'Two.', 'Two.', 'Two.', 'Two.', 'Two.', 'Two.', 'Two.', 'Two.', 'Two.']",-0.0,How many of the cat's paws are visible?,,False,0.32561809404461245,0,incorrect_high
validation::689,['2'],One.,0.0,"['One.', 'One.', 'One.', 'One.', 'One.', 'One.', 'One.', 'One.', 'One.', 'One.']",-0.0,How many fingers do you see?,,False,0.32561809404461245,0,incorrect_high
validation::691,['red sox'],Red Sox,1.0,"['Red Sox', 'RED SOX', 'Red Sox', 'Red Sox', 'Red Sox', 'Red Sox', 'Red Sox', 'Red Sox', 'Red Sox', 'Red Sox']",-0.0,What is written on the shirt of the person who is standing in the middle between the two men?,,True,0.32561809404461245,0,correct_high
validation::696,['green'],Green.,1.0,"['Green.', 'Green.', 'Green.', 'Green.', 'Green.', 'Green.', 'Green.', 'Green.', 'Green.', 'Green.']",-0.0,What color are the cat’s pupils?,,True,0.32561809404461245,0,correct_high
validation::701,['brunette'],Blonde.,0.0,"['Sandy.', 'Blonde.', 'Blonde.', 'Sandy.', 'Blonde.', 'Fair.', 'Blonde.', 'Blonde.', 'Blonde.', 'Strawberry blonde.']",1.0888999753452235,What is the name for someone with her color hair?,,False,0.32561809404461245,1,incorrect_low
validation::702,['3'],8,0.0,"['8', '7', '6', '8', '8', '8', '8', '8', '8', '8']",0.639031859650177,How many balls are in the bowl?,,False,0.32561809404461245,1,incorrect_low
validation::703,['0'],Zero.,0.0,"['Zero.', 'Zero.', 'Zero.', 'Zero.', 'Zero.', '0', 'Zero.', 'Zero.', '0', 'Zero.']",-0.0,How many visible napkins in the photo?,,True,0.32561809404461245,0,correct_high
validation::704,['blue'],Pink.,0.0,"['Pink.', 'Pink and purple.', 'Purple.', 'Pink.', 'Pink.', 'Purple.', 'Purple.', 'Pink.', 'Pink.', 'Purple.']",0.9433483923290392,What color are the flowers on the tie of the person holding the cake?,,False,0.32561809404461245,1,incorrect_low
validation::708,['2'],Two.,0.0,"['Two.', 'Two.', 'Two.', 'Two.', 'Two.', 'Two.', 'Two.', 'Two.', 'Two.', 'Two.']",-0.0,How many poles are there?,,True,0.32561809404461245,0,correct_high
validation::710,['right'],Right.,1.0,"['Right.', 'Right.', 'Right.', 'Right.', 'Right.', 'Left.', 'Right.', 'Right.', 'Left.', 'Right.']",0.5004024235381879,Which of the batter's hands is closer to the top of the bat?,,True,0.32561809404461245,1,correct_low
validation::714,['black'],Gray.,0.0,"['Gray.', 'Gray.', 'Gray.', 'Gray.', 'Gray.', 'Gray.', 'Gray.', 'Gray.', 'Gray.', 'Gray.']",-0.0,What color is the zipper of the skier's coat?,,False,0.32561809404461245,0,incorrect_high
validation::715,['6'],12,0.0,"['14', '12', '11', '12', '10', '18', '10', '12', '16', '16']",1.6957425341696346,How many screws in the center of the bench?,,False,0.32561809404461245,1,incorrect_low
validation::716,['usa'],United States.,0.0,"['United States.', 'United States.', 'United States.', 'United States.', 'United States.', 'United States', 'The hydrant does not represent a flag.', 'The hydrant does not represent a flag.', 'United States.', 'United States.']",0.5004024235381879,What flag does the hydrant represent?,,True,0.32561809404461245,1,correct_low
validation::721,['stockton'],Stockton,1.0,"['Stockton', 'Stockton.', 'Stockton', 'Stockton.', 'Stockton.', 'Stockton', 'Stockton', 'Stockton', 'Stockton', 'Stockton']",-0.0,What city is on the front of the bus?,,True,0.32561809404461245,0,correct_high
validation::722,['richard'],Richard,1.0,"['Richard', 'Richard', 'Richard', 'Richard', 'Richard', 'Richard', 'Richard', 'Richard', 'Richard', 'Richard']",-0.0,What is the photographer's first name?,,True,0.32561809404461245,0,correct_high
validation::728,['mirror'],Its reflection.,0.0,"['Its reflection.', 'Its reflection.', 'Its reflection.', 'Its reflection.', 'Its reflection.', 'Its reflection.', 'Its reflection.', 'Its reflection.', 'Its reflection.', 'Its reflection.']",-0.0,What is the cat looking at?,,True,0.32561809404461245,0,correct_high
validation::73,['front'],Back hooves.,0.0,"['Back hooves.', 'Back hooves.', 'Back hooves.', 'Back hooves.', 'Back hooves.', 'Back hooves.', 'Back hooves.', 'Back hooves.', 'Back hooves.', 'Back hooves.']",-0.0,Are more of the horse's front hooves or back hooves visible?,,False,0.32561809404461245,0,incorrect_high
validation::734,['cat'],"On the left, near the window.",0.0,"['On the left, near the window.', 'On the left, near the floor.', 'On the left, near the window.', 'On the left, near the window.', 'On the left, near the window.', 'On the left, near the window.', 'On the left, near a toy.', 'On the left, near the window.', 'On the left, near a plant.', 'On the left, near the window.']",0.9404479886553264,Where is the animal in this picture?,,False,0.32561809404461245,1,incorrect_low
validation::741,['left'],Left-handed.,0.0,"['Left-handed.', 'Left-handed.', 'Left-handed.', 'Left-handed.', 'Left-handed.', 'Left-handed.', 'Left-handed.', 'Left-handed.', 'Left-handed.', 'Left-handed.']",-0.0,Is the player left or right handed?,,True,0.32561809404461245,0,correct_high
validation::746,['042'],313,0.0,"['313', '313', '313.', '313', '313', '313.', '313', '313', '313', '313']",-0.0,what number is on the horses harness,,False,0.32561809404461245,0,incorrect_high
validation::748,['exhibit'],Exhibit,1.0,"['Exhibit', 'Exhibit', 'Exhibit', 'Exhibit', 'Exhibit', 'Exhibit', 'Exhibit', 'Exhibit', 'Exhibit', 'Exhibit']",-0.0,What is the 2nd word in orange lights?,,True,0.32561809404461245,0,correct_high
validation::749,['belmont'],Kohler,0.0,"['""Bathtime""', 'Kohler.', 'Kohler', 'Kohler.', '""Bathing""', 'Kohler', 'Kohler.', 'Kohler', 'Kohler', '""Bath tin.""']",0.8018185525433372,What is written on the brown cardboard box on the counter?,,False,0.32561809404461245,1,incorrect_low
validation::75,['2'],Two.,0.0,"['Two.', 'Two.', 'Two.', 'Two.', 'Two.', 'Two.', 'Two.', 'Two.', 'Two.', 'Two.']",-0.0,How many types of vegetables are there?,,True,0.32561809404461245,0,correct_high
validation::752,['black'],White.,0.0,"['White.', 'White.', 'White.', 'White.', 'White.', 'White.', 'White.', 'White.', 'White.', 'White.']",-0.0,What color is the trim on the hull?,,False,0.32561809404461245,0,incorrect_high
validation::757,['2'],Three.,0.0,"['Three.', 'Three.', 'Three.', 'Three.', 'Three.', 'Three.', 'Three.', 'Three.', 'Three.', 'Three.']",-0.0,How many cups are on the counter?,,False,0.32561809404461245,0,incorrect_high
validation::766,['2'],One.,0.0,"['One.', 'One.', 'One.', 'One.', 'One.', 'One.', 'One.', 'One.', 'One.', 'One.']",-0.0,"In the front group, how many zebras are eating grass?",,False,0.32561809404461245,0,incorrect_high
validation::769,['turkey'],Bear.,0.0,"['Bear.', 'Bear.', 'Bear.', 'Bear.', 'Bear.', 'Bear.', 'Bear.', 'Bear.', 'Bear.', 'Bear.']",-0.0,Which animal is the person's shirt to the right?,,False,0.32561809404461245,0,incorrect_high
validation::77,['left'],Right side.,0.0,"['Right side.', 'Right side.', 'Right side.', 'Right side.', 'Right.', 'Right side.', 'Right side.', 'Right.', 'Right.', 'Right side.']",-0.0,Is the beige vehicle passing the left or right side of the cow?,,False,0.32561809404461245,0,incorrect_high
validation::770,['red'],White.,0.0,"['White.', 'White.', 'White.', 'White.', 'White.', 'White.', 'White.', 'White.', 'White.', 'White.']",-0.0,What color does the bottom of the tail appear to be on the left zebra?,,False,0.32561809404461245,0,incorrect_high
validation::779,['pot'],A small metal pot.,1.0,"['A metal pot.', 'A metal pitcher.', 'A small metal pot.', 'A metal pot.', 'A small metal pot.', 'A small metal pot.', 'A small metal pot.', 'A small aluminum pot.', 'A small metal pot.', 'A small metal pitcher.']",1.0888999753452235,What is the man to the right holding in his right hand?,,True,0.32561809404461245,1,correct_low
validation::784,['hand dryer rubbish'],"""HANDICAP ELEVATOR"" (backwards)",0.0,"['HAND SHUWA', '""HANDICAP ACCESS"" and ""ELEVATOR"" (written in reverse).', 'Hand Signal Business', 'Human Sundown', 'Hand basin service.', '""HANDICAP ELEVATOR""', '""HANDICAP SIGN"" and ""ELEVATOR"" (reversed).', '""HANDS ONLY"" and ""НАВВІЯ"" (likely ""NAVVIA"" in reverse).', '""HAND DRAIN"" and ""навіва"" (which is Ukrainian for ""drain"").', '""HAND SHAN"" and ""NEIVBA"" (reversed)']",2.302585092994045,what is the written text?,,False,0.32561809404461245,1,incorrect_low
validation::785,['gladys'],Gladys,1.0,"['Gladys', 'Gladys', 'Gladys', 'Gladys', 'Gladys', 'Gladys', 'Gladys', 'Gladys', 'Gladys', 'Gladys']",-0.0,What does the sign in the middle say?,,True,0.32561809404461245,0,correct_high
validation::787,['candle'],A small plate.,0.0,"['A small dish.', 'A small vase.', 'A small plate.', 'A small dish.', 'A tray.', 'A plate.', 'A small dish.', 'A teacup.', 'A small dish.', 'A tray.']",1.3592367006650063,What is the little white figurine by the mirror holding up?,,False,0.32561809404461245,1,incorrect_low
validation::79,['riding a bike'],Riding a unicycle.,1.0,"['Riding a unicycle.', 'Riding a bike.', 'Riding a bike.', 'Riding a bike.', 'Riding a unicycle.', 'Riding a bicycle.', 'Riding a unicycle.', 'Riding a bike.', 'Riding a unicycle.', 'Riding a bicycle.']",0.6730116670092565,What is the guy in front of the skateboarder doing?,,False,0.32561809404461245,1,incorrect_low
validation::790,['grass'],Mud.,0.0,"['Mud.', 'Mud.', 'Mud.', 'Mud.', 'Mud.', 'Mud.', 'Mud.', 'Mud.', 'Mud.', 'Mud.']",-0.0,What stained the batter's pants?,,False,0.32561809404461245,0,incorrect_high
validation::792,['serving'],Serving a volleyball.,1.0,"['Serving a volleyball.', 'Serving a volleyball.', 'Serving a volleyball.', 'Serving a volleyball.', 'Setting a volleyball.', 'Serving a volleyball.', 'Serving a volleyball.', 'Serving a volleyball.', 'Serving a volleyball.', 'Setting a volleyball.']",0.5004024235381879,What is the man who is standing near the camera doing?,,True,0.32561809404461245,1,correct_low
validation::801,['11'],Seven.,0.0,"['Eight.', '8', 'Eight.', 'Seven.', 'Eight.', 'Seven.', '7', 'Seven.', 'Seven.', '8']",0.6931471805599453,How many boxes are here?,,False,0.32561809404461245,1,incorrect_low
validation::808,['sony'],Sony,1.0,"['Sony', 'Sony', 'Sony', 'Sony', 'Sony', 'Sony.', 'Sony.', 'Sony.', 'Sony', 'Sony.']",-0.0,What is the brand on this camera?,,True,0.32561809404461245,0,correct_high
validation::812,['2'],3,0.0,"['3', 'Three.', '3', '3', '3', 'Three.', 'Three.', '3', '3', '3']",-0.0,How many apple stems are seen in the photo?,,False,0.32561809404461245,0,incorrect_high
validation::814,['blender'],Toaster,0.0,"['Toaster', 'Toaster.', 'Toaster', 'Toaster.', 'Toaster', 'Toaster.', 'Toaster', 'Toaster', 'Toaster.', 'Toaster']",-0.0,"Which of the following is not on the counter: microwave, toaster, blender?",,False,0.32561809404461245,0,incorrect_high
validation::816,['ballew'],Ballew.,1.0,"['Ballew.', 'Ballew', 'Ballew', 'Ballew', 'Ballew.', 'Ballew.', 'Ballew.', 'Ballew', 'Ballew', 'Ballew.']",-0.0,What is cole's last name?,,True,0.32561809404461245,0,correct_high
validation::818,['1'],One.,0.0,"['One.', 'One.', 'One.', 'One.', 'One.', 'One.', 'One.', 'One.', 'One.', '1']",-0.0,How many adult animals are in the photo?,,True,0.32561809404461245,0,correct_high
validation::819,['2'],Three.,0.0,"['Three.', 'Three.', 'Three.', 'Three.', 'Three.', 'Three.', 'Three.', 'Three.', 'Three.', 'Three.']",-0.0,how many rivets are holding the knife handle to the blade?,,False,0.32561809404461245,0,incorrect_high
validation::82,['speed'],Speed laws.,1.0,"['Speed laws.', 'Speed laws.', 'Speed laws.', 'Speed laws.', 'Speed laws.', 'Speed laws.', 'Speed laws.', 'Speed laws.', 'Speed laws.', 'Speed laws.']",-0.0,What kind of laws are enforced here?,,True,0.32561809404461245,0,correct_high
validation::822,['1'],One.,0.0,"['One.', 'One.', 'One.', 'One.', 'One.', 'One.', 'One.', 'One.', 'One.', 'One.']",-0.0,How many horses are there?,,True,0.32561809404461245,0,correct_high
validation::825,['1'],4,0.0,"['4', '4', '4', 'Four.', '4', '4', '4', '4', '4', '4']",-0.0,How many wheels can be seen on the white van on the right hand side of the picture?,,False,0.32561809404461245,0,incorrect_high
validation::827,['falling'],He is surfing.,0.0,"[""He's surfing."", 'He is surfing.', ""He's surfing."", 'He is surfing.', 'He is surfing.', 'He is surfing.', ""He's surfing."", 'He is surfing.', ""He's surfing."", 'He is surfing.']",-0.0,What is happening to the man?,,False,0.32561809404461245,0,incorrect_high
validation::829,['guitar'],A sword.,0.0,"['A sword.', 'A bow.', 'A sword.', 'A sword.', 'A sword.', 'A bow and arrow.', 'A sword.', 'A bow and arrow.', 'A sword.', 'A sword.']",0.8018185525433373,What is the person on the right holding in the poster on the left hand side of the far wall?,,False,0.32561809404461245,1,incorrect_low
validation::832,['multiple tickets'],RAIL TICKETS,1.0,"['RAIL TICKETS', 'RAIL TICKETS', 'RAIL TICKETS', 'RAIL TICKETS', 'RAIL TICKETS', 'RAIL TICKETS', 'RAIL TICKETS', 'RAIL TICKETS', 'RAIL TICKETS', 'RAIL TICKETS']",-0.0,what are the two bold words on the bottom?,,True,0.32561809404461245,0,correct_high
validation::834,['white'],Brown.,0.0,"['Brown.', 'Brown.', 'Brown.', 'Green.', 'Green.', 'Green.', 'Green.', 'Green.', 'Brown.', 'Brown.']",0.6931471805599453,what color is the flowering pot closest to the women wearing white pants,,False,0.32561809404461245,1,incorrect_low
validation::836,['adidas'],Adidas.,1.0,"['Adidas.', 'Adidas', 'Adidas', 'Adidas', 'Adidas.', 'Adidas.', 'Adidas.', 'Adidas.', 'Adidas.', 'Adidas.']",-0.0,What is the brand of the first person's shoes?,,True,0.32561809404461245,0,correct_high
validation::837,['white'],White.,1.0,"['White.', 'White.', 'White.', 'White.', 'White.', 'White.', 'White.', 'White.', 'White.', 'White.']",-0.0,What color is the vehicle near the tarmac?,,True,0.32561809404461245,0,correct_high
validation::840,['strawberries'],Strawberries.,1.0,"['Strawberries.', 'Strawberries.', 'Strawberries.', 'Strawberries.', 'Strawberries.', 'Strawberries.', 'Strawberries.', 'Strawberries.', 'Strawberries.', 'Strawberries.']",-0.0,Are there more pieces of strawberries or orange visible?,,True,0.32561809404461245,0,correct_high
validation::845,['0'],Zero.,0.0,"['Zero.', 'Zero.', 'Zero.', 'Zero.', 'Zero.', 'Zero.', 'Zero.', 'Zero.', 'Zero.', 'Zero.']",-0.0,How many people are on the left side of the image?,,True,0.32561809404461245,0,correct_high
validation::846,['right'],Left.,0.0,"['Left.', 'Left.', 'Right side.', 'Left', 'Left.', 'Left.', 'Left.', 'Left.', 'Left.', 'Left']",0.3250829733914482,what side of the bird do you see?,,False,0.32561809404461245,0,incorrect_high
validation::848,['0'],Two.,0.0,"['Two.', 'Two.', 'Two.', 'One.', 'Two.', '2', 'Two.', 'Two.', 'Two.', '2']",0.3250829733914482,How many visible eyes the kid are showing?,,False,0.32561809404461245,0,incorrect_high
validation::85,['yellow'],Yellow.,1.0,"['Yellow.', 'Yellow.', 'Yellow.', 'Yellow.', 'Yellow.', 'Yellow.', 'Yellow.', 'Yellow.', 'Yellow.', 'Yellow.']",-0.0,What color is the tablecloth?,,True,0.32561809404461245,0,correct_high
validation::852,['metal'],Metal.,1.0,"['Metal.', 'Metal.', 'Metal.', 'Metal.', 'Metal.', 'Metal.', 'Metal.', 'Metal.', 'Metal.', 'Metal.']",-0.0,what is the fence made of?,,True,0.32561809404461245,0,correct_high
validation::855,['north'],Up.,0.0,"['Straight ahead.', 'Up.', 'Up.', 'Straight ahead.', 'Straight ahead.', 'Up.', 'Straight ahead.', 'Straight ahead.', 'Up.', 'Straight ahead.']",0.6730116670092565,In what direction should you drive if you are looking for visitor info?,,False,0.32561809404461245,1,incorrect_low
validation::856,['51'],51,1.0,"['51', '51', '51', '51', '51', '51', '51', '51', '51', '51']",-0.0,What number is on the back of a shirt of a person on the sidewalk?,,True,0.32561809404461245,0,correct_high
validation::857,['hollywood'],Hollywood,1.0,"['Hollywood', 'Hollywood.', 'Hollywood.', 'Hollywood', 'Hollywood', 'Hollywood', 'Hollywood', 'Hollywood', 'Hollywood', 'Hollywood']",-0.0,What is the name on the street sign?,,True,0.32561809404461245,0,correct_high
validation::858,['white'],Black.,0.0,"['Black.', 'Black.', 'Black.', 'Black.', 'Black.', 'Black.', 'Blue.', 'Black.', 'Black.', 'Black.']",0.3250829733914482,What color socks is the person in tan shorts wearing?,,False,0.32561809404461245,0,incorrect_high
validation::859,['14'],Approximately 15-20.,0.0,"['Approximately 15.', 'Approximately 15-20.', 'Around 15.', 'Approximately 15.', 'Approximately 15-20 people.', 'Approximately 15-20.', 'Approximately 17.', 'Around 15-20.', 'Approximately 15.', 'Approximately 15-20.']",0.8979457248567797,How many people are there?,,False,0.32561809404461245,1,incorrect_low
validation::860,['black'],Pink.,0.0,"['Pink.', 'Pink.', 'Pink.', 'Pink.', 'Pink.', 'Pink.', 'Pink.', 'Pink.', 'Pink.', 'Pink.']",-0.0,What color is the top part of the paddle board?,,False,0.32561809404461245,0,incorrect_high
validation::862,['grater'],A small black object.,0.0,"['A grater.', 'A small black object.', 'A stack of white plates.', 'A grater.', 'A small black object (possibly a utensil).', 'A grater.', 'A stack of small white plates.', 'A small black object.', 'A grater.', 'A grater.']",1.3592367006650063,what is next to the cheese on the green plate in the center of the table?,,False,0.32561809404461245,1,incorrect_low
validation::863,['1'],2,0.0,"['2', '2', '2', '2', '2', '2', '2', '2', '2', '2']",-0.0,How many people visibly have on sunglasses?,,False,0.32561809404461245,0,incorrect_high
validation::864,['truck'],Truck.,1.0,"['Ford truck', 'Ford truck.', 'Pickup truck.', 'Pickup truck.', 'Pickup truck.', 'Truck.', 'Pickup truck.', 'Ford truck.', 'Pickup truck.', 'Pickup truck.']",0.8979457248567797,What type is the red vehicle?,,True,0.32561809404461245,1,correct_low
validation::869,['134'],134,1.0,"['134', '134', '134', '134', '134', '134', '134', '134', '134', '134']",-0.0,What is the address on the shop?,,True,0.32561809404461245,0,correct_high
validation::87,['k'],k,1.0,"['k', 'k', 'k', 'k', 'k', 'k', 'k', 'k', 'k', 'k']",-0.0,What is the last letter on the shirt of the woman sitting on the left?,,True,0.32561809404461245,0,correct_high
validation::874,['samuel adams'],Samuel Adams,1.0,"['Samuel Adams.', 'Samuel Adams.', 'Samuel Adams', 'Samuel Adams.', 'Samuel Adams', 'Samuel Adams.', 'Samuel Adams.', 'Samuel Adams', 'Samuel Adams', 'Samuel Adams.']",-0.0,What brand is on the umbrella?,,True,0.32561809404461245,0,correct_high
validation::875,['peppers'],Bell peppers.,1.0,"['Bell peppers.', 'Bell peppers.', 'Bell peppers.', 'Bell peppers.', 'Bell peppers.', 'Bell peppers.', 'Peppers.', 'Bell peppers.', 'Bell peppers.', 'Bell peppers.']",0.3250829733914482,what kind of fruit is in the front three center baskets,,True,0.32561809404461245,0,correct_high
validation::878,['black'],Black.,1.0,"['Black.', 'Black.', 'Black.', 'Black.', 'Dark.', 'Black.', 'Black.', 'Black.', 'Dark.', 'Black.']",0.5004024235381879,What color is the cap of the person by the fence?,,True,0.32561809404461245,1,correct_low
validation::886,['f'],F,1.0,"['F', 'F', 'F', 'F', 'F', 'F', 'F', 'F', 'F', 'F']",-0.0,What is the first letter on the box on the righthand side?,,True,0.32561809404461245,0,correct_high
validation::887,['white'],White.,1.0,"['White.', 'White.', 'White.', 'White.', 'White.', 'White.', 'White.', 'White.', 'White.', 'White.']",-0.0,"Besides orange, what other color is the cat?",,True,0.32561809404461245,0,correct_high
validation::888,['dc'],DC,1.0,"['DC', 'DC', 'DC', 'DC', 'DC', 'DC', 'DC', 'DC.', 'DC', 'DC']",-0.0,what brand is the boys red shirt,,True,0.32561809404461245,0,correct_high
validation::89,['left'],Left.,1.0,"['Left.', 'Left.', 'Left.', 'Left.', 'Left.', 'Left.', 'Left.', 'Left.', 'Left.', 'Her right leg.']",0.3250829733914482,Which leg is the woman balancing on?,,True,0.32561809404461245,0,correct_high
validation::894,['1'],One.,0.0,"['One.', 'One.', 'One.', 'One.', 'One.', 'One.', 'One.', 'One.', 'One.', 'One.']",-0.0,How many candles are there?,,True,0.32561809404461245,0,correct_high
validation::895,['michelle'],Barack Obama,0.0,"['Barack Obama', 'Barack Obama', 'Barack Obama', 'Barack Obama', 'Barack Obama', 'Barack Obama', 'Barack Obama', 'Barack Obama', 'Barack Obama', 'Barack Obama']",-0.0,Whose name is printed on the sign on the left?,,False,0.32561809404461245,0,incorrect_high
validation::9,['below'],Above.,0.0,"['Above.', 'Above.', 'Below.', 'Above.', 'Above.', 'Above.', 'Above.', 'Above.', 'Above.', 'Above.']",0.3250829733914482,Is the camera below or above the plane?,,False,0.32561809404461245,0,incorrect_high
validation::906,['filming'],Filming.,1.0,"['Filming.', 'Filming.', 'Filming.', 'Filming.', 'Filming.', 'Filming.', 'Filming.', 'Filming.', 'Filming.', 'Filming.']",-0.0,What is the person closest to the camera doing to the person who is skating?,,True,0.32561809404461245,0,correct_high
validation::91,['select'],Select.,1.0,"['Select.', 'Select.', 'SELECT', 'Select.', 'Select.', 'SELECT', 'Select.', 'Select.', 'Select.', 'Select.']",-0.0,What does the big black middle button say?,,True,0.32561809404461245,0,correct_high
validation::914,['77'],77,1.0,"['77', '77', '77', '77', '77', '77', '77', '77.', '77', '77']",-0.0,What is the white number on a red background?,,True,0.32561809404461245,0,correct_high
validation::916,['spokane'],Spokane.,1.0,"['Spokane.', 'Spokane.', 'Spokane.', 'Spokane.', 'Spokane', 'Spokane', 'Spokane.', 'Spokane', 'Spokane', 'Spokane']",-0.0,What team do these players belong to?,,True,0.32561809404461245,0,correct_high
validation::920,['basketball'],There is no figure playing a sport in the image.,0.0,"['There is no third figure from the right in the image.', 'There is no third figure from the right. The image shows a monkey and shoes.', 'There is no third figure from the right in the image.', 'There is no figure playing a sport in the image.', 'There is no figure playing a sport in the image.', 'There is no figure playing a sport in the image.', 'There is no figure playing a sport in the image.', ""Based on the image, it's impossible to determine what sport the figure is playing. It appears to be a monkey sitting near shoes and boxes with writing on them."", 'There is no third figure from the right. The image shows a monkey sitting on shoes in front of a sign.', 'There is no figure playing a sport in the image.']",0.9404479886553264,What sport is the third figure from the right playing?,,False,0.32561809404461245,1,incorrect_low
validation::921,['6'],7,0.0,"['7', '7', '7', '6', '7', '7', '7', '7', '7', '7']",0.3250829733914482,How many boats that look like cars?,,False,0.32561809404461245,0,incorrect_high
validation::923,['0'],"Zero. These are donuts, not bagels.",0.0,"['Zero. There are donuts, not bagels, in the box.', 'Zero. These are donuts, not bagels.', 'Zero. These are donuts, not bagels.', 'Zero. These are donuts, not bagels.', 'Zero. Those are donuts, not bagels.', 'Zero. Those are donuts, not bagels.', 'Zero. These are donuts, not bagels.', 'Zero. These are donuts, not bagels.', 'Zero. These are donuts.', 'Zero. These are donuts, not bagels.']",-0.0,How many bagels are in the box?,,True,0.32561809404461245,0,correct_high
validation::924,['elephant'],Elephants.,0.0,"['Elephants.', 'Elephants.', 'Elephants.', 'Elephants.', 'Elephants.', 'Elephants.', 'Elephants.', 'Elephants.', 'Elephants.', 'Elephants.']",-0.0,What animal is in the pattern on the girl's shirt?,,True,0.32561809404461245,0,correct_high
validation::925,['8:17'],1:28,0.0,"['11:58', '11:42', '1:31', '12:22', '1:31', '1:42', '10:22', '10:23', '12:25', '1:31']",1.9730014063936128,What time is it?,,False,0.32561809404461245,1,incorrect_low
validation::926,['17'],17,1.0,"['17', '17', '17', '17', '17', '17', '17', '17', '17', '17']",-0.0,what number is on the highest jersey?,,True,0.32561809404461245,0,correct_high
validation::929,['2'],Three.,0.0,"['Three.', 'Three.', 'Three.', '3', 'Three.', 'Three.', 'Three.', 'Three.', 'Four.', 'Three.']",0.3250829733914482,How many trucks are there?,,False,0.32561809404461245,0,incorrect_high
validation::930,['2'],Two.,0.0,"['Two.', 'Two.', 'One.', 'Two.', 'Two.', 'Two.', 'Two.', 'Two.', 'Two.', 'Two.']",0.3250829733914482,How many human fingers are visible?,,True,0.32561809404461245,0,correct_high
validation::932,['2'],Five.,0.0,"['Ten.', '10', '5', '10', 'Five.', 'Five.', 'Five.', 'Five.', '10', '5']",0.6730116670092565,How many finger nails in the photo?,,False,0.32561809404461245,1,incorrect_low
validation::933,['green'],Green.,1.0,"['Green.', 'Green.', 'Green.', 'Green.', 'Green.', 'Green.', 'Green.', 'Green.', 'Green.', 'Green.']",-0.0,What color is the logo on his shoes?,,True,0.32561809404461245,0,correct_high
validation::934,['coca cola'],Coca-Cola,0.0,"['Coca-Cola', 'Coca-Cola', 'Coca-Cola', 'Coca-Cola', 'Coca-Cola', 'Coca-Cola.', 'Coca-Cola', 'Coca-Cola', 'Coca-Cola.', 'Coca-Cola']",-0.0,What drink in on the sign?,,True,0.32561809404461245,0,correct_high
validation::936,['3'],6,0.0,"['7', '8', '6', '7', '8', '7', '8', '7', '7', '6']",1.0296530140645737,How many vertical rails make up the fence in the background?,,False,0.32561809404461245,1,incorrect_low
validation::942,['7'],7,1.0,"['7', '7', '7', '7', '7', '7', '8', '7', '7', '8']",0.5004024235381879,How many patches on the wall?,,True,0.32561809404461245,1,correct_low
validation::944,['box'],A cigar box.,1.0,"['A cigar box.', 'A cigar box.', 'A cigar box.', 'A cigar box.', 'A cigar box.', 'A cigar box.', 'A cigar box.', 'A cigar box.', 'A cigar box.', 'A cigar box.']",-0.0,what are the scissors sitting on?,,True,0.32561809404461245,0,correct_high
validation::947,['baxter'],Baxter St,1.0,"['Baxter Street', 'Baxter St', 'Baxter St', 'Baxter St.', 'Baxter St', 'Baxter St', 'Baxter St', 'Baxter St.', 'Baxter St', 'Baxter St']",-0.0,What is the name of the street on the closest street sign to the camera?,,True,0.32561809404461245,0,correct_high
validation::952,['b'],B,1.0,"['B', 'B', 'B', 'B', 'B', 'B', 'B', 'B', 'B', 'B']",-0.0,What letter is on the man's shirt?,,True,0.32561809404461245,0,correct_high
validation::955,['76'],26,0.0,"['6', '6', '26', '6', '26', '26', '26', '26', '26', '26']",0.6108643020548935,What number is on the person?,,False,0.32561809404461245,1,incorrect_low
validation::959,['lynn'],Lynn,1.0,"['Lynn', 'Lynn', 'Lynn', 'Lynn', 'Lynn', 'Lynn', 'Lynn', 'Lynn', 'Lynn', 'Lynn']",-0.0,What is the name of the street on the green sign?,,True,0.32561809404461245,0,correct_high
validation::961,['2'],Two.,0.0,"['Two.', 'Two.', 'Two.', 'Two.', 'Two.', 'Two.', 'Two.', 'Two.', 'Two.', 'Two.']",-0.0,"How many bottles are visible on the woman's side, below the chairs?",,True,0.32561809404461245,0,correct_high
validation::967,['blueberry'],Blueberries.,0.0,"['Blueberries.', 'Blueberries.', 'Blueberries.', 'Blueberries.', 'Blueberries.', 'Blueberries.', 'Blueberries.', 'Blueberries.', 'Blueberries.', 'Blueberries.']",-0.0,What kind of fruit is in the bread?,,True,0.32561809404461245,0,correct_high
validation::968,['4'],5,0.0,"['5', '5', '6', 'Four.', '5', '5', '5', '5', 'Four.', '5']",0.8018185525433373,how many people are seated?,,False,0.32561809404461245,1,incorrect_low
validation::97,['wall and rug'],The wall and the rug.,1.0,"['The rug and the wall.', 'The rug and the wall.', 'The wall and rug.', 'The rug and the wall.', 'The wall and the rug.', 'The rug and the wall.', 'The rug and the wall.', 'The rug and the wall.', 'The wall and rug.', 'The rug and the wall.']",-0.0,What 2 things in the photo are orange?,,True,0.32561809404461245,0,correct_high
validation::971,['purple'],Purple.,1.0,"['Purple.', 'Purple.', 'Purple.', 'Purple.', 'Purple.', 'Purple.', 'Purple.', 'Purple.', 'Purple.', 'Purple.']",-0.0,What color is his under shirt?,,True,0.32561809404461245,0,correct_high
validation::973,['40'],40,1.0,"['40', '40', '40', '40', '40', '40', '40', '40', '40', '40']",-0.0,What is the number at the top of the yellow sticker on the far left side of the rear of the truck,,True,0.32561809404461245,0,correct_high
validation::977,['fifi'],"""FiFi""",1.0,"['""FiFi""', '""FiFi""', '""FiFi""', 'Fifi', 'FII', 'FII', 'Fifi', '""FII""', 'FII', '""FiFi""']",-0.0,what is the name painted on the airplane?,,True,0.32561809404461245,0,correct_high
validation::978,['4'],Four.,0.0,"['Four.', 'Four.', 'Four.', 'Four.', 'Four.', 'Four.', 'Four.', 'Four.', 'Four.', 'Four.']",-0.0,how many horses?,,True,0.32561809404461245,0,correct_high
validation::980,['0'],Zero.,0.0,"['Zero.', 'Zero.', 'Zero.', 'Zero.', 'None.', 'Zero.', 'Zero.', 'Zero.', 'Zero.', 'None.']",-0.0,How many rhinos are present on the right side?,,True,0.32561809404461245,0,correct_high
validation::982,['happy'],Happy,1.0,"['Happy', 'Happy', 'Happy', 'Happy', 'Happy', 'Happy', 'Happy', 'Happy', 'Happy', 'Happy']",-0.0,"what word is to the left of ""dog"" on the leash?",,True,0.32561809404461245,0,correct_high
validation::983,['silver'],Silver.,1.0,"['Silver.', 'Silver.', 'Silver.', 'Silver.', 'Silver.', 'Silver.', 'Silver.', 'Silver.', 'Silver.', 'Silver.']",-0.0,What color is the regfrigerator?,,True,0.32561809404461245,0,correct_high
validation::984,['3'],Four.,0.0,"['Four.', 'Three.', 'Four.', 'Three.', 'Four.', 'Three.', 'Three.', 'Four.', 'Four.', 'Three.']",0.6931471805599453,How many train cars can you see?,,False,0.32561809404461245,1,incorrect_low
validation::986,['24'],24,1.0,"['24', '24', '24', '24', '24', '24', '24', '24', '24', '24']",-0.0,"What number is just above the word ""Hour"" on the sign in the photo?",,True,0.32561809404461245,0,correct_high
validation::987,['8'],Six.,0.0,"['Six.', 'Five.', 'Five.', 'Five.', 'Four.', 'Five.', 'Four.', 'Four.', 'Five.', 'Seven.']",1.1682824501765623,How many of the man's fingernails are visible?,,False,0.32561809404461245,1,incorrect_low
validation::988,['8543'],8813,0.0,"['8813', '8813', '8813', '8813', '8813', '8813', '8813', '8813', '6813', '8813']",0.3250829733914482,What is the numbers written on the bus?,,False,0.32561809404461245,0,incorrect_high
validation::989,['2'],Two.,0.0,"['Two.', 'Two.', 'Two.', 'Two.', 'Two.', '2', 'Two.', '2', '2', 'Two.']",-0.0,how many volunteers are there?,,True,0.32561809404461245,0,correct_high
validation::991,['up'],Forward.,0.0,"['Forward.', 'Forward.', 'Forward.', 'Forward.', 'Forward.', 'Forward.', 'Forward.', 'Forward.', 'Forward.', 'Forward.']",-0.0,Which way are the boy's looking?,,False,0.32561809404461245,0,incorrect_high
validation::998,['4'],4,1.0,"['4', '4', 'Four.', 'Four.', '4', '4', 'Four.', '4', '4', '4']",-0.0,How many dishes are clear in the frame?,,True,0.32561809404461245,0,correct_high
validation::999,['2'],2,1.0,"['2', '2', '2', '2', '2', '2', '2', '2', 'Two.', '2']",-0.0,How many bicycles are in the scene?,,True,0.32561809404461245,0,correct_high
